Deal Number,Acquiror ticker symbol,Announced date,Deal value th USD,DlyCap,Relative_Size,Model,evtdate,Percent_Stock,Public_Target,Same_Industry,Log_Acq_Size,cret,car,bhar,nrets_est
1909565183.0,KWR,2017-04-05,862500.0,1707409.6,0.5051511951203741,Market Model,2017-04-05,0.0,0,1,14.350487926126585,0.035192251,0.006938188,0.0025218247,250
1941018982.0,D,2018-01-03,13400000.0,51662588.4,0.2593753122907795,Market Model,2018-01-03,0.5074626865671642,1,1,17.760244448906395,-0.088069882,-0.099053776,-0.096710298,250
1941019078.0,ENR,2018-01-15,2000000.0,3091160.46,0.6470062055594487,Market Model,2018-01-16,0.0,0,1,14.94405713176946,0.1398005816,0.1023241482,0.0971528401,250
1941070569.0,CNP,2018-04-23,8481622.0,11511646.28,0.7367861897160378,Market Model,2018-04-23,0.0,1,1,16.258869800878532,-0.052375608,-0.060632423,-0.060979707,250
1941079617.0,CADE,2018-05-13,1400000.0,2527983.75,0.5538010281909447,Market Model,2018-05-14,1.0,0,0,14.742932606221895,0.0476018752,0.0066910121,0.0047779883,201
1941083372.0,FITB,2018-05-21,4700000.0,23005245.76,0.2043012297730828,Market Model,2018-05-21,0.9,1,1,16.95123282440967,-0.035964354,-0.046082021,-0.051695363,250
1941040317.0,WAB,2018-05-21,11100000.0,9149948.37,1.213121599286139,Market Model,2018-05-21,0.0,0,0,16.029258794612833,0.1078806842,0.126168727,0.1299503168,250
1941085082.0,IBTX,2018-05-22,1036351.0,2230039.2,0.4647232210088504,Market Model,2018-05-22,1.0,1,1,14.61752972175714,0.0387441438,0.0165372522,0.0151847696,250
1941041290.0,FTV,2018-06-06,2800000.0,25898082.3,0.1081161132922957,Market Model,2018-06-06,0.0,0,1,17.069679481457445,0.062847075,0.0054056631,0.004234324,250
1941097973.0,DIS,2018-06-20,85100000.0,157744281.1,0.5394807304998394,Market Model,2018-06-20,0.4189189189189189,0,0,18.876485805796587,-0.000960984,0.0276337032,0.0259025963,250
1941099582.0,GTN,2018-06-23,3647000.0,74355.45,49.048186783887395,Market Model,2018-06-25,0.218535782835207,0,1,11.21661225115208,0.443902439,0.410094599,0.4523797963,250
1941099582.0,GTN,2018-06-23,3647000.0,74355.45,49.048186783887395,Market Model,2018-06-25,0.218535782835207,0,1,11.21661225115208,0.3684210526,0.350647301,0.3803262063,250
1941730241.0,GDEN,2018-07-16,190000.0,805070.5,0.2360041760317885,Market Model,2018-07-16,0.1842105263157894,0,0,13.598685130205755,0.1254147313,0.0594068072,0.0555561247,250
1941112505.0,VBTX,2018-07-24,1000000.0,792411.37,1.2619707867139769,Market Model,2018-07-24,1.0,1,1,13.58283594251732,-0.036573929,-0.043450255,-0.045080785,250
1941112288.0,SNV,2018-07-24,2900000.0,6539436.8,0.4434632658274181,Market Model,2018-07-24,1.0,1,1,15.693361603517216,-0.097021743,-0.125219619,-0.125062448,250
1941118434.0,SWK,2018-08-07,690000.0,22186450.0,0.0311000633269405,Market Model,2018-08-07,0.0,0,1,16.914992300136433,0.0165758067,0.0080059306,0.0044013904,250
1941119291.0,WSFS,2018-08-08,1500000.0,1758580.2,0.8529608146389912,Market Model,2018-08-08,0.853582,1,1,14.380017336907668,-0.073981617,-0.076739848,-0.078787341,250
1941124397.0,MOFG,2018-08-21,152900.0,402315.32,0.3800501556838551,Market Model,2018-08-21,0.7724002616088947,0,1,12.904991438246867,-0.007054674,-0.015853623,-0.017207138,250
1941134579.0,BUSE,2018-08-22,264300.0,1557730.83,0.1696698780751485,Market Model,2018-08-22,0.7,0,1,14.258740724119866,-0.00777605,-0.030403942,-0.031339841,250
1941124168.0,HIG,2018-08-22,2200000.0,18759650.46,0.1172729739656353,Market Model,2018-08-22,0.0,1,1,16.74721886917261,-0.03149456,-0.055114288,-0.056560026,250
1941056297.0,HCA,2018-08-31,1500000.0,46034115.21,0.0325845298243975,Market Model,2018-08-31,0.0,0,1,17.644893314578027,0.0523881579,0.0236310062,0.0231071334,250
1941130121.0,SAIC,2018-09-10,2500000.0,3814107.7,0.6554613022595035,Market Model,2018-09-10,0.64,1,1,15.154217302814082,-0.100346021,-0.116796122,-0.117857681,250
1941132203.0,PRK,2018-09-13,141800.0,1702196.37,0.0833041372306533,Market Model,2018-09-13,0.7997179125528914,0,0,14.347429957488355,-0.029647415,-0.062015684,-0.062785218,250
1941133072.0,UNVR,2018-09-17,2000000.0,3874332.6,0.5162179416398065,Market Model,2018-09-17,0.0,0,1,15.16988397367784,0.1149215615,0.1106180983,0.113525501,250
1941134857.0,IBCP,2018-09-20,726500.0,585661.75,1.2404771184049497,Market Model,2018-09-20,0.0,1,0,13.280497683474424,-0.064705882,-0.090273419,-0.089271362,250
1941135605.0,SIRI,2018-09-24,3500000.0,31326972.9,0.1117248069633948,Market Model,2018-09-24,1.0,1,1,17.2599900384072,-0.086956522,-0.12378843,-0.127302121,250
1941139645.0,AMNB,2018-10-01,84200.0,339846.0,0.247759279202933,Market Model,2018-10-01,1.0,1,1,12.736247852807034,-0.080243902,-0.078466635,-0.076546714,250
1941139226.0,CLDR,2018-10-03,1794207.0,2553826.6,0.7025563129462274,Market Model,2018-10-03,1.0,1,1,14.753103419769362,0.0278699403,0.1092184299,0.0640855807,250
1941152135.0,AM,2018-10-09,7200000.0,5514086.6,1.305746630820053,Market Model,2018-10-09,0.026125,1,0,15.522816575919515,0.1332665331,0.1798506838,0.1750464216,250
1941112138.0,TDG,2018-10-09,4000000.0,18728029.65,0.2135836003442038,Market Model,2018-10-09,0.0,1,1,16.745531871342575,-0.030570633,-0.025145139,-0.02868973,250
1941141997.0,FRME,2018-10-10,290900.0,2253731.55,0.129074822598104,Market Model,2018-10-10,1.0,1,1,14.628097867110082,-0.087010824,-0.058884141,-0.05663866,250
1941141641.0,AMED,2018-10-10,340000.0,3788900.22,0.0897358020159211,Market Model,2018-10-10,0.0,0,1,15.14758635552889,-0.11440237,-0.124037697,-0.121348854,250
1941142565.0,FIBK,2018-10-11,181300.0,1749203.1,0.1036471979726082,Market Model,2018-10-11,0.970215113072256,0,1,14.37467087075807,-0.053669222,-0.009940088,-0.010453432,250
1941143573.0,TWLO,2018-10-15,3000000.0,5764275.0,0.520447064028,Market Model,2018-10-15,1.0,1,1,15.567189944887131,-0.206805683,-0.159445091,-0.150446898,250
1941149081.0,VLO,2018-10-18,950000.0,44338268.52,0.0214261862655163,Market Model,2018-10-18,0.0,1,0,17.607358711322306,-0.203463993,-0.178266864,-0.165292801,250
1941222285.0,WEX,2018-10-22,310000.0,8009510.04,0.038703990437847,Market Model,2018-10-22,0.0,0,1,15.896140148634345,-0.136800947,-0.081264354,-0.077479603,250
1941228621.0,ORRF,2018-10-23,58500.0,197993.46,0.2954643047300653,Market Model,2018-10-23,0.0,1,1,12.19598927882813,-0.129894897,-0.115370912,-0.119255289,250
1941239205.0,MMLP,2018-10-24,145000.0,476239.2,0.3044688467476008,Market Model,2018-10-24,0.0,0,0,13.073675528000562,0.2169642857,0.2759998132,0.288879181,250
2008235525.0,CRL,2018-10-25,83000.0,5441064.96,0.015254366674571,Market Model,2018-10-25,0.0,0,1,15.509485364378598,-0.063934925,-0.002487906,-0.006893266,250
1941148883.0,OCFC,2018-10-25,80000.0,1170360.58,0.0683550021823188,Market Model,2018-10-25,1.0,0,1,13.97282244732795,-0.066788991,-0.022402586,-0.022835753,250
1941148354.0,IBM,2018-10-28,34000000.0,113904318.72,0.2984961446771735,Market Model,2018-10-29,0.0,0,0,18.550869344467685,-0.206004894,-0.15482217,-0.138409566,250
1941149005.0,SSP,2018-10-29,521000.0,1112592.25,0.4682757766827874,Market Model,2018-10-29,0.0,0,1,13.922203210933064,0.0557575758,0.1713312184,0.1626254601,250
1941178399.0,HBNC,2018-10-29,135300.0,650337.6,0.2080457903710319,Market Model,2018-10-29,0.0,0,1,13.3852468916537,-0.133246799,-0.105468448,-0.100450544,250
1941156664.0,MKSI,2018-10-30,1000000.0,3740080.8,0.2673739027242406,Market Model,2018-10-30,0.0,1,1,15.13461777343542,-0.052481035,0.0552657319,0.0502475262,250
1941150683.0,RTIX,2018-11-01,300000.0,290655.96,1.032148110776741,Market Model,2018-11-01,0.0,0,0,12.5798955786822,0.0543478261,0.1284200044,0.1222131161,250
1941150553.0,EFSC,2018-11-01,213000.0,1002521.85,0.212464197164381,Market Model,2018-11-01,0.8215962441314554,0,0,13.818029233436564,-0.111623439,-0.109279315,-0.1079319,250
1941151249.0,HUBG,2018-11-05,255000.0,1556907.84,0.1637861878837992,Market Model,2018-11-05,0.0,0,0,14.258212258312849,0.0517992207,0.1049241718,0.0991849997,250
1941153165.0,WES,2018-11-08,4015000.0,7137522.93,0.5625200842612215,Market Model,2018-11-08,0.5,0,1,15.7808763455507,-0.028446338,0.0064192796,-0.003863797,250
1941153160.0,COHR,2018-11-09,3200000.0,3295430.38,0.971041603373214,Market Model,2018-11-09,0.0,1,1,15.008047333474185,-0.005540797,0.0426147295,0.0289533135,250
1941259305.0,NGHC,2018-11-13,52800.0,2970798.09,0.0177730018669831,Market Model,2018-11-13,0.0,0,1,14.904341191852607,0.0272136474,0.0447756871,0.0288154366,250
1941154951.0,PENN,2018-11-14,300000.0,2348594.56,0.1277359681868632,Market Model,2018-11-14,0.0,0,1,14.66932764763691,-0.277129121,-0.267822118,-0.237181733,250
1941156205.0,XEC,2018-11-19,1600000.0,8463798.56,0.1890404159146245,Market Model,2018-11-19,0.0,1,1,15.951308633175074,-0.109773138,-0.055427444,-0.064056166,250
1941160084.0,FORR,2018-11-26,245000.0,792657.6,0.3090867986378986,Market Model,2018-11-26,0.0,0,1,13.58314662931599,0.2347292611,0.1862323911,0.2017647951,250
1941158700.0,CSFL,2018-11-26,850400.0,2319973.25,0.3665559505912406,Market Model,2018-11-26,1.0,1,1,14.657066213403606,0.0589732711,0.0233209124,0.0224969829,250
1941159687.0,PBCT,2018-11-27,327000.0,6118448.29,0.0534449233696146,Market Model,2018-11-27,1.0,1,1,15.626819074954316,0.0857316477,0.0708380114,0.0733098529,250
1941160584.0,KHC,2018-11-29,200000.0,62410683.3,0.0032045795595383,Market Model,2018-11-29,0.0,0,0,17.949247025416227,-0.117357756,-0.058698935,-0.058603656,250
1941219247.0,HXL,2018-11-30,160000.0,5228549.35,0.0306012221152698,Market Model,2018-11-30,0.0,0,1,15.46964442662977,0.0124691738,0.0280838492,0.0262159907,250
1941143890.0,NXST,2018-12-03,7200000.0,3769375.68,1.9101306452956155,Market Model,2018-12-03,0.0,1,1,15.142419943588632,0.1298437382,0.1347790769,0.1327350128,250
1941162976.0,CATC,2018-12-05,67000.0,351514.66,0.1906037147924357,Market Model,2018-12-06,0.0,0,1,12.770006696333272,-0.060606061,-0.080578802,-0.080868527,214
1941164314.0,TVTY,2018-12-09,1400000.0,1634552.5,0.8565035384302432,Market Model,2018-12-10,0.0,0,0,14.306879624544916,-0.322414238,-0.216329229,-0.222696947,250
1941164722.0,CSL,2018-12-10,197000.0,5925918.4,0.0332437922196161,Market Model,2018-12-10,0.0,0,0,15.594846237192966,-0.054951062,-0.007904626,-0.00854746,250
1941178455.0,KAI,2018-12-10,179000.0,916993.92,0.1952030390779472,Market Model,2018-12-10,0.0,0,1,13.728856120900373,-0.138789683,-0.067165798,-0.065001966,250
1941164490.0,HMN,2018-12-10,405000.0,1564355.61,0.2588925417028421,Market Model,2018-12-10,0.0,0,1,14.262984546365033,-0.083988734,0.0042474986,0.0031203679,250
1941165187.0,BBT,2018-12-11,176000.0,36180609.0,0.0048644841771458,Market Model,2018-12-11,1.0,1,1,17.404033870293905,-0.119090365,-0.020761732,-0.018425436,250
1941181603.0,AMAG,2018-12-13,415000.0,595746.0,0.6966056003733134,Market Model,2018-12-13,0.0,0,0,13.297569680712682,-0.124026696,0.0121796414,0.0085654116,250
1941166676.0,CNMD,2018-12-13,365000.0,1901801.69,0.1919232704015527,Market Model,2018-12-13,0.0,0,1,14.458312252718908,-0.126430915,-0.093501205,-0.088445194,250
1941167370.0,ABCB,2018-12-17,750700.0,1616052.06,0.4645271143059586,Market Model,2018-12-17,1.0,1,1,14.29549673289081,-0.307092036,-0.215796554,-0.174683755,250
1941168663.0,MMM,2018-12-19,1000000.0,113289758.72,0.0088269232038134,Market Model,2018-12-19,0.0,0,0,18.54545933109191,-0.081314307,0.0467088474,0.0431878983,250
1941186916.0,TDY,2018-12-19,225000.0,7328005.69,0.0307041246306674,Market Model,2018-12-19,0.0,0,1,15.807213961809602,-0.112144612,-0.04091893,-0.038997861,250
1941168877.0,GEF,2018-12-20,1800000.0,948764.88,1.897203446232116,Market Model,2018-12-20,0.0,0,1,13.762916291363451,-0.30126894,-0.233846685,-0.206383238,250
1941168877.0,GEF,2018-12-20,1800000.0,948764.88,1.897203446232116,Market Model,2018-12-20,0.0,0,1,13.762916291363451,-0.147511261,-0.047838013,-0.051026878,250
1941172231.0,CUB,2019-01-02,87000.0,1673087.42,0.0519996737528514,Market Model,2019-01-02,0.0,0,0,14.330181232040736,-0.013721836,0.0147992234,0.0117229793,250
1941170843.0,OHI,2019-01-02,600000.0,7054499.55,0.0850520998332192,Market Model,2019-01-02,0.0,1,1,15.769176205246277,-0.022252011,-0.003283081,-0.007902542,250
1941172705.0,BLKB,2019-01-02,157000.0,3054864.3,0.0513934448741307,Market Model,2019-01-02,0.0,0,1,14.93224573061601,-0.11169924,-0.050754097,-0.049796038,250
1941172470.0,LMNX,2019-01-02,75000.0,1014505.89,0.0739276141610178,Market Model,2019-01-02,0.0,0,1,13.829912244046826,-0.153486182,-0.149486949,-0.142630644,250
1941171410.0,BMY,2019-01-03,74000000.0,85576193.57,0.8647264725495082,Market Model,2019-01-03,0.0,1,1,18.26491768993152,-0.099258775,-0.043648331,-0.051192296,250
1941713348.0,GOOGL,2019-01-03,60000.0,315604552.56,0.0001901113260671,Market Model,2019-01-03,0.0,0,1,19.57000057192701,-0.027774523,0.0563670755,0.0554744504,250
1941172578.0,LLY,2019-01-05,8000000.0,121461860.52,0.0658642965433805,Market Model,2019-01-07,0.0,0,0,18.615110866281142,-0.01579128,0.0070368345,0.005557305,250
1941174066.0,MSI,2019-01-07,445000.0,18897295.68,0.0235483429764485,Market Model,2019-01-07,0.0,0,0,16.75452938407785,-0.111097227,-0.122705632,-0.119991299,250
1941173310.0,HEES,2019-01-08,100000.0,830458.16,0.1204154583778188,Market Model,2019-01-08,0.0,0,1,13.629732827476824,0.2272262027,0.2521570082,0.2667531286,250
1941236782.0,GBCI,2019-01-16,85028.0,3511889.1,0.0242114706868163,Market Model,2019-01-16,1.0,0,1,15.07166465578982,0.0299311672,0.0042115125,0.0034400135,250
1941177239.0,FISV,2019-01-16,39000000.0,29453200.0,1.3241345592329523,Market Model,2019-01-16,0.5641025641025641,1,0,17.19831312090257,0.0853434714,0.0557187789,0.0540655931,250
1941197722.0,CBU,2019-01-22,93400.0,3273344.7,0.0285335058052395,Market Model,2019-01-22,0.0,0,1,15.0013228641616,0.1047149123,0.0475005196,0.050607734,250
1941208921.0,LOPE,2019-01-22,365800.0,4506793.5,0.0811663547486699,Market Model,2019-01-22,0.0,0,0,15.321096483006086,-0.081820887,-0.138703068,-0.139363965,250
1941203577.0,MANT,2019-01-28,115000.0,1463375.11,0.0785854557824206,Market Model,2019-01-28,0.0,0,1,14.196256044950673,0.1522082019,0.0292423841,0.0315231836,250
1941182172.0,TCF,2019-01-28,3500000.0,3599651.9,0.972316239800854,Market Model,2019-01-28,1.0,1,1,15.096347704306686,0.1751559252,0.0428909996,0.0476135615,250
1941183829.0,CACI,2019-01-30,750000.0,3918687.3,0.1913906220585653,Market Model,2019-01-30,0.0,0,1,15.181267283235366,0.2193274976,0.0962881343,0.1095003441,250
1941199663.0,NWLI,2019-02-01,205500.0,1042138.8,0.1971906237441692,Market Model,2019-02-01,0.0,0,1,13.85678569779868,-0.01975709,-0.029329352,-0.030341588,250
1941167024.0,CSCO,2019-02-06,660000.0,209078240.0,0.003156713008489,Market Model,2019-02-06,0.0,0,1,19.15821909394307,0.0992825735,-0.032700174,-0.036225993,250
1941188243.0,KRP,2019-02-07,151300.0,313869.5,0.4820474751449249,Market Model,2019-02-07,0.0,0,0,12.656732573407115,0.2566899971,0.1605039643,0.1818931054,250
1941188440.0,CARB,2019-02-07,618500.0,999032.35,0.6190990712162624,Market Model,2019-02-07,0.0,0,0,13.814542439488775,-0.088649852,-0.203902323,-0.231862742,250
1941190343.0,EW,2019-02-12,100000.0,36230282.19,0.0027601220292896,Market Model,2019-02-12,0.0,1,1,17.40540585168995,0.1562827225,0.0403975661,0.0390987857,250
1941192325.0,TTC,2019-02-15,700000.0,6576524.76,0.1064391947944251,Market Model,2019-02-15,0.0,0,1,15.699017011804434,0.1674608577,0.1026110476,0.1109696017,250
1941194206.0,TAST,2019-02-20,238000.0,334187.7,0.7121746252181035,Market Model,2019-02-20,1.0,0,1,12.71945809015734,0.2321016166,0.1808764185,0.1851914931,250
1941194957.0,GABC,2019-02-21,68200.0,788707.53,0.0864705830816652,Market Model,2019-02-21,0.7653958944281525,1,0,13.578150846696916,0.0154751728,-0.008740577,-0.010504388,250
1941195661.0,DHR,2019-02-25,21400000.0,79606220.0,0.2688232150703802,Market Model,2019-02-25,0.0,0,0,18.192602788465305,0.1870815653,0.1134492255,0.1224134188,250
1941198001.0,MIDD,2019-02-27,105000.0,6645367.9,0.0158004796092628,Market Model,2019-02-27,0.0,0,1,15.709430613532945,0.069348725,0.0398756563,0.0362930013,250
1941198628.0,ACIW,2019-02-28,750000.0,3621338.74,0.2071057290818367,Market Model,2019-02-28,0.0,0,0,15.102354333115809,0.1020979021,0.0309523783,0.0315637885,250
1941200781.0,PCRX,2019-03-05,220000.0,1680534.8,0.1309107077104264,Market Model,2019-03-05,0.0,0,0,14.334622634055467,-0.042536933,-0.08378422,-0.090242108,249
1941206481.0,FIS,2019-03-18,43000000.0,35159638.48,1.222993234826913,Market Model,2019-03-18,0.0,1,1,17.375409348589596,0.0232556755,-0.00084659,-0.001824541,250
1941207944.0,JLL,2019-03-19,1800000.0,7437298.44,0.2420233656779275,Market Model,2019-03-19,0.0,1,0,15.822018227964596,-0.08171678,-0.081462932,-0.080376535,250
1941210137.0,TMO,2019-03-24,1700000.0,106203574.56,0.016006994181157,Market Model,2019-03-25,0.0,0,0,18.48086832496273,0.0963535389,0.04584145,0.0477304942,250
1941210413.0,CUZ,2019-03-25,1589433.0,4153216.08,0.3826993273126304,Market Model,2019-03-25,1.0,1,1,15.23939355111732,0.012565445,0.0127542284,0.0095755492,250
1941212348.0,ON,2019-03-27,936000.0,8651895.0,0.1081843919742437,Market Model,2019-03-27,0.0,1,1,15.973288930059116,-0.006660746,-0.035226256,-0.041387477,250
1941213202.0,PRGS,2019-03-28,225000.0,1647649.85,0.1365581406753382,Market Model,2019-03-28,0.0,1,0,14.314860497216484,0.197062276,0.176947706,0.1806058972,250
1941250921.0,EHC,2019-04-01,217500.0,5766649.6,0.0377168746302879,Market Model,2019-04-01,0.0,0,1,15.567601811257946,-0.049569971,-0.104988306,-0.10704779,250
1941214800.0,LEA,2019-04-02,320000.0,8799890.85,0.0363640874022886,Market Model,2019-04-02,0.0,0,0,15.99024987596242,-6.5785e-05,0.008425269,0.0050476803,250
1941216718.0,VICI,2019-04-05,558000.0,8885487.75,0.0627990286745935,Market Model,2019-04-05,0.0,0,0,15.999929913956118,0.0717342801,0.0493307663,0.0511665631,224
1941218912.0,AOS,2019-04-08,107000.0,7823271.51,0.0136771425947864,Market Model,2019-04-08,0.0,0,1,15.87261337669924,0.0927855317,0.0516039132,0.05425215,250
2007005785.0,CAMP,2019-04-15,50000.0,434201.7,0.1151538559153499,Market Model,2019-04-15,0.0,0,1,12.981264451665094,0.0801256874,0.0788775614,0.0796410933,250
1941222563.0,COUP,2019-04-16,215000.0,5968022.3,0.0360253345568095,Market Model,2019-04-16,0.0,0,1,15.601926157453928,0.0206992707,-0.121012468,-0.14006966,250
1941221859.0,COLD,2019-04-16,1240000.0,4567975.8,0.2714550282862707,Market Model,2019-04-16,0.0,0,1,15.334580732580658,0.0536986871,-0.006148625,-0.008175418,240
1941225838.0,RGEN,2019-04-26,240000.0,2522795.76,0.0951325524663161,Market Model,2019-04-26,0.1875,0,0,14.740878273097952,0.1772901428,0.0655182169,0.0499655964,250
1941202167.0,PH,2019-04-29,3675000.0,23673795.0,0.1552349338160611,Market Model,2019-04-29,0.0,0,0,16.979879298169813,0.044173154,0.016785916,0.0150634434,250
1941227767.0,HWC,2019-04-30,213106.0,3769525.8,0.0565339014260096,Market Model,2019-04-30,1.0,1,1,15.142459769019544,0.0698019802,0.0805513391,0.0786916039,250
1941228349.0,PS,2019-05-01,170000.0,3381451.71,0.050274265191266,Market Model,2019-05-01,0.0,0,1,15.033815675250478,0.0216147489,-0.075117438,-0.085059964,168
1941228392.0,SEE,2019-05-01,475000.0,7261158.24,0.0654165608708728,Market Model,2019-05-01,0.0,0,0,15.798049911266355,-0.062079444,-0.04477639,-0.045580114,250
1941232712.0,MSON,2019-05-02,121000.0,163511.36,0.7400097461118298,Market Model,2019-05-02,0.8016528925619835,0,0,12.004637747028138,-0.08,-0.162838177,-0.170524829,250
1941228837.0,POST,2019-05-02,85000.0,7437465.75,0.0114286240578654,Market Model,2019-05-02,0.0,0,1,15.822040723783402,0.0007385524,-0.030057688,-0.034253563,250
1941230901.0,MPLX,2019-05-08,14000000.0,25563978.21,0.5476455927553382,Market Model,2019-05-08,0.0,1,0,17.056694817381427,-0.027150314,-0.015065585,-0.015927576,250
1941230963.0,PETQ,2019-05-08,185000.0,630338.2,0.2934932390262878,Market Model,2019-05-08,0.0,0,0,13.354011779725337,-0.079598872,-0.084311275,-0.105451638,250
1941231136.0,MTOR,2019-05-08,175000.0,1872849.56,0.0934405003677924,Market Model,2019-05-08,0.0,0,1,14.442971657858676,-0.060294774,-0.029680605,-0.032640882,250
1941231934.0,BSX,2019-05-09,465000.0,51036965.1,0.00911104332103,Market Model,2019-05-09,0.0,0,1,17.748060734026023,-0.015440984,-0.050439069,-0.054298549,250
1941224476.0,OXY,2019-05-09,55000000.0,45029734.38,1.221415155058705,Market Model,2019-05-09,0.1551505818181818,1,1,17.62283359352618,-0.201099881,-0.218307672,-0.199296285,250
1941232459.0,GTLS,2019-05-09,592000.0,2731893.97,0.2166994790065003,Market Model,2019-05-09,0.0,0,1,14.82050568852436,-0.044085146,-0.087124904,-0.095009522,250
1941233798.0,AEIS,2019-05-15,400000.0,1855593.08,0.2155645029674286,Market Model,2019-05-15,0.0,0,1,14.433714922600778,-0.059464451,0.003086086,-0.011568353,250
1941232710.0,GS,2019-05-16,750000.0,72032253.2,0.0104120024944603,Market Model,2019-05-16,0.0,0,1,18.092624537786815,-0.048900119,0.0141274187,0.0123232716,250
1941234781.0,HPE,2019-05-17,1400000.0,19911592.34,0.0703108006679891,Market Model,2019-05-17,0.0,1,1,16.80681264973843,-0.131563066,-0.109197294,-0.102656034,250
1941246930.0,VAR,2019-05-20,283000.0,11860145.7,0.0238614269300249,Market Model,2019-05-20,0.0,0,0,16.288694236449963,-0.037391038,-0.015247601,-0.016159719,250
1941235430.0,NRG,2019-05-20,300000.0,9925966.08,0.0302237583306349,Market Model,2019-05-20,0.0,0,1,16.110664717835753,-0.145231254,-0.177895924,-0.169134831,250
1941237629.0,GPN,2019-05-28,21500000.0,24220504.0,0.8876776470051986,Market Model,2019-05-28,1.0,0,1,17.002710105121267,0.0572158189,0.1076088251,0.105583194,250
1941410182.0,IIIV,2019-06-03,72700.0,235039.44,0.3093097907312917,Market Model,2019-06-03,0.0,0,0,12.367508608831686,-0.019550749,-0.031859023,-0.03610024,166
1941320643.0,KIDS,2019-06-05,60000.0,588734.58,0.1019134972503229,Market Model,2019-06-05,0.1666666666666666,0,1,13.28573073288697,-0.109262098,-0.164310395,-0.168465238,250
1939043408.0,STBA,2019-06-05,206000.0,1330287.5,0.1548537440214991,Market Model,2019-06-05,1.0,1,1,14.100905642251094,-0.078632479,-0.068258326,-0.067618903,250
1939044428.0,CLBK,2019-06-07,137214.0,1758036.13,0.0780495904825346,Market Model,2019-06-07,0.0,1,0,14.379707908779444,-0.074026803,-0.07502448,-0.074596593,213
1939044656.0,CRM,2019-06-10,15700000.0,124947641.71,0.1256526316554198,Market Model,2019-06-10,0.0,1,0,18.643405341197575,-0.038513211,-0.069505548,-0.074370192,250
1939047248.0,PB,2019-06-16,2100000.0,4697520.88,0.4470443141489559,Market Model,2019-06-17,0.0,0,1,15.362545455177388,-0.08813804,-0.097812159,-0.09785546,250
1939047822.0,CNTY,2019-06-17,107000.0,265245.39,0.4034000364718874,Market Model,2019-06-17,0.0,0,0,12.48841067649485,0.0448577681,0.0426848581,0.032663268,250
1939047314.0,PFE,2019-06-17,11400000.0,237395181.8,0.0480211936635017,Market Model,2019-06-17,0.0,1,0,19.285236744230428,0.0509125841,0.0176185225,0.0182686248,250
1939048186.0,MMSI,2019-06-17,50000.0,3177638.85,0.0157349536433317,Market Model,2019-06-17,0.0,0,0,14.97164897896671,0.0425044092,0.0068216565,0.0033149526,250
1939050309.0,NSIT,2019-06-24,474000.0,2009466.78,0.2358834715346724,Market Model,2019-06-24,0.0,1,0,14.513379961259256,0.1079865017,0.0054738422,0.0033399224,250
1939050274.0,RAMP,2019-06-24,150000.0,3528607.52,0.042509686653958,Market Model,2019-06-24,0.0,0,1,15.076413880830664,-0.134502924,-0.268691783,-0.274758189,250
1939050776.0,FCCY,2019-06-24,53100.0,162810.36,0.3261463214011688,Market Model,2019-06-24,0.55,0,1,12.000341366889506,-0.025515744,-0.024383741,-0.027219442,250
1939045146.0,CZR,2019-06-24,17300000.0,6720462.81,2.574227473479613,Market Model,2019-06-24,0.0,1,0,15.72066758066358,0.3233995585,0.2465313544,0.2772391086,250
1939051772.0,EXTR,2019-06-26,272000.0,680466.15,0.3997259819610424,Market Model,2019-06-26,0.0,1,1,13.430533357000291,0.1260794473,0.0773724756,0.0750543181,250
1941242366.0,VLY,2019-06-26,740000.0,3377194.64,0.2191167755732314,Market Model,2019-06-26,0.0,1,1,15.032555934662636,0.0785358309,0.0532919368,0.0529694214,250
1941226707.0,HQY,2019-06-27,2000000.0,3900240.5,0.5127888908389111,Market Model,2019-06-27,0.0,1,1,15.17654877586523,-0.037086685,-0.184298309,-0.203163593,250
1941246155.0,FUN,2019-07-01,261000.0,2698490.96,0.096720724237668,Market Model,2019-07-01,0.0,0,1,14.80820327102596,-0.050218305,-0.075652909,-0.077447184,250
1941244080.0,ACNB,2019-07-02,60000.0,272831.3,0.2199161166625677,Market Model,2019-07-02,1.0,0,0,12.516608934440146,0.0460652591,-0.021000702,-0.030139236,250
1941249238.0,ALT,2019-07-09,93000.0,33627.5,2.7655936361608804,Market Model,2019-07-09,0.0,0,1,10.423099463582735,0.0550847458,-0.04493523,-0.062048771,250
1941247811.0,HI,2019-07-12,1900000.0,2434117.14,0.780570486431068,Market Model,2019-07-12,0.2334631578947368,1,1,14.70509467791224,-0.114479889,-0.127147852,-0.134355077,250
1941248359.0,CARO,2019-07-15,100100.0,793791.7,0.1261036113126403,Market Model,2019-07-15,0.9,1,1,13.584576363242173,-0.0375,-0.043099668,-0.044368763,250
1941249143.0,ENTG,2019-07-15,165000.0,4952917.65,0.0333136974324618,Market Model,2019-07-15,0.0,0,0,15.415487385145058,0.0325333333,-0.010287276,-0.014771261,250
1941278318.0,MYRG,2019-07-15,79700.0,618158.16,0.1289314048689416,Market Model,2019-07-15,0.0,0,1,13.334499626027393,0.0791431122,0.0373620787,0.0368076024,250
1941251126.0,ETSY,2019-07-22,275000.0,7924125.6,0.0347041445178506,Market Model,2019-07-22,0.0,0,0,15.885422537255474,0.0042132791,-0.113649844,-0.127223047,250
1941251771.0,WSBC,2019-07-23,500000.0,2037463.25,0.2454031992969689,Market Model,2019-07-23,1.0,1,1,14.527216087124671,0.0181768108,0.0108646832,0.0078442082,250
1941312473.0,ISBC,2019-07-24,62270.0,3100395.2,0.0200845363197569,Market Model,2019-07-24,0.5027782238638189,0,1,14.947040145200964,0.063670412,0.064161083,0.0637742204,250
1941254175.0,CLNY,2019-07-25,325000.0,2527126.13,0.1286045821543541,Market Model,2019-07-25,0.0,0,0,14.742593298064968,0.1218598659,0.1081622575,0.1112020728,250
1941234467.0,DISH,2019-07-26,1400000.0,9068990.93,0.1543721909974388,Market Model,2019-07-26,0.0,0,1,16.02037156231894,-0.142095441,-0.137392472,-0.135576648,250
1941253947.0,EXAS,2019-07-29,2800000.0,15254249.12,0.1835554131818191,Market Model,2019-07-29,0.58918,1,1,16.54036865302701,-0.057187554,-0.071026453,-0.070090261,250
1941279749.0,MRCY,2019-07-30,100000.0,3763726.24,0.0265694138264423,Market Model,2019-07-30,0.0,0,0,15.140920045905284,0.1081734186,0.107448595,0.1020181264,250
1941264541.0,CTS,2019-07-31,80000.0,1069462.8,0.0748039108980695,Market Model,2019-07-31,0.0,0,1,13.882667024290972,0.0335594431,0.0674194529,0.0612876707,250
1941256738.0,WMS,2019-08-01,1080000.0,1902761.26,0.5675961681078161,Market Model,2019-08-01,0.0,0,1,14.458816683862752,0.0329770992,0.0446066881,0.0443679857,250
1941256867.0,EVBG,2019-08-01,83000.0,3391245.0,0.0244747872831364,Market Model,2019-08-01,0.0,0,0,15.036707668571587,-0.048367594,-0.065226632,-0.072989652,250
1941391393.0,INGN,2019-08-07,101800.0,1210318.12,0.0841101180902753,Market Model,2019-08-07,0.0,0,1,14.006393792109296,-0.321372115,-0.224103161,-0.209224394,250
1941301306.0,GKOS,2019-08-07,477383.0,2778276.96,0.1718270017255587,Market Model,2019-08-07,1.0,1,1,14.837341494951138,-0.218188864,-0.23732581,-0.221505376,250
1941259164.0,AVGO,2019-08-08,10700000.0,107479900.0,0.0995534979098417,Market Model,2019-08-08,0.0,0,0,18.49281441130547,-0.021347905,0.0161521402,0.013232365,250
1941259971.0,ATRC,2019-08-12,300000.0,1214264.42,0.2470631561451829,Market Model,2019-08-12,0.0,0,1,14.009649035780878,-0.124282983,-0.106428741,-0.101512372,250
1939060590.0,MKTX,2019-08-13,150000.0,13715607.82,0.0109364456879024,Market Model,2019-08-13,0.3333333333333333,0,0,16.43404499927194,0.0418390008,0.024450945,0.0178564372,250
1939060599.0,STRL,2019-08-14,400000.0,299341.77,1.336265232880797,Market Model,2019-08-14,0.0625,0,1,12.609341243074276,-0.119515885,-0.105011943,-0.106896565,250
1941277850.0,RPAY,2019-08-14,65000.0,427277.3,0.1521260315022586,Market Model,2019-08-14,0.0,0,1,12.965188495952308,0.02,0.0146771011,0.0121819353,200
1941262252.0,CNOB,2019-08-16,113000.0,692918.8,0.1630782712202353,Market Model,2019-08-16,0.2,1,1,13.448668099589726,-0.109195402,-0.043108584,-0.042070803,250
1941264491.0,VMW,2019-08-22,2100000.0,16172908.9,0.1298467711025071,Market Model,2019-08-22,0.0,1,1,16.598848110241185,-0.248324749,-0.27477713,-0.248253883,250
1941265266.0,ADUS,2019-08-26,130000.0,1145426.35,0.1134948571769804,Market Model,2019-08-26,0.0,0,1,13.951287483741014,0.0801933565,0.0928060636,0.0925822519,250
1941258502.0,PDCE,2019-08-26,1700000.0,1580599.5,1.0755412740545596,Market Model,2019-08-26,1.0,1,1,14.273314763417392,0.1218547807,0.2690366402,0.2459601211,250
1941268728.0,EML,2019-09-03,81700.0,137455.86,0.594372622600448,Market Model,2019-09-03,0.0,0,1,11.831058126369578,0.102570444,0.1158511179,0.1065465701,250
1939066838.0,PANW,2019-09-04,75000.0,19111501.75,0.0039243383895773,Market Model,2019-09-04,0.0,0,0,16.765800897639583,-0.000559362,-0.060938888,-0.067987964,250
1941268976.0,PRU,2019-09-05,3500000.0,32019300.0,0.1093090729653677,Market Model,2019-09-05,0.0,0,0,17.281849403957217,0.0355209897,-0.009209519,-0.011783236,250
1941347972.0,PWR,2019-09-09,330000.0,4865468.04,0.0678249239923072,Market Model,2019-09-09,0.006060606060606,0,1,15.39767347452463,0.156268568,0.132230658,0.1381570394,250
1941348039.0,ALSN,2019-09-09,103000.0,5419199.79,0.0190064961602015,Market Model,2019-09-09,0.0,0,1,15.505458722294536,0.072388147,0.0516727526,0.0504679217,250
1941269973.0,FDEF,2019-09-09,572000.0,519240.96,1.1016080087364448,Market Model,2019-09-09,1.0,1,1,13.16012333186124,0.0472072322,0.0424541948,0.040633744,250
1941271687.0,ALG,2019-09-11,352000.0,1389796.8,0.2532744355146018,Market Model,2019-09-11,0.0,0,1,14.144668107370146,0.1339158515,0.0991339792,0.0999135315,250
1941271420.0,FCBC,2019-09-11,91000.0,521024.84,0.1746557803270953,Market Model,2019-09-11,1.0,0,1,13.163552997142151,-0.020488099,-0.042332119,-0.045836719,250
1941272445.0,ET,2019-09-16,5100000.0,36777768.72,0.1386707290164285,Market Model,2019-09-16,0.6,1,1,17.4204041097211,0.0351413293,-0.006158285,-0.00918584,250
1941273362.0,FBK,2019-09-17,51900.0,1195096.35,0.0434274608904964,Market Model,2019-09-17,0.7109826589595376,0,1,13.99373736771258,0.043575419,0.0386450678,0.0375730554,250
1941274702.0,FFIN,2019-09-19,190000.0,4546885.32,0.0417868467375376,Market Model,2019-09-19,1.0,0,1,15.32995301146424,0.0734502944,0.0478608582,0.0466077394,250
1941275795.0,SASR,2019-09-24,460700.0,1258419.27,0.36609420324595,Market Model,2019-09-24,0.0,0,1,14.045366943704956,0.0201526718,0.0239990264,0.0201965079,250
1941277161.0,VEEV,2019-09-26,430000.0,20200492.2,0.0212866100361653,Market Model,2019-09-26,0.0,0,1,16.821217528411214,-0.088366685,-0.18215412,-0.189109807,250
1941239902.0,MCF,2019-09-27,132500.0,86429.34,1.5330442185489326,Market Model,2019-09-27,0.0,0,1,11.36708248048011,1.376146789,1.1216837704,1.4598742914,250
1941277334.0,AME,2019-09-27,925000.0,20589958.82,0.0449248105878436,Market Model,2019-09-27,0.0,0,1,16.84031407900197,0.0577471592,0.0232349055,0.0217467556,250
1941278779.0,QTWO,2019-10-01,510000.0,3756578.1,0.1357618519897137,Market Model,2019-10-01,0.0,0,1,15.139019021204806,-0.179988883,-0.198204734,-0.184516261,250
1941281002.0,UPLD,2019-10-07,84000.0,951329.26,0.0882975049038226,Market Model,2019-10-07,0.0,0,1,13.76561550663176,0.1025641026,0.0806530736,0.0801429162,250
1941283729.0,PE,2019-10-14,2270000.0,4770555.49,0.4758355719283332,Market Model,2019-10-14,0.0,1,1,15.3779733110108,-0.154860377,-0.08977133,-0.091328463,250
1941285626.0,SABR,2019-10-16,110000.0,5874103.95,0.0187262603686133,Market Model,2019-10-16,0.0,0,1,15.586064087213332,-0.079089135,-0.063234641,-0.060778951,250
2007187239.0,CXP,2019-10-16,100000.0,2370914.52,0.0421778175284025,Market Model,2019-10-16,0.865,0,1,14.678786312099035,-0.038081805,-0.02873491,-0.029253046,250
1941285217.0,ALXN,2019-10-16,700000.0,23194453.0,0.030179629586436,Market Model,2019-10-16,0.0,1,1,16.959423713221227,-0.011128628,0.0113055962,0.0041141354,250
1941286679.0,TER,2019-10-21,165000.0,9929115.7,0.0166177940700197,Market Model,2019-10-21,0.0,0,1,16.110981978682254,0.1004981962,0.0669447041,0.0684313346,250
1941287806.0,ROKU,2019-10-22,150000.0,12101473.04,0.0123951852393665,Market Model,2019-10-22,0.5,0,0,16.308837742000375,0.3713327745,0.2174440674,0.2453178461,250
1941289003.0,FFIC,2019-10-25,111600.0,621143.42,0.1796686504382514,Market Model,2019-10-25,0.5,0,1,13.339317284331267,0.0776031434,0.0718906876,0.0719058128,250
1941291575.0,NWBI,2019-10-29,346000.0,1834517.6,0.188605440471108,Market Model,2019-10-29,1.0,1,1,14.422292116626249,0.0464348373,0.0280150487,0.0267551814,250
1941257669.0,RILY,2019-10-31,271400.0,663236.64,0.4092053780382217,Market Model,2019-10-31,0.0,0,0,13.404887128563034,0.252,0.1914006782,0.2037010333,250
1941292586.0,PFPT,2019-11-03,225000.0,6650845.74,0.0338302839662614,Market Model,2019-11-04,0.0,0,1,15.710254583492848,-0.096746642,-0.159823677,-0.165215443,250
1941293188.0,WDAY,2019-11-04,540000.0,27610110.0,0.0195580531913853,Market Model,2019-11-04,0.0,0,1,17.133692567962147,-0.056993329,-0.177742724,-0.195100257,250
1941292858.0,FHN,2019-11-04,3937104.0,5075345.8,0.7757311826910396,Market Model,2019-11-04,1.0,1,1,15.439905218501876,0.0460772105,0.0179052435,0.0157945088,250
1941294565.0,ULH,2019-11-05,51250.0,536364.12,0.0955507612999915,Market Model,2019-11-05,0.0,0,1,13.192568537772086,-0.081380208,-0.087635907,-0.113288063,250
1939068774.0,RP,2019-11-06,580000.0,5800383.25,0.0999933926779752,Market Model,2019-11-06,0.0,0,1,15.573434550919828,-0.107254999,-0.208328764,-0.21541516,250
1941293982.0,TMHC,2019-11-06,2400000.0,2494770.21,0.9620124492347534,Market Model,2019-11-06,0.0,1,1,14.729707182725871,-0.117966628,-0.178600754,-0.1796504,250
1941296182.0,NVEE,2019-11-07,318000.0,883870.05,0.3597813954664489,Market Model,2019-11-07,0.0,0,1,13.692065328551443,-0.24771706,-0.353657246,-0.361100342,250
1941295126.0,DGII,2019-11-07,155000.0,398198.1,0.3892534896575348,Market Model,2019-11-07,0.0,0,0,12.894704899129229,0.1349116873,0.0550683017,0.0573582347,250
1941295855.0,IPHI,2019-11-11,216000.0,3271768.64,0.0660193380910943,Market Model,2019-11-11,0.0,0,1,15.000841265158318,0.1443379928,0.0120123921,-0.00807623,250
1939073872.0,CPE,2019-11-14,1037236.0,1018601.56,1.0182941404487933,Market Model,2019-11-14,1.0,1,1,13.833941224945312,-0.065491184,-0.030056196,-0.053876556,250
1941298659.0,UBSI,2019-11-18,1100000.0,4012082.46,0.274171832450323,Market Model,2019-11-18,1.0,1,1,15.204820981192729,-0.010911925,-0.054538415,-0.056964484,250
2007215214.0,HMSY,2019-11-21,155000.0,2554842.0,0.0606691137847272,Market Model,2019-11-21,0.0,0,0,14.753500940177467,-0.091729323,-0.159548862,-0.182714256,250
1941303291.0,CW,2019-11-26,132000.0,5884678.65,0.0224311313923658,Market Model,2019-11-26,0.0,0,0,15.58786269225783,0.0643925787,0.0437884085,0.0440945994,250
1941306483.0,CDNS,2019-12-02,160000.0,19711658.25,0.0081170238429838,Market Model,2019-12-02,0.0,0,0,16.79672080801006,0.0104055088,-0.078993547,-0.085562812,250
1941306669.0,ESI,2019-12-03,68000.0,2880105.53,0.0236102459759521,Market Model,2019-12-03,0.0,0,0,14.873337493801923,-0.053461876,-0.059696388,-0.060642614,250
1941306171.0,CLF,2019-12-03,3000000.0,2271389.62,1.320777366236269,Market Model,2019-12-03,0.3666666666666666,1,0,14.635902369560435,0.1294583884,0.1013229716,0.0931500102,250
1941308741.0,MRK,2019-12-09,2700000.0,226210678.4,0.0119357760610473,Market Model,2019-12-09,0.0,1,1,19.23697732831277,0.0847090243,0.0291113645,0.0306772355,250
1941310305.0,GSBD,2019-12-09,931450.0,843266.63,1.10457353209862,Market Model,2019-12-09,1.0,0,1,13.64503847404577,0.0535279805,0.0313466687,0.0312243941,250
1941308712.0,UNH,2019-12-09,303896.0,265456208.85,0.0011448065250254,Market Model,2019-12-09,0.0,1,0,19.39696044662435,0.1430852281,0.1169075544,0.1238768459,250
1941310820.0,FDBC,2019-12-10,78500.0,252788.88,0.310535811543609,Market Model,2019-12-10,1.0,0,1,12.440309952945595,-0.056989387,-0.081598702,-0.08629868,250
1941309399.0,PGTI,2019-12-10,92000.0,821174.3,0.1120346800916687,Market Model,2019-12-10,0.0,0,0,13.618490667972315,-0.01171875,-0.00179567,-0.004741358,250
1941314304.0,TLRY,2019-12-12,1324741.0,1525906.2,0.8681667326602382,Market Model,2019-12-12,1.0,0,0,14.238099021047402,-0.197496523,-0.225138359,-0.21712811,250
1939074315.0,IFF,2019-12-15,26200000.0,14305848.48,1.8314188100501956,Market Model,2019-12-16,0.7213740458015268,0,0,16.476178996234108,-0.074309186,-0.089207366,-0.094779703,250
1941147248.0,WPX,2019-12-16,2500000.0,4546644.31,0.5498560761618057,Market Model,2019-12-16,0.64,0,1,15.329900004543966,0.3353233831,0.2754934743,0.3079575656,250
1941288539.0,CRL,2019-12-16,380000.0,7122191.37,0.0533543652871545,Market Model,2019-12-16,0.0,0,0,15.778726012720025,0.0999345883,0.0288514211,0.0303989569,250
1941311917.0,HUM,2019-12-16,710000.0,46763593.38,0.0151827511250163,Market Model,2019-12-16,0.0,0,0,17.66061553892093,0.1564779874,0.1286919398,0.1368355149,250
1941312883.0,LDOS,2019-12-17,1650000.0,12972924.96,0.1271879707226796,Market Model,2019-12-17,0.0,0,1,16.378375048215137,0.080884499,0.0210309461,0.0203771632,250
1941322835.0,CZNC,2019-12-18,77000.0,371214.27,0.2074273707204197,Market Model,2019-12-18,0.75,0,0,12.824534722043206,0.0348125478,0.019205472,0.0159420667,250
1941313362.0,FBMS,2019-12-18,88000.0,648876.0,0.1356191321608442,Market Model,2019-12-18,1.0,1,1,13.38299691425722,0.0734360834,0.0654116646,0.0675938674,250
1939074453.0,GCO,2019-12-18,67700.0,742900.47,0.0911293002681772,Market Model,2019-12-18,0.0,0,1,13.518317357795503,0.1973748177,0.2083310467,0.1725933796,250
1941313789.0,SC,2019-12-18,1100000.0,8154248.98,0.1348989959342644,Market Model,2019-12-18,0.0,0,1,15.914049696602053,-0.012189996,-0.07807175,-0.081090546,250
1939074474.0,FFIV,2019-12-19,1000000.0,8532437.9,0.1171997981960114,Market Model,2019-12-19,0.0,0,0,15.959385681682017,-0.035484095,-0.050759312,-0.053038047,250
1941063298.0,XPER,2019-12-19,1206655.0,1037409.48,1.1631424459317643,Market Model,2019-12-19,1.0,1,1,13.852237279087875,-0.088067208,-0.175226593,-0.187224869,250
1941261663.0,MTCH,2019-12-20,500000.0,5418444.85,0.09227739948299,Market Model,2019-12-20,0.0,1,1,15.505319404199822,0.1775223499,0.0852929968,0.0900487338,250
1941316609.0,AAP,2019-12-23,200000.0,10951233.08,0.0182627836097521,Market Model,2019-12-23,0.0,0,0,16.20896261793241,0.0119460055,-0.007956608,-0.010082404,250
1941348273.0,SNAP,2020-01-03,166000.0,19101496.22,0.0086904187027083,Market Model,2020-01-03,0.0,0,1,16.7652772260744,0.1668900804,-0.005715839,-0.010841246,250
1941318157.0,YUM,2020-01-06,375000.0,30805754.7,0.0121730502515492,Market Model,2020-01-06,0.0,1,1,17.243212071400304,0.0114919355,-0.0437466,-0.045955703,250
1941319470.0,ADT,2020-01-06,381000.0,5539097.35,0.0687837703375984,Market Model,2020-01-06,0.3187270341207349,0,1,15.527342112235411,-0.244007919,-0.311775276,-0.286994814,250
1941318130.0,ANIK,2020-01-06,100000.0,739437.44,0.1352379452141346,Market Model,2020-01-06,0.0,0,0,13.513644959853254,-0.128461269,-0.208347012,-0.205643165,250
2007235522.0,ANIP,2020-01-08,77500.0,662773.8,0.1169328057325138,Market Model,2020-01-08,0.3225806451612903,0,1,13.404189034483478,0.0023565056,-0.059361936,-0.068366123,250
1941320768.0,LLY,2020-01-10,1100000.0,130501005.52,0.0084290538269562,Market Model,2020-01-10,0.0,1,0,18.68689148983144,0.1569001243,0.102035751,0.1107545037,250
1941315236.0,WCC,2020-01-13,4500000.0,2430019.44,1.8518370371555544,Market Model,2020-01-13,0.2255193333333333,1,1,14.703409815284733,-0.01587868,-0.060211954,-0.064087128,250
1941321769.0,RCM,2020-01-13,200000.0,1484553.42,0.1347206488534444,Market Model,2020-01-13,0.0,0,0,14.210624557718695,0.0776,-0.01043056,-0.01580868,250
1941322799.0,EQIX,2020-01-14,335000.0,50754847.68,0.0066003547505868,Market Model,2020-01-14,0.0,0,1,17.74251769211253,0.0800839723,0.0174388427,0.0175775299,250
1941296817.0,RYN,2020-01-15,656000.0,4231121.36,0.1550416412541757,Market Model,2020-01-15,0.0,1,0,15.257977612817191,0.0193390801,-0.001973356,-0.002758064,250
1941323854.0,AAPL,2020-01-15,200000.0,1370797562.36,0.0001459004637093,Market Model,2020-01-15,0.0,0,0,21.03865856970228,0.1602035253,0.0755105983,0.0831259321,250
1941404909.0,BFST,2020-01-22,211200.0,321495.39,0.6569301040366395,Market Model,2020-01-22,0.896780303030303,0,1,12.680738483521235,0.0217478856,0.0137309353,0.0127390591,250
1941327898.0,MCO,2020-01-23,700000.0,48610336.0,0.0144002296137183,Market Model,2020-01-23,0.0,0,0,17.699346741155743,0.1077937348,0.0516711109,0.0552577461,250
1941331993.0,CSTR,2020-01-23,85100.0,296546.3,0.2869703651672605,Market Model,2020-01-23,0.6897767332549941,0,1,12.59995864037231,-0.110980622,-0.128864962,-0.124434555,250
1941329714.0,SSB,2020-01-27,3221960.0,2860729.52,1.126272154523717,Market Model,2020-01-27,1.0,1,1,14.866587227192523,-0.105754815,-0.112749184,-0.110543022,250
1939075994.0,IEX,2020-01-29,125000.0,13027556.8,0.0095950454808226,Market Model,2020-01-29,0.0,0,0,16.382577425763678,-0.009882484,-0.051722788,-0.053503964,250
1941372887.0,QRVO,2020-01-30,105000.0,13022660.45,0.0080628685976374,Market Model,2020-01-30,0.0,0,1,16.382201509508494,-0.055416918,-0.111528964,-0.116055176,250
1941328977.0,SPG,2020-02-03,81000.0,40858542.15,0.0019824495867383,Market Model,2020-02-03,0.0,0,0,17.525626467568923,-0.013991316,-0.016878359,-0.019201922,250
1941332632.0,PPBI,2020-02-03,743900.0,1773278.8,0.4195053817820413,Market Model,2020-02-03,1.0,1,1,14.38834082029717,-0.086099297,-0.122583895,-0.11984531,250
1941372805.0,PAA,2020-02-04,300000.0,12027039.08,0.0249437952271125,Market Model,2020-02-04,0.0,0,0,16.302667929643093,-0.139623957,-0.163012501,-0.154902232,250
1941333503.0,HII,2020-02-04,350000.0,10689215.0,0.0327432837677977,Market Model,2020-02-04,0.0,0,1,16.184745847189824,0.0173434535,-0.006977569,-0.008528489,250
1941334904.0,SAIC,2020-02-06,1200000.0,5281746.0,0.2271975971582124,Market Model,2020-02-06,0.0,0,0,15.479767282837445,0.0708626903,0.0175701162,0.0151032199,250
1941338745.0,APPS,2020-02-10,66000.0,520446.0,0.1268143092655145,Market Model,2020-02-10,0.0,0,1,13.162441415257437,-0.090287278,-0.292192455,-0.342231284,250
1941338629.0,FAF,2020-02-13,350000.0,7009766.4,0.0499303371935475,Market Model,2020-02-13,0.0,0,0,15.762814934632411,0.1088180113,0.0625804354,0.0652133087,250
1941343650.0,FLWS,2020-02-18,245000.0,593158.86,0.4130428061042534,Market Model,2020-02-18,0.0,0,1,13.293217534177389,0.1834437086,0.2391285705,0.2442272703,250
1941340652.0,BEN,2020-02-18,6500000.0,12104435.28,0.5369932466605745,Market Model,2020-02-18,0.0,1,1,16.309082495469287,-0.084627329,-0.008249628,-0.013286306,250
1941365646.0,LNTH,2020-02-20,693375.0,648852.09,1.0686179649972307,Market Model,2020-02-20,0.639444744907157,1,0,13.382960065243644,-0.164529915,-0.030451553,-0.023942697,250
1941342429.0,MS,2020-02-20,13000000.0,91143253.38,0.1426326087549191,Market Model,2020-02-20,1.0,1,0,18.32794303967377,-0.182666158,-0.067318854,-0.058595323,250
1941344248.0,CSOD,2020-02-24,1295000.0,3507111.63,0.3692497235966224,Market Model,2020-02-24,0.0254826254826254,0,1,15.070303359240198,-0.339759036,-0.26422712,-0.243202635,250
1941346200.0,GILD,2020-03-01,4900000.0,87426268.56,0.0560472279179702,Market Model,2020-03-02,0.0,0,0,18.286306351074384,0.1482117757,0.3049973523,0.2912662425,250
1941276548.0,WSC,2020-03-02,2739265.0,1934942.64,1.4156827925400417,Market Model,2020-03-02,0.0,1,0,14.475588240595792,-0.365866388,-0.195210257,-0.14527323,250
1941351193.0,CODI,2020-03-09,200000.0,1068017.0,0.1872629368259119,Market Model,2020-03-09,0.0,0,0,13.88131421597859,-0.369369369,-0.182156892,-0.127845764,250
1941352822.0,PEP,2020-03-11,3850000.0,186352787.74,0.0206597392327263,Market Model,2020-03-11,0.0,0,1,19.043152143477137,-0.164106855,0.0006000415,-0.022691618,250
1941355861.0,COST,2020-03-17,1000000.0,125046624.4,0.0079970171509883,Market Model,2020-03-17,0.0,0,0,18.644197220921157,-0.104834909,0.1261114999,0.1061422124,250
1941371349.0,APD,2020-03-30,530000.0,42628369.26,0.0124330348357313,Market Model,2020-03-30,0.0,0,1,17.568030534667,-0.111327354,-0.032783008,-0.056691983,250
2007378928.0,DKL,2020-03-31,100000.0,222032.34,0.4503848403345206,Market Model,2020-03-31,0.0,0,0,12.31057832592042,-0.625465068,-0.698544775,-0.567403538,250
1941341335.0,MXL,2020-04-05,150000.0,771271.84,0.1944839578221862,Market Model,2020-04-06,0.0,0,1,13.555796171466923,0.0864371047,0.2667930679,0.2035317605,250
1939044932.0,VZ,2020-04-16,400000.0,235690200.0,0.0016971431141388,Market Model,2020-04-16,0.0,0,1,19.278028788764487,0.0717474871,0.027010338,0.0227226197,250
1941375475.0,RPD,2020-04-24,147337.0,2324315.9,0.0633894041683404,Market Model,2020-04-24,0.0620142937619199,0,1,14.658936317148385,0.0464951617,-0.198150079,-0.225779566,250
1941428062.0,SUPN,2020-04-28,530000.0,1028694.04,0.5152163611252185,Market Model,2020-04-28,0.0,0,0,13.843800633382108,0.3795892968,0.2136018166,0.2430213789,250
1941376910.0,MOH,2020-04-30,925000.0,10024986.96,0.0922694467026019,Market Model,2020-04-30,0.0,0,1,16.120591230407932,0.2688426025,0.1451513993,0.1579647709,250
1941378186.0,CHNG,2020-05-04,212900.0,3349845.12,0.0635551771420405,Market Model,2020-05-04,0.0,0,1,15.024424669896655,0.2486486486,0.1663955586,0.1691019361,143
1941390256.0,PTCT,2020-05-06,269405.0,3099737.5,0.0869121982103323,Market Model,2020-05-06,0.0,0,1,14.946827988450686,0.0135676157,-0.124200116,-0.141719547,250
1941384544.0,RVNC,2020-05-19,180020.0,1202656.16,0.1496853431491175,Market Model,2020-05-19,1.0,0,0,14.000043135316474,0.3704164077,0.2029326735,0.2264230179,250
1941392270.0,CHGG,2020-06-04,115000.0,7591864.4,0.0151477942625002,Market Model,2020-06-04,0.0,0,1,15.842587758206175,-0.018991713,-0.072329484,-0.079711935,250
2007206735.0,EVA,2020-06-18,175000.0,1163741.15,0.1503770834261553,Market Model,2020-06-18,0.0,0,1,13.967150502818397,0.1041860465,0.0487785532,0.0511005117,250
2007316687.0,PLUG,2020-06-22,61080.0,1777076.32,0.0343710617898504,Market Model,2020-06-22,0.0,0,0,14.39048005500461,0.9160671463,0.6160835939,0.7931255074,250
1941379221.0,MSFT,2020-06-22,180000.0,1479908316.0,0.0001216291563834,Market Model,2020-06-22,0.0,0,1,21.115245974154888,0.0818295808,-0.007180884,-0.006495847,250
1941400301.0,MA,2020-06-23,985000.0,302321402.04,0.0032581219634251,Market Model,2020-06-23,0.0,0,0,19.527001254597295,0.0026787834,-0.082574853,-0.087770695,250
1941401311.0,WM,2020-06-24,4600000.0,43831516.5,0.1049473157060399,Market Model,2020-06-24,0.0,1,1,17.59586367138576,0.0395705156,-0.004488889,-0.007946283,250
1941708162.0,LQDA,2020-06-29,96737.0,309254.8,0.3128067858607207,Market Model,2020-06-29,1.0,0,0,12.641920811557076,-0.148268398,-0.058624623,-0.130949245,250
1941405891.0,BDGE,2020-07-01,489000.0,450724.56,1.0849198011308725,Market Model,2020-07-01,1.0,1,1,13.018611700204922,-0.145763523,-0.174486174,-0.17968051,250
1941403150.0,UBER,2020-07-06,2650000.0,53198721.16,0.0498132275027793,Market Model,2020-07-06,1.0,0,1,17.789544915677084,-0.129289047,-0.137355116,-0.14110352,219
1941406172.0,RUN,2020-07-06,3200000.0,2446140.0,1.308183505441226,Market Model,2020-07-06,0.42855375,1,0,14.71002182989549,0.6456111567,0.4975799924,0.6085740478,250
1941406719.0,ALL,2020-07-07,4000000.0,30042054.24,0.133146687241984,Market Model,2020-07-07,0.0,1,1,17.218108766010847,-0.14923675,-0.169317687,-0.161710219,250
1941406247.0,SIRI,2020-07-13,325000.0,24812100.0,0.013098447934677,Market Model,2020-07-13,0.0,0,1,17.02684199537494,-0.005128205,-0.080075611,-0.08711317,250
1941408933.0,HPE,2020-07-13,925000.0,11896849.82,0.0777516749387696,Market Model,2020-07-13,0.0,0,0,16.291784202028563,-0.020512821,-0.089618413,-0.096916444,250
1941408793.0,ADI,2020-07-13,20912762.0,45868912.5,0.4559245218643455,Market Model,2020-07-13,1.0,1,1,17.641298157986228,0.0121919585,-0.097240104,-0.105675691,250
1941410375.0,QNST,2020-07-14,67500.0,527321.0,0.1280055222530489,Market Model,2020-07-14,0.0,0,1,13.175564750251812,0.1190926276,0.0683879166,0.0633861889,250
1941412934.0,SYNA,2020-07-20,305000.0,2399459.04,0.1271119843746113,Market Model,2020-07-20,0.0,0,0,14.690753869911775,0.2645316253,0.1302635559,0.1371656047,250
1941412195.0,CVX,2020-07-20,13000000.0,162781899.01,0.0798614592842499,Market Model,2020-07-20,0.3830209230769231,1,1,18.907921819908893,-0.009788993,-0.044782248,-0.049833649,250
1941414663.0,NRG,2020-07-24,3625000.0,8111011.01,0.4469233238039952,Market Model,2020-07-24,0.0,0,1,15.908733080467416,0.0472827756,-0.002718222,-0.00480227,250
1941415392.0,BKI,2020-07-27,1800000.0,11491202.16,0.15664157456612,Market Model,2020-07-27,0.0,0,1,16.257092270983808,0.03625171,-0.035963695,-0.039304519,250
1941415871.0,ZBRA,2020-07-28,575000.0,14579955.6,0.0394377058322454,Market Model,2020-07-28,0.0,0,0,16.49515823927266,0.1552633715,0.0339510513,0.0359249351,250
1941331824.0,SE,2020-08-02,21000000.0,6072118.0,3.458430814420932,Market Model,2020-08-03,0.0,0,1,15.619218031333862,0.0431899337,-0.115705116,-0.155387871,250
1941418500.0,MSI,2020-08-03,110000.0,23775366.6,0.0046266373869499,Market Model,2020-08-03,0.0,0,1,16.98416058583521,0.0527796284,-0.030969222,-0.037053922,250
2008216889.0,EPC,2020-08-04,235000.0,1675814.76,0.1402302960978813,Market Model,2020-08-04,0.0,0,1,14.331810028856156,-0.026683609,-0.058756181,-0.064965747,250
1941419433.0,TDOC,2020-08-05,18500000.0,20259887.76,0.91313437760131,Market Model,2020-08-05,0.7807382702702703,1,1,16.82415351678921,-0.148071435,-0.294150166,-0.335999572,250
1941420443.0,ICE,2020-08-06,11180000.0,52241516.32,0.2140060394020355,Market Model,2020-08-06,0.1726296958855098,0,0,17.771388068544894,0.0677749361,-0.009118751,-0.011581382,250
1941421740.0,LGND,2020-08-10,515500.0,1891737.48,0.2725008123220142,Market Model,2020-08-10,0.0,1,0,14.453006266324216,0.0128628542,-0.045788687,-0.056144076,250
2007222927.0,BBDC,2020-08-10,136425.0,395206.88,0.3451989499777939,Market Model,2020-08-10,0.9486897562763424,1,1,12.8871646536112,0.1082887701,0.0794790578,0.0827432537,250
1941422500.0,SWN,2020-08-12,204278.0,1646734.56,0.1240503508956537,Market Model,2020-08-12,1.0,1,1,14.314304830415262,0.0842911877,0.0996521488,0.0770997843,250
1941292018.0,ROP,2020-08-13,5350000.0,46634139.9,0.1147228191936697,Market Model,2020-08-13,0.0,1,0,17.657843446743687,0.0878430784,0.0297344607,0.0304255906,250
1941425351.0,JNJ,2020-08-19,6500000.0,395160404.07,0.0164490164830597,Market Model,2020-08-19,0.0,1,0,19.794802326687854,0.0238479747,-0.031421783,-0.032998206,250
1941427785.0,ACAD,2020-08-24,939500.0,6042335.92,0.1554862246056654,Market Model,2020-08-24,0.0,0,1,15.614301236867547,-0.0890474,-0.257940335,-0.272917587,250
1941428182.0,HOLX,2020-08-25,80000.0,16919490.05,0.0047282748926584,Market Model,2020-08-25,0.0,0,0,16.643976772799277,-0.055351731,-0.152568668,-0.166713186,250
1941665736.0,CYRX,2020-08-25,320000.0,1422377.04,0.2249755100096385,Market Model,2020-08-25,0.0,0,1,14.167840001879217,0.6400353774,0.4335363724,0.5186501197,250
1941429828.0,EMR,2020-08-27,1600000.0,41984568.25,0.0381092402921161,Market Model,2020-08-27,0.0,0,0,17.552812686112365,0.0861249002,0.0205176049,0.0196887612,250
1941709368.0,UVV,2020-09-08,170000.0,1053761.67,0.1613268017235814,Market Model,2020-09-08,0.0,0,0,13.867876862969974,-0.028449821,-0.014140903,-0.015444015,250
1941433431.0,PRGS,2020-09-08,220000.0,1595934.27,0.1378502887841364,Market Model,2020-09-08,0.0,0,0,14.282969871933272,-0.029132855,-0.03553958,-0.037487599,250
1941439238.0,PD,2020-09-21,100000.0,1954245.15,0.0511706527709688,Market Model,2020-09-21,0.4,0,1,14.485514564308996,-0.094630872,0.0298942121,-0.024983555,250
1941440797.0,CRWD,2020-09-23,96000.0,26311618.8,0.0036485782471126,Market Model,2020-09-23,0.1041666666666666,0,1,17.085521179059857,0.234392557,0.194574274,0.1986068358,250
1941440516.0,SSP,2020-09-24,2650000.0,722723.16,3.666687532194208,Market Model,2020-09-24,0.0,0,1,13.490781523249916,-0.018465606,0.0433014271,0.0358274756,250
2007225803.0,VSTO,2020-09-28,81400.0,1099113.66,0.0740596745927077,Market Model,2020-09-28,0.0,0,1,13.910014649330227,0.1480908153,0.0990190427,0.0798938705,250
1941443308.0,SRGA,2020-09-29,125000.0,151908.0,0.8228664718118861,Market Model,2020-09-29,0.0,0,1,11.931030353424829,-0.102325581,-0.051270105,-0.072441695,250
2007202053.0,OMCL,2020-10-01,225000.0,3156176.84,0.0712887811444684,Market Model,2020-10-01,0.0,0,0,14.96487199233122,0.173266598,0.1963049314,0.2062820659,250
1941444946.0,CAT,2020-10-05,405000.0,81193559.58,0.0049880803612379,Market Model,2020-10-05,0.0,0,1,18.212346486469023,0.1079994549,0.0794089493,0.0824106098,250
1941445605.0,AVLR,2020-10-05,377000.0,10916991.28,0.0345333242768698,Market Model,2020-10-05,0.0,0,1,16.20583096650785,0.2044129236,0.091655626,0.09702501,250
1941444825.0,BMY,2020-10-05,13100000.0,132351063.2,0.0989791822087909,Market Model,2020-10-05,0.0,1,0,18.700968519850303,0.0373875164,-0.008316914,-0.010985535,250
1941449316.0,ACA,2020-10-12,87000.0,2260861.8,0.0384809013978651,Market Model,2020-10-12,0.0,0,0,14.631256625995269,0.0794209247,0.0148686046,0.014042599,250
1941447852.0,TWLO,2020-10-12,3200000.0,42077682.24,0.076049816188735,Market Model,2020-10-12,1.0,0,1,17.55502804502887,0.4686956909,0.3031361669,0.3665632662,250
1941448516.0,COLD,2020-10-13,1740000.0,7967767.99,0.2183798526995011,Market Model,2020-10-13,0.3185632183908046,0,1,15.89091496010176,0.0045522762,-0.029691985,-0.031346715,250
1941450311.0,FCNCA,2020-10-16,2156590.0,3113102.52,0.6927462189712917,Market Model,2020-10-16,1.0,1,1,14.951130381743662,0.4010766381,0.3230013712,0.3731884298,250
1941449305.0,COP,2020-10-19,9700000.0,36220553.82,0.2678037461327807,Market Model,2020-10-19,1.0,1,1,17.40513730074991,-0.143962351,-0.153860201,-0.150799188,250
1941712183.0,SWI,2020-10-23,142000.0,6763135.25,0.020996179249853,Market Model,2020-10-23,0.0,0,1,15.726997134878475,0.0668407311,0.0595693039,0.0604100442,250
2007079277.0,RPAY,2020-10-27,93000.0,1634313.12,0.0569046401585517,Market Model,2020-10-27,0.0,0,1,14.30673316395078,0.0277547639,-0.062775847,-0.073506042,250
1941447255.0,AMD,2020-10-27,35000000.0,98899007.76,0.3538963715888346,Market Model,2020-10-27,1.0,1,1,18.40960976378225,-0.036487167,-0.099279944,-0.105981644,250
1941455410.0,AIZ,2020-10-28,325000.0,7198917.12,0.0451456787989802,Market Model,2020-10-28,0.0,0,0,15.789441172675067,0.0439505763,0.0145313735,0.0141168229,250
1941586449.0,APEI,2020-10-28,329000.0,430645.72,0.7639690462963384,Market Model,2020-10-28,0.0,0,1,12.973041035702822,0.032122905,0.0046080029,-0.003392776,250
1941456027.0,MRVL,2020-10-29,8196032.0,26485772.01,0.3094503719546289,Market Model,2020-10-29,0.5818237410493273,1,1,17.09211824148818,0.0463027089,-0.036441255,-0.044941938,250
1941456747.0,OCSL,2020-10-29,259064.0,641372.55,0.4039212467075492,Market Model,2020-10-29,1.0,0,1,13.371365768318826,0.0165289256,-0.020154161,-0.021891792,250
1941457270.0,COUP,2020-11-02,1500000.0,18661634.7,0.0803788105443946,Market Model,2020-11-02,0.4289826666666667,0,1,16.741980354048028,0.0287114089,-0.092958358,-0.121527251,250
1941458835.0,KBAL,2020-11-04,180000.0,404991.84,0.4444533993573796,Market Model,2020-11-04,0.0,0,0,12.911622197737552,-0.021543986,-0.04551953,-0.05398691,250
1941460321.0,VFC,2020-11-09,2400000.0,27304180.04,0.0878986293118509,Market Model,2020-11-09,0.0,0,0,17.122550363452596,0.0601726582,0.0509786064,0.0430548125,250
1941460356.0,CASY,2020-11-09,580000.0,6544689.84,0.0886214647568386,Market Model,2020-11-09,0.0,0,1,15.694164567356802,0.0461149892,0.0193920309,0.015774478,250
1941460745.0,ADBE,2020-11-09,1500000.0,237283408.97,0.0063215544926263,Market Model,2020-11-09,0.0,0,1,19.284765803116844,-0.082065477,-0.158736328,-0.164420926,250
1941461901.0,PANW,2020-11-11,800000.0,23049904.8,0.034707301697836,Market Model,2020-11-11,0.0,0,1,16.95317219724656,0.1044588489,0.0810400657,0.0764348003,250
1941463044.0,PNC,2020-11-16,11600000.0,52058720.0,0.2228253018898659,Market Model,2020-11-16,0.0,0,1,17.767882870213445,0.1988697524,0.1726691369,0.1801246309,250
1941463747.0,HD,2020-11-16,8000000.0,298361309.52,0.0268131280589641,Market Model,2020-11-16,0.0,1,0,19.5138157581018,-0.056525064,-0.113198091,-0.113989003,250
1941466216.0,KMPR,2020-11-23,370000.0,4822081.11,0.076730355952059,Market Model,2020-11-23,0.0,0,1,15.38871615840302,0.1347974208,0.0627543437,0.064603118,250
1941466788.0,MKC,2020-11-24,800000.0,22755684.0,0.0351560515605683,Market Model,2020-11-24,0.0,0,1,16.94032551830873,-0.05781717,-0.129168463,-0.133152886,250
1941466788.0,MKC,2020-11-24,800000.0,22755684.0,0.0351560515605683,Market Model,2020-11-24,0.0,0,1,16.94032551830873,-0.05151671,-0.117062771,-0.122370864,250
1941467257.0,FSK,2020-11-24,3642214.0,2145929.04,1.6972667465276483,Market Model,2020-11-24,1.0,1,1,14.579083135456465,0.2183984116,0.1168214281,0.1291154568,250
2007239147.0,KALU,2020-11-30,670000.0,1264169.4,0.5299922621129732,Market Model,2020-11-30,0.0,0,1,14.04992586369654,0.472758406,0.2926473194,0.3432847324,250
1941470409.0,HSTM,2020-11-30,67500.0,603465.9,0.1118538760847961,Market Model,2020-11-30,0.0,0,1,13.310444814195076,0.0828789531,0.0245601895,0.021698346,250
1941468836.0,PPG,2020-11-30,1150000.0,34906227.12,0.0329454110307181,Market Model,2020-11-30,0.0,0,1,17.368175798763524,0.1354530296,0.0115171443,0.0100623884,250
1941469972.0,CSX,2020-11-30,700000.0,69816309.75,0.0100263105069084,Market Model,2020-11-30,0.0,0,1,18.061378204477524,0.1849675415,0.0261624267,0.0289774265,250
1941244830.0,AHCO,2020-12-01,2026000.0,1907516.52,1.0621139994111295,Market Model,2020-12-01,0.4570582428430405,0,0,14.461312702653704,0.3706959707,0.1854468321,0.2065810537,250
1941467539.0,CRM,2020-12-01,27700000.0,223678000.0,0.1238387324636307,Market Model,2020-12-01,0.0,1,1,19.225718075624968,-0.018986524,-0.17382561,-0.197351286,250
1941615106.0,ZBH,2020-12-01,250000.0,30909295.36,0.0080881817941255,Market Model,2020-12-01,0.0,0,1,17.24656751734247,0.1095382286,-0.015751837,-0.028084227,250
1941469353.0,CHD,2020-12-01,530000.0,21806456.5,0.024304728280819,Market Model,2020-12-01,0.0,0,1,16.897716653634493,-0.012001318,-0.096602641,-0.103539842,250
1941708593.0,HUN,2020-12-07,250000.0,5623546.77,0.0444559297228001,Market Model,2020-12-07,0.0,0,1,15.542473120676132,0.0206237425,-0.042644982,-0.050416775,250
1941472391.0,JNPR,2020-12-07,180000.0,7247597.28,0.0248358170364565,Market Model,2020-12-07,0.0,0,0,15.796180562247368,0.0864382231,0.0468794138,0.0475977297,250
1941709559.0,IR,2020-12-07,184000.0,18873874.64,0.0097489256185925,Market Model,2020-12-07,0.0,0,1,16.753289229600064,0.1020100503,0.0308435425,0.0294902324,250
1941548462.0,MRCY,2020-12-07,310000.0,4154936.76,0.0746100405147923,Market Model,2020-12-07,0.0,0,0,15.23980776593925,0.1140472879,0.0705367166,0.0723843197,250
1941473365.0,APH,2020-12-09,1700000.0,39859412.2,0.0426499013951841,Market Model,2020-12-09,0.0,1,1,17.500869126027045,0.0786351374,0.0042184579,0.0030603887,250
1941515128.0,AYTU,2020-12-10,59900.0,87376.19,0.685541450136473,Market Model,2020-12-10,0.7495826377295493,1,0,11.377978098899732,-0.38019802,-0.840494944,-0.941549952,250
1941728742.0,PTC,2020-12-12,715000.0,13180585.74,0.0542464511140913,Market Model,2020-12-14,0.0,0,1,16.394255527629287,0.2689057879,0.152042147,0.1770193128,250
1941697217.0,PRIM,2020-12-14,620000.0,1309654.08,0.4734074512255938,Market Model,2020-12-14,0.0,0,1,14.08527359923837,0.2339945897,0.1194004564,0.1339424927,250
1941475415.0,GDDY,2020-12-15,365000.0,14204678.4,0.0256957595041363,Market Model,2020-12-15,0.0,0,0,16.469081933098614,0.157394844,0.0740192547,0.0791022618,250
1941520088.0,CERN,2020-12-16,375000.0,23104622.4,0.0162305184437898,Market Model,2020-12-16,0.0,0,1,16.95554325937001,0.032288068,0.0049323707,0.0034231461,250
1941476366.0,IART,2020-12-16,400000.0,5023513.53,0.0796255444742476,Market Model,2020-12-16,0.0,0,1,15.429640153222175,0.1729013782,0.1700931066,0.178505734,250
1941616459.0,SPSC,2020-12-17,100000.0,3424619.91,0.0292003208029004,Market Model,2020-12-17,0.0,0,1,15.04650104833778,0.177877429,0.0838218061,0.0891762167,250
1941700453.0,MODN,2020-12-17,60000.0,1246243.59,0.0481446809287099,Market Model,2020-12-17,0.0,0,0,14.035644456814667,0.1698966408,0.0845126243,0.0871507974,250
1941477171.0,VSAT,2020-12-21,222000.0,2121211.53,0.1046571720265918,Market Model,2020-12-21,0.0,1,1,14.567497959832828,-0.040583024,-0.021870639,-0.028356202,250
1941194409.0,FANG,2020-12-21,2150000.0,7241482.32,0.296900538452188,Market Model,2020-12-21,0.2582190697674418,1,1,15.79533648373695,0.19168357,0.2168411232,0.2033058608,250
1941479520.0,CENT,2020-12-31,532000.0,429294.32,1.2392430442592393,Market Model,2020-12-31,0.0,0,0,12.96989802328422,0.0148735746,-0.047134692,-0.053441949,250
1941480480.0,XRAY,2020-12-31,1040000.0,11246840.3,0.0924704158909413,Market Model,2020-12-31,0.0,0,1,16.2355977849433,0.15180261,0.1165188547,0.1213795781,250
1941479578.0,TDY,2021-01-04,8200000.0,14457006.36,0.5671990311001012,Market Model,2021-01-04,0.4878048780487805,1,1,16.48668972421578,-0.035327355,-0.078582015,-0.084793715,250
1941481635.0,AVY,2021-01-04,87600.0,12938965.98,0.0067702473393472,Market Model,2021-01-04,0.0,0,1,16.375753935034258,0.069610183,0.0131733178,0.0108032606,250
1941479913.0,CNC,2021-01-04,2200000.0,34805273.94,0.0632088115092134,Market Model,2021-01-04,0.0,1,0,17.36527948326216,0.0758145363,0.011072277,0.0022864675,250
2007041228.0,UNH,2021-01-06,13000000.0,327153480.8,0.0397367008543226,Market Model,2021-01-06,0.0,1,0,19.60593997899111,0.0147189117,-0.060186392,-0.064137819,250
1941691997.0,CMRX,2021-01-07,78000.0,299004.16,0.2608659357782848,Market Model,2021-01-07,0.5,0,1,12.608212765319516,0.7841409692,0.6888832096,0.7057723092,250
1941442184.0,DVN,2021-01-07,2550261.0,7007656.48,0.363924945133726,Market Model,2021-01-07,1.0,0,1,15.76251389213209,0.2799140343,0.2752778181,0.2915996076,250
1941482591.0,FFIV,2021-01-07,500000.0,11006599.72,0.0454272902367344,Market Model,2021-01-07,0.0,0,0,16.21400562539533,0.1474758261,0.1288177589,0.1364529649,250
1941484751.0,AVAV,2021-01-13,405000.0,2306029.68,0.1756265340002041,Market Model,2021-01-13,0.1234567901234567,0,1,14.651037850500211,0.5356376639,0.4159766607,0.4693862796,250
1941701553.0,CADE,2021-01-13,108400.0,2571231.39,0.0421587883617117,Market Model,2021-01-13,0.8339483394833949,0,1,14.759895482198267,0.3714479026,0.2765447932,0.3206299193,250
2007134769.0,CTLT,2021-01-13,80000.0,19053911.62,0.0041986129460172,Market Model,2021-01-13,0.0,0,0,16.76278297284197,0.2420455739,0.104153436,0.1195736692,250
1941486762.0,TMO,2021-01-19,550000.0,199411991.9,0.0027581089520223,Market Model,2021-01-19,0.0,0,0,19.11088355360344,0.1093077612,0.0308840856,0.0315706155,250
2007308102.0,CTXS,2021-01-19,2250000.0,16172772.0,0.1391227181091775,Market Model,2021-01-19,0.0,0,1,16.59883964543252,0.0759591584,0.022330161,0.0181711165,250
1941519868.0,MGPI,2021-01-25,475000.0,898747.08,0.5285135390926666,Market Model,2021-01-25,0.5,0,0,13.708756939055233,0.265537934,0.237275071,0.2585728779,250
1941544125.0,SYBT,2021-01-27,189431.0,969402.24,0.1954101116993499,Market Model,2021-01-27,0.8517930011455358,0,1,13.784434913098398,0.1311924322,0.0952078202,0.0969747415,250
1941491709.0,WOR,2021-01-29,115000.0,2842913.06,0.0404514656526288,Market Model,2021-01-29,0.0,0,1,14.860339809792702,0.1453709258,0.0334694171,0.0325677781,250
1941515885.0,NMRK,2021-01-31,70000.0,1147368.04,0.0610091945736958,Market Model,2021-02-01,0.0,0,1,13.95298121648273,0.1505524862,0.0826113492,0.0773679134,250
1941491823.0,GTN,2021-02-01,925000.0,1519376.65,0.6088023006013684,Market Model,2021-02-01,0.0,0,1,14.233810710024786,0.0,-0.034834187,-0.050475487,250
1941491823.0,GTN,2021-02-01,925000.0,1519376.65,0.6088023006013684,Market Model,2021-02-01,0.0,0,1,14.233810710024786,0.0150501672,-0.05135907,-0.056311479,250
1941493875.0,TMUS,2021-02-02,1940000.0,159472726.52,0.0121650895569073,Market Model,2021-02-02,0.0,0,1,18.887383471963084,-0.077122729,-0.14851446,-0.153672307,250
1941711303.0,TW,2021-02-02,190000.0,6558037.5,0.0289720819681192,Market Model,2021-02-02,0.0,0,0,15.696201954577152,0.0839071257,0.0103360849,0.0061922741,250
1941493686.0,NOG,2021-02-03,295500.0,502068.45,0.5885651647698635,Market Model,2021-02-03,0.1539763113367174,0,1,13.1264917439601,0.454954955,0.4210866002,0.4800156535,250
1941494510.0,CORR,2021-02-04,350000.0,126963.6,2.756695619846948,Market Model,2021-02-04,0.3411428571428571,0,0,11.751655710185808,0.1971223022,0.2626100117,0.2475572644,250
1941493828.0,MGNI,2021-02-05,1700000.0,5026139.3,0.3382317716502604,Market Model,2021-02-05,0.2947941176470588,0,1,15.430162712579031,1.2592456975,0.7800229303,1.1368276477,250
1941495757.0,RAMP,2021-02-08,68000.0,5438329.13,0.0125038404948469,Market Model,2021-02-08,0.0,0,1,15.508982426432784,-0.120689655,-0.204314029,-0.209773929,250
1941495952.0,CNO,2021-02-09,50000.0,3271706.9,0.0152825425773928,Market Model,2021-02-09,0.0,0,1,15.000822394452795,0.0092511013,-0.05474161,-0.059671012,250
1941512008.0,TYL,2021-02-10,2300000.0,17063160.24,0.1347933189192156,Market Model,2021-02-10,0.0,1,1,16.65243232554542,0.0962178517,0.0384002619,0.038061493,250
1941496928.0,ZG,2021-02-10,500000.0,10568616.95,0.0473098800311804,Market Model,2021-02-10,0.0,0,1,16.173399502549195,0.2537683393,0.0932277461,0.0827752216,250
1941492489.0,HRL,2021-02-11,3350000.0,26904113.94,0.1245162731421289,Market Model,2021-02-11,0.0,0,1,17.10778976745126,0.0687542546,0.0409649981,0.0368788312,250
1941513361.0,GTLS,2021-02-16,55000.0,5576545.72,0.0098627363177074,Market Model,2021-02-16,0.0,0,1,15.534080096074057,-0.001531282,-0.078610139,-0.102139162,250
1941544285.0,PGR,2021-02-16,338000.0,50485204.0,0.0066950308846924,Market Model,2021-02-16,0.0,0,1,17.737190861216593,-0.039593365,-0.08533399,-0.088375217,250
1941499068.0,ET,2021-02-17,7200000.0,18776103.36,0.3834661464070679,Market Model,2021-02-17,1.0,1,1,16.748095521397715,0.1846320732,0.2019068959,0.2085997592,250
1941499396.0,CRL,2021-02-17,875000.0,14263307.82,0.0613462186361199,Market Model,2021-02-17,0.0,0,1,16.473200910987604,0.0529738419,-0.046927885,-0.055558772,250
1941512131.0,FSS,2021-02-18,52500.0,2150987.42,0.0244073951859746,Market Model,2021-02-18,0.0,0,1,14.58143755979018,0.0258136925,0.0438257129,0.0409752363,250
1941500908.0,KLR,2021-02-19,215000.0,489157.68,0.439531073088743,Market Model,2021-02-19,0.0930232558139534,0,0,13.100440170467625,0.6287944493,0.538788579,0.6477361779,250
1941500107.0,RDFN,2021-02-19,608000.0,8906677.8,0.0682633877246575,Market Model,2021-02-19,0.0,0,0,16.00231186796383,-0.026478149,-0.055555328,-0.099922714,250
1941500980.0,MTB,2021-02-22,7518439.0,19246100.01,0.3906474036866443,Market Model,2021-02-22,1.0,1,1,16.77281900128943,0.0750396264,0.1174516867,0.1153295865,250
1941501566.0,GT,2021-02-22,2500000.0,3241703.5,0.7711994634919572,Market Model,2021-02-22,0.254262,1,1,14.991609521203989,0.4982728843,0.4767596,0.5429521207,250
1941502525.0,BEAM,2021-02-23,440000.0,6321414.14,0.069604678677167,Market Model,2021-02-23,1.0,0,1,15.65945349742244,-0.07245503,-0.16206098,-0.208474884,192
1941503713.0,LDOS,2021-02-23,380000.0,14772919.8,0.0257227416884778,Market Model,2021-02-23,0.0,0,1,16.508306319466158,-0.196430165,-0.212394264,-0.198038101,250
1941502744.0,ADSK,2021-02-24,1000000.0,63738900.0,0.0156890062426555,Market Model,2021-02-24,0.0,0,0,17.970305609195513,-0.082890614,-0.097947501,-0.100871341,250
1941502836.0,HPQ,2021-02-24,425000.0,35310233.68,0.0120361706991682,Market Model,2021-02-24,0.0,0,1,17.379683385837925,0.1918465228,0.1962987382,0.2109632208,250
1941549088.0,APPS,2021-02-26,400000.0,6471785.32,0.0618067473227001,Market Model,2021-02-26,0.0,0,1,15.682962566589344,0.275862069,0.1200506556,0.0599925109,250
1941720222.0,DNOW,2021-02-27,90000.0,1168789.76,0.0770027280184248,Market Model,2021-03-01,0.0,0,0,13.97147937825773,0.4344059406,0.4545224821,0.5057374065,250
1941505790.0,MMS,2021-03-01,430000.0,4994899.84,0.0860878123233798,Market Model,2021-03-01,0.0,0,0,15.423927917811694,0.1147998544,0.1239875605,0.1268472876,250
1941721410.0,AMK,2021-03-01,145000.0,1712206.17,0.084686063244358,Market Model,2021-03-01,0.1724137931034483,0,1,14.353293254835016,0.0198061525,0.0351097451,0.0304696857,250
1941505578.0,A,2021-03-02,695000.0,37966400.0,0.0183056597412448,Market Model,2021-03-02,0.0,0,0,17.45221211601963,-0.00274611,-0.054714467,-0.058651017,250
2007033683.0,ABBV,2021-03-02,655000.0,191439267.62,0.0034214506153468,Market Model,2021-03-02,0.0,0,1,19.0700811759198,0.0420569867,0.0098034507,0.008995293,250
1941610228.0,SHBI,2021-03-03,146000.0,184286.12,0.7922463178453157,Market Model,2021-03-03,0.8592945205479452,1,1,12.124244828830506,0.3196923638,0.2562761695,0.2925461386,250
1941507117.0,TECH,2021-03-03,320000.0,14566696.56,0.0219679183047388,Market Model,2021-03-03,0.0,0,0,16.494248423569516,0.0705286462,0.0335284822,0.0226737729,250
1941511053.0,AMGN,2021-03-04,1900000.0,129340130.04,0.0146899496653699,Market Model,2021-03-04,0.0,1,0,18.67795615939431,-0.031556318,-0.045337669,-0.04505393,250
1941722311.0,DGX,2021-03-08,225000.0,15742351.8,0.0142926547988846,Market Model,2021-03-08,0.0,0,1,16.571865205294053,0.0112304287,-0.013539104,-0.016318137,250
1941683839.0,HQY,2021-03-08,67228.0,6533995.8,0.0102889567207863,Market Model,2021-03-08,0.0,0,0,15.692529228351392,-0.029525653,-0.057587773,-0.062773208,250
1941509002.0,DBX,2021-03-09,165000.0,7871212.8,0.0209624620998685,Market Model,2021-03-09,0.0,0,1,15.878722712713891,0.1171497585,0.1126586441,0.1114057605,250
1941632594.0,WSFS,2021-03-10,976400.0,2561880.3,0.3811263156986686,Market Model,2021-03-10,1.0,1,1,14.756252039035866,0.0868937418,0.107175365,0.0965570023,250
1941513472.0,HST,2021-03-15,161000.0,12153438.95,0.0132472792813922,Market Model,2021-03-15,0.0,0,1,16.313122728854506,0.202739726,0.2266077126,0.2383422946,250
1941281248.0,DFNS,2021-03-15,863400.0,173190.0,4.985276286159709,Market Model,2021-03-15,1.0,0,0,12.062144536723087,-0.089334549,-0.089101162,-0.086952459,181
1941514438.0,AME,2021-03-22,1350000.0,27842908.64,0.0484863136052009,Market Model,2021-03-22,0.0,0,0,17.142088864984643,0.0625593558,0.0719896162,0.0732181995,250
1941514331.0,SNX,2021-03-22,7200000.0,5324810.4,1.3521608205993587,Market Model,2021-03-22,0.6306666666666667,0,1,15.487887663292064,0.278588395,0.2295621364,0.2550938461,250
1941603806.0,BANC,2021-03-22,226000.0,1025301.65,0.2204229360208286,Market Model,2021-03-22,0.9898230088495577,1,1,13.840497419941975,-0.048665991,-0.023165329,-0.026741177,250
2007079980.0,SBCF,2021-03-23,102200.0,2040382.5,0.0500886475942623,Market Model,2021-03-23,0.0,0,1,14.528647848244471,0.0194444444,0.0387735387,0.0357896569,250
1941516397.0,MTD,2021-03-24,205000.0,26139947.68,0.0078424028429424,Market Model,2021-03-24,0.0,0,1,17.078975264628124,0.0407308683,0.0052962494,0.0031189144,250
1941497575.0,COHR,2021-03-25,7017237.0,6302904.96,1.1133337793498952,Market Model,2021-03-25,0.2132527375090794,1,1,15.656521189847531,0.0445656566,0.0571680472,0.057957565,250
1941517605.0,PEBO,2021-03-29,292300.0,664468.64,0.4399003691129802,Market Model,2021-03-29,1.0,1,1,13.406742962643314,0.079640334,0.0469914351,0.0448850706,250
1941520108.0,GHC,2021-04-05,323000.0,2318659.98,0.1393045995471919,Market Model,2021-04-05,0.0,1,1,14.656499981942757,0.1017624954,0.0592521667,0.0603198536,250
1941520262.0,KELYA,2021-04-05,215000.0,858240.0,0.2505126771066368,Market Model,2021-04-05,0.0,0,0,13.662639059635396,0.0568807339,-0.021347726,-0.030383311,250
1941520421.0,BCO,2021-04-06,213000.0,3992179.38,0.0533543159576161,Market Model,2021-04-06,0.0,0,1,15.19984785027369,-0.011511512,-0.065231171,-0.069096878,250
1941522107.0,APPH,2021-04-08,60000.0,1791048.25,0.0334999350240843,Market Model,2021-04-08,0.8333333333333334,0,0,14.398311620936806,-0.169317599,-0.240415909,-0.260837907,135
1941521128.0,PAR,2021-04-08,500000.0,1368796.48,0.3652843993286715,Market Model,2021-04-08,0.22,0,1,14.129442429961257,0.112565445,-0.021326232,-0.077879074,250
1941523164.0,CDLX,2021-04-13,650000.0,3567771.0,0.182186580921253,Market Model,2021-04-13,0.0,0,1,15.08745158900796,-0.105781617,-0.237120817,-0.266748681,250
1941564024.0,CSGP,2021-04-14,156000.0,35730931.75,0.0043659650717056,Market Model,2021-04-14,0.0,0,0,17.39152730718547,0.0852051655,0.0270544372,0.0255783779,250
1941541685.0,URI,2021-04-15,996000.0,23511589.8,0.0423620864634172,Market Model,2021-04-15,0.0,1,1,16.973004040518358,-0.015467192,-0.0764356,-0.081702339,250
1941524572.0,KIM,2021-04-15,3872971.0,8443430.68,0.4586963696135893,Market Model,2021-04-15,0.904677055418179,1,1,15.94889926265505,0.0486910995,0.0402539736,0.0394827402,250
1941525982.0,WBS,2021-04-19,5115048.0,5187911.73,0.9859550944981093,Market Model,2021-04-19,1.0,1,1,15.461841810010045,-0.115226337,-0.184234793,-0.188219399,250
1941575368.0,BMRC,2021-04-19,134500.0,520552.62,0.2583792585656374,Market Model,2021-04-19,1.0,1,1,13.16264625702826,-0.103128911,-0.144909414,-0.145171079,250
1941527431.0,DLX,2021-04-21,960000.0,1779507.86,0.539474998441423,Market Model,2021-04-21,0.0,0,0,14.391847400893688,0.0790766208,0.0541574191,0.0521810045,250
1941581390.0,CBAN,2021-04-22,84000.0,142485.0,0.5895357406042742,Market Model,2021-04-22,0.725,0,1,11.866992009992392,0.0064474533,-0.056174109,-0.058728303,250
1941529367.0,SWKS,2021-04-22,2750000.0,30810962.0,0.0892539479942236,Market Model,2021-04-22,0.0,0,0,17.243381093714095,0.1281788117,0.0234854537,0.0210847086,250
1941566558.0,EFSC,2021-04-26,395153.0,1581392.81,0.249876562926829,Market Model,2021-04-26,1.0,1,1,14.273816542004353,0.0173859685,-0.028541446,-0.033189329,250
1941596324.0,FHI,2021-04-26,562000.0,2989762.86,0.1879747746950071,Market Model,2021-04-26,0.0,0,1,14.910704631184792,-0.019792016,-0.094394373,-0.099428702,250
1941544394.0,EHC,2021-04-26,95000.0,8798938.24,0.0107967572232897,Market Model,2021-04-26,0.0,0,1,15.990141617623635,0.0266410246,-0.027477603,-0.030416757,250
1941530880.0,IBM,2021-04-29,2000000.0,127783942.0,0.0156514188613777,Market Model,2021-04-29,0.0,0,0,18.66585144256089,0.101692399,0.0690780292,0.0709217128,250
1941531743.0,COO,2021-05-03,60000.0,20195654.39,0.0029709361648468,Market Model,2021-05-03,0.0,0,1,16.820978010019903,0.0423616696,0.0267803462,0.0268162496,250
1941530854.0,HZO,2021-05-03,63000.0,1258347.2,0.0500656734484727,Market Model,2021-05-03,0.0,0,0,14.045309671803984,0.3325315695,0.201516526,0.2254672875,250
1941531832.0,RCM,2021-05-04,300000.0,7107373.13,0.0422096876740169,Market Model,2021-05-04,0.0,0,0,15.776643272189691,-0.017749092,-0.075447066,-0.087538063,250
1941533431.0,MTZ,2021-05-05,420000.0,7948057.2,0.0528431023370088,Market Model,2021-05-05,0.0,0,1,15.888438079407011,0.1657935285,0.1576090554,0.1671869327,250
1941532597.0,ZNGA,2021-05-05,250000.0,11094494.97,0.0225336980796341,Market Model,2021-05-05,0.0,0,0,16.221959594610706,-0.056925996,-0.095933571,-0.102106241,250
2007264433.0,EQT,2021-05-06,2925000.0,5627273.72,0.5197898921469205,Market Model,2021-05-06,0.6581196581196581,0,1,15.543135641270007,0.1151716501,0.0191635392,0.0035940009,250
1941533707.0,BILL,2021-05-06,2375000.0,11467642.34,0.2071044709613781,Market Model,2021-05-06,0.7894736842105263,0,1,16.255039917846453,-0.116260646,-0.190273908,-0.220447187,250
1941535822.0,GMS,2021-05-11,135000.0,1978674.46,0.0682274940770196,Market Model,2021-05-11,0.0,0,1,14.497937713832732,0.0535217794,0.0723236014,0.0706638183,250
1941710717.0,MGRC,2021-05-13,260000.0,1962868.9,0.1324591774825104,Market Model,2021-05-13,0.0,0,1,14.489917685495996,0.0366485686,0.0626596066,0.0619803306,250
1941537851.0,GIS,2021-05-14,1200000.0,39025944.58,0.0307487752805085,Market Model,2021-05-14,0.0,0,1,17.479737228557152,0.0426094137,0.0404677895,0.0400289544,250
1941538421.0,FELE,2021-05-17,150000.0,4042743.42,0.0371035171952614,Market Model,2021-05-17,0.0,0,1,15.212434083833896,0.0112725534,0.0170541852,0.0140469389,250
1941538703.0,PFGC,2021-05-18,2500000.0,6920173.26,0.3612626311613475,Market Model,2021-05-18,0.0,1,1,15.749951364852672,-0.124161074,-0.136701574,-0.133488931,250
1941539040.0,GBCI,2021-05-18,925388.0,5874512.55,0.1575259210230132,Market Model,2021-05-18,1.0,0,1,15.586133644339512,-0.052447552,-0.047903776,-0.051014149,250
1941546984.0,HSY,2021-05-18,425000.0,25249603.67,0.0168319473665623,Market Model,2021-05-18,0.0,0,1,17.044321017324833,0.0903936596,0.1068078688,0.1097770375,250
1941540226.0,MLM,2021-05-24,2300000.0,22607994.4,0.1017339247040861,Market Model,2021-05-24,0.0,0,0,16.933814136206486,0.0383104233,0.0336531388,0.0321966726,250
1941541011.0,ORA,2021-05-24,377000.0,3767655.9,0.1000622164035733,Market Model,2021-05-24,0.0,0,1,15.141963588852263,-0.09404923,-0.125048433,-0.125952798,250
1941477351.0,AMZN,2021-05-26,8450000.0,1643617132.2,0.0051410999766652,Market Model,2021-05-26,0.0,0,0,21.220165218501585,-0.067424936,-0.093680687,-0.09345833,250
2007152240.0,VTNR,2021-05-26,75000.0,90289.79,0.8306587045999332,Market Model,2021-05-26,0.0,0,0,11.410779665459856,5.475862069,2.5697358048,5.3940671199,250
1941544263.0,ONB,2021-06-01,6500000.0,3156127.8,2.0594856773543837,Market Model,2021-06-01,1.0,1,1,14.964856454424607,0.0174758711,0.0228665487,0.0203966768,250
1941550376.0,FBNC,2021-06-01,314300.0,1264056.93,0.2486438644816416,Market Model,2021-06-01,1.0,1,1,14.049836892231651,-0.018396226,-0.022583356,-0.027760729,250
1941544266.0,GHM,2021-06-01,84100.0,146738.41,0.5731287397757683,Market Model,2021-06-01,0.1070154577883472,0,1,11.896406756717935,0.053245806,0.0673347855,0.0626792682,250
2007251527.0,SRNE,2021-06-01,488000.0,2155615.52,0.2263854548607072,Market Model,2021-06-01,0.0778688524590164,0,0,14.58358686486711,0.0558930741,-0.233710848,-0.305482718,250
1941544755.0,KMI,2021-06-01,1225000.0,41532452.22,0.0294950077474621,Market Model,2021-06-01,0.0,0,1,17.541985660817744,0.1026392962,0.1372770062,0.1408711655,250
1941546003.0,CDK,2021-06-02,360000.0,6398005.96,0.0562675312043629,Market Model,2021-06-02,0.0,0,1,15.671496931032271,-0.023268597,-0.012597207,-0.013381295,250
1941544869.0,UBSI,2021-06-03,303300.0,5315880.45,0.0570554591760994,Market Model,2021-06-03,1.0,1,1,15.48620920984908,-0.061523195,-0.082355081,-0.084183099,250
1941545624.0,FFWM,2021-06-03,295000.0,1124923.84,0.2622399752857935,Market Model,2021-06-03,1.0,0,1,13.93322589355128,0.0250078456,-0.01619412,-0.017878574,250
1941545327.0,SAIC,2021-06-03,250000.0,5309289.12,0.0470872831276515,Market Model,2021-06-03,0.0,0,1,15.484968508549755,0.0338553154,0.0313436775,0.0314801683,250
1941551947.0,VMC,2021-06-07,1294000.0,23826634.0,0.0543089720520321,Market Model,2021-06-07,0.0,0,0,16.98631458857358,-0.100086403,-0.139876894,-0.136512475,250
1941546550.0,ONEM,2021-06-07,2100000.0,4891631.96,0.429304579161348,Market Model,2021-06-07,1.0,0,0,15.403036539925528,-0.159146641,-0.254717411,-0.263725844,250
1941549087.0,RF,2021-06-08,1000000.0,21638525.35,0.0462138701147673,Market Model,2021-06-08,0.0,0,1,16.889985864981046,-0.063175233,-0.094326827,-0.094162949,250
1941739185.0,MPW,2021-06-14,760000.0,12799232.0,0.0593785627137628,Market Model,2021-06-14,0.0,0,0,16.364895727089774,-0.007212062,-0.017687471,-0.019586386,250
1941550984.0,ELAN,2021-06-16,444000.0,16464990.76,0.0269663072680643,Market Model,2021-06-16,0.0,1,1,16.61674691260204,0.0022850614,-0.019353508,-0.021957625,250
1941551550.0,DHR,2021-06-17,9600000.0,174567902.46,0.0549929274781755,Market Model,2021-06-17,0.0,0,0,18.9778243497622,0.0705397511,0.0244311796,0.0224144738,250
1941552114.0,BRC,2021-06-17,173000.0,2833316.36,0.0610591893098729,Market Model,2021-06-17,0.0,0,0,14.856958442186256,0.0383427222,0.0054613824,0.0024761853,250
1941554587.0,COLB,2021-06-23,266000.0,2849195.04,0.0933597020441254,Market Model,2021-06-23,0.9984962406015038,1,1,14.862547070245286,-0.100326645,-0.148666469,-0.149287112,250
1941553717.0,FMNB,2021-06-23,124000.0,477555.96,0.2596554338888368,Market Model,2021-06-23,0.0,1,1,13.076436625753551,-0.110463103,-0.134754527,-0.132160974,250
1941555010.0,ROK,2021-06-25,2220000.0,33141144.27,0.0669862205696255,Market Model,2021-06-25,0.0,0,0,17.316286097731115,0.0948907911,0.0368967989,0.0377099993,250
1941555636.0,DORM,2021-06-27,338000.0,3194302.72,0.1058133901598405,Market Model,2021-06-28,0.0,0,0,14.976879380974175,0.0123938714,-0.02079152,-0.02342307,250
1941566326.0,FAT,2021-06-28,442500.0,166393.44,2.6593596478322703,Market Model,2021-06-28,0.2090395480225988,0,0,12.022110383515212,0.3041683121,0.0723854219,0.0693798049,250
1941555693.0,VTR,2021-06-28,2300000.0,21874471.71,0.1051453964462394,Market Model,2021-06-28,0.3478260869565217,1,1,16.900830839516328,0.0552138492,-0.043295499,-0.048331945,250
1941555773.0,BLDR,2021-06-29,450000.0,9370742.16,0.0480218100462599,Market Model,2021-06-29,0.0,0,0,16.053102857054498,-0.034351145,-0.142621352,-0.154200926,250
1941570796.0,CE,2021-06-30,1150000.0,16566061.64,0.0694190342273771,Market Model,2021-06-30,0.0,0,1,16.622866681007505,-0.111025352,-0.167269057,-0.164465405,250
1941557903.0,MPB,2021-06-30,124700.0,313322.82,0.3979920773086365,Market Model,2021-06-30,1.0,1,1,12.654989311823666,-0.047803163,-0.066783999,-0.069695375,250
2007186083.0,MSA,2021-07-01,337000.0,6485271.86,0.0519638971618993,Market Model,2021-07-01,0.0,0,1,15.685044296210984,-0.027759769,-0.066497206,-0.068155223,250
1941559334.0,KNX,2021-07-05,1350000.0,7532405.61,0.1792256112984335,Market Model,2021-07-06,0.0074074074074074,0,1,15.834725018875886,0.0576271186,0.0293860911,0.0272273094,250
1941559362.0,HII,2021-07-06,1650000.0,8527977.04,0.1934808210975202,Market Model,2021-07-06,0.0,0,0,15.958862733076446,-0.088143982,-0.083636853,-0.081543105,250
1941559274.0,PTEN,2021-07-06,295000.0,1916500.56,0.1539263834078921,Market Model,2021-07-06,0.8983050847457628,0,1,14.466011456002024,-0.114942529,-0.225806434,-0.238911318,250
2007095422.0,MCF,2021-07-08,67000.0,824391.1,0.0812721049511572,Market Model,2021-07-08,0.0,0,1,13.62240033220994,-0.244094488,-0.392532684,-0.384523942,250
1941565498.0,FTV,2021-07-12,1200000.0,23927017.68,0.0501525102730646,Market Model,2021-07-12,0.0,0,0,16.990518825289737,-0.029799915,-0.017803951,-0.01818881,250
1941561693.0,LBAI,2021-07-12,244400.0,876915.33,0.2787042165176882,Market Model,2021-07-12,1.0,1,1,13.684165721653638,-0.156097561,-0.167166746,-0.159169089,250
1941562764.0,FNB,2021-07-13,412461.0,3896497.0,0.1058543096530037,Market Model,2021-07-13,1.0,1,1,15.175588502343732,-0.128933231,-0.147236508,-0.146425973,250
1941563390.0,HMN,2021-07-14,185000.0,1549427.4,0.1193989469916435,Market Model,2021-07-14,0.0,0,1,14.25339600128845,0.0146555847,0.011535201,0.0086156474,250
1941564009.0,KRG,2021-07-19,2787229.0,1759822.55,1.583812527007339,Market Model,2021-07-19,1.0,1,1,14.380723538067633,-0.101352176,-0.189754591,-0.197163158,250
1941565199.0,PACB,2021-07-20,816000.0,5416509.91,0.1506505136256641,Market Model,2021-07-20,0.4901960784313725,0,0,15.504962237960845,0.0295025729,-0.24129924,-0.2991071,250
1941565499.0,NUE,2021-07-20,370000.0,26943749.68,0.0137323128515644,Market Model,2021-07-20,0.0,0,1,17.109261905600988,0.0621484557,-0.01476211,-0.020674985,250
1941584292.0,WGO,2021-07-20,320000.0,2140592.29,0.1494913354097898,Market Model,2021-07-20,0.125,0,1,14.576593119732037,0.0935550936,0.0012683618,-0.005931827,250
1941566391.0,VERI,2021-07-22,150000.0,614687.7,0.2440263567987451,Market Model,2021-07-22,0.378,0,1,13.328869612934044,-0.023223409,-0.266829831,-0.31552727,250
2007089610.0,MYFW,2021-07-22,51400.0,211547.7,0.2429712069665612,Market Model,2021-07-22,0.7762645914396887,0,1,12.262205783954863,-0.016044776,-0.079417784,-0.084560858,250
1941567043.0,SSB,2021-07-23,537401.0,5167519.86,0.1039959234912355,Market Model,2021-07-23,1.0,1,1,15.457903413781764,-0.174184261,-0.214392911,-0.204822804,250
1941567565.0,OSBC,2021-07-26,328643.0,337606.08,0.9734510705494402,Market Model,2021-07-26,0.6478245390895288,0,1,12.729635051020445,-0.12044231,-0.175990621,-0.172095356,250
2007157756.0,RICK,2021-07-26,57000.0,528300.0,0.1078932424758659,Market Model,2021-07-26,1.0,0,0,13.177419583152409,-0.064468212,-0.237975957,-0.269563825,250
1941574269.0,CVCO,2021-07-26,153000.0,1999427.3,0.0765219120495153,Market Model,2021-07-26,0.0,0,0,14.50837134751823,0.0777126766,0.0518048733,0.049292955,250
1941568900.0,CFG,2021-07-28,3500000.0,18877217.6,0.1854086801436245,Market Model,2021-07-28,0.9,1,1,16.753466334939823,-0.075958528,-0.127314173,-0.130176999,250
1941577094.0,GL,2021-08-01,59200.0,9595264.83,0.0061697098567731,Market Model,2021-08-02,0.0,0,1,16.076780287876808,-0.024622388,-0.030920794,-0.032529343,250
1941579241.0,ROAD,2021-08-02,113000.0,1225905.06,0.0921767954852882,Market Model,2021-08-02,0.0,0,1,14.019189953654305,0.0372019078,0.004310125,0.0013014065,250
2008217659.0,HGV,2021-08-02,1400000.0,3487574.51,0.4014251153590408,Market Model,2021-08-02,1.0,0,0,15.064717069758084,-0.02598923,-0.074788872,-0.07866468,250
1941584110.0,NEX,2021-08-04,268100.0,829778.95,0.3230980973908774,Market Model,2021-08-04,0.0,0,0,13.628914619000694,-0.191489362,-0.230450477,-0.226032963,250
1941653301.0,EVH,2021-08-04,130000.0,2006367.48,0.0647937136620655,Market Model,2021-08-04,0.0,0,0,14.511836421155412,0.1514572384,0.053280178,0.0552986269,250
1941571483.0,CLH,2021-08-04,1250000.0,5242605.2,0.2384310762137877,Market Model,2021-08-04,0.0,0,0,15.47232910831892,0.1307103825,0.1057678673,0.1120348336,250
2007107003.0,DRH,2021-08-04,108600.0,1770321.84,0.0613447778512408,Market Model,2021-08-04,0.0,0,0,14.386671918529323,-0.059134108,-0.091830813,-0.101882076,250
1941572090.0,VICI,2021-08-04,17200000.0,16250981.7,1.058397598220174,Market Model,2021-08-04,0.4127906976744186,1,0,16.603663877222964,-0.018440634,-0.065595594,-0.06881944,250
1941585949.0,LEVI,2021-08-05,400000.0,2507072.6,0.1595486305422507,Market Model,2021-08-05,0.0,0,0,14.734626335636166,0.0111333892,-0.048330958,-0.059337687,250
1941573194.0,MDT,2021-08-06,936221.0,172046590.08,0.0054416713493982,Market Model,2021-08-06,0.0,1,1,18.96327587065652,0.0070621469,-0.01296197,-0.014373974,250
1941574706.0,DKNG,2021-08-09,1560000.0,20806143.82,0.0749778533444742,Market Model,2021-08-09,1.0,0,0,16.850758877018194,0.0686494194,-0.034089615,-0.046250801,250
1941584767.0,VRNT,2021-08-10,50000.0,2785242.96,0.0179517552752381,Market Model,2021-08-10,0.0,0,1,14.839845666317617,-0.008837209,-0.028950448,-0.028925771,250
1941574421.0,EFX,2021-08-10,1825000.0,30854001.88,0.0591495394049026,Market Model,2021-08-10,0.0,0,0,17.24477702048615,0.0593326593,0.0324343278,0.0320432129,250
1941576344.0,H,2021-08-15,2769000.0,2968561.0,0.932775172886796,Market Model,2021-08-16,0.0,0,1,14.90358788158061,-0.053621078,-0.094973392,-0.099009818,250
1941588300.0,HPP,2021-08-17,222000.0,4009258.56,0.0553718341378312,Market Model,2021-08-17,0.0,0,1,15.204116884431444,-0.028560831,-0.064837739,-0.067088245,250
1941585497.0,KAI,2021-08-23,54000.0,2271140.48,0.0237766005562104,Market Model,2021-08-23,0.0,0,1,14.635792677386796,0.1821816748,0.1174910406,0.1237628272,250
1941580142.0,KAR,2021-08-23,450000.0,2095984.8,0.2146962134458226,Market Model,2021-08-23,0.0,0,0,14.555534072488378,0.0300429185,0.0103656227,0.0042631002,250
1941580144.0,NDSN,2021-08-24,180000.0,13425727.3,0.0134070948990599,Market Model,2021-08-24,0.0,0,1,16.412683371938343,0.0661022453,0.0543222681,0.0556514825,250
1941586582.0,ABM,2021-08-25,830000.0,3247797.78,0.2555577829109791,Market Model,2021-08-25,0.0,0,0,14.993487718473263,0.0660253607,0.0157255969,0.0145186673,250
1941583542.0,SYNA,2021-08-30,538086.0,7097250.48,0.075816120836699,Market Model,2021-08-30,0.0,1,1,15.775218010670416,0.2278830964,0.1573116276,0.1636757022,250
2007095441.0,ANSS,2021-08-30,411500.0,31849090.06,0.0129203063329213,Market Model,2021-08-30,0.0,0,1,17.27651937002959,0.0097975357,-0.002969996,-0.003580596,250
1941585324.0,PCTY,2021-09-01,60000.0,14698589.2,0.0040820244163296,Market Model,2021-09-01,0.0,0,1,16.503262074354165,0.3124109118,0.2680082409,0.3005388102,250
1941583647.0,THO,2021-09-01,750000.0,6280165.38,0.1194236066439384,Market Model,2021-09-01,0.0,0,1,15.652906872492542,-0.052880954,-0.07308505,-0.076314945,250
1941584874.0,PWR,2021-09-02,3000000.0,14161499.04,0.2118419802540904,Market Model,2021-09-02,0.0,0,1,16.466037505033388,0.3005390836,0.1969995914,0.2224391542,250
1941568940.0,BAX,2021-09-02,1250000.0,38793016.0,0.0322222948584353,Market Model,2021-09-02,0.0,1,1,17.47375078839156,0.0804992203,0.0908673622,0.0914917508,250
1941585652.0,AVTR,2021-09-07,2900000.0,23787117.36,0.1219147304026249,Market Model,2021-09-07,0.0,0,0,16.98465470469784,0.1049447659,0.0803948485,0.083712217,250
1941585066.0,SSTK,2021-09-07,110000.0,4196629.57,0.0262115104907865,Market Model,2021-09-07,0.0,0,1,15.249792277758148,0.0970198982,0.0284513071,0.0253618123,250
1941588644.0,BCML,2021-09-07,53100.0,184775.04,0.2873764768228436,Market Model,2021-09-07,1.0,0,1,12.126894364132566,0.0060506051,0.0053978321,0.003875759,250
1941586019.0,BLD,2021-09-08,1001000.0,7140637.35,0.1401835649866744,Market Model,2021-09-08,0.0,0,0,15.781312595037791,0.0205180108,0.0011851373,-0.000627209,250
2007289545.0,SWK,2021-09-13,375000.0,30379376.04,0.0123439006616279,Market Model,2021-09-13,0.0,0,1,17.229274516408804,-0.079881431,-0.071933543,-0.070802314,250
1941583371.0,INTU,2021-09-13,12000000.0,154946938.96,0.077445866827339,Market Model,2021-09-13,0.525,0,1,18.85859328698515,0.0325560605,0.0561525496,0.0558376423,250
1941590096.0,GPI,2021-09-13,880000.0,2860752.72,0.3076113478273648,Market Model,2021-09-13,0.0,0,1,14.866595336979124,0.0165784925,0.0025836186,-0.003724926,250
1941575290.0,FOXA,2021-09-13,50000.0,11623139.76,0.0043017636398101,Market Model,2021-09-13,0.0,0,1,16.268508475987865,0.0091280805,0.0209521299,0.0186132479,250
1941588028.0,MLAB,2021-09-14,300000.0,1456840.0,0.2059251530710304,Market Model,2021-09-14,0.0,0,1,14.191780264459553,0.1201880877,0.1507950311,0.1503129961,250
1941589161.0,HOMB,2021-09-15,919100.0,3452411.52,0.2662197118378286,Market Model,2021-09-15,1.0,0,1,15.054583536131249,-0.021315193,-0.027910543,-0.031496726,250
1941648206.0,FIBK,2021-09-15,1949842.0,1751864.79,1.1130094121019465,Market Model,2021-09-15,1.0,1,1,14.376191372842822,-0.1626359,-0.176239029,-0.166711228,250
1941592219.0,GABC,2021-09-20,154000.0,965212.56,0.1595503481637246,Market Model,2021-09-20,0.6766233766233766,0,1,13.780103625495428,0.0575831306,0.0315077746,0.0266253123,250
1941591776.0,MTRN,2021-09-20,380000.0,1453959.32,0.2613553176989848,Market Model,2021-09-20,0.0,0,1,14.189800958692464,-0.006330004,-0.027300359,-0.03026412,250
1941591362.0,SLGN,2021-09-20,485000.0,4356699.68,0.1113227983619013,Market Model,2021-09-20,0.0,0,0,15.287225374562343,-0.055732358,-0.076628053,-0.076809809,250
1941591807.0,USB,2021-09-21,8000000.0,82552448.64,0.096908088515786,Market Model,2021-09-21,0.3125,0,1,18.22894439039806,0.0851293103,0.071718928,0.0724600796,250
1941592502.0,BBDC,2021-09-21,623700.0,694309.08,0.8983031015524096,Market Model,2021-09-21,0.839666506333173,0,1,13.450672500576056,0.0318502172,0.0079976913,0.0073817493,250
1941592798.0,GE,2021-09-23,1450000.0,108163712.02,0.0134056050122603,Market Model,2021-09-23,0.0,0,0,18.49915648938156,-0.001555083,-0.009646606,-0.014113775,250
1941606984.0,VLY,2021-09-23,1220000.0,4907770.63,0.2485853744961997,Market Model,2021-09-23,0.0009073770491803,0,1,15.406330349817043,0.0138451748,0.0242452513,0.0187636005,250
1941593584.0,PRGS,2021-09-23,258000.0,1982142.03,0.1301622164785033,Market Model,2021-09-23,0.0,0,0,14.499688651244076,0.0868343626,0.1420780059,0.1314343295,250
1941584938.0,MGM,2021-09-27,1625000.0,21501485.6,0.0755761732110268,Market Model,2021-09-27,0.0,0,1,16.883632588385176,0.0603287831,0.0708845442,0.0678068963,250
1941594324.0,MRK,2021-09-30,11500000.0,190080948.75,0.0605005397733211,Market Model,2021-09-30,0.0,1,1,19.06296058544554,0.083741089,0.1008174823,0.0992577085,250
1941597536.0,OPCH,2021-10-01,50000.0,4363767.5,0.0114579889968931,Market Model,2021-10-01,0.0,0,1,15.288846347705572,-0.097869267,-0.088565196,-0.088000002,250
1941600703.0,SWX,2021-10-05,1975000.0,3904274.51,0.5058558241592496,Market Model,2021-10-05,0.0,0,0,15.177582539104607,-0.114229856,-0.094329975,-0.092726581,250
1941598114.0,NWPX,2021-10-05,87400.0,238976.91,0.365725709651196,Market Model,2021-10-05,0.0,0,0,12.384122215367857,-0.066822067,0.0037180365,-0.004817615,250
2007117436.0,JPM,2021-10-11,114000.0,508643744.1,0.0002241254342009,Market Model,2021-10-11,0.0,0,0,20.047258416101563,0.0646764719,0.0265899079,0.025241702,250
1941600206.0,SUPN,2021-10-11,450000.0,1402382.97,0.3208823906354197,Market Model,2021-10-11,0.0,1,0,14.15368346904709,0.1538172245,0.1436525061,0.1482047037,250
1941601134.0,VRM,2021-10-12,300000.0,2814622.88,0.1065862152019456,Market Model,2021-10-12,0.0,0,0,14.85033884255299,-0.117124082,-0.072509402,-0.073040016,250
2007588348.0,KOS,2021-10-13,750000.0,1331628.5,0.5632201473609194,Market Model,2021-10-13,0.0,0,1,14.10191318727764,0.719665272,0.4711679486,0.6184648164,250
1941603043.0,HOLX,2021-10-14,160000.0,17796294.48,0.0089906356730505,Market Model,2021-10-14,0.0,0,1,16.694500818309933,-0.051275444,-0.061936347,-0.062359558,250
1941603514.0,OWL,2021-10-18,1600000.0,5084879.45,0.314658393720622,Market Model,2021-10-18,0.0,0,1,15.441781880202464,0.0756722952,0.024169308,0.0211947509,141
1941603666.0,HUBG,2021-10-19,130000.0,2468173.22,0.0526705333914934,Market Model,2021-10-19,0.0,0,1,14.718988847930204,0.1355215171,0.0856370453,0.0918692214,250
1941604996.0,RJF,2021-10-20,1100000.0,20654941.56,0.0532560209286789,Market Model,2021-10-20,0.6781818181818182,1,1,16.843465149469857,0.1659066928,0.0774739786,0.0843875216,250
1941604799.0,LFUS,2021-10-20,315000.0,7082725.2,0.044474406546226,Market Model,2021-10-20,0.0,0,1,15.773169306863268,0.0445793062,-0.007235316,-0.009142951,250
1941606406.0,JLL,2021-10-21,300000.0,12894532.64,0.0232656745595705,Market Model,2021-10-21,0.0,0,0,16.372313953135535,0.0949757694,0.0188128938,0.0186025812,250
1941608004.0,ALLY,2021-10-21,750000.0,20121849.02,0.0372729165820964,Market Model,2021-10-21,0.0,0,0,16.81731679857569,-0.081448831,-0.182808174,-0.19086397,250
1941610293.0,LBRT,2021-10-26,90000.0,2760254.28,0.0326056916756234,Market Model,2021-10-26,0.85,0,0,14.830833363884368,-0.001573564,-0.092366781,-0.114176508,250
1941607413.0,CEQP,2021-10-26,1800000.0,1907188.64,0.9437975679217552,Market Model,2021-10-26,0.5444444444444444,1,0,14.461140799459589,0.0700951039,-0.034219444,-0.0401938,250
1941607900.0,DDD,2021-10-27,400000.0,3595525.56,0.1112493829692035,Market Model,2021-10-27,0.5,0,0,15.095200730385525,0.0998948475,-0.220099397,-0.287867835,250
1941607895.0,PRCH,2021-10-27,86500.0,1797740.51,0.0481159541762787,Market Model,2021-10-27,0.1156069364161849,0,1,14.40204116213006,0.3015332198,0.188642865,0.19901549,250
1941609020.0,ITGR,2021-10-28,220000.0,3019500.0,0.0728597449908925,Market Model,2021-10-28,0.0,0,0,14.920601812730093,-0.019332162,-0.086944348,-0.092743739,250
2007036647.0,MANT,2021-11-01,350000.0,2376136.98,0.1472979053589747,Market Model,2021-11-01,0.0,0,1,14.68098660931804,0.0576078533,0.0026068541,-0.005981881,250
1941589560.0,BEN,2021-11-01,1750000.0,15834872.46,0.1105155727916737,Market Model,2021-11-01,0.0,0,1,16.57772518361237,0.1873754153,0.0876616294,0.0869675579,250
2007033596.0,UTZ,2021-11-02,56000.0,1231245.6,0.0454823960386132,Market Model,2021-11-02,0.0,0,1,14.023536897857989,-0.032218845,-0.119254756,-0.126899085,250
1941620852.0,RRX,2021-11-02,297000.0,10208269.62,0.0290940591359498,Market Model,2021-11-02,0.0,0,1,16.138708696835455,0.1486284834,0.0517034156,0.0513125756,250
2007034218.0,DGII,2021-11-02,347400.0,767811.42,0.4524548488742196,Market Model,2021-11-02,0.0,0,0,13.55129943510324,0.0919595571,-0.049116855,-0.056830731,250
1941586088.0,SWN,2021-11-04,1850000.0,5135798.8,0.3602166035009004,Market Model,2021-11-04,0.2837837837837837,0,1,15.451745949129766,0.0395256917,-0.058769856,-0.08062271,250
1941611743.0,LITE,2021-11-04,918000.0,6276363.0,0.1462630507508887,Market Model,2021-11-04,0.0,1,1,15.652301230550572,0.1137446549,0.0732995825,0.0746640836,250
1941611760.0,FRME,2021-11-04,323500.0,2345389.5,0.1379301817459317,Market Model,2021-11-04,0.7659969088098918,0,1,14.667962044150782,0.0068091101,-0.077866001,-0.085627947,250
1941636297.0,VCTR,2021-11-04,800000.0,619536.96,1.2912869637349804,Market Model,2021-11-04,0.0,0,1,13.336727639288636,0.1510791367,0.0629769068,0.0606253512,250
1941623840.0,CMCO,2021-11-04,74000.0,1421431.2,0.0520602052353993,Market Model,2021-11-04,0.0,0,1,14.167174809323985,0.0792339552,0.0161326561,0.0105293795,250
1941612568.0,ILPT,2021-11-05,4000000.0,1850961.5,2.1610390059436675,Market Model,2021-11-05,0.0,1,1,14.43121579177152,-0.058147343,-0.112743786,-0.115504931,250
2007093939.0,NPO,2021-11-05,850000.0,1899092.36,0.4475822334412424,Market Model,2021-11-05,0.0,0,1,14.456886624736,0.2281871735,0.1081749751,0.1189827441,250
1941612948.0,LMND,2021-11-08,145000.0,4280058.21,0.033878043915669,Market Model,2021-11-08,1.0,0,1,15.269477167932784,-0.021725441,-0.149164017,-0.176393949,250
1941627503.0,ADT,2021-11-09,825000.0,6900768.0,0.1195519107438476,Market Model,2021-11-09,0.0,0,0,15.747143267721444,0.1074879227,0.0796468336,0.0663172547,250
1941669549.0,QCRH,2021-11-09,151600.0,926305.83,0.1636608505422016,Market Model,2021-11-09,0.0,1,1,13.738959729079594,0.1350669513,0.034825519,0.0352739299,250
1941615494.0,BKNG,2021-11-12,1200000.0,101796819.52,0.0117881875451348,Market Model,2021-11-12,0.0,0,1,18.438489419156493,-0.062586631,-0.108662882,-0.113178543,250
1941675440.0,SPXC,2021-11-15,145000.0,2976873.73,0.0487088177569426,Market Model,2021-11-15,0.0,0,1,14.906384223915294,0.0770392749,0.0239612373,0.021127782,250
1941618583.0,KALA,2021-11-15,126123.0,135585.0,0.9302135191946012,Market Model,2021-11-15,0.0,0,0,11.81735402890062,-0.194570136,-0.077467937,-0.118274233,250
1941616356.0,AMT,2021-11-15,10100000.0,123918149.4,0.0815054134434967,Market Model,2021-11-15,0.0,1,1,18.6351318201331,-0.043441132,-0.060755553,-0.061807445,250
1941617060.0,BSY,2021-11-16,700000.0,15738348.72,0.044477347176229,Market Model,2021-11-16,0.5,0,0,16.571610885666125,-0.085633404,-0.164084091,-0.17035181,219
1941616980.0,NCNO,2021-11-16,931351.0,6807116.8,0.1368201879538779,Market Model,2021-11-16,0.7100985557539531,0,1,15.733479211089987,-0.166344027,-0.169986708,-0.162843258,250
2007098316.0,AAON,2021-11-18,180000.0,4000256.4,0.0449971156848846,Market Model,2021-11-18,0.0,0,1,15.201869017029848,0.1097030831,0.104322424,0.1085188925,250
1941625294.0,SFNC,2021-11-19,581000.0,3614848.4,0.1607259657140808,Market Model,2021-11-19,0.0,1,1,15.100560476319435,-0.055394525,-0.093210071,-0.098767596,250
1941619924.0,BBY,2021-11-23,85000.0,33943032.0,0.0025041958538058,Market Model,2021-11-23,0.0,0,0,17.340194147899332,-0.151311421,-0.106497272,-0.107722099,250
1941620344.0,IEX,2021-11-23,120000.0,17891614.92,0.0067070524676818,Market Model,2021-11-23,0.0,0,0,16.69984272083512,-0.00018084,0.0135078449,0.0115382235,250
1941621472.0,DOV,2021-11-24,631000.0,25338480.3,0.0249028352343609,Market Model,2021-11-24,0.0,0,1,17.047834758683162,-0.002901007,-0.017167151,-0.019541728,250
2007077177.0,WLK,2021-11-24,1200000.0,12809874.0,0.0936777364086485,Market Model,2021-11-24,0.0,0,1,16.36572683775897,-0.100522901,-0.091703991,-0.094151635,250
1941622787.0,WERN,2021-11-29,64000.0,3038540.12,0.0210627464086273,Market Model,2021-11-29,0.0,0,0,14.92688773435387,-0.030284043,-0.01239538,-0.015819348,250
1941622632.0,BPMC,2021-11-29,465000.0,5933812.3,0.078364460567787,Market Model,2021-11-29,0.0,0,1,15.59617744805524,-0.158122298,-0.149114184,-0.138391516,250
1941622554.0,EPC,2021-11-29,310000.0,2316951.06,0.1337965248174037,Market Model,2021-11-29,0.0,0,0,14.65576268105074,0.2155592303,0.1936868635,0.2005145146,250
1941622659.0,PRO,2021-11-30,90000.0,1563915.96,0.057547849310266,Market Model,2021-11-30,0.1111111111111111,0,1,14.262703464628324,0.1136666667,0.1537758671,0.1442638119,250
2007097429.0,FIX,2021-12-01,78800.0,3419209.67,0.0230462614478976,Market Model,2021-12-01,0.0,0,0,15.044919991689955,0.0604939018,0.0443494302,0.0437567527,250
1941623994.0,EGHT,2021-12-01,250000.0,2455622.5,0.1018071792386655,Market Model,2021-12-01,0.48,0,1,14.713890851223589,-0.204401185,-0.23443067,-0.225280287,250
1941654261.0,OMCL,2021-12-02,100000.0,7751105.77,0.0129013850368345,Market Model,2021-12-02,0.0,0,0,15.863346071151708,0.0214440516,-0.038188306,-0.040804722,250
2007035770.0,SCVL,2021-12-03,67000.0,1093083.65,0.0612944855592707,Market Model,2021-12-03,0.0,0,1,13.904513296709627,0.0412453433,-0.02390127,-0.03706174,250
1941625933.0,JACK,2021-12-06,585000.0,1765092.0,0.3314274836665737,Market Model,2021-12-06,0.0,1,1,14.383713371636984,-0.200085253,-0.198407651,-0.183529735,250
1941627487.0,ABG,2021-12-07,300000.0,3944967.84,0.0760462473123735,Market Model,2021-12-07,0.0,0,1,15.187951360137628,-0.078870764,-0.066158121,-0.07165363,250
1941626259.0,CMC,2021-12-07,550000.0,3856993.4,0.1425981180055947,Market Model,2021-12-07,0.0,0,1,15.165398526014412,-0.027531083,-0.00635947,-0.010985062,250
2007161118.0,MTN,2021-12-08,118000.0,13718278.35,0.0086016624673605,Market Model,2021-12-08,0.0,0,1,16.434239687694273,-0.143277507,-0.148010267,-0.138711504,250
1941627108.0,ALRS,2021-12-08,85300.0,540847.44,0.1577154548424968,Market Model,2021-12-08,0.9495896834701056,0,1,13.200892521757044,-0.236618172,-0.257807227,-0.231053802,250
1941697528.0,R,2021-12-13,480000.0,4356113.09,0.1101899767253287,Market Model,2021-12-13,0.0,0,1,15.287090724589628,-0.119407675,-0.119404553,-0.113799584,250
1941629839.0,PFE,2021-12-13,6700000.0,296247120.26,0.0226162535997641,Market Model,2021-12-13,0.0,1,1,19.50670452972502,0.2160223196,0.1955409914,0.2063237656,250
1941630653.0,RUSHA,2021-12-13,205000.0,2368795.0,0.086541891552456,Market Model,2021-12-13,0.0,0,1,14.677891944993904,-0.027139088,0.0024639824,0.0002289933,250
1941628727.0,HAIN,2021-12-13,259000.0,3689604.81,0.0701972198480519,Market Model,2021-12-13,0.0,0,1,15.12102991272038,-0.019928826,0.0029733452,-0.00095438,250
1941439931.0,NEOG,2021-12-14,5341000.0,4323652.16,1.235298262291294,Market Model,2021-12-14,0.8127691443549897,0,0,15.279611010472138,-0.002484192,0.0446087039,0.0379079964,250
1941630301.0,UIS,2021-12-14,87300.0,1271187.36,0.0686759503335527,Market Model,2021-12-14,0.0,0,1,14.055461950794603,-0.057294174,-0.076887947,-0.079848727,250
1941670670.0,HBCP,2021-12-15,66600.0,357837.52,0.1861179900866739,Market Model,2021-12-15,0.0,0,1,12.787834307610996,-0.020901832,-0.015424212,-0.018825564,250
1941629864.0,ENTG,2021-12-15,5700000.0,19408458.3,0.293686387238702,Market Model,2021-12-15,0.1403508771929824,1,0,16.78121952386078,-0.110022004,-0.102728531,-0.10130381,250
2007043386.0,DCO,2021-12-16,69500.0,537250.38,0.1293624026845732,Market Model,2021-12-16,0.0,0,1,13.194219521810233,-0.062653563,-0.025548128,-0.028395278,250
1941631113.0,STEM,2021-12-16,695000.0,2589242.88,0.2684182335185179,Market Model,2021-12-16,0.25,0,0,14.766876066616312,-0.197811107,-0.244356561,-0.230026203,229
1941631824.0,ML,2021-12-16,440000.0,782575.88,0.5622457978132421,Market Model,2021-12-16,0.9659090909090908,0,1,13.570346167941045,-0.359322034,-0.400808163,-0.34837674,250
1941592876.0,BX,2021-12-20,3600000.0,84670711.44,0.0425176538471754,Market Model,2021-12-20,0.0,1,0,18.254280308086997,-0.105345591,-0.171061145,-0.175616952,250
1941430706.0,MSFT,2021-12-21,1000000.0,2401877881.8,0.0004163409004168,Market Model,2021-12-21,0.0,0,0,21.59951671909531,-0.00338084,-0.010297221,-0.011738658,250
1941633471.0,UFPT,2021-12-21,95000.0,487632.25,0.1948189439890409,Market Model,2021-12-21,0.0,0,0,13.097316814681,0.0272138229,0.0068147949,-0.006607426,250
1941453409.0,ZNTE,2021-12-21,2200000.0,233450.0,9.423859498822017,Market Model,2021-12-21,1.0,0,0,12.360723200399082,0.0009852217,0.0128122314,0.0137239947,170
1941631430.0,SON,2021-12-21,1350000.0,5408913.26,0.249588029074809,Market Model,2021-12-21,0.0,0,0,15.50355875448908,-0.05187367,-0.049376516,-0.051777277,250
1941633530.0,LH,2021-12-23,575000.0,29113854.0,0.0197500475203317,Market Model,2021-12-23,0.0,0,1,17.186724701324643,0.0989821972,0.0582156871,0.0581858969,250
2007245871.0,BHR,2021-12-27,193000.0,319289.85,0.6044664432646387,Market Model,2021-12-27,0.1815544041450777,0,0,12.673854589910738,0.0918367347,0.041836551,0.0320773849,250
1941698313.0,NWSA,2021-12-27,295000.0,8776538.54,0.0336123402928736,Market Model,2021-12-27,0.0,0,1,15.987592644141044,0.0359417652,0.0174414316,0.0161171372,250
1941633615.0,FDS,2021-12-27,1925000.0,18049715.42,0.1066498809098675,Market Model,2021-12-27,0.0,0,1,16.70864047641389,0.0165892328,0.015786983,0.0146312816,250
1941633732.0,DAR,2021-12-28,1100000.0,10734342.72,0.1024748350870615,Market Model,2021-12-28,0.0,0,0,16.188958759660856,-0.003367003,-0.079649142,-0.084945736,250
1941644723.0,CACI,2021-12-29,225000.0,6286626.5,0.0357902604839018,Market Model,2021-12-29,0.0,0,1,15.653935157297608,0.0321614437,0.0377460208,0.0359825874,250
1941636350.0,STRL,2021-12-30,215000.0,773721.65,0.2778777096388604,Market Model,2021-12-30,0.0,0,1,13.558967462568171,0.0904152115,0.0512372848,0.0483171367,250
1941635826.0,DRVN,2021-12-30,170000.0,5589708.59,0.0304130344655408,Market Model,2021-12-30,0.0,0,1,15.536437713182096,0.0631885936,0.0486327801,0.044112412,170
1941636355.0,SMG,2021-12-30,215000.0,8700149.7,0.0247122184575743,Market Model,2021-12-30,0.0,0,1,15.978850790373327,0.0991096694,0.1192408523,0.1165128943,250
1941636780.0,SNDR,2021-12-31,262600.0,2542627.49,0.1032789903486806,Market Model,2021-12-31,0.0,0,1,14.748708549207194,0.0939394266,0.0941401228,0.0963801357,250
1941635255.0,BLKB,2022-01-03,750000.0,4105617.34,0.1826765472497736,Market Model,2022-01-03,0.4,0,1,15.227866676894145,-0.014048009,-0.012302183,-0.020267647,250
1941646878.0,RPAY,2022-01-03,115000.0,1616949.81,0.0711215643731081,Market Model,2022-01-03,0.0,0,1,14.296052099116489,0.068716094,0.1070220701,0.0992129284,250
1941634704.0,GOOGL,2022-01-04,500000.0,872086174.71,0.0005733378357548,Market Model,2022-01-04,0.0,0,1,20.586398801199177,-0.015954057,-0.083275953,-0.085994121,250
1941688269.0,EEX,2022-01-04,170000.0,281934.66,0.6029765903915468,Market Model,2022-01-04,0.0,0,0,12.549430620945506,-0.082089552,-0.187303943,-0.201187041,250
1941636334.0,NYT,2022-01-06,550000.0,7632853.92,0.0720569272993501,Market Model,2022-01-06,0.0,0,1,15.847972372643852,-0.064359914,-0.054622822,-0.062352416,250
1941643398.0,SYK,2022-01-06,3090000.0,102703590.0,0.0300865821730282,Market Model,2022-01-06,0.0,1,0,18.44735763047089,0.0308110189,0.0482314071,0.0468041344,250
1941647454.0,AYX,2022-01-06,400000.0,3377857.1,0.1184182717498617,Market Model,2022-01-06,0.0,0,1,15.032752072317129,-0.117217232,-0.034637316,-0.037348882,250
1941638557.0,EXAS,2022-01-09,190000.0,13140174.84,0.0144594727477766,Market Model,2022-01-10,0.5,0,1,16.391184876868287,-0.045140602,0.0346482177,0.0189390922,250
1941637789.0,TTWO,2022-01-10,12700000.0,18982659.6,0.6690316461240235,Market Model,2022-01-10,0.645,1,0,16.759036467778156,-0.074167568,-0.0119672,-0.024623584,250
1941636978.0,EPD,2022-01-10,3250000.0,51061842.0,0.0636483110029599,Market Model,2022-01-10,0.0,0,0,17.74854804433256,0.144686907,0.1425005366,0.1513125673,250
1941639211.0,ACH,2022-01-10,1600000.0,74950.92,21.347303008422045,Market Model,2022-01-10,0.0,1,0,11.224588778305309,0.0509601182,-0.029138135,-0.046461797,250
1941637219.0,CIVB,2022-01-10,50200.0,383121.48,0.1310289363050069,Market Model,2022-01-10,0.5027290836653386,0,1,12.856107398028447,0.0050230222,0.0037813928,0.0016992116,250
1941637878.0,PLNT,2022-01-11,800000.0,7372779.14,0.1085072514460266,Market Model,2022-01-11,0.46875,0,1,15.81330528128102,-0.063132749,0.0166215949,0.0098628709,250
1941639487.0,MNST,2022-01-13,330000.0,49745775.54,0.0066337291240871,Market Model,2022-01-13,0.0,0,1,17.722436104194653,-0.052561691,0.010759751,0.0086410868,250
1941640089.0,TTC,2022-01-14,400000.0,10349338.3,0.038649813969266,Market Model,2022-01-14,0.0,0,1,16.15243314326474,-0.042731641,0.0124959251,0.0083551094,250
2007003343.0,AFG,2022-01-18,120000.0,11497420.56,0.0104371236464537,Market Model,2022-01-18,0.0,0,0,16.25763326904423,-0.067154203,-0.057063707,-0.056167172,250
1941642241.0,RILY,2022-01-18,175000.0,2229628.71,0.0784884044662306,Market Model,2022-01-18,0.0,0,1,14.617345631816164,-0.243365696,-0.254827586,-0.236188212,250
1941646552.0,BFC,2022-01-19,119000.0,539131.26,0.2207254685992424,Market Model,2022-01-19,0.8,0,1,13.197714345290104,0.0062391312,0.0488820902,0.0460565759,250
1941647006.0,CW,2022-01-21,240000.0,5352336.0,0.0448402342453837,Market Model,2022-01-21,0.0,0,1,15.49304365908866,-0.017519115,0.0656866181,0.0635953078,250
1941644963.0,CLR,2022-01-25,403000.0,18034110.73,0.0223465412868738,Market Model,2022-01-25,0.0,0,1,16.707775563091896,0.2225189141,0.1575278124,0.1656836936,250
1941646023.0,BL,2022-01-26,240000.0,4954066.16,0.0484450534669484,Market Model,2022-01-26,0.0,0,1,15.415719243807022,-0.148602068,-0.070333514,-0.068554622,250
1941646144.0,NOTV,2022-01-27,51300.0,645766.8,0.0794404419675957,Market Model,2022-01-27,0.4483430799220272,0,1,13.378193726879832,-0.240055827,-0.427715918,-0.442940837,250
2007101293.0,PLUG,2022-01-31,160000.0,10836807.8,0.0147644955002339,Market Model,2022-01-31,0.0,0,0,16.19845902721219,-0.255894591,-0.102184009,-0.088867308,250
1941659990.0,CIVI,2022-02-01,294600.0,4621273.0,0.0637486683863948,Market Model,2022-02-01,0.0,0,1,15.34618076622898,0.064325097,0.0543079547,0.0444445387,250
2007103251.0,SPB,2022-02-03,450000.0,3741388.8,0.1202761926266524,Market Model,2022-02-03,0.0,0,0,15.134967437360627,-0.109521508,-0.081134743,-0.077880672,250
1941649864.0,J,2022-02-04,209000.0,16627973.55,0.0125691804459239,Market Model,2022-02-04,0.0,0,0,16.626596988663,-0.126483066,-0.088036346,-0.082829538,250
1941650452.0,REZI,2022-02-07,593000.0,3372856.96,0.1758153420179431,Market Model,2022-02-07,0.0,0,0,15.031270705792064,-0.040928768,0.0736820364,0.0710959583,250
1941651024.0,CARS,2022-02-08,128000.0,1055187.54,0.1213054505931713,Market Model,2022-02-08,0.0,0,0,13.869229072127505,0.0163214062,0.1218784123,0.1220436371,250
1941652629.0,CMI,2022-02-09,325000.0,31969082.32,0.0101660722302522,Market Model,2022-02-09,0.0,0,1,17.28027981621366,-0.03487769,0.0090676919,0.0086708287,250
1941650992.0,RSG,2022-02-09,2200000.0,40255210.25,0.0546513106337582,Market Model,2022-02-09,0.0,1,1,17.510750000656248,-0.106966497,-0.114659113,-0.110262976,250
1941651459.0,CVLG,2022-02-09,55000.0,298369.8,0.1843350097764586,Market Model,2022-02-09,0.0,0,1,12.606088935755707,-0.006711409,-0.025500658,-0.029968064,250
1941651632.0,SGFY,2022-02-10,300000.0,2336471.91,0.1283987189043501,Market Model,2022-02-10,0.0,0,0,14.66415261879484,-0.040995608,0.2175173358,0.1808727253,181
1941652885.0,ZWS,2022-02-14,1563975.0,3615016.5,0.4326328800988875,Market Model,2022-02-14,1.0,0,1,15.100606977879938,-0.03159339,0.0612387984,0.0480490543,250
1941652485.0,COLL,2022-02-14,553257.0,587119.02,0.942325118338016,Market Model,2022-02-14,0.0,1,0,13.282982838052815,0.2221609702,0.277093349,0.2822599251,250
1941654163.0,AKAM,2022-02-15,900000.0,17760652.8,0.0506738130706546,Market Model,2022-02-15,0.0,0,0,16.69249605160954,-0.122003197,-0.061141727,-0.057903372,250
1941654511.0,MASI,2022-02-15,1025000.0,12434425.35,0.0824324382630195,Market Model,2022-02-15,0.0,0,0,16.33597942184784,-0.344903038,-0.241723158,-0.267039551,250
1941654409.0,EQ,2022-02-16,330298.0,117824.0,2.8033168115154807,Market Model,2022-02-16,0.0,0,1,11.67694726459275,0.0243243243,0.1342131724,0.1179342624,250
1941348676.0,ARES,2022-02-17,3800000.0,13813069.74,0.2751017747341077,Market Model,2022-02-17,0.0,1,0,16.44112578453636,0.0656329368,0.0586586945,0.0540007368,250
1941656482.0,CHDN,2022-02-22,2750000.0,8285336.8,0.331911673162158,Market Model,2022-02-22,0.0,0,0,15.929997859796863,0.1459767854,0.1705036848,0.1746604271,250
1941656738.0,NET,2022-02-23,162000.0,25944936.59,0.006243992905438,Market Model,2022-02-23,0.5,0,1,17.071487026764803,0.2843053173,0.2283705927,0.2154399344,250
1941657541.0,PATK,2022-02-24,72539.0,1559046.28,0.0465278041649924,Market Model,2022-02-24,0.0,0,1,14.25958483329526,0.0939039409,0.0819168973,0.0808065038,250
1941657365.0,VRSK,2022-02-24,250000.0,28647086.46,0.0087268909649529,Market Model,2022-02-24,0.0,0,1,17.170562301712977,-0.041603274,-0.035957321,-0.037096689,250
1941656849.0,CVX,2022-02-28,2750000.0,270608560.68,0.0101622801329331,Market Model,2022-02-28,0.0,1,0,19.416183909120733,0.2096758143,0.2049840075,0.2223728478,250
1941658396.0,PDCE,2022-02-28,1300000.0,5482140.3,0.2371336610994797,Market Model,2022-02-28,0.1976923076923077,0,1,15.517006148366702,0.1888813329,0.1237415831,0.1283078648,250
1941659072.0,TRS,2022-02-28,65000.0,1407590.96,0.0461781880156434,Market Model,2022-02-28,0.0,0,0,14.157390262129889,-0.066386603,-0.044258427,-0.043588264,250
1941657982.0,HR,2022-02-28,8005809.0,4330357.7,1.848763902344603,Market Model,2022-02-28,0.862599769742196,0,1,15.281160706266448,-0.077562353,-0.051202238,-0.057290492,250
1941660548.0,FOUR,2022-02-28,300000.0,2695631.04,0.1112911951036147,Market Model,2022-02-28,0.75,0,1,14.807142887049483,-0.105097687,-0.002182731,-0.030739613,250
1941569849.0,TCBK,2022-03-01,164700.0,1290282.0,0.1276465144828804,Market Model,2022-03-01,1.0,0,1,14.070371357098503,-0.020183056,0.0293914768,0.0264496432,250
2007244438.0,XHR,2022-03-01,328700.0,2117434.86,0.1552349997675961,Market Model,2022-03-01,0.0,0,0,14.565715942343312,0.0931343284,0.1526419251,0.1506844705,250
1941660160.0,ALE,2022-03-02,165500.0,3296868.48,0.0501991514080658,Market Model,2022-03-02,0.0,0,0,15.008483630448382,0.0219700254,0.0565411802,0.055600538,250
1941684158.0,FULT,2022-03-02,136096.0,2792660.1,0.0487334638397275,Market Model,2022-03-02,0.8000014695509052,1,1,14.842505140421729,-0.042339833,0.0054455912,0.0042152947,250
1941661050.0,AZZ,2022-03-07,1280000.0,1236872.37,1.0348682944546654,Market Model,2022-03-07,0.0,0,1,14.02809646901028,0.0074626866,0.0669018986,0.0647211921,250
2007336350.0,HPK,2022-03-07,201000.0,2130106.0,0.0943615012586228,Market Model,2022-03-07,0.0,0,1,14.571682301705575,0.0486548369,0.0354580813,0.0123375048,250
1941661340.0,GDRX,2022-03-07,157000.0,1377731.68,0.1139554256312085,Market Model,2022-03-07,0.0,0,1,14.135948994614797,-0.487198795,-0.407949539,-0.369993465,250
1941694821.0,KTOS,2022-03-09,80000.0,2538977.91,0.0315087420354909,Market Model,2022-03-09,0.0625,0,0,14.747272160373267,0.094011976,0.2091502044,0.1802406015,250
1941664279.0,S,2022-03-15,595745.0,3975184.2,0.149866011240435,Market Model,2022-03-15,0.4099824589379684,0,1,15.195581644619564,-0.084516415,-0.120249117,-0.166365621,107
1941665280.0,BAH,2022-03-16,440000.0,11320267.1,0.0388683408362334,Market Model,2022-03-16,0.0,0,0,16.242105225867306,0.1557917395,0.1540237221,0.1593900154,250
1941665684.0,AB,2022-03-17,750000.0,4423560.32,0.1695466876780375,Market Model,2022-03-17,0.0,0,1,15.302455432073485,-0.011124236,-0.046068979,-0.054061746,250
1941670610.0,HPQ,2022-03-28,3300000.0,43135684.32,0.0765027853857402,Market Model,2022-03-28,0.0,0,1,17.57986115497808,0.0710329964,0.0054610569,-0.004575902,250
1941675733.0,USDP,2022-03-28,107488.0,153821.25,0.6987851158406267,Market Model,2022-03-28,0.302247692765704,0,0,11.943546492959513,0.1176470588,0.0483482127,0.0493040764,250
1941671216.0,UNH,2022-03-29,5386043.0,482869366.8,0.011154244543806,Market Model,2022-03-29,0.0,1,0,19.995256712923577,0.0912954598,0.0441363812,0.0449789207,250
1941671819.0,SBCF,2022-03-29,146000.0,2172582.32,0.0672011360195548,Market Model,2022-03-29,1.0,0,1,14.591427027233497,-0.059071886,-0.080310023,-0.084681108,250
1941673776.0,NBHC,2022-04-01,230232.0,1208762.52,0.1904691750369626,Market Model,2022-04-01,0.7697974217311234,0,1,14.005107683503653,-0.104089219,-0.143431539,-0.140492681,250
1941673886.0,MORN,2022-04-03,650000.0,11574303.84,0.0561588851463916,Market Model,2022-04-04,0.0,0,1,16.264298012715358,0.0034915427,-0.032928221,-0.039449429,250
1941673995.0,AMD,2022-04-04,1900000.0,175267800.0,0.0108405537126614,Market Model,2022-04-04,0.0,0,0,18.98182564790805,-0.101835624,-0.142742851,-0.147677358,250
1941675180.0,PLAY,2022-04-06,835000.0,2253462.4,0.3705409062960181,Market Model,2022-04-06,0.0,0,0,14.627978435817218,0.2694329184,0.1399347439,0.1450174152,250
1941678096.0,HALO,2022-04-13,960000.0,5738898.56,0.1672794857694784,Market Model,2022-04-13,0.0,1,0,15.562777861381052,0.2321832579,0.1988228536,0.2225257801,250
1941679354.0,WY,2022-04-14,265000.0,29898019.86,0.0088634632407391,Market Model,2022-04-14,0.0,0,0,17.213302810749855,0.0572956455,0.0835280724,0.0842699169,250
1941679441.0,SBOW,2022-04-14,369000.0,660417.01,0.5587378798738089,Market Model,2022-04-14,0.3495934959349593,0,1,13.4006267478133,0.3533134773,0.1973594599,0.2208830878,250
1941679390.0,DHI,2022-04-14,291000.0,26257927.8,0.0110823672841388,Market Model,2022-04-14,0.0,0,1,17.08347851283421,-0.12711035,-0.120035586,-0.116899526,250
1941604893.0,TTMI,2022-04-18,330000.0,1378863.2,0.2393275852165755,Market Model,2022-04-18,0.0,0,1,14.136769949534042,0.0014461316,0.0221364237,0.0181443277,250
1941679424.0,REGN,2022-04-19,250000.0,78125849.6,0.0031999652007624,Market Model,2022-04-19,0.0,1,1,18.173831540841707,-0.01621133,0.0282924511,0.0252648632,250
1941682803.0,GRC,2022-04-27,525000.0,862215.12,0.6088967681290488,Market Model,2022-04-27,0.0,0,1,13.667260077675856,-0.086572925,-0.050450623,-0.049308948,250
1941682785.0,SNPS,2022-04-27,330000.0,43311707.1,0.0076191870996467,Market Model,2022-04-27,0.0,0,1,17.583933528253322,-0.099855587,0.0096146837,0.0090957293,250
1941718303.0,DENN,2022-05-03,82500.0,818918.24,0.1007426577774113,Market Model,2022-05-03,0.0,0,1,13.615739528792124,-0.270833333,-0.142241368,-0.121933936,250
1941685314.0,UTI,2022-05-03,50000.0,335634.6,0.1489715303487781,Market Model,2022-05-03,0.0,0,1,12.723778347188151,-0.10467706,-0.017199755,-0.035310135,250
1941685942.0,CNMD,2022-05-04,255000.0,3967139.88,0.0642780460768628,Market Model,2022-05-04,0.0,0,1,15.193555959777262,-0.236210785,-0.067652747,-0.064509298,250
1941685687.0,ICE,2022-05-04,13100000.0,64158713.28,0.2041811521816106,Market Model,2022-05-04,0.1984732824427481,1,0,17.97687046645859,-0.276144541,-0.208243264,-0.17224412,250
1941687946.0,CNXC,2022-05-09,111000.0,7574424.84,0.0146545780497836,Market Model,2022-05-09,0.0,1,1,15.840287977764104,-0.071766206,-0.011884744,-0.016882176,250
1941693718.0,OPK,2022-05-09,300000.0,1785595.5,0.1680111761034344,Market Model,2022-05-09,1.0,0,0,14.395262531004663,-0.139130435,0.1472856473,0.0935289816,250
1941690114.0,XXII,2022-05-13,56153.0,258323.09,0.2173750708850687,Market Model,2022-05-13,0.9198618061368048,0,0,12.461966367268325,-0.197309417,0.1915969927,0.1525411812,250
1941693551.0,SIRI,2022-05-23,150000.0,24246480.72,0.0061864648206974,Market Model,2022-05-23,0.0,0,1,17.00378203986767,0.0276686095,0.047700836,0.0461376629,250
2007110212.0,VRTX,2022-05-23,60000.0,66135944.04,0.0009072222506374,Market Model,2022-05-23,0.0,0,1,18.007222939779055,-0.006545374,0.0039813205,-0.004918229,250
2007388059.0,ACA,2022-05-23,75000.0,2527253.03,0.029676490287955,Market Model,2022-05-23,0.0,0,0,14.74264351194723,-0.025258112,0.0680486279,0.0702104353,250
1941693738.0,PSN,2022-05-23,400000.0,3756964.56,0.1064689308647617,Market Model,2022-05-23,0.0,0,0,15.139121891453325,0.0574214518,0.1135766922,0.1080911736,250
1941694345.0,BRKL,2022-05-24,317787.0,1158891.36,0.2742163855635268,Market Model,2022-05-24,0.5753539320362381,1,1,13.962974381949104,-0.024377497,-0.019517363,-0.02120679,250
2007035727.0,WHG,2022-05-26,60000.0,121863.72,0.4923532614957101,Market Model,2022-05-26,0.0,0,1,11.710658650170624,0.0343596392,0.0267977934,0.0227489726,250
1941702266.0,EGP,2022-05-26,415074.0,6525149.4,0.0636114170811169,Market Model,2022-05-26,0.8554474623802021,0,1,15.691174407462633,-0.182856295,-0.212007515,-0.20181352,250
1941697068.0,MBCN,2022-05-26,64400.0,146107.2,0.4407722548922982,Market Model,2022-05-26,0.0,0,1,11.892095877838676,-0.01939635,-0.037501322,-0.03926132,250
1941693033.0,AVGO,2022-05-26,69000000.0,215841780.0,0.3196786090255556,Market Model,2022-05-26,0.4420289855072464,1,0,19.190056197239233,0.0067555492,0.0253893588,0.025469626,250
1941698700.0,HTLD,2022-05-31,170000.0,1124005.92,0.1512447550098312,Market Model,2022-05-31,0.0,0,1,13.932409576325815,0.0652173913,0.0875488267,0.0862805662,250
2007029740.0,CMAX,2022-06-01,135000.0,408882.24,0.3301684123037479,Market Model,2022-06-01,0.0,0,1,12.92118247180712,-0.125195618,0.0329147501,-0.044752582,250
1941741453.0,EXR,2022-06-01,180392.0,23928696.0,0.0075387309028456,Market Model,2022-06-01,0.1219566277883719,0,1,16.99058896613068,-0.059251162,-0.089333706,-0.097328564,250
1941698817.0,HAYW,2022-06-02,55000.0,3528605.14,0.0155868956196101,Market Model,2022-06-02,0.0,0,0,15.076413206343409,0.0717639168,0.1213926037,0.121547042,238
1941699508.0,WOR,2022-06-02,80000.0,2340115.08,0.034186352920729,Market Model,2022-06-02,0.0,0,1,14.665710665611792,-0.068670424,-0.008818476,-0.010139606,250
1941698920.0,BMY,2022-06-03,4100000.0,159828834.48,0.025652442585465,Market Model,2022-06-03,0.0,1,0,18.889614016070233,-0.01598742,-0.002655287,-0.003351813,250
1941698725.0,BDX,2022-06-06,1525000.0,71933302.1,0.0212001945619009,Market Model,2022-06-06,0.0,0,0,18.091249887921773,-0.06533808,-0.067763259,-0.068141806,250
1941702316.0,CHH,2022-06-13,673155.0,6709688.7,0.1003258169041434,Market Model,2022-06-13,0.0,0,1,15.719063114429032,-0.084583466,-0.073996967,-0.072191055,250
1941705401.0,MDLZ,2022-06-20,2900000.0,81374731.2,0.0356375985178062,Market Model,2022-06-21,0.0,0,1,18.214575355261747,0.0099819997,0.0062354676,0.0044158243,250
1941706111.0,FBNC,2022-06-21,181100.0,1231005.6,0.1471154964689031,Market Model,2022-06-21,1.0,0,1,14.023341954303278,-0.023875625,0.0012764799,0.0014217681,250
1941727877.0,ONEW,2022-06-22,125000.0,454517.28,0.2750170466566199,Market Model,2022-06-22,0.0,1,0,13.026991211678917,0.0369352869,0.059590763,0.057324694,250
1941708056.0,PRIM,2022-06-27,470000.0,1259121.3,0.3732761887198635,Market Model,2022-06-27,0.0,0,1,14.045924654692069,-0.100261047,-0.042672616,-0.043925635,250
1941708895.0,ESTE,2022-06-28,627000.0,1161070.56,0.540018859835702,Market Model,2022-06-28,0.0829346092503987,0,1,13.96485303402709,-0.348214286,-0.374057993,-0.345237296,250
1941711492.0,REI,2022-07-05,432580.0,281690.64,1.5356562788170738,Market Model,2022-07-05,0.530953812011651,0,1,12.54856472647538,-0.469432314,-0.567781861,-0.436417561,250
1941722014.0,HUBB,2022-07-08,128000.0,10002410.4,0.0127969154315043,Market Model,2022-07-08,0.0,0,1,16.118336661912846,-0.06796641,0.0043968775,0.0013710469,250
2007094759.0,RARE,2022-07-18,105000.0,4533147.5,0.0231627142068507,Market Model,2022-07-18,0.0,0,1,15.32692706855089,0.0043383948,0.0039641113,-0.015327942,250
1941716626.0,CCF,2022-07-18,250000.0,824655.21,0.3031570006087756,Market Model,2022-07-18,0.0,0,1,13.622720650688148,0.194338179,0.1818034788,0.1922361317,250
2007426122.0,KMI,2022-07-19,355000.0,38388317.89,0.0092476049879871,Market Model,2022-07-19,0.0,0,0,17.46326374965859,0.0778443114,0.0232436173,0.0209224157,250
2007418227.0,AN,2022-07-21,85000.0,7126148.5,0.011927901867327,Market Model,2022-07-21,0.0,0,0,15.779281464111252,0.0530092385,-0.033011389,-0.042857834,250
1941711252.0,AMZN,2022-07-21,3900000.0,1250726127.35,0.0031181886383577,Market Model,2022-07-21,0.0,1,0,20.946990121482436,0.1251380199,0.0325074855,0.0287984359,250
1941719996.0,DNA,2022-07-24,300000.0,3193087.16,0.0939529630628686,Market Model,2022-07-25,1.0,0,1,14.97649876853701,-0.023809524,-0.068626947,-0.102646939,248
1941720075.0,MTZ,2022-07-25,1100000.0,5504268.0,0.1998449203418147,Market Model,2022-07-25,0.0089090909090909,1,1,15.521034349270373,0.1098011364,0.0449071697,0.0414430383,250
1941719605.0,CDNS,2022-07-25,500000.0,45930737.7,0.0108859562253449,Market Model,2022-07-25,0.0,0,0,17.642645117570773,0.224943731,0.0693601886,0.081963478,250
1941721888.0,FBMS,2022-07-27,207000.0,609300.72,0.339733719664733,Market Model,2022-07-27,1.0,0,1,13.320067217919789,0.0040983607,-0.029482069,-0.033996341,250
1941724116.0,NGVT,2022-07-31,325000.0,2600192.1,0.1249907651053935,Market Model,2022-08-01,0.0,0,1,14.77109588487776,0.0913842255,-0.001786101,-0.005748254,250
1941723279.0,GPN,2022-08-01,4000000.0,34437972.8,0.1161508554301431,Market Model,2022-08-01,0.0,1,0,17.35467037400276,0.1689262473,0.0989159014,0.1078045097,250
1941724065.0,BWA,2022-08-03,185000.0,9238012.0,0.0200259536359121,Market Model,2022-08-03,0.0,0,1,16.038837268954307,0.1610320285,0.0736156509,0.0780492443,250
1941725334.0,AMGN,2022-08-04,3700000.0,132202847.34,0.02798729433175,Market Model,2022-08-04,0.0,1,0,18.699848023273972,0.0126401631,-0.030415523,-0.031979289,250
1941725968.0,WHR,2022-08-08,3000000.0,9467788.92,0.3168638449113206,Market Model,2022-08-08,0.0,0,1,16.063405955324402,0.0594490392,-0.021867522,-0.027917011,250
2007158966.0,EVRG,2022-08-09,250000.0,15751369.92,0.0158716353732869,Market Model,2022-08-09,0.0,0,1,16.57243789850108,0.0962130542,0.0521937804,0.054553694,250
1941727336.0,DVN,2022-08-09,1800000.0,37963200.0,0.0474143380958401,Market Model,2022-08-09,0.0,0,1,17.4521278274154,0.1924231058,-0.053689659,-0.080374782,250
1941727333.0,SFT,2022-08-09,120958.0,129782.25,0.932007266016732,Market Model,2022-08-09,1.0,0,0,11.773613325056775,0.125,0.0235488883,-0.030543021,250
1941727930.0,CTLT,2022-08-09,475000.0,19720598.52,0.024086490048376,Market Model,2022-08-09,0.0,0,1,16.797174257590964,-0.014170954,-0.123903673,-0.136093115,250
2007115391.0,SAFE,2022-08-11,50328.0,2691379.9,0.0186997012201807,Market Model,2022-08-11,1.0,1,0,14.805564594029544,0.1424916859,0.0381079443,0.0380287453,250
1941730172.0,NVTS,2022-08-15,271313.0,739121.88,0.3670747779784303,Market Model,2022-08-15,0.0,0,1,13.513218111906712,0.3771712159,0.2934209985,0.2522852076,250
1941731686.0,DORM,2022-08-18,590000.0,3344993.44,0.1763830065986616,Market Model,2022-08-18,0.0,0,0,15.02297529040652,-0.145127489,-0.187650528,-0.185486687,250
1941733528.0,TOWN,2022-08-18,56000.0,2254398.54,0.0248403283653652,Market Model,2022-08-18,1.0,0,1,14.628393772503916,0.039957939,-0.003036914,-0.003725652,250
1941732931.0,EBAY,2022-08-22,295000.0,25858751.76,0.0114081299336468,Market Model,2022-08-22,0.0,0,0,17.068159661001463,-0.047557841,-0.0545534,-0.058097294,250
2007006338.0,TFX,2022-08-22,300000.0,11358242.0,0.026412538137504,Market Model,2022-08-22,0.0,0,1,16.24545420576059,-0.161989362,-0.156083748,-0.147937345,250
2007091949.0,HBT,2022-08-23,120482.0,540419.32,0.2229416964589645,Market Model,2022-08-23,0.0,0,1,13.200100635724455,0.0696102534,0.0623217589,0.0620088238,250
1941733467.0,ROCK,2022-08-23,54000.0,1409343.68,0.0383157073510983,Market Model,2022-08-23,0.0,0,1,14.158634678809848,-0.017452403,0.0372074541,0.0320198126,250
1941735842.0,FCF,2022-08-30,131373.0,1332699.21,0.0985766323070004,Market Model,2022-08-30,1.0,0,1,14.10271692478607,-0.102394846,-0.080754,-0.076971095,250
1941736488.0,HPP,2022-08-31,360000.0,1945206.25,0.1850703492238933,Market Model,2022-08-31,0.0,0,1,14.480878570543826,-0.027510316,0.0166728351,0.0114996927,250
1941738875.0,WMB,2022-08-31,423000.0,41802171.84,0.0101190914581915,Market Model,2022-08-31,0.0,0,1,17.548458854039957,-0.013237979,-0.044619393,-0.047546351,250
1941737803.0,EQT,2022-09-06,4610663.0,17491566.96,0.263593479677592,Market Model,2022-09-06,0.4794674865632122,0,1,16.677229434748405,0.1372714971,0.0831013058,0.0814078498,250
2007041993.0,CHD,2022-09-06,630000.0,20448079.62,0.0308097391886035,Market Model,2022-09-06,0.1031746031746031,0,1,16.83339952993116,-0.091426542,-0.095678229,-0.094084622,250
1941739338.0,XL,2022-09-09,600000.0,155320.64,3.8629766140546415,Market Model,2022-09-09,0.0,0,0,11.953246904362482,-0.233576642,0.0691977011,0.0431616963,250
1941740492.0,AM,2022-09-12,205000.0,4861133.28,0.0421712362513129,Market Model,2022-09-12,0.0,0,0,15.396782153878425,-0.02504817,0.0222433324,0.0191963975,250
1941742344.0,OXM,2022-09-19,270000.0,1381044.3,0.1955042282133889,Market Model,2022-09-19,0.0,0,0,14.138350510081134,-0.242385571,-0.102282081,-0.09099846,250
1941742106.0,HEES,2022-09-19,130000.0,1101072.0,0.1180667567606841,Market Model,2022-09-19,0.0,0,1,13.91179480866202,-0.213329131,-0.038496596,-0.034110044,250
1941741507.0,MCK,2022-09-19,875000.0,49766512.5,0.0175821040302954,Market Model,2022-09-19,0.0,0,0,17.722852876046826,-0.068307711,-0.047075348,-0.046714919,250
1941742077.0,SMBC,2022-09-20,140000.0,485906.85,0.2881210668258741,Market Model,2022-09-20,0.0,0,1,13.093772217845562,-0.068555759,-0.022450734,-0.022655511,250
1941743177.0,TALO,2022-09-22,1100000.0,1557548.67,0.7062379630165907,Market Model,2022-09-22,0.7613636363636364,0,1,14.25862377795166,-0.188476562,-0.108283858,-0.118584685,250
1941745427.0,PFS,2022-09-27,1300000.0,1743415.32,0.7456628292104258,Market Model,2022-09-27,1.0,1,1,14.371356574947873,-0.15066778,-0.129644559,-0.126816192,250
2007008382.0,NOG,2022-09-30,180000.0,2129915.85,0.0845103810087145,Market Model,2022-09-30,0.0,0,1,14.57159302986293,0.0457234002,0.0783534197,0.0586102219,250
2007030334.0,AME,2022-09-30,190300.0,26006595.84,0.0073173744526496,Market Model,2022-09-30,0.0,0,1,17.073860749966713,-0.030479557,0.0383874501,0.0348533265,250
2007078885.0,LHX,2022-10-01,1960000.0,39768893.99,0.0492847500484385,Market Model,2022-10-03,0.0,0,1,17.49859560663875,0.012967603,0.026435933,0.0217466667,250
2008151021.0,IR,2022-10-03,105000.0,17441610.06,0.006020086427732,Market Model,2022-10-03,0.0,0,0,16.67436929213801,-0.066556428,0.0198397948,0.0158178426,250
2007006855.0,BXC,2022-10-03,67000.0,576412.2,0.1162362628688289,Market Model,2022-10-03,0.0,0,1,13.264578308740552,-0.036643357,0.065813465,0.0527499051,250
2007064335.0,PB,2022-10-11,336280.0,6230760.03,0.0539709438946246,Market Model,2022-10-11,0.72790531699774,0,1,15.64500887850742,0.035008179,0.0908182063,0.0870136229,250
2007012350.0,FANG,2022-10-11,1597217.0,24642785.61,0.0648147910417989,Market Model,2022-10-11,0.5147810222405597,0,1,17.019994742593553,0.032612652,0.0839635338,0.0728967472,250
2007012868.0,LECO,2022-10-14,427000.0,7198773.84,0.0593156570119446,Market Model,2022-10-14,0.0,0,1,15.789421269483592,-0.036038766,-0.009302351,-0.012002504,250
2007094238.0,CTO,2022-10-17,93900.0,327324.79,0.2868710310636723,Market Model,2022-10-17,0.0,0,0,12.698708198531554,-0.060235064,-0.073504475,-0.076059059,250
2007015124.0,PGTI,2022-10-17,185000.0,1311640.36,0.1410447601658125,Market Model,2022-10-17,0.0,0,1,14.086789095055895,0.0609514371,0.1007931839,0.0887537182,250
2007015012.0,CHCO,2022-10-18,62100.0,1411914.24,0.0439828413374455,Market Model,2022-10-18,1.0,0,0,14.160456958646876,0.1641653539,0.1398555565,0.1498143304,250
2007014771.0,LLY,2022-10-18,610000.0,316180233.0,0.0019292793676953,Market Model,2022-10-18,0.0,1,0,19.571822966554052,0.1514962798,0.1047736147,0.1091109846,250
2007095552.0,PARR,2022-10-20,310000.0,1196960.31,0.2589893728389373,Market Model,2022-10-20,0.0,0,0,13.99529582609564,0.4043982896,0.3218730349,0.3653915903,250
2007018175.0,PEBO,2022-10-25,211844.0,869057.67,0.2437628793955641,Market Model,2022-10-25,1.0,1,1,13.675164765681924,0.037303217,0.0031325276,-0.002512521,250
2007020969.0,VSH,2022-10-28,107500.0,2671099.2,0.0402456037574343,Market Model,2022-10-28,0.0,0,1,14.79800063105051,0.1641791045,0.1165153349,0.1219660967,250
2007022979.0,VSCO,2022-11-01,700000.0,3054849.6,0.2291438504861254,Market Model,2022-11-01,0.0,0,1,14.932240918606729,0.3388320686,0.2822019541,0.3192421006,244
2007029467.0,VOYA,2022-11-01,570000.0,6693742.84,0.0851541527101749,Market Model,2022-11-01,0.0,1,0,15.716683743523095,0.088005111,0.0470215382,0.0461749072,250
2007022761.0,NX,2022-11-01,92000.0,734138.64,0.1253169292383248,Market Model,2022-11-01,0.0,0,0,13.506453172594323,0.1689708141,0.1154059837,0.1208831439,250
2007022204.0,MYGN,2022-11-01,100000.0,1680645.16,0.0595009597385804,Market Model,2022-11-01,0.0,0,0,14.334688301470695,-0.080694586,-0.110894987,-0.134280474,250
2007106686.0,WTTR,2022-11-01,101380.0,946800.1,0.1070764567937836,Market Model,2022-11-01,0.8757151311895838,0,0,13.760843262240888,0.2913557342,0.2070162727,0.2246118909,250
2007022869.0,JNJ,2022-11-01,18191131.0,454841781.48,0.0399944150706829,Market Model,2022-11-01,0.0,1,0,19.935460183431093,0.0651960784,0.048573916,0.0492904989,250
2007485560.0,HST,2022-11-02,315000.0,13483014.0,0.0233627288379289,Market Model,2022-11-02,0.0,0,1,16.416941228960255,-0.002967359,-0.006620349,-0.007895644,250
2007023403.0,MRO,2022-11-02,3000000.0,20957673.12,0.1431456623463168,Market Model,2022-11-02,0.0,0,1,16.858015395987287,0.1558490566,0.0706688842,0.0712217695,250
2007030429.0,LPLA,2022-11-03,140000.0,20609236.0,0.0067930708348431,Market Model,2022-11-03,0.0,0,1,16.84124988279576,0.0056128678,-0.100579014,-0.10472507,250
2007061060.0,KRP,2022-11-03,270700.0,1113960.76,0.2430067644393506,Market Model,2022-11-03,0.444403398596232,0,1,13.923432474432454,0.0005464481,-0.075699801,-0.082276107,250
2007026899.0,MLNK,2022-11-04,65000.0,1319300.7,0.0492685253634747,Market Model,2022-11-04,0.0,0,1,14.092612381456128,-0.133938706,-0.196043871,-0.198238086,250
2007027121.0,OUST,2022-11-07,211985.0,212612.4,0.9970490902694292,Market Model,2022-11-07,1.0,1,1,12.267226068683003,0.3033051819,0.3169537517,0.2964818099,250
2007026893.0,FLGT,2022-11-07,100000.0,1118055.24,0.0894410190322975,Market Model,2022-11-07,0.0,0,1,13.927101341136671,-0.045188729,-0.110767389,-0.123485739,250
2007027911.0,VTRS,2022-11-07,348809.0,11763044.5,0.0296529525158219,Market Model,2022-11-07,0.0,1,0,16.280473352983964,0.3226544622,0.2574020854,0.2872648788,250
2007027545.0,ATKR,2022-11-08,91600.0,3817233.98,0.0239964331450282,Market Model,2022-11-08,0.0,0,0,15.15503662929846,0.2097782831,-0.008109375,-0.012560032,250
2007028352.0,GTLS,2022-11-09,4400000.0,8772983.45,0.5015397584045369,Market Model,2022-11-09,0.0,0,0,15.98718749463889,-0.36816623,-0.514608838,-0.529224505,250
2007028529.0,CBRE,2022-11-09,110000.0,22542961.15,0.004879571910188,Market Model,2022-11-09,0.0,0,0,16.930933431061675,0.0925631769,0.0021638639,-0.004589973,250
2007031316.0,WAFD,2022-11-13,654000.0,2492339.5,0.262404058516105,Market Model,2022-11-14,1.0,0,1,14.728732385565262,0.0101765343,-0.056448653,-0.06426916,250
1941712940.0,EL,2022-11-15,2800000.0,51054652.54,0.0548431898112767,Market Model,2022-11-15,0.0,0,0,17.748407235346814,0.0437130247,-0.040600358,-0.056174674,250
2007035123.0,EVH,2022-11-17,810000.0,2182662.7,0.3711063555537005,Market Model,2022-11-17,0.0,0,0,14.596056111454592,-0.143699565,-0.278409521,-0.306264162,250
2007035183.0,FCBC,2022-11-18,113200.0,623526.75,0.1815479448155191,Market Model,2022-11-18,1.0,0,0,13.343146946149044,0.1047248547,0.048893681,0.0507722667,250
2007039803.0,BSX,2022-11-29,615000.0,62690377.06,0.0098101180570567,Market Model,2022-11-29,0.0,1,0,17.95371851790745,0.046339203,0.0420071331,0.0422536305,250
2007039893.0,NXGN,2022-11-30,90500.0,1338579.0,0.0676090092553372,Market Model,2022-11-30,0.0,0,0,14.107119161493348,-0.055389222,-0.08214777,-0.084428135,250
1941689283.0,CTVA,2022-11-30,1200000.0,47118602.0,0.0254676486369438,Market Model,2022-11-30,0.0,0,0,17.668178427937082,-0.022003363,-0.072552409,-0.076436647,250
2007042911.0,BY,2022-11-30,129000.0,832963.84,0.1548686675282327,Market Model,2022-11-30,0.0,0,1,13.63274551084302,-0.019962316,-0.02625913,-0.027843208,250
2007041335.0,IART,2022-12-01,140000.0,4588478.92,0.0305112004306647,Market Model,2022-12-01,0.0,0,0,15.339059137136722,0.1089303238,0.1159938821,0.1174207304,250
2007041163.0,HI,2022-12-01,59000.0,3444000.0,0.0171312427409988,Market Model,2022-12-01,0.0,0,1,15.05214414452976,0.1398399289,0.1063090939,0.1091727879,250
2007042800.0,NBTB,2022-12-05,199373.0,1982206.8,0.1005813318771785,Market Model,2022-12-05,1.0,1,0,14.499721327480591,-0.077773992,-0.128091274,-0.129487902,250
2007044244.0,NRG,2022-12-06,5200000.0,9408882.56,0.5526692427968831,Market Model,2022-12-06,0.0,0,0,16.057164754244518,-0.246674183,-0.306204296,-0.289480282,250
2007090454.0,ARKO,2022-12-07,140200.0,1095084.0,0.1280267084534154,Market Model,2022-12-07,0.0,0,0,13.906341630619265,-0.115198247,-0.167891389,-0.167324368,250
2007058145.0,DLHC,2022-12-08,185000.0,159434.34,1.160352280443473,Market Model,2022-12-08,0.0378378378378378,0,0,11.979387455009196,-0.03756574,-0.101066937,-0.114338758,250
2007057409.0,SMMF,2022-12-09,53900.0,351349.69,0.153408417693495,Market Model,2022-12-09,1.0,0,1,12.769537274308869,-0.097176396,-0.139563784,-0.1374224,250
2007135438.0,LAMR,2022-12-12,78600.0,8264678.73,0.0095103515294175,Market Model,2022-12-12,0.0,0,1,15.927501417338384,-0.017701002,0.0246674073,0.0218079311,250
2007058023.0,RICK,2022-12-13,66500.0,779273.12,0.0853359345950492,Market Model,2022-12-13,0.2406015037593984,0,1,13.56611686674351,0.1064660478,0.1444174312,0.1475407812,250
2007059715.0,FRBA,2022-12-14,129700.0,297672.33,0.4357139946463952,Market Model,2022-12-14,0.6979259830377795,0,1,12.60374859676542,-0.06981383,-0.075208313,-0.082078126,250
2007059691.0,SHBI,2022-12-14,254400.0,381273.6,0.6672373854365999,Market Model,2022-12-14,1.0,1,1,12.851272506627277,-0.119736175,-0.128835059,-0.126276464,250
2007060009.0,DBX,2022-12-15,95000.0,6654176.76,0.0142767472861661,Market Model,2022-12-15,0.0,0,1,15.710755299680228,-0.02139738,0.0600465725,0.055710471,250
2007062683.0,MPB,2022-12-20,53900.0,491578.85,0.1096467026602141,Market Model,2022-12-20,0.5,0,1,13.10537763296576,-0.097728631,-0.094753947,-0.092189707,250
2007065556.0,AMPS,2022-12-27,293000.0,1011740.73,0.2895998859312504,Market Model,2022-12-27,0.0,0,0,13.827182900353662,0.0540935673,0.0722156155,0.0449885663,250
2007073155.0,TRN,2022-12-30,80000.0,2429065.52,0.0329344759708251,Market Model,2022-12-30,0.0,0,1,14.703017181683917,-0.130590924,-0.091997996,-0.090940306,250
2007588329.0,OXY,2022-12-31,400000.0,57252492.86,0.0069865953431603,Market Model,2023-01-03,0.0,0,1,17.86298174285675,-0.065650889,-0.14560894,-0.150097022,250
2007076111.0,ZEUS,2023-01-03,131000.0,373745.4,0.3505059861606323,Market Model,2023-01-03,0.0,0,1,12.831330095918986,0.0107277472,0.0252514775,0.0167980446,250
2007071059.0,PRGS,2023-01-03,355000.0,2182315.65,0.1626712432731717,Market Model,2023-01-03,0.0,0,0,14.595897095774374,-0.029994445,-0.005436546,-0.005135669,250
2007076106.0,MSFT,2023-01-09,190000.0,1675053710.0,0.0001134291986374,Market Model,2023-01-09,0.0,0,0,21.23911106738099,-0.016450464,-0.039415318,-0.041923343,250
2007083787.0,LIVE,2023-01-19,84000.0,111691.0,0.752074920987367,Market Model,2023-01-19,0.0507619047619047,0,0,11.623491408847825,0.3939393939,0.3200366067,0.3589296067,250
2007084856.0,XYL,2023-01-22,7500000.0,19856859.96,0.3777032227204164,Market Model,2023-01-23,1.0,0,1,16.804060095319464,-0.066395789,-0.11530798,-0.120013988,250
2007088705.0,MQ,2023-01-30,275000.0,3288942.8,0.0836134942815059,Market Model,2023-01-30,0.0,0,0,15.006076733715616,0.1666666667,0.0133933142,0.0018683151,250
2007091362.0,MGRC,2023-02-01,400000.0,2427581.52,0.1647730453970501,Market Model,2023-02-01,0.0,0,0,14.702406060458117,0.0475498478,-0.02144874,-0.027012374,250
2007096616.0,POST,2023-02-08,1200000.0,5534561.76,0.2168193349422484,Market Model,2023-02-08,0.4491666666666666,0,1,15.526522944838517,-0.047518256,-0.119406516,-0.123282371,250
1941486994.0,CPUH,2023-02-09,378120.0,888375.0,0.425631067961165,Market Model,2023-02-09,1.0,0,0,13.697149230129195,0.0048971596,0.0022688072,0.0022306786,250
1941616525.0,GMED,2023-02-09,3100000.0,5957627.52,0.5203413589710288,Market Model,2023-02-09,1.0,1,1,15.600182892677694,-0.171686747,-0.218197805,-0.224659833,250
1941596128.0,GATE,2023-02-14,750000.0,19449.6,38.56120434353406,Market Model,2023-02-14,1.0,0,1,9.87558178328242,-0.000496278,-0.001530958,-0.003461147,237
2007130936.0,BRDG,2023-02-14,320100.0,425836.32,0.7516972718531852,Market Model,2023-02-14,0.0,0,1,12.96181032606592,-0.038277512,-0.044295485,-0.048028105,250
2007110944.0,REPX,2023-02-22,330000.0,601776.0,0.5483768046582117,Market Model,2023-02-22,0.0,0,1,13.307640562023916,-0.110866132,-0.179445339,-0.183826138,250
2007110018.0,MO,2023-03-03,3250000.0,83264357.58,0.0390323073936818,Market Model,2023-03-03,0.0,0,0,18.237531135378145,-0.019562474,-0.016124955,-0.016893278,250
2007113660.0,HNI,2023-03-08,485000.0,1239725.58,0.3912156107967054,Market Model,2023-03-08,0.3,1,1,14.03040060663772,-0.164676752,-0.097669986,-0.097537985,250
1941704614.0,PFE,2023-03-13,43000000.0,221108477.85,0.1944746778509831,Market Model,2023-03-13,0.0,1,1,19.214163989054573,-0.058375635,-0.048395646,-0.047938792,250
2007116573.0,TDG,2023-03-14,725000.0,38363830.68,0.0188980085447504,Market Model,2023-03-14,0.0,0,1,17.46262566430757,-0.019179432,-0.019774062,-0.022534817,250
2007626157.0,CF,2023-03-20,1675000.0,13885824.24,0.1206266168323616,Market Model,2023-03-20,0.0,0,1,16.44637903886252,-0.181104208,-0.251970606,-0.241551792,250
2007120029.0,AIR,2023-03-20,140000.0,1744801.2,0.0802383675572896,Market Model,2023-03-20,0.0,0,0,14.37215118162723,0.0025730564,-0.009035666,-0.013579847,250
2007122774.0,KNX,2023-03-21,808000.0,8542589.04,0.0945849081837606,Market Model,2023-03-21,0.0,1,1,15.96057468609549,-0.073632112,-0.053343472,-0.055696951,250
2007121999.0,FMBH,2023-03-21,90300.0,556083.61,0.1623856527618212,Market Model,2023-03-21,1.0,0,1,13.228673939624969,-0.158302354,-0.136300879,-0.129987151,250
2007124991.0,ET,2023-03-27,1450000.0,36206749.8,0.040047781366998,Market Model,2023-03-27,0.3793103448275862,0,0,17.404756117978298,-0.00311042,-0.079108444,-0.085399749,250
2007126878.0,KYN,2023-03-27,333780.0,1089056.0,0.3064856169012429,Market Model,2023-03-27,0.0,1,1,13.900821823917116,-0.024417314,-0.080580539,-0.084411495,250
2007129282.0,DSGR,2023-03-30,319200.0,793194.48,0.4024233754122948,Market Model,2023-03-30,0.0,0,1,13.583823716450764,-0.083109319,-0.074773369,-0.094428157,250
1941664277.0,OVV,2023-04-03,4275000.0,8790639.44,0.4863127454127501,Market Model,2023-04-03,0.2807017543859649,0,1,15.989198013318092,-0.141339121,-0.224722428,-0.236409283,250
2007133359.0,LBRT,2023-04-10,78000.0,2342289.6,0.0333007498304223,Market Model,2023-04-10,0.0,0,0,14.666639470490882,-0.108944183,-0.230197413,-0.244364043,250
2007141292.0,ATEC,2023-04-19,55000.0,1780689.48,0.0308869124110285,Market Model,2023-04-19,0.0,0,1,14.392511195582882,-0.028086218,-0.106026217,-0.114878359,250
2007142380.0,ASRT,2023-04-25,277044.0,356236.8,0.7776961841112429,Market Model,2023-04-25,0.0,1,1,12.783350957246952,-0.011945392,-0.128215433,-0.164243183,250
2007144119.0,CVLG,2023-04-26,130000.0,381240.58,0.3409920318555805,Market Model,2023-04-26,0.0,0,1,12.851185898401784,0.1861967695,0.0861523748,0.0862657911,250
2007144177.0,DGX,2023-04-27,450000.0,16346669.32,0.0275285436556442,Market Model,2023-04-27,0.0,0,0,16.609534723240582,-0.019505151,-0.041529395,-0.043045132,250
2007145743.0,SPXC,2023-05-01,418000.0,2887378.56,0.1447679932900797,Market Model,2023-05-01,0.0,0,1,14.875859575784904,0.0242337847,-0.012830543,-0.035091194,250
2007147828.0,AFG,2023-05-02,240000.0,10487268.0,0.0228848924238419,Market Model,2023-05-02,0.0,0,1,16.16567250793961,-0.041065674,-0.065844795,-0.066880203,250
2007192515.0,CRGY,2023-05-02,600000.0,560554.02,1.0703696318153244,Market Model,2023-05-02,0.0,0,0,13.236680895083987,-0.061007958,-0.07877704,-0.086025802,250
2007147550.0,ITT,2023-05-02,80000.0,7027846.0,0.0113832887060985,Market Model,2023-05-02,0.0,0,1,15.765390815698447,-0.046349942,-0.047738673,-0.047991428,250
2007148591.0,CPE,2023-05-03,532945.0,1902980.0,0.2800581193706712,Market Model,2023-05-03,0.0,0,1,14.458931636501566,-0.165179778,-0.184507141,-0.18188329,250
2007148346.0,VSEC,2023-05-04,124000.0,658603.46,0.1882771766792722,Market Model,2023-05-04,0.0,0,0,13.397876902478776,0.0859505782,0.0962778829,0.0692167344,250
2007151499.0,COOP,2023-05-10,324000.0,2883745.88,0.1123538666312719,Market Model,2023-05-10,0.0,1,1,14.874600659773805,0.0311778291,0.0002359835,-0.004250328,250
2007153104.0,OKE,2023-05-14,18800000.0,28496922.12,0.6597203698291891,Market Model,2023-05-15,0.4680851063829787,0,0,17.16530664361744,-0.120720179,-0.159343456,-0.158566616,250
2007153500.0,TPG,2023-05-14,2700000.0,1964559.07,1.374354195417499,Market Model,2023-05-15,0.4925925925925926,0,1,14.490778386248373,-0.097999322,-0.131834545,-0.133409182,250
2007124413.0,HEI,2023-05-15,2050000.0,10842289.2,0.1890744622454822,Market Model,2023-05-15,0.073170731707317,0,1,16.198964712492053,0.0628415301,0.0234502452,0.0206034991,250
2007124413.0,HEI,2023-05-15,2050000.0,10842289.2,0.1890744622454822,Market Model,2023-05-15,0.073170731707317,0,1,16.198964712492053,0.0667964655,0.0305336664,0.0286305027,250
2007155172.0,IBM,2023-05-16,60000.0,112016431.2,0.0005356357041305,Market Model,2023-05-16,0.0,0,0,18.534156125641783,0.0165548062,0.0097906393,0.0093798945,250
2007156314.0,REG,2023-05-18,1400000.0,10050145.62,0.1393014641712226,Market Model,2023-05-18,0.0,1,1,16.123097681916626,-0.093657575,-0.101233995,-0.098675205,250
2007157373.0,USFD,2023-05-19,142000.0,9239740.8,0.0153683964814251,Market Model,2023-05-19,0.0,0,1,16.039024391276353,0.0719077006,0.0362006155,0.0353319364,250
2007158316.0,CVX,2023-05-21,7600000.0,295973005.02,0.0256780174917859,Market Model,2023-05-22,0.8289473684210527,0,1,19.505778808872673,-0.085730405,-0.131066307,-0.131024839,250
2007158382.0,GIC,2023-05-22,69200.0,924876.12,0.0748208311400666,Market Model,2023-05-22,0.0,0,0,13.737415083201574,-0.02728764,-0.046439988,-0.056144241,250
2007158303.0,CHRD,2023-05-22,375000.0,6106603.5,0.0614089321502534,Market Model,2023-05-22,0.0,0,1,15.624881284602187,0.0515260666,0.0017119885,-0.002795547,250
2007159494.0,RYAN,2023-05-23,255000.0,5003466.75,0.0509646636504579,Market Model,2023-05-23,0.0,0,1,15.425641580142312,0.0192403798,-0.005876425,-0.009770911,250
2007159777.0,GNL,2023-05-23,950000.0,1077392.1,0.8817588322765685,Market Model,2023-05-23,1.0,1,1,13.890053956734638,-0.146406389,-0.178586199,-0.177679829,250
2007160644.0,SR,2023-05-25,175000.0,3470137.84,0.0504302733980158,Market Model,2023-05-25,0.0,0,0,15.05970487447703,-0.031633407,-0.077411845,-0.080172816,250
2007162663.0,OSK,2023-05-26,800000.0,4839114.26,0.1653195103518799,Market Model,2023-05-26,0.0,0,0,15.392242257813283,0.0638428583,0.0410564534,0.0379907844,250
2007162724.0,EFC,2023-05-30,58809.0,881738.32,0.0666966589361796,Market Model,2023-05-30,0.9489873998877724,1,1,13.689650601625534,0.0303256119,0.0115210822,0.0078618147,250
2007168107.0,THS,2023-06-07,100000.0,2673225.58,0.0374079915844588,Market Model,2023-06-07,0.0,0,1,14.798796383629082,-0.017135407,-0.06846351,-0.073683256,250
2007170158.0,MMSI,2023-06-08,100000.0,4900788.56,0.0204048794955561,Market Model,2023-06-08,0.0,0,1,15.404906680745158,-0.028486998,-0.113465573,-0.117833092,250
2007171958.0,CWST,2023-06-12,219000.0,4708065.0,0.0465159253323817,Market Model,2023-06-12,0.0,0,1,15.36478755355417,-0.078897137,-0.126385613,-0.126434063,250
2007171413.0,NDAQ,2023-06-12,10500000.0,28381055.61,0.3699650972918833,Market Model,2023-06-12,0.4523809523809524,0,0,17.161232424564687,-0.06125925,-0.115870183,-0.124729038,250
2007172214.0,PTEN,2023-06-15,5400000.0,2317789.11,2.3298064421400273,Market Model,2023-06-15,1.0,1,1,14.656124319450472,0.1433762431,0.0743454752,0.0560671033,250
2007175538.0,CHRS,2023-06-16,65000.0,507107.37,0.1281779832937549,Market Model,2023-06-16,0.0,1,0,13.136478035300058,-0.241035857,-0.265823248,-0.289961835,250
2007174802.0,WAB,2023-06-16,320000.0,18389908.8,0.0174008475778846,Market Model,2023-06-16,0.0,0,1,16.72731263735124,0.0642780721,0.0071771975,0.004921428,250
2007219409.0,CIVI,2023-06-20,2250000.0,5578305.95,0.4033482602366046,Market Model,2023-06-20,0.0,0,1,15.534395695073789,-0.024987751,-0.117299194,-0.129233156,250
2007176576.0,MEC,2023-06-20,96000.0,287166.04,0.3343013679472684,Market Model,2023-06-20,0.0,0,1,12.567815864039352,0.0472440945,-0.027948763,-0.04985395,250
2007181472.0,UNH,2023-06-26,3300000.0,444102264.0,0.0074307209566488,Market Model,2023-06-26,0.0,1,0,19.911565418200247,-0.002124695,-0.036033949,-0.040457837,250
2007183876.0,ADUS,2023-06-29,106000.0,1489147.6,0.0711816612402961,Market Model,2023-06-29,0.0,0,1,14.213714433684222,-0.02172683,-0.081422239,-0.085150723,250
2007145139.0,MOH,2023-06-30,425000.0,17185091.0,0.0247307389876492,Market Model,2023-06-30,0.0,0,1,16.659552763567735,0.1024096386,0.0939416576,0.0942438741,250
2007184839.0,RES,2023-06-30,79500.0,1540554.4,0.0516047988957741,Market Model,2023-06-30,0.0,0,1,14.24765290960536,0.1578947368,0.0898215539,0.0852859966,250
2007209482.0,WEX,2023-07-01,180000.0,7800060.87,0.023076742989571,Market Model,2023-07-03,0.0,0,1,15.869642095475523,0.1229406554,0.0425553036,0.0432569533,250
2007188464.0,DOCN,2023-07-06,111000.0,3532093.01,0.0314261260068007,Market Model,2023-07-06,0.0,0,1,15.07740117388135,0.1627134725,0.0488733502,0.0372359271,250
2007187341.0,TMO,2023-07-06,912500.0,200806352.6,0.0045441789474542,Market Model,2023-07-06,0.0,0,0,19.11785158173561,0.0162451197,-0.048814863,-0.051838041,250
2007192615.0,REI,2023-07-11,75000.0,359063.12,0.2088769239235708,Market Model,2023-07-11,0.0,0,1,12.791253473742607,0.1666666667,0.1293743229,0.1245025253,250
2007193382.0,PWSC,2023-07-11,300000.0,3194212.0,0.0939198775785702,Market Model,2023-07-11,0.0,0,0,14.976850980006509,0.238956892,0.1179224604,0.1307603691,250
2007084849.0,XOM,2023-07-13,4900000.0,430537472.65,0.0113811231571552,Market Model,2023-07-13,1.0,0,1,19.88054492252707,-0.028284157,-0.101602635,-0.106432847,250
2007253709.0,MIRM,2023-07-17,445000.0,1003327.5,0.4435241733133,Market Model,2023-07-17,0.0,0,1,13.81883253408656,-0.127073773,-0.182606189,-0.183121465,250
2007197390.0,JCI,2023-07-17,455000.0,47141862.29,0.0096517188311526,Market Model,2023-07-17,0.0,0,0,17.668671960207423,0.0742540225,0.0311995767,0.0323629885,250
2007269497.0,BRY,2023-07-17,70000.0,547029.03,0.1279639583295972,Market Model,2023-07-17,0.0,0,1,13.212257151293876,0.0622347949,0.0138346732,0.0084072501,250
2007206602.0,PSA,2023-07-24,2200000.0,51289634.76,0.042893656979514,Market Model,2023-07-24,0.0,0,0,17.752999238263865,-0.005471232,-0.028751205,-0.030451387,250
2007206178.0,BANC,2023-07-25,1019600.0,757374.25,1.346230083739974,Market Model,2023-07-25,1.0,1,1,13.53761279598438,0.2013710368,0.1784770691,0.1865091513,250
2007206542.0,AUB,2023-07-25,416800.0,2320345.3,0.1796284371985497,Market Model,2023-07-25,1.0,1,1,14.65722656877438,0.2111068847,0.147030909,0.1590336918,250
2007209102.0,BIIB,2023-07-28,7300000.0,38058036.17,0.1918123144187447,Market Model,2023-07-28,0.0,1,1,17.454622820235144,-0.05316527,-0.1217567,-0.124170294,250
2007210387.0,RMR,2023-07-31,100000.0,368178.12,0.271607666419721,Market Model,2023-07-31,0.0,0,0,12.816322121789462,0.0144315974,0.0030758744,0.0014358759,250
2007211922.0,RVMD,2023-08-01,1070000.0,2864951.25,0.3734793044035217,Market Model,2023-08-01,1.0,0,0,14.8680618922794,0.1278504673,0.0834056001,0.0676997741,250
2007216490.0,SPT,2023-08-02,140000.0,2719049.46,0.0514885816016013,Market Model,2023-08-02,0.0,0,1,14.81579291396038,-0.043787748,-0.053193369,-0.071834835,250
2007220611.0,ROP,2023-08-07,1400000.0,51937310.81,0.0269555735205767,Market Model,2023-08-07,0.0,0,0,17.765547987925896,0.0415608405,0.0302730766,0.0303374457,250
2007219460.0,CPB,2023-08-07,2328209.0,13458853.8,0.1729871677482669,Market Model,2023-08-07,0.0,0,0,16.415147722537046,-0.040843215,-0.066894563,-0.067839316,250
2007221273.0,GBCI,2023-08-08,80600.0,3766253.9,0.0214005752506489,Market Model,2023-08-08,1.0,0,1,15.14159140493889,0.0359281437,0.0702389977,0.061043272,250
2007224247.0,ALGM,2023-08-08,420000.0,8087487.04,0.0519320770373685,Market Model,2023-08-08,0.0,0,1,15.905828615317056,-0.15117801,-0.210385406,-0.21815485,250
2007226212.0,REGN,2023-08-09,213000.0,83292137.12,0.002557264195216,Market Model,2023-08-09,0.0,1,1,18.23786471036491,0.1123139378,0.0922941869,0.0959060015,250
2007224647.0,FWRD,2023-08-10,2100000.0,2826560.0,0.7429525642477075,Market Model,2023-08-10,0.9904761904761904,0,1,14.854570982538904,-0.419599872,-0.479841082,-0.405385735,250
2007227919.0,HRMY,2023-08-14,164000.0,1914600.0,0.0856575786064974,Market Model,2023-08-14,0.0,1,0,14.46501928149439,-0.0854314,-0.069276368,-0.070337567,250
2007233813.0,BRKR,2023-08-17,108000.0,9648242.1,0.0111937489628291,Market Model,2023-08-17,0.0,1,0,16.082286290917853,-0.182790022,-0.178200467,-0.164237398,250
2007236095.0,PR,2023-08-21,4500000.0,4051159.43,1.110793114355413,Market Model,2023-08-21,1.0,1,1,15.21451367712505,0.2213498608,0.1951541442,0.213551877,250
2007237661.0,AVAV,2023-08-22,120000.0,2473288.44,0.0485184008703813,Market Model,2023-08-22,0.0,0,0,14.721059175367326,-0.01410642,-0.031108094,-0.032387261,250
2007237195.0,MTSI,2023-08-22,125000.0,5140241.08,0.024317925570915,Market Model,2023-08-22,0.4,0,0,15.452610539055184,0.2375967228,0.234628306,0.2475301486,250
2007240857.0,PSN,2023-08-23,200000.0,5865700.58,0.0340965238972358,Market Model,2023-08-23,0.0,0,1,15.584632483916405,0.1823663963,0.1608922523,0.1696463272,250
2007245192.0,ELF,2023-08-29,355000.0,6673279.34,0.0531972336107842,Market Model,2023-08-29,0.1971830985915492,0,0,15.713621952241416,0.1461617546,0.0348837226,0.0152068294,250
2007313356.0,WTS,2023-08-30,268000.0,5160652.32,0.0519314193985461,Market Model,2023-08-30,0.0,0,0,15.45657354807224,-0.027483338,-0.016460702,-0.017076821,250
2007247293.0,ZVRA,2023-08-31,90287.0,179844.9,0.5020270243971333,Market Model,2023-08-31,0.1582398351922203,1,1,12.099850091757569,0.0935550936,0.1010919365,0.0904716386,250
2007251447.0,WES,2023-09-05,885000.0,10423066.5,0.0849078339853247,Market Model,2023-09-05,0.0,0,1,16.159531840821995,-0.05785124,-0.057654514,-0.05773386,250
2007255908.0,TCPC,2023-09-06,257630.0,719199.15,0.3582178872152449,Market Model,2023-09-06,0.0,1,1,13.485893580270108,-0.018081761,0.0049570188,0.0041417334,250
2007253125.0,JBSS,2023-09-06,61000.0,889314.03,0.0685921934684871,Market Model,2023-09-06,0.0,0,1,13.698205691716677,-0.026122122,-0.066864863,-0.070984359,250
2007255775.0,SUM,2023-09-07,3200000.0,4281444.0,0.7474113873730451,Market Model,2023-09-07,0.615375,0,1,15.269800893834644,-0.166497976,-0.190364074,-0.181578241,250
2007626733.0,SJM,2023-09-11,5600000.0,14459706.98,0.387283090020127,Market Model,2023-09-11,0.1008308928571428,1,1,16.48687651031253,-0.133017686,-0.156310348,-0.150637086,250
2007265181.0,VTLE,2023-09-13,517650.0,1106521.5,0.467817389901597,Market Model,2023-09-13,1.0,0,1,13.916731868921612,-0.068725455,0.0430847868,0.0326564301,250
2007264530.0,GXO,2023-09-14,181000.0,7208710.96,0.0251085112171011,Market Model,2023-09-14,0.0,1,0,15.79080070825638,-0.09793408,-0.065326718,-0.062737928,250
2007267750.0,KN,2023-09-18,263000.0,1298802.0,0.2024942985920871,Market Model,2023-09-18,0.0,0,0,14.07695285909261,-0.106473079,-0.085810933,-0.083622778,250
2007270533.0,EBC,2023-09-19,528000.0,2365215.57,0.2232354660171631,Market Model,2023-09-19,1.0,1,1,14.67637972585996,-0.070926201,-0.011718953,-0.015408686,250
2007270362.0,AJG,2023-09-19,510000.0,50236603.66,0.0101519601812986,Market Model,2023-09-19,0.0,0,1,17.732254475530162,0.0495627923,0.0427739309,0.0434189525,250
2007269605.0,REZI,2023-09-19,87500.0,2390502.07,0.0366031893877423,Market Model,2023-09-19,0.0,0,1,14.687013972975551,-0.016811955,0.0491143964,0.0462283906,250
2007368426.0,SAIA,2023-09-21,235700.0,10380492.0,0.0227060528537568,Market Model,2023-09-21,0.0,0,1,16.155438833422657,-0.017537432,-0.023733143,-0.026006296,250
1941652248.0,CSCO,2023-09-21,28000000.0,225044619.0,0.1244197711743554,Market Model,2023-09-21,0.0,1,0,19.231809247175192,-0.028489001,-0.021854551,-0.022458349,250
2007368416.0,XPO,2023-09-21,870000.0,8001723.0,0.1087265830121837,Market Model,2023-09-21,0.0,0,1,15.895167451454244,0.0777441223,0.1111349535,0.1094081148,250
2007279140.0,CPK,2023-09-26,923000.0,1912999.53,0.4824883569103647,Market Model,2023-09-26,0.0,0,1,14.464183002734956,-0.153198992,-0.141634898,-0.133211515,250
2007286348.0,RITM,2023-10-02,712000.0,4490052.09,0.1585727705889487,Market Model,2023-10-02,0.0,0,0,15.317374860987444,-0.074606214,-0.029321938,-0.028724949,250
2007290004.0,FOUR,2023-10-02,100000.0,3126577.79,0.0319838515836191,Market Model,2023-10-02,0.0,0,0,14.955449606537154,-0.068497975,-0.046455675,-0.051820173,250
2007289984.0,DOV,2023-10-04,530000.0,19271839.72,0.0275012664955891,Market Model,2023-10-04,0.0,0,0,16.774155506513328,-0.011128112,0.0171829497,0.0166905863,250
2007292116.0,ABBV,2023-10-05,655000.0,260679791.43,0.0025126612093975,Market Model,2023-10-05,0.0,0,1,19.37880335932839,0.028638143,0.0496019751,0.0488569604,250
2007035666.0,BMY,2023-10-08,5800000.0,118368575.98,0.0489994912245965,Market Model,2023-10-09,0.0,0,0,18.589313839613563,-0.050516654,-0.02607376,-0.025571464,250
2007297527.0,CWBC,2023-10-10,99002.0,112837.5,0.8773856209150327,Market Model,2023-10-10,1.0,1,0,11.63370400960641,-0.06744186,-0.043660394,-0.047006166,250
2007300607.0,TEAM,2023-10-12,975000.0,30750802.1,0.0317064900235561,Market Model,2023-10-12,0.0974358974358974,0,1,17.241426636429452,-0.078941069,0.045768368,0.0348263363,250
2007302839.0,APH,2023-10-13,134837.0,50185639.56,0.0026867646040217,Market Model,2023-10-13,0.0,1,1,17.73123947919586,-0.074621583,-0.014549449,-0.014670109,250
2007903039.0,MMU,2023-10-16,102601.0,390312.0,0.2628691918260263,Market Model,2023-10-16,1.0,0,1,12.874701698276391,-0.07326721,-0.05750686,-0.05541925,250
2007312694.0,SHOO,2023-10-23,52000.0,2479290.3,0.0209737439782666,Market Model,2023-10-23,0.0,0,0,14.723482907832064,0.0486066105,0.1094573344,0.1072829999,250
2007313476.0,ORA,2023-10-23,271000.0,4004879.6,0.067667452474726,Market Model,2023-10-23,0.0,0,1,15.20302407561074,-0.158176576,-0.134835408,-0.125052508,250
2007313353.0,AMN,2023-10-23,300000.0,2801615.0,0.1070810942973963,Market Model,2023-10-23,0.0,0,1,14.845706594582772,-0.100642658,-0.054092967,-0.057456615,250
2007318207.0,SHEN,2023-10-24,450000.0,1098268.4,0.4097359079073931,Market Model,2023-10-24,0.1777777777777777,0,1,13.909245315624382,0.1452081317,0.2143940967,0.2129228676,250
2007317267.0,UCTT,2023-10-25,120000.0,1097152.0,0.109374088549262,Market Model,2023-10-25,0.0,0,1,13.908228289367154,-0.134094151,-0.112982726,-0.109700192,250
2007318911.0,ONB,2023-10-26,344400.0,3903097.24,0.0882376171596483,Market Model,2023-10-26,1.0,1,1,15.177280960020989,-0.015352408,-0.005261355,-0.00825313,250
2007321462.0,UTHR,2023-10-30,136553.0,10302494.62,0.0132543626603708,Market Model,2023-10-30,0.0,1,0,16.147896619991624,0.0102271218,0.0020933,-0.000746064,250
2007322394.0,IEX,2023-10-30,206000.0,14433933.84,0.0142719235298919,Market Model,2023-10-30,0.0,0,0,16.485092508981847,-0.066953923,-0.077074775,-0.076897743,250
2007322375.0,INST,2023-10-30,835000.0,3491781.75,0.2391329297714555,Market Model,2023-10-30,0.0,0,1,15.065922693988425,-0.032283465,-0.04213113,-0.044822242,250
2007322436.0,HUBB,2023-10-30,1100000.0,15071383.62,0.0729859996755891,Market Model,2023-10-30,0.0,0,1,16.528308379261393,-0.112185316,-0.173778796,-0.173518029,250
2007321408.0,OMC,2023-10-30,950000.0,14618278.29,0.0649871333103482,Market Model,2023-10-30,0.0,0,0,16.49778324132929,0.0346401719,0.0067090964,0.0056700565,250
2007323765.0,AME,2023-10-31,1900000.0,32327365.44,0.0587737347024589,Market Model,2023-10-31,0.0,0,1,17.291424656743047,-0.006240673,-0.040025442,-0.041536084,250
2007326891.0,COO,2023-11-01,300000.0,15439107.0,0.0194311756502497,Market Model,2023-11-01,0.0,0,1,16.55241426410073,0.0631491483,0.023196523,0.0222489075,250
2007328933.0,FOXF,2023-11-02,572000.0,3443032.44,0.1661326199993631,Market Model,2023-11-02,0.0,0,0,15.05186316429196,-0.42320998,-0.530018703,-0.452969048,250
2007330130.0,TRV,2023-11-03,435000.0,38588011.05,0.0112729313629653,Market Model,2023-11-03,0.0,0,0,17.468452191630995,0.0371003173,0.0170964051,0.0148397582,250
2007332473.0,KMI,2023-11-06,1815000.0,37498197.38,0.0484023266933905,Market Model,2023-11-06,0.0,0,0,17.43980341991858,0.0337841599,0.023848568,0.0231227885,250
2007455892.0,BBAI,2023-11-06,70000.0,224390.88,0.3119556374127148,Market Model,2023-11-06,1.0,0,0,12.321144810093552,0.2108843537,0.0278931226,-0.008784609,250
2007333109.0,SEAT,2023-11-07,240000.0,701018.75,0.3423588884034842,Market Model,2023-11-07,0.37,0,1,13.460289913162583,0.1443609023,0.1159420752,0.1079340433,250
2007395625.0,GLP,2023-11-08,305800.0,1083452.52,0.2822458708204398,Market Model,2023-11-08,0.0,0,0,13.895663278047762,0.1426647728,0.0889524589,0.0922452534,250
2007342570.0,ABNB,2023-11-14,200000.0,51799866.75,0.0038610137930518,Market Model,2023-11-14,0.0,0,1,17.76289813483258,0.0130202093,-0.047287784,-0.056081705,250
2007350630.0,NAPA,2023-11-16,400000.0,1248872.28,0.3202889570100795,Market Model,2023-11-16,0.875,0,0,14.037751526072784,0.0203883495,0.0240202111,0.0212393097,250
2007345134.0,STRL,2023-11-16,50000.0,2065837.62,0.0242032575629056,Market Model,2023-11-16,0.0,0,1,14.541046329251474,-0.097944544,-0.251496818,-0.277317863,250
2007349323.0,OMF,2023-11-21,1015000.0,4622299.2,0.2195876891742533,Market Model,2023-11-21,0.0,0,1,15.346402801602752,0.1807722344,0.0358154293,0.0378610374,250
2007350925.0,NOG,2023-11-21,162600.0,3725145.89,0.043649297182291,Market Model,2023-11-21,0.0,0,1,15.130616574129537,-0.047997947,-0.183145641,-0.19299987,250
2007595896.0,APLE,2023-11-22,78600.0,3708831.79,0.0211926570010337,Market Model,2023-11-22,0.0,0,0,15.126227503596445,0.0800788206,0.0216501882,0.0172138986,250
2007359729.0,BUSE,2023-11-27,180489.0,1165412.31,0.1548713690865338,Market Model,2023-11-27,0.9324058529882708,0,0,13.968585496532183,0.2169811321,0.1318377266,0.1426831342,250
2007364112.0,NVRO,2023-11-30,75000.0,605371.2,0.1238909284088836,Market Model,2023-11-30,0.0,0,0,13.31359710258486,0.3506583507,0.2860918325,0.3199256359,250
2007367472.0,NEU,2023-12-01,700000.0,5087590.9,0.1375896792330531,Market Model,2023-12-01,0.0,0,1,15.442314975895236,0.1214621197,0.0162509305,0.0170522348,250
2007367168.0,NSIT,2023-12-01,800000.0,4932809.34,0.162179388023945,Market Model,2023-12-01,0.0,0,0,15.41141922956017,0.1929545297,0.0765942771,0.0830129327,250
2007365759.0,ALK,2023-12-03,1900000.0,5087545.69,0.3734610194724364,Market Model,2023-12-04,0.0,0,1,15.44230608952804,0.1130136986,0.0549949277,0.041403962,250
2007371719.0,GVA,2023-12-05,150000.0,2084181.52,0.0719706985982679,Market Model,2023-12-05,0.0,0,0,14.549886779789707,0.0439799695,-0.038808325,-0.042948558,250
2007134259.0,HON,2023-12-08,4950000.0,130393255.29,0.0379620862213386,Market Model,2023-12-08,0.0,0,1,18.68606548288294,0.1082003547,0.0459525741,0.0489887849,250
2007289303.0,LAB,2023-12-12,507287.0,174669.0,2.904276087914856,Market Model,2023-12-12,1.0,0,0,12.070648033324469,-0.036697248,-0.249199743,-0.288729469,250
2007382553.0,ORRF,2023-12-12,207000.0,258450.9,0.8009258238218555,Market Model,2023-12-12,1.0,1,1,12.46246101291644,0.3242009132,0.2590181924,0.2865567625,250
2007381474.0,IART,2023-12-13,280000.0,3198961.92,0.087528394211082,Market Model,2023-12-13,0.0,0,0,14.978336915140892,0.1786885246,0.1113477804,0.1186243044,250
2007437661.0,WTI,2023-12-15,72000.0,485159.94,0.1484046683656527,Market Model,2023-12-15,0.0,0,1,13.092233888752268,-0.114658586,-0.170754304,-0.174571736,250
2007387357.0,CRM,2023-12-18,419000.0,254536800.0,0.0016461273969029,Market Model,2023-12-18,0.0,0,1,19.354955980751186,0.2021675322,0.0768924127,0.0826514598,250
2007388930.0,OKTA,2023-12-19,130000.0,13329324.4,0.0097529324141889,Market Model,2023-12-19,0.0,0,1,16.405477008199814,0.2902307035,0.1399306026,0.1548395539,250
2007390405.0,HUBG,2023-12-20,262000.0,2782014.48,0.094176361008732,Market Model,2023-12-20,0.0,0,1,14.838685856340549,0.2491340261,0.1749238017,0.1959423054,250
2007395248.0,WMB,2023-12-27,1950000.0,42723444.88,0.0456423868786116,Market Model,2023-12-27,0.0,0,0,17.570258387941877,-0.003052979,-0.033218753,-0.035011842,250
2007397040.0,KAI,2023-12-28,156000.0,3340943.66,0.0466933944046215,Market Model,2023-12-28,0.0,0,1,15.0217638579821,-0.002016654,-0.052418557,-0.056471075,250
2007399443.0,MYE,2023-12-29,350000.0,726445.36,0.4817981079815831,Market Model,2023-12-29,0.0,0,0,13.495918549253538,0.1048528595,0.064970633,0.065957832,250
2007407834.0,ITGR,2023-12-31,140000.0,3302039.16,0.042398043516843,Market Model,2024-01-02,0.0,0,1,15.010050762870993,0.1351754185,0.0709952894,0.0751069883,250
2007401349.0,APA,2024-01-03,4500000.0,10962129.36,0.4105041869347179,Market Model,2024-01-03,0.0,1,1,16.209957105284854,-0.100276243,-0.153087744,-0.154602837,250
2007401102.0,CR,2024-01-03,103000.0,6642809.8,0.0155054868498568,Market Model,2024-01-03,0.0,0,1,15.709045594595157,0.0653588607,0.0144410571,0.0139054557,117
2007695177.0,MCK,2024-01-04,50000.0,63915001.08,0.0007822889643296,Market Model,2024-01-04,0.0,0,0,17.9730646504817,0.0643152624,0.0308558597,0.0303663289,250
2007505678.0,FWRG,2024-01-08,75000.0,1116985.8,0.0671449896677289,Market Model,2024-01-08,0.0,0,1,13.926144365347437,0.0320684126,-0.010571834,-0.014353233,250
2007592661.0,BSX,2024-01-08,3700000.0,85203411.28,0.0434254913555146,Market Model,2024-01-08,0.0,1,1,18.26055202949568,0.0990514411,0.0436212798,0.0461251764,250
2007404132.0,VCYT,2024-01-08,95000.0,1885108.45,0.0503949786018942,Market Model,2024-01-08,0.7368421052631579,0,0,14.449495910365778,0.0362008564,-0.060809358,-0.080563792,250
2007404176.0,HPE,2024-01-09,14000000.0,23036000.0,0.6077444000694565,Market Model,2024-01-09,0.0,1,1,16.9525687676087,-0.059588214,-0.113834075,-0.120627789,250
2007412529.0,TTGT,2024-01-10,350000.0,990262.75,0.3534415487202765,Market Model,2024-01-10,0.0,0,0,13.805725590937756,0.0321861058,0.0928380947,0.0708472155,250
2007407725.0,PATK,2024-01-11,315000.0,2181085.62,0.1444234912703702,Market Model,2024-01-11,0.0,0,1,14.59533330163468,0.1106965174,0.0136766753,0.0103560567,250
2007407041.0,SE,2024-01-11,950000.0,1907599.1,0.4980082030862773,Market Model,2024-01-11,0.0,0,0,14.461355993609072,-0.038817006,-0.084465646,-0.093367561,250
2007594108.0,BLK,2024-01-12,12511320.0,117910248.82,0.1061088423203956,Market Model,2024-01-12,0.7602171473513586,0,1,18.585434289804212,0.0457400993,-0.007704067,-0.009674485,250
2007392174.0,SNPS,2024-01-15,35000000.0,75142372.8,0.4657824699408481,Market Model,2024-01-16,0.4971428571428571,0,1,18.134895175998523,-0.033779859,-0.092878579,-0.100553942,250
1941745284.0,TALO,2024-01-15,1290000.0,1676320.8,0.7695424408025003,Market Model,2024-01-16,0.251937984496124,0,1,14.332111949822528,-0.036814425,-0.045655084,-0.052292588,250
2007417879.0,SUN,2024-01-22,7300000.0,4998504.9,1.4604366997819689,Market Model,2024-01-22,0.0,1,0,15.42464940568298,0.0246490928,-0.007007088,-0.014643481,250
2007416945.0,NTRA,2024-01-22,52500.0,7967682.03,0.0065891183662107,Market Model,2024-01-22,0.0,0,0,15.890904171576818,0.1204656656,0.0901235124,0.0870799831,250
2007925033.0,WTTR,2024-01-30,90000.0,791847.54,0.1136582428481118,Market Model,2024-01-30,0.0,0,1,13.58212415226606,0.0104986877,-0.003237092,-0.006909557,250
2007426100.0,CAH,2024-01-31,1200000.0,26386864.08,0.04547717365587,Market Model,2024-01-31,0.0,0,0,17.088376871558886,0.0483134921,0.0084915738,0.006721759,250
2007430551.0,CBRE,2024-02-05,1100000.0,25907405.0,0.0424589031591546,Market Model,2024-02-05,0.0,0,0,17.07003939314196,0.0098375658,-0.063367473,-0.067391674,250
2007432077.0,GLPI,2024-02-06,175000.0,12104839.64,0.0144570275364672,Market Model,2024-02-06,0.1142857142857142,0,0,16.309115900848127,-0.068299772,-0.099304815,-0.098206958,250
2007431711.0,CLH,2024-02-06,400000.0,9260604.92,0.0431937225975514,Market Model,2024-02-06,0.0,0,1,16.04127993062261,0.0897996357,0.0189256949,0.0184992937,250
2007433048.0,CRC,2024-02-07,2100000.0,3225826.2,0.6509960146023985,Market Model,2024-02-07,1.0,0,1,14.98669966144848,0.0082612872,-0.036517357,-0.049523059,250
2007375724.0,FANG,2024-02-12,26000000.0,27119579.76,0.9587169207669168,Market Model,2024-02-12,0.6845808461538462,0,1,17.11576652534119,0.1761675144,0.1337252479,0.1402651049,250
2007436481.0,GILD,2024-02-12,4300000.0,91795914.14,0.0468430435089079,Market Model,2024-02-12,0.0,1,0,18.33507834632133,-0.156341492,-0.180301589,-0.174213163,250
2007436359.0,MLM,2024-02-12,2050000.0,32580941.98,0.0629202188585709,Market Model,2024-02-12,0.0,0,0,17.299238073550164,0.0720045041,0.009996513,0.0094713854,250
2007442780.0,DKNG,2024-02-15,750000.0,20741944.36,0.0361586159418277,Market Model,2024-02-15,0.45,0,1,16.847668505648226,0.1770744226,-0.03373639,-0.045178306,250
2007441906.0,GES,2024-02-16,69300.0,1293096.0,0.053592308691698,Market Model,2024-02-16,0.0,0,0,14.072549900937576,0.1319320215,0.0327366596,0.031952821,250
2007443106.0,COF,2024-02-19,35300000.0,52263633.81,0.6754218454906934,Market Model,2024-02-20,1.0,0,1,17.771811348934477,0.0738187538,0.0120277229,0.0117442899,250
2007444002.0,CDRE,2024-02-20,106500.0,1315134.14,0.0809803325461538,Market Model,2024-02-20,0.0,0,0,14.089449225996145,0.0885499973,0.0691484033,0.0701262955,250
2007438088.0,WMT,2024-02-20,2300000.0,458648984.24,0.0050147282105316,Market Model,2024-02-20,0.0,0,0,19.943795735243988,0.1009360759,0.0646378874,0.0676513414,250
2007451098.0,AESI,2024-02-27,450000.0,1833476.58,0.2454353684735913,Market Model,2024-02-27,0.3888888888888889,0,1,14.4217244930277,0.174433679,0.1383745515,0.1443358725,172
2007713739.0,MDRX,2024-02-27,140000.0,907950.6,0.1541934109631074,Market Model,2024-02-27,0.0,0,1,13.718945250817065,-0.439496048,-0.536667817,-0.441984225,250
2007454893.0,FBIN,2024-02-29,92000.0,10199824.55,0.0090197629919036,Market Model,2024-02-29,0.0,0,0,16.13788107712617,0.013534961,-0.046020615,-0.049531067,250
2007454171.0,FA,2024-02-29,2200000.0,2444511.24,0.8999754077629031,Market Model,2024-02-29,0.4545454545454545,1,0,14.709355759067584,-0.032510536,-0.091605908,-0.095977999,250
2007457312.0,URI,2024-03-04,1150000.0,47074043.28,0.0244295989864246,Market Model,2024-03-04,0.0,0,0,17.667232308987106,0.0319664339,-0.052978358,-0.058261556,250
2007458809.0,HAE,2024-03-05,160000.0,3797777.08,0.0421299082672856,Market Model,2024-03-05,0.0,0,1,15.149926474582305,0.007206499,-0.016333538,-0.021332621,250
2007366666.0,EQT,2024-03-11,35000000.0,16524821.04,2.1180259632028067,Market Model,2024-03-11,1.0,0,1,16.62037411399134,-0.034486348,-0.044379966,-0.054820181,250
2007469485.0,PAR,2024-03-11,190000.0,1217216.4,0.1560938547985387,Market Model,2024-03-11,0.1052631578947368,0,1,14.012077170460028,-0.134814815,-0.229745832,-0.229794259,250
2007471463.0,MARA,2024-03-15,87300.0,4879077.2,0.0178927277477798,Market Model,2024-03-15,0.0,0,1,15.400466661587323,-0.290377423,-0.495970541,-0.557583639,250
2007525587.0,CSL,2024-03-18,410000.0,17737798.52,0.023114480612558,Market Model,2024-03-18,0.0,0,1,16.69120843018901,0.1217272938,0.0744078208,0.0789291116,250
2007280794.0,PFIS,2024-03-22,126416.0,297889.8,0.4243716971846636,Market Model,2024-03-22,1.0,1,1,12.60447889843744,0.0290352707,0.0303448838,0.0214440961,250
2007481151.0,NUVB,2024-03-24,501287.0,505760.64,0.9911546299846504,Market Model,2024-03-25,1.0,0,1,13.13381879287098,0.9382022472,0.8256808487,0.9479306346,250
2007481512.0,GBTG,2024-03-25,540000.0,2629339.49,0.2053747726582085,Market Model,2024-03-25,0.6944444444444444,0,1,14.782243228125198,0.0050167224,-0.020087288,-0.024997658,250
2007486700.0,VIVK,2024-03-25,169000.0,23336.69,7.241815355990932,Market Model,2024-03-25,1.0,0,0,10.057782079159796,-0.108138239,-0.07546528,-0.1340065,250
2007481692.0,IR,2024-03-25,2325000.0,38221526.64,0.0608295953717038,Market Model,2024-03-25,0.0,0,1,17.458909439463767,0.0225396219,-0.020504512,-0.021779027,250
2007264509.0,TTWO,2024-03-27,460000.0,25019848.62,0.0183854030048883,Market Model,2024-03-27,1.0,0,1,17.035180012625023,0.0111531702,-0.030493848,-0.033526846,250
2007682174.0,CBNK,2024-03-28,66000.0,285161.7,0.2314476312912989,Market Model,2024-03-28,0.0,0,1,12.560811666779232,0.0069033531,-0.00018915,-0.002548648,250
2007486162.0,HD,2024-03-28,18250000.0,384061653.18,0.0475184123405485,Market Model,2024-03-28,0.0,0,0,19.766313652820653,-0.046626575,-0.062838958,-0.063719109,250
2007693638.0,LH,2024-03-28,237500.0,18213537.0,0.0130397516967736,Market Model,2024-03-28,0.0,0,0,16.71767566678022,-0.016480447,-0.035474493,-0.036617451,250
2007488525.0,ALTI,2024-04-01,76000.0,402222.24,0.1889502678917008,Market Model,2024-04-01,0.0,0,0,12.904760050664628,-0.167235495,-0.206534943,-0.225025938,250
2007487472.0,NUE,2024-04-01,115000.0,47643435.5,0.0024137638017308,Market Model,2024-04-01,0.0,0,0,17.67925541362124,0.0474587074,0.0166195513,0.0162615228,250
2007509192.0,MRK,2024-04-05,208000.0,323317333.04,0.0006433308045822,Market Model,2024-04-05,0.0,0,0,19.594144854125847,0.0225730678,0.0283747513,0.0268943866,250
2007485107.0,JNJ,2024-04-05,13100000.0,367336967.5,0.0356620791235774,Market Model,2024-04-05,0.0,1,0,19.721790152335764,-0.074180997,-0.060679996,-0.058772726,250
2007498489.0,OWL,2024-04-09,205000.0,9127269.2,0.0224601680423757,Market Model,2024-04-09,0.9365853658536586,0,1,16.026777105969273,0.0420215786,0.057111416,0.0555377314,250
2007530515.0,SHO,2024-04-10,230000.0,2257180.97,0.1018970136009962,Market Model,2024-04-10,0.0,0,0,14.629627234242362,-0.091556842,-0.062378153,-0.059947683,250
2007500871.0,VRTX,2024-04-10,4600000.0,104475566.08,0.0440294336043859,Market Model,2024-04-10,0.0,1,1,18.46446378461332,-0.051559823,-0.065133048,-0.064573003,250
2007505551.0,TRNS,2024-04-15,50000.0,974853.31,0.0512897678933869,Market Model,2024-04-15,0.65,0,0,13.790042287379004,-0.008017817,-0.008127074,-0.011416043,250
2007505488.0,APG,2024-04-15,570000.0,10077000.48,0.056564451012113,Market Model,2024-04-15,0.0,0,0,16.12576620489576,-0.017168516,-0.011938192,-0.013814187,250
2007510446.0,LYTS,2024-04-18,50000.0,406708.61,0.1229381399129957,Market Model,2024-04-18,0.0,0,1,12.915852262067096,0.0298507463,0.0472480135,0.0430362715,250
2007513387.0,MLI,2024-04-22,600000.0,5940837.8,0.1009958561736864,Market Model,2024-04-22,0.0,0,1,15.597360725164132,0.0712045748,0.0825225712,0.0807962377,250
2007513416.0,CSGP,2024-04-22,1600000.0,34449869.52,0.0464442978244406,Market Model,2024-04-22,0.5,1,1,17.355015767898628,-0.053514786,-0.005187067,-0.011937948,250
2007514943.0,INCY,2024-04-23,750000.0,11658168.72,0.0643325738384064,Market Model,2024-04-23,0.0,0,0,16.271517669948167,-0.086521587,-0.043686466,-0.041649527,250
2007518812.0,BFST,2024-04-25,85700.0,561689.4,0.1525754269174387,Market Model,2024-04-25,0.0,0,1,13.238704307058857,-0.021993449,0.0327918285,0.0266785333,250
2007753045.0,PAHC,2024-04-28,350000.0,258902.74,1.3518590031144515,Market Model,2024-04-29,0.0,0,1,12.464207748920398,0.2722351121,0.3395223557,0.3215034532,250
2007522821.0,SMPL,2024-04-29,280000.0,3439621.6,0.0814043033105734,Market Model,2024-04-29,0.0,0,1,15.050872023299137,0.0805171907,0.0785353229,0.0770866084,250
2007525490.0,HOPE,2024-04-29,78600.0,1321885.6,0.0594605160991238,Market Model,2024-04-29,1.0,1,1,14.094569760097158,-0.059079062,0.0003651846,-0.005282085,250
2007520230.0,UMBF,2024-04-29,2000000.0,4053955.31,0.4933453496802361,Market Model,2024-04-29,1.0,1,1,15.215203582253006,-0.056098402,-0.007334489,-0.009487035,250
2007522786.0,HST,2024-04-29,530000.0,13297129.84,0.0398582255251558,Market Model,2024-04-29,0.0,0,1,16.403058768399728,-0.092359768,-0.079408385,-0.076489627,250
2007526270.0,FRSH,2024-04-30,230000.0,4046192.46,0.0568435639860789,Market Model,2024-04-30,0.0652173913043478,0,1,15.213286863546871,-0.218630137,-0.217130968,-0.214579748,250
2007523886.0,MASS,2024-04-30,76200.0,189817.17,0.4014389214632164,Market Model,2024-04-30,0.1115485564304462,0,1,12.153816624712318,-0.173913043,-0.130004929,-0.121435919,250
2007527725.0,AM,2024-05-01,70000.0,6660375.44,0.010509918041497,Market Model,2024-05-01,0.0,0,1,15.711686413300082,0.0125901462,0.0130429456,0.0124626375,250
2007528826.0,KELYA,2024-05-03,485000.0,763784.0,0.6349962816712579,Market Model,2024-05-03,0.0,0,1,13.546040305662023,-0.040115798,-0.052930156,-0.057229424,250
2007530752.0,DOCU,2024-05-06,165000.0,12241119.8,0.0134791589900133,Market Model,2024-05-06,0.0,0,1,16.320311317791884,0.0048764083,0.0194221425,0.0191809635,250
2007595341.0,KNTK,2024-05-09,765000.0,2350861.44,0.325412628317218,Market Model,2024-05-09,0.5882352941176471,0,0,14.67029238916266,0.0436501379,0.0173508572,0.0168474377,250
2007537208.0,UBSI,2024-05-10,267000.0,4633201.19,0.0576275428263886,Market Model,2024-05-10,1.0,0,1,15.348758588882218,0.0532330827,0.0504940026,0.0511048254,250
2007541222.0,RPHM,2024-05-13,170000.0,60492.01,2.810288499258001,Market Model,2024-05-13,0.0,0,1,11.010266569181733,0.098265896,0.0150791782,-0.00527428,250
2007545110.0,PANW,2024-05-15,500000.0,97638652.0,0.0051209228083157,Market Model,2024-05-15,0.0,0,0,18.39678399757645,0.1220274889,-0.00515371,-0.009298795,250
2007544613.0,ALRS,2024-05-15,128800.0,409186.13,0.3147711776056534,Market Model,2024-05-15,1.0,1,1,12.921925417079477,-0.034085213,-0.090631402,-0.093908572,250
2007549130.0,SSB,2024-05-20,2000000.0,6165055.05,0.3244091064523422,Market Model,2024-05-20,1.0,1,1,15.634407623981105,-0.005885669,-0.086536566,-0.090204825,250
2007551026.0,MBC,2024-05-21,520000.0,2067426.48,0.2515204313335485,Market Model,2024-05-21,0.0,0,1,14.54181514539282,-0.0594884,-0.142631318,-0.149152721,250
2007536131.0,TMUS,2024-05-28,4300000.0,194527764.0,0.0221048137889458,Market Model,2024-05-28,0.0,0,1,19.086085456336892,0.0891129522,0.0709844809,0.0733836311,250
2007558448.0,TDG,2024-05-28,655000.0,75085337.86,0.0087234075076185,Market Model,2024-05-28,0.0,0,0,18.134135862786735,0.0648691578,0.0048590729,0.0039381018,250
2007586181.0,ET,2024-05-28,3250000.0,51998183.52,0.0625021833455,Market Model,2024-05-28,0.0,0,0,17.766719343627862,-0.017785308,-0.043317077,-0.044596482,250
2007558360.0,NDSN,2024-05-28,815000.0,13626585.86,0.0598095523246495,Market Model,2024-05-28,0.0,1,1,16.427533285134892,-0.122013247,-0.148856278,-0.147299221,250
2007561604.0,COP,2024-05-29,22500000.0,139945495.68,0.1607768788175119,Market Model,2024-05-29,0.0,1,1,18.75676358819878,-0.132636571,-0.162480863,-0.15550985,250
2007556140.0,WM,2024-06-03,7200000.0,84520220.59,0.0851867156727684,Market Model,2024-06-03,0.0,1,1,18.252501360623537,-0.022666837,-0.059609716,-0.061990213,250
2007567276.0,BDX,2024-06-03,4200000.0,67040721.82,0.0626484901412119,Market Model,2024-06-03,0.0,0,1,18.02081078108491,0.0004576659,-0.017841284,-0.019675636,250
2007568327.0,CTRE,2024-06-03,80900.0,3632576.48,0.022270694215363,Market Model,2024-06-03,0.0,0,0,15.105452728575203,0.004741209,-0.037146874,-0.038844812,250
2007574421.0,FRT,2024-06-03,215000.0,8374105.35,0.0256743844284213,Market Model,2024-06-03,0.0,0,1,15.94065480608873,-0.041464112,-0.068535717,-0.069085141,250
2007569227.0,FTDR,2024-06-04,585000.0,2761545.0,0.2118379385452708,Market Model,2024-06-04,0.0,0,0,14.83130086368219,-0.002308802,-0.031634065,-0.035323136,250
2007576689.0,YEXT,2024-06-10,220000.0,648843.35,0.3390648913948182,Market Model,2024-06-10,0.0,0,1,13.382946595210951,-0.088129496,-0.101731233,-0.106648687,250
2007582205.0,SLP,2024-06-12,100000.0,921722.49,0.1084925246860364,Market Model,2024-06-12,0.0,0,0,13.73399947024824,-0.037104995,-0.063094,-0.068756059,250
2007587180.0,WK,2024-06-17,100000.0,3796406.13,0.0263407013306029,Market Model,2024-06-17,0.0,0,1,15.14956542192477,-0.151233843,-0.158188575,-0.149190907,250
2007589092.0,CPAY,2024-06-19,725000.0,17739409.05,0.0408694561333202,Market Model,2024-06-20,0.0,0,0,16.691299222565945,-0.034774503,-0.073415499,-0.075616791,250
2007592146.0,NXT,2024-06-20,119000.0,8415623.06,0.0141403671661121,Market Model,2024-06-20,0.0,0,1,15.945600424458494,0.1065315315,0.0533411045,0.0300250434,250
2007592887.0,AXP,2024-06-21,400000.0,165590743.63,0.0024155939591271,Market Model,2024-06-21,0.0,0,0,18.92502990239909,-0.047432944,-0.074117277,-0.07445554,250
2007593379.0,RXO,2024-06-23,1025000.0,2375645.08,0.4314617569052023,Market Model,2024-06-24,0.0,0,1,14.680779571202423,0.3364670955,0.3063102765,0.3254138061,250
2007594913.0,ANIP,2024-06-24,381000.0,1226905.86,0.3105372730064228,Market Model,2024-06-24,0.0,1,0,14.020005997033252,0.0288679857,-0.019982707,-0.028900733,250
2007594911.0,ABM,2024-06-24,119000.0,3331638.24,0.035718163686343,Market Model,2024-06-24,0.0,0,0,15.018974704945997,0.0522341095,0.0571503938,0.0551106744,250
2007456528.0,BA,2024-07-01,8300000.0,111733026.84,0.074284213313987,Market Model,2024-07-01,0.0,1,1,18.53162289482157,0.060723589,0.0490206536,0.0471899096,250
2007608814.0,UFPT,2024-07-01,110000.0,2024938.38,0.0543226406721571,Market Model,2024-07-01,0.0,0,0,14.521049828430156,0.1482771822,0.0423922314,0.0386405039,250
2007602358.0,BDC,2024-07-01,290000.0,3815596.4,0.076003845689759,Market Model,2024-07-01,0.0,0,0,15.15460754075762,-0.05335518,-0.100448322,-0.103117182,250
2007607327.0,LLY,2024-07-08,3200000.0,869211900.85,0.0036814958433849,Market Model,2024-07-08,0.0,1,0,20.583097497980845,0.1427094354,0.0305863515,0.033213032,250
2007609303.0,UTL,2024-07-09,71200.0,831681.92,0.0856096523055352,Market Model,2024-07-09,0.0,0,1,13.63120533901282,0.1069632495,0.090886863,0.0925482961,250
2007506441.0,VCTR,2024-07-09,1068320.0,3055096.26,0.3496845628032683,Market Model,2024-07-09,1.0,0,1,14.932321659093072,0.0803007366,0.0028760271,-0.000176667,250
2007609378.0,ESE,2024-07-09,550000.0,2643597.66,0.2080498134500542,Market Model,2024-07-09,0.0,0,0,14.78765129742144,0.125678038,0.079772398,0.081851988,250
2007812452.0,PNTG,2024-07-11,80000.0,740785.5,0.1079934744943036,Market Model,2024-07-11,0.0,0,1,13.51546638868842,0.176727909,0.1180151735,0.1255298759,250
2007618835.0,KBR,2024-07-16,737000.0,8795078.0,0.083796869112474,Market Model,2024-07-16,0.0,0,1,15.989702804789854,0.0776067762,0.0563844263,0.0578367827,250
2007618618.0,PRDO,2024-07-16,144000.0,1445462.73,0.0996220774229163,Market Model,2024-07-16,0.0,0,1,14.18394005664021,0.1333019312,0.0929957686,0.0966486275,250
2007621552.0,PWR,2024-07-17,1740000.0,37968655.56,0.045827274480403,Market Model,2024-07-17,0.1293103448275862,0,0,17.452271523627463,-0.077860271,-0.096776438,-0.103736653,250
2007620863.0,DRI,2024-07-17,605000.0,17345249.88,0.0348798664871122,Market Model,2024-07-17,0.0,1,1,16.668829244739406,-0.053341225,-0.048133329,-0.049201452,250
2007626129.0,NVDA,2024-07-17,100000.0,3104518622.4,3.221111294951529e-05,Market Model,2024-07-17,0.0,0,0,21.85612450726951,-0.133682135,-0.215645674,-0.223287986,250
2007624399.0,TEX,2024-07-22,2000000.0,3799758.0,0.526349309613928,Market Model,2024-07-22,0.0,0,0,15.150447938458164,0.2471296819,0.2166904634,0.2293091915,250
2007627897.0,HRI,2024-07-23,264000.0,4092795.63,0.0645035872460604,Market Model,2024-07-23,0.0,0,1,15.224738822637397,0.1409941128,0.1388658215,0.1376687583,250
2007629188.0,RIOT,2024-07-23,92500.0,3472182.0,0.0266403086013348,Market Model,2024-07-23,0.0,0,0,15.06029377274337,0.0858638743,0.1674528894,0.1315186532,250
2007626663.0,MOH,2024-07-23,350000.0,16970560.0,0.0206239511247713,Market Model,2024-07-23,0.0,0,0,16.646990636076666,0.140733754,0.1287090567,0.1230409276,250
2007630593.0,COFS,2024-07-25,180400.0,225402.24,0.8003469708198109,Market Model,2024-07-25,1.0,0,1,12.32564181842663,0.036199095,0.1087462953,0.0606794878,250
2007630472.0,COOP,2024-07-25,1300000.0,5586893.76,0.2326874388246824,Market Model,2024-07-25,0.0,0,1,15.535934012688625,0.0803970223,0.0438640942,0.0406276158,250
2007630154.0,ASTH,2024-07-25,59000.0,2399920.16,0.0245841511660954,Market Model,2024-07-25,0.0,0,1,14.69094602809816,0.3042488619,0.3091738653,0.3291663165,250
2007632166.0,WSBC,2024-07-26,959000.0,2042676.64,0.469482041954521,Market Model,2024-07-26,1.0,0,1,14.529771584229062,0.138795361,0.204501946,0.2066948018,250
2007632545.0,CASY,2024-07-26,1145000.0,13834238.58,0.0827656681919099,Market Model,2024-07-26,0.0,0,1,16.44265713390982,-0.02429872,-0.034902387,-0.03725083,250
2007633951.0,GABC,2024-07-29,330200.0,1239395.04,0.2664203013108718,Market Model,2024-07-29,0.9242883101150816,0,1,14.030133947565716,0.0557610242,0.1189135012,0.1141981918,250
2007777959.0,CTS,2024-07-29,125000.0,1598505.3,0.0781980516423686,Market Model,2024-07-29,0.0,0,1,14.28457956308492,-0.110541386,-0.032205296,-0.03574159,250
2007635044.0,RNST,2024-07-29,1200000.0,2089539.33,0.5742892621217137,Market Model,2024-07-29,0.0,1,1,14.552454183377815,0.0815162697,0.1847704777,0.1793069251,250
2007633121.0,COLL,2024-07-29,550000.0,1166105.6,0.4716553972470417,Market Model,2024-07-29,0.0,0,0,13.969180207829456,0.0641183724,0.0685243035,0.0602216864,250
2007636526.0,CBZ,2024-07-31,2300000.0,4310634.24,0.5335641745378054,Market Model,2024-07-31,0.5217391304347826,0,1,15.276595606706064,-0.07640114,-0.022653411,-0.045737223,250
2007639036.0,ITT,2024-08-01,475000.0,11642158.0,0.0407999960144846,Market Model,2024-08-01,0.0,0,1,16.270143378273005,0.0477091712,0.0743161525,0.0703672698,250
2007652619.0,HCAT,2024-08-01,65000.0,442752.75,0.1468088001712016,Market Model,2024-08-01,0.0384615384615384,0,1,13.000766766805915,0.237704918,0.4713531883,0.4025893472,250
2007643413.0,SPSC,2024-08-01,206000.0,7991220.32,0.0257782906428489,Market Model,2024-08-01,0.4223300970873786,0,1,15.89385403699392,0.0302574216,0.1057483868,0.1012819761,250
2007644579.0,DKL,2024-08-06,230000.0,1873058.72,0.1227938011468215,Market Model,2024-08-06,0.0,0,0,14.44308333170896,-0.029381273,0.0004791594,0.0002323022,250
2007649539.0,SOUN,2024-08-08,80000.0,1401787.1,0.057070007278566,Market Model,2024-08-08,0.0,0,1,14.153258480552031,-0.023668639,0.0362132984,-0.002299118,250
2007654340.0,FLS,2024-08-13,305000.0,5944673.5,0.0513064342389872,Market Model,2024-08-13,0.0,0,1,15.59800616649793,-0.050442122,-0.053904,-0.056855995,250
2007659853.0,AMD,2024-08-19,4900000.0,240441685.92,0.0203791617133741,Market Model,2024-08-19,0.25,0,1,19.297988147922332,-0.01048951,-0.048735615,-0.053449649,250
2007621344.0,H,2024-08-20,335000.0,6624057.21,0.050573234707917,Market Model,2024-08-20,0.0,0,1,15.706218611785298,-0.034487238,-0.045417078,-0.047051088,250
2007749131.0,EPD,2024-08-21,950000.0,63257484.54,0.0150179857278276,Market Model,2024-08-21,0.0,0,0,17.96272401121937,-0.012025145,-0.023018644,-0.025068909,250
2007672005.0,OKE,2024-08-28,2600000.0,51617740.68,0.0503702790115997,Market Model,2024-08-28,0.0,0,0,17.759375982990022,0.122329114,0.0850261377,0.0892014922,250
2007367622.0,VZ,2024-09-05,20000000.0,174610889.6,0.1145403934761237,Market Model,2024-09-05,0.0,1,1,18.97807056826799,0.0894187779,0.0522805391,0.0530630738,250
2007681192.0,CNOB,2024-09-05,284000.0,919680.96,0.3088027395935216,Market Model,2024-09-05,1.0,1,1,13.731782106273531,0.1276198763,0.0153160519,0.0124615537,250
2007753080.0,PRGS,2024-09-09,875000.0,2473127.35,0.3538030502149434,Market Model,2024-09-09,0.0,0,0,14.720994041336183,0.0392843416,0.0304453944,0.0302518001,250
2007685466.0,NBTB,2024-09-09,236000.0,2183073.88,0.108104449493024,Market Model,2024-09-09,1.0,1,0,14.596244478294269,0.0121082621,-0.02954355,-0.033683145,250
2007687201.0,CAC,2024-09-10,86600.0,552392.5,0.1567725847110523,Market Model,2024-09-10,1.0,0,1,13.222014123307074,0.0899031812,0.0407047796,0.0402328995,250
2007688981.0,VOYA,2024-09-11,210000.0,6955369.02,0.0301925029996467,Market Model,2024-09-11,0.0,0,1,15.75502444016363,0.1924458238,0.1433140534,0.1566863193,250
2007690415.0,MA,2024-09-12,2650000.0,447519975.98,0.0059215233782512,Market Model,2024-09-12,0.0,0,0,19.919231733744343,0.0732540927,0.0273324774,0.0285313653,250
2007690465.0,GEVO,2024-09-12,210000.0,177543.8,1.1828067214963294,Market Model,2024-09-12,0.0,0,1,12.086972618020608,1.0352781547,0.8111099724,1.0085167206,250
2007690067.0,SSNC,2024-09-12,670000.0,17873938.6,0.0374847432898756,Market Model,2024-09-12,0.0,0,1,16.698854265760364,0.0796365853,0.0350151217,0.0370925788,250
2007694671.0,EVER,2024-09-16,261000.0,711448.0,0.3668574512824549,Market Model,2024-09-16,0.0,0,1,13.47505760880958,-0.076153177,-0.189467377,-0.215903862,250
2007753914.0,MMSI,2024-09-17,210000.0,5799944.76,0.0362072413944852,Market Model,2024-09-17,0.0,0,1,15.57335895133336,0.0960713107,0.0831382951,0.0864390344,250
2007748575.0,OGN,2024-09-18,1486000.0,5291070.15,0.2808505572355717,Market Model,2024-09-18,0.0,0,1,15.481531080161636,-0.092080153,-0.106150178,-0.107330424,250
2007704228.0,TOWN,2024-09-24,120000.0,2536588.6,0.0473076319904615,Market Model,2024-09-24,0.0,1,1,14.746330665400526,-0.06086176,-0.063703693,-0.062690052,250
2007670564.0,CIFR,2024-09-24,67500.0,983533.59,0.068630091220372,Market Model,2024-09-24,0.0,0,0,13.79890706976133,-0.105,-0.164946545,-0.199474148,250
2007706495.0,APOG,2024-09-25,242000.0,1464017.66,0.1652985524778437,Market Model,2024-09-25,0.0,0,0,14.196695036272168,0.0254400237,-0.009361473,-0.013379702,250
2007712117.0,ULH,2024-09-30,193600.0,1126410.4,0.1718734131005893,Market Model,2024-09-30,0.0,0,1,13.934546497297838,0.0819171335,0.0412896205,0.039197376,250
2007715784.0,ULBI,2024-09-30,50000.0,150438.15,0.3323625024636371,Market Model,2024-09-30,0.0,0,1,11.921307315247294,-0.134883721,-0.238394073,-0.241745235,250
2007720578.0,VLTO,2024-10-07,350000.0,27680814.12,0.0126441367830694,Market Model,2024-10-07,0.0,0,0,17.136250100130933,0.0428848391,-0.037477257,-0.039980086,184
2007723269.0,ZETA,2024-10-08,250000.0,6170147.62,0.04051766917045,Market Model,2024-10-08,0.94,0,1,15.635233321041069,0.2504861921,0.0754045916,0.0824845544,250
2007729656.0,HOLX,2024-10-14,350000.0,18493972.25,0.0189250851720078,Market Model,2024-10-14,0.0,0,1,16.732955412631952,-4.44089e-16,-0.002425668,-0.003661493,250
2007731018.0,CXT,2024-10-15,399763.27,3144249.11,0.1271410934739837,Market Model,2024-10-15,0.0,0,0,14.96108566285299,-0.037389649,-0.05503402,-0.059870215,250
2007749107.0,ADP,2024-10-15,1200000.0,118640700.0,0.01011457282366,Market Model,2024-10-15,0.0,0,1,18.59161015597884,0.0457286432,0.0259200828,0.0262052289,250
2007731700.0,VSEC,2024-10-15,200000.0,1689202.14,0.1183990922483676,Market Model,2024-10-15,0.075,0,1,14.339766868913015,0.1637112459,0.0876645329,0.0792849101,250
2007735122.0,PIXY,2024-10-17,150000.0,2750.0,54.54545454545455,Market Model,2024-10-17,0.5,0,1,7.919356190660617,-0.554385742,-0.362399115,-0.420589895,250
2007734669.0,CIM,2024-10-17,50000.0,1293327.86,0.0386599574217785,Market Model,2024-10-17,0.0,0,0,14.07272919096363,-0.020214782,-0.026776161,-0.02800498,250
2007735315.0,XRX,2024-10-17,400000.0,1303324.24,0.3069075121322074,Market Model,2024-10-17,0.0,0,0,14.080428666287002,-0.025373861,-0.002822929,-0.010036337,250
2007738409.0,PSN,2024-10-21,230000.0,11465856.3,0.0200595571741118,Market Model,2024-10-21,0.0,0,1,16.254884159666542,0.0480528581,-0.007943994,-0.009571147,250
2007739222.0,ROAD,2024-10-21,908200.0,3273279.3,0.2774587552000222,Market Model,2024-10-21,0.2467518167804448,0,1,15.001302884397983,0.0937543086,0.0262599537,0.0164552405,250
2007679981.0,AUB,2024-10-21,1300000.0,3484478.23,0.3730831172390478,Market Model,2024-10-21,1.0,1,1,15.063828872172948,-0.014245014,-0.044550159,-0.050088947,250
2007753060.0,LYEL,2024-10-24,61130.0,295048.6,0.2071862059335309,Market Model,2024-10-24,0.3047603468018976,0,1,12.594895367515576,-0.288666667,-0.242520716,-0.24260953,250
2007747465.0,ABBV,2024-10-28,1400000.0,331807720.4,0.0042193111067827,Market Model,2024-10-28,0.0,0,1,19.62006620368379,0.0374739901,0.0204426926,0.0182094817,250
2007750279.0,AKR,2024-10-29,275000.0,2591142.6,0.1061307857004859,Market Model,2024-10-29,0.0,0,0,14.767609494695163,0.0591993186,0.0366819567,0.0366102617,250
2007749872.0,SXI,2024-10-29,462000.0,2135220.48,0.2163710981265972,Market Model,2024-10-29,0.0,0,1,14.574080468633795,0.0139511982,-0.00120776,-0.004727997,250
2007750218.0,THRY,2024-10-29,80000.0,651979.9,0.1227031692234683,Market Model,2024-10-29,0.0,0,1,13.387769012212733,-0.116656994,-0.056682748,-0.08388712,250
2007753662.0,NRIM,2024-10-31,56000.0,365002.68,0.1534235310272242,Market Model,2024-10-31,0.0,0,1,12.807659975003428,0.0864379326,0.0074196947,-0.010866284,250
2007752853.0,WCC,2024-10-31,185000.0,8740470.2,0.0211659093580571,Market Model,2024-10-31,0.0,0,0,15.983474544811626,0.2405206903,0.1472312479,0.1587266727,250
2007753654.0,CELH,2024-11-01,75000.0,7069732.48,0.0106086050939228,Market Model,2024-11-01,0.0,0,1,15.771333198401548,-0.028244788,-0.077875682,-0.103884207,250
2007755118.0,MPB,2024-11-01,127000.0,525025.8,0.2418928745977816,Market Model,2024-11-01,1.0,0,1,13.171202683223433,0.1181975737,0.0581182283,0.058433621,250
2007753980.0,CECO,2024-11-01,125000.0,832500.2,0.1501501140780506,Market Model,2024-11-01,0.0,1,1,13.632188741076948,-0.050719152,-0.192168031,-0.226665214,250
2007755569.0,KEQU,2024-11-04,55000.0,105632.16,0.5206747642005995,Market Model,2024-11-04,0.0,0,1,11.567718149344287,0.188369153,0.025851482,0.012132874,250
2007757248.0,TDY,2024-11-04,57300.0,21213230.4,0.0027011444706695,Market Model,2024-11-04,0.0,0,1,16.870135620459823,0.1064669843,0.0658857675,0.0672381443,250
2007763426.0,BWXT,2024-11-04,100000.0,11206263.6,0.0089235809159441,Market Model,2024-11-04,0.0,0,0,16.23198342994332,0.0747600034,0.0056032092,0.0023628953,250
2007761155.0,YELP,2024-11-07,80000.0,2451545.76,0.0326324726649197,Market Model,2024-11-07,0.0,0,1,14.712229306021998,0.0689553991,0.0693584572,0.0682773924,250
2007764430.0,CTRA,2024-11-13,3950000.0,18637097.54,0.2119428731604953,Market Model,2024-11-13,0.2531645569620253,0,1,16.740664643724052,0.1229373661,0.126418258,0.1290210904,250
2007765606.0,GIS,2024-11-14,1450000.0,36213021.57,0.0400408454510524,Market Model,2024-11-14,0.0,0,1,17.404929323993645,-0.096901408,-0.098827583,-0.095648737,250
2007769275.0,HOOD,2024-11-19,300000.0,26724705.0,0.0112255682522968,Market Model,2024-11-19,0.4,0,0,17.101098976460857,0.3503893215,0.2310669363,0.2339525298,250
2007769381.0,AVAV,2024-11-19,4100000.0,5558359.35,0.7376277318234202,Market Model,2024-11-19,1.0,0,0,15.530813541746568,-0.108883951,-0.201323426,-0.206648258,250
2007773269.0,AIT,2024-11-22,273000.0,10351085.81,0.0263740447148317,Market Model,2024-11-22,0.0,0,0,16.152601981351815,0.178120329,0.10570407,0.1082537143,250
2007774905.0,SNDR,2024-11-25,390000.0,2913999.46,0.1338366754536049,Market Model,2024-11-25,0.0,0,1,14.885037080424985,0.1378079257,0.1204685579,0.124835594,250
2007760837.0,ONB,2024-11-25,1401000.0,6905743.8,0.2028745983886631,Market Model,2024-11-25,0.0,0,1,15.74786405806842,0.2324959914,0.1691958963,0.1767667852,250
2007780292.0,THS,2024-12-02,205000.0,1758208.0,0.1165959886429819,Market Model,2024-12-02,0.0,0,0,14.379805666496928,-0.075316108,-0.079091212,-0.09294369,250
2007782310.0,UCB,2024-12-03,80000.0,4028321.99,0.0198593856694161,Market Model,2024-12-03,1.0,0,1,15.208860467560182,0.1899362155,0.1231893313,0.1267017934,250
2007944863.0,IPG,2024-12-05,100000.0,10892163.16,0.0091809127839028,Market Model,2024-12-05,0.0,0,0,16.20355411246528,0.0112957642,-0.01445796,-0.020240318,250
2007786857.0,AJG,2024-12-09,13450000.0,65098174.0,0.2066110179987537,Market Model,2024-12-09,0.0,0,1,17.991407057630266,-0.013703392,-0.038508592,-0.040760508,250
2007788291.0,ON,2024-12-09,115000.0,28324016.44,0.0040601586375862,Market Model,2024-12-09,0.0,0,1,17.159220640180127,-0.077931992,-0.057554996,-0.061145563,250
2007787612.0,INDB,2024-12-09,562000.0,3049722.61,0.1842790548088568,Market Model,2024-12-09,0.951779359430605,1,1,14.930561196906632,0.015153661,-0.009437656,-0.011562052,250
2007786809.0,OMC,2024-12-09,13300000.0,20176518.06,0.6591821225272405,Market Model,2024-12-09,1.0,1,1,16.820030013899217,-0.132397862,-0.158238775,-0.158901809,250
2007789455.0,GEN,2024-12-10,1479794.0,18781928.4,0.0787881823678978,Market Model,2024-12-10,0.3848461339889201,1,1,16.74840571017885,-0.00083214,-0.025874781,-0.028028228,250
2007816967.0,SGU,2024-12-12,68000.0,408306.58,0.166541523773631,Market Model,2024-12-12,0.0,0,1,12.919773592779086,-0.05152027,-0.042611773,-0.043078126,250
2007792872.0,UPBD,2024-12-12,460000.0,1843937.0,0.2494662236291153,Market Model,2024-12-12,0.1766304347826087,0,0,14.427413517656042,-0.106042023,-0.075517146,-0.07384082,250
2007793383.0,VIAV,2024-12-13,325000.0,2464342.43,0.13188102271972,Market Model,2024-12-13,0.0,0,0,14.71743556719395,-0.002932551,0.0522731882,0.0455451651,250
2007796349.0,NWBI,2024-12-17,270400.0,1839656.0,0.1469840013567754,Market Model,2024-12-17,1.0,1,1,14.42508915558488,-0.088315217,-0.133054547,-0.132003145,250
2007798574.0,FCF,2024-12-18,54600.0,1815808.72,0.0300692465008098,Market Model,2024-12-18,1.0,0,1,14.412041502199264,-0.07518797,-0.118740671,-0.119063967,250
2007800102.0,TRIP,2024-12-19,435000.0,1638641.2,0.2654638489499715,Market Model,2024-12-19,0.0,0,1,14.309377919788872,0.0833953835,0.1035561554,0.1010695941,250
2007803130.0,SPXC,2024-12-23,350000.0,6654834.45,0.0525933443768837,Market Model,2024-12-23,0.0,0,0,15.710854133468878,-0.156650246,-0.183519591,-0.174129596,250
2007806470.0,BAC,2024-12-27,906000.0,341826804.0,0.0026504650583223,Market Model,2024-12-27,0.0,0,1,19.649814745699796,-0.04392687,-0.053337982,-0.053172194,250
2007807390.0,WAB,2024-12-30,69000.0,33002880.0,0.0020907266274943,Market Model,2024-12-30,0.0,0,1,17.312105388349984,-0.054489102,-0.071120048,-0.070972819,250
2007812130.0,SYK,2025-01-06,4900000.0,137817208.32,0.035554340852868,Market Model,2025-01-06,0.0,1,1,18.741438787702112,-0.066999139,-0.058171017,-0.057477647,250
2007812941.0,PSX,2025-01-06,2200000.0,47943893.01,0.0458869704122927,Market Model,2025-01-06,0.0,0,0,17.685541989555848,-0.102067381,-0.07678405,-0.074970501,250
2007813426.0,RYAN,2025-01-07,525000.0,7728119.28,0.0679337340662785,Market Model,2025-01-07,0.0,0,1,15.860376089537985,-0.096976301,-0.12457399,-0.12407636,250
2007825003.0,KRP,2025-01-07,230000.0,1311714.0,0.175343100706404,Market Model,2025-01-07,0.0,0,1,14.086845236918498,0.0068965517,0.02009151,0.0176989154,250
2007840848.0,ITGR,2025-01-07,152000.0,4469471.5,0.0340084951878538,Market Model,2025-01-07,0.0,0,1,15.312780726937527,0.004307869,-0.009369283,-0.01045456,250
2007810945.0,PAYX,2025-01-07,4100000.0,48990171.78,0.083690255637638,Market Model,2025-01-07,0.0,1,0,17.707130260038493,0.0131320225,0.0226448037,0.0208812199,250
2007815078.0,FLO,2025-01-08,795000.0,4233019.8,0.1878091853007633,Market Model,2025-01-08,0.0,0,1,15.258426197025786,-0.123062899,-0.13058939,-0.124829027,250
2007816862.0,CCNE,2025-01-10,214000.0,506020.68,0.4229076171353313,Market Model,2025-01-10,1.0,1,1,13.134332816999684,-0.112773723,-0.109114468,-0.103988009,250
2007535884.0,CEG,2025-01-10,29100000.0,76282417.92,0.3814771580853424,Market Model,2025-01-10,0.718213058419244,0,1,18.149953036149025,0.3189910361,0.2766616297,0.2789190661,250
2007819309.0,GBCI,2025-01-13,245400.0,5409084.6,0.0453681201436561,Market Model,2025-01-13,1.0,0,0,15.503590431330252,-0.061118102,-0.082984083,-0.084332958,250
2007820216.0,EME,2025-01-14,865000.0,21518815.56,0.0401973797111721,Market Model,2025-01-14,0.0,0,1,16.884438252709696,0.1149622238,0.0686704448,0.0714482363,250
2007829485.0,CADE,2025-01-22,103600.0,6624629.68,0.0156386100060464,Market Model,2025-01-22,0.777027027027027,0,1,15.706305030915754,0.0377915559,-0.008970548,-0.011840854,250
2007831886.0,CARS,2025-01-23,113000.0,1110921.24,0.101717381873084,Market Model,2025-01-23,0.0,0,1,13.920700175019766,0.0607798165,0.0532012295,0.0524046695,250
2007833711.0,CNX,2025-01-27,505000.0,4276614.15,0.1180840689123193,Market Model,2025-01-27,0.0,0,1,15.268672168035373,-0.238410596,-0.293457471,-0.272165533,250
2007835287.0,ZBH,2025-01-28,1283720.0,22411750.92,0.0572788803776336,Market Model,2025-01-28,0.0,0,1,16.92509597391646,0.0069474827,0.0202360389,0.0188261107,250
2007836456.0,WELL,2025-01-29,1886749.0,85401933.5,0.0220925794379116,Market Model,2025-01-29,0.0,0,1,18.26287929901773,0.12500989,0.0859200692,0.0895520282,250
2007844086.0,PLBC,2025-01-29,62423.0,281927.28,0.2214152528978394,Market Model,2025-01-29,0.7639812248690386,0,1,12.549404444325036,-0.031961413,-0.032798036,-0.037952563,250
2007838335.0,BMI,2025-01-31,185000.0,6134546.38,0.0301570790308378,Market Model,2025-01-31,0.0,0,1,15.629446693703173,-0.001820303,-0.034631625,-0.037182775,250
2007974521.0,WMB,2025-01-31,325000.0,68983889.08,0.0047112449636334,Market Model,2025-01-31,0.0,0,0,18.049383543703925,0.0328655835,-0.001278853,-0.00851249,250
2007845176.0,GMED,2025-02-06,250000.0,10509298.8,0.023788456752224,Market Model,2025-02-06,0.0,1,1,16.16777102321544,0.0023829382,-0.039608579,-0.043498408,250
2007846993.0,FDS,2025-02-07,246500.0,17846718.4,0.0138120630625291,Market Model,2025-02-07,0.0,0,1,16.697330206151445,-0.009963532,-0.018956016,-0.019674151,250
2008563004.0,CMCO,2025-02-10,2700000.0,979995.25,2.755115394691964,Market Model,2025-02-10,0.0,0,1,13.795303003696231,-0.417938805,-0.429926599,-0.429992217,250
2007847905.0,LZ,2025-02-10,85106.0,1579932.9,0.0538668445982737,Market Model,2025-02-10,0.2391840763283435,0,0,14.272892935746912,0.189119171,0.2039784378,0.2145233494,250
2007857988.0,ROCK,2025-02-11,120000.0,1825125.89,0.0657488892451139,Market Model,2025-02-11,0.0,0,1,14.41715952344158,0.153024911,0.1137460208,0.1142935829,250
2007850379.0,FSS,2025-02-12,93100.0,6056215.66,0.0153726361851519,Market Model,2025-02-12,0.0,0,1,15.6165956844297,0.0230696303,-0.036005362,-0.038542012,250
2007857379.0,CAL,2025-02-19,120200.0,554542.21,0.2167553665572184,Market Model,2025-02-19,0.0,0,1,13.22589820550838,-0.162025316,-0.136754739,-0.130131535,250
2007858206.0,PDFS,2025-02-19,130000.0,854398.02,0.1521539106563004,Market Model,2025-02-19,0.0,0,0,13.658152429769652,-0.151004304,-0.047712432,-0.071068413,250
2007859000.0,VVV,2025-02-20,625000.0,4874906.0,0.1282076003106521,Market Model,2025-02-20,0.0,0,0,15.399611380176902,0.0049382716,0.0479498024,0.0417495142,250
2007863788.0,FLYW,2025-02-24,340000.0,2149557.54,0.158172085963328,Market Model,2025-02-24,0.0,0,1,14.58077258357624,-0.4164859,-0.333260069,-0.319700475,250
2007862034.0,APO,2025-02-24,1500000.0,85183598.8,0.017609023581192,Market Model,2025-02-24,1.0,1,1,18.26031947092117,-0.145846161,-0.105998969,-0.097800815,250
2007869996.0,OSBC,2025-02-25,197000.0,811303.84,0.2428190158695662,Market Model,2025-02-25,0.75,0,0,13.606397911516291,-0.038742684,0.0236697826,0.0213760918,250
2007744284.0,TMO,2025-02-25,4000000.0,204847875.0,0.0195266853512637,Market Model,2025-02-25,0.0,0,1,19.137778188459365,-0.10133607,-0.066724232,-0.066278679,250
2007864622.0,REI,2025-02-26,100000.0,251708.92,0.3972842917128245,Market Model,2025-02-26,0.1,0,1,12.43602861951016,-0.124087591,-0.052305148,-0.055041353,250
2007864898.0,SKYT,2025-02-26,93000.0,421703.36,0.2205341688527215,Market Model,2025-02-26,0.0,0,1,12.952057407452491,-0.130745659,0.0310510493,0.0062670649,250
2007866981.0,SBCF,2025-02-27,111200.0,2382581.96,0.0466720565616974,Market Model,2025-02-27,0.0,0,0,14.683695314758252,-0.065868263,0.0353347486,0.0316994869,250
2007869496.0,JAMF,2025-03-03,215000.0,1770068.88,0.1214641997434585,Market Model,2025-03-03,0.0,0,1,14.386529019047073,-0.153896104,0.0053655915,0.0021035026,250
2007870307.0,HON,2025-03-04,2160000.0,137795826.38,0.0156753659145187,Market Model,2025-03-04,0.0,0,1,18.741283628567015,-0.062680243,-0.015919183,-0.017789423,250
2007871013.0,RGEN,2025-03-04,70000.0,8715574.96,0.0080315986405101,Market Model,2025-03-04,0.0,0,0,15.980622208368816,-0.114794537,0.07546095,0.0512138155,250
2007877563.0,BMY,2025-03-10,286000.0,123970670.08,0.0023069972906933,Market Model,2025-03-10,0.0,1,0,18.635555563978393,0.0447579241,0.0421315122,0.0388769517,250
2007875821.0,NOW,2025-03-10,2850000.0,175229780.0,0.0162643587180215,Market Model,2025-03-10,0.0,0,1,18.98160869919103,-0.17626307,-0.097002966,-0.090101112,250
2007876574.0,RKT,2025-03-10,2400000.0,2299817.95,1.0435608609803222,Market Model,2025-03-10,0.7291666666666666,1,0,14.648340525592769,0.1919575114,0.2969620811,0.2747130189,250
2007879277.0,ASGI,2025-03-11,81151.0,518387.04,0.1565451944940598,Market Model,2025-03-11,0.0,1,1,13.158477423707696,0.0440952385,0.0416062195,0.0420515661,250
2007880086.0,CWAN,2025-03-12,560000.0,5955029.28,0.0940381606318483,Market Model,2025-03-12,0.4,0,1,15.599746677636023,-0.057651246,-0.051049259,-0.061606185,250
2007880900.0,NRG,2025-03-12,560000.0,17552874.78,0.0319036059345715,Market Model,2025-03-12,0.0,0,1,16.68072829958976,-0.065791976,-0.025259526,-0.04259136,250
2007884663.0,PEP,2025-03-17,1950000.0,203763250.08,0.0095699298044883,Market Model,2025-03-17,0.0,0,0,19.132469339038305,0.0218211279,0.0266839877,0.0239961244,250
2007886015.0,MCBS,2025-03-17,206000.0,705695.34,0.2919106706868717,Market Model,2025-03-17,0.4564271844660194,0,1,13.466938893594582,-0.116360178,-0.058202652,-0.05210654,250
2007615619.0,GOOGL,2025-03-18,32000000.0,958303570.0,0.0333923414268403,Market Model,2025-03-18,0.0,0,1,20.68067516465402,-0.078088565,-0.008824015,-0.009752449,250
2007870650.0,ROP,2025-03-24,1650000.0,61443549.3,0.0268539174380019,Market Model,2025-03-24,0.0,0,0,17.93362941368984,0.0270533926,0.1106967457,0.1075654621,250
2007904083.0,BRZE,2025-03-27,325000.0,3307997.95,0.0982467356123966,Market Model,2025-03-27,0.5635261538461539,0,1,15.011853715415732,-0.12459893,0.1715477709,0.1350298405,250
2007906124.0,LPLA,2025-03-28,2700000.0,24850309.77,0.1086505570751281,Market Model,2025-03-28,0.0,0,1,17.02838077602278,-0.215911345,-0.143541313,-0.13461117,250
2007911433.0,FBK,2025-03-31,381000.0,2196199.9,0.1734814758893305,Market Model,2025-03-31,0.0,1,1,14.602239106612554,-0.196159937,0.0091245613,0.0068042916,250
2007915018.0,RES,2025-04-02,245000.0,1205575.74,0.2032224039279357,Market Model,2025-04-02,0.1020408163265306,0,1,14.002467803331506,-0.073724008,0.0258834897,0.0003607634,250
2007916777.0,AVAH,2025-04-03,75000.0,1096428.28,0.0684039269764183,Market Model,2025-04-03,0.0,0,1,13.90756843658414,0.1910669975,0.5221070146,0.5003516929,250
2007923029.0,CALM,2025-04-08,258000.0,4134788.7,0.0623973844177333,Market Model,2025-04-08,0.0,0,1,15.234946784771504,0.1050703903,0.0600223401,0.0520164568,250
2007927086.0,PSEC,2025-04-11,115000.0,1561230.56,0.0736598443217765,Market Model,2025-04-11,0.0,0,1,14.260984888783154,-0.15809743,-0.100261283,-0.09612571,250
2007932767.0,LOW,2025-04-14,1325000.0,123331437.45,0.0107434083912073,Market Model,2025-04-14,0.0,0,0,18.630385902789257,-0.023926216,0.0232155445,0.0218030112,250
2007932014.0,SNEX,2025-04-14,1058420.0,3684271.3,0.287280689671252,Market Model,2025-04-14,0.2851108255701895,0,1,15.119583316425423,0.1087015329,0.1593936755,0.1590024031,250
2007935231.0,WGS,2025-04-16,51000.0,2916541.04,0.0174864674628408,Market Model,2025-04-16,0.0,0,0,14.885908896738062,0.2048683776,-0.158611384,-0.222786389,250
2007938288.0,FIS,2025-04-17,13500000.0,36358058.88,0.3713069513572447,Market Model,2025-04-17,0.0,0,1,17.408926439709848,0.0663258442,0.0678262197,0.0619760009,250
2007098440.0,GPN,2025-04-17,24250000.0,20683089.12,1.172455422848364,Market Model,2025-04-17,0.0,0,1,16.84482697362486,-0.261312678,-0.217236335,-0.207459599,250
2007942041.0,EQT,2025-04-22,1800000.0,28485986.88,0.0631889640187884,Market Model,2025-04-22,0.7222222222222222,0,1,17.164922835899436,-0.031391831,-0.02476245,-0.033061043,250
2007943454.0,COLB,2025-04-23,2000000.0,4784250.24,0.418038334048346,Market Model,2025-04-23,1.0,1,1,15.380839880936913,-0.126606934,-0.073496948,-0.067398468,250
2007943562.0,LMT,2025-04-23,360000.0,108767162.88,0.0033098224727731,Market Model,2025-04-23,0.0,0,1,18.504720035067074,0.0983263598,0.0905847373,0.0909159053,250
2007945036.0,EBC,2025-04-24,490000.0,3001695.84,0.1632410564289551,Market Model,2025-04-24,0.0,1,1,14.914687966921829,-0.107995227,-0.069143802,-0.060134049,250
2007953875.0,ASTE,2025-04-29,245000.0,806519.09,0.3037745826946266,Market Model,2025-04-29,0.0,0,1,13.600482846447056,0.0887810448,0.1029652561,0.1111343339,250
2007957419.0,QTRX,2025-04-29,69140.0,224385.38,0.3081305921089868,Market Model,2025-04-29,0.7107318484234886,1,0,12.321120298993074,-0.18445122,-0.054463948,-0.062431963,250
2007956805.0,DDOG,2025-05-01,220000.0,32639915.68,0.0067402134906495,Market Model,2025-05-01,0.0,0,1,17.30104650472351,0.0807441124,0.0877121371,0.0941367163,250
2007962113.0,DASH,2025-05-06,1200000.0,81889077.4,0.0146539689797506,Market Model,2025-05-06,0.0,0,1,18.22087617485002,0.212306938,-0.005108839,-0.020889531,250
2007962208.0,TPG,2025-05-06,960000.0,5516125.65,0.1740351944303516,Market Model,2025-05-06,0.0,0,1,15.523186296823704,0.2893388631,0.0004077993,-0.003997005,250
2007965233.0,PR,2025-05-07,608000.0,8499849.12,0.0715306814763789,Market Model,2025-05-07,0.0,0,1,15.955558970714764,0.2672176309,0.1337155417,0.1314748926,250
2007964046.0,ORA,2025-05-07,88000.0,4365738.3,0.0201569571863709,Market Model,2025-05-07,0.0,0,1,15.289297873846602,0.0698696353,-0.049757846,-0.052594983,250
2007970463.0,MPLX,2025-05-09,237000.0,50869872.5,0.0046589462161518,Market Model,2025-05-09,0.0,0,0,17.744781410406972,0.1003631387,0.0301580706,0.0292386179,250
2007970128.0,CHD,2025-05-12,880000.0,22536292.7,0.0390481261365583,Market Model,2025-05-12,0.0,0,1,16.930637576561917,-0.072281018,-0.074469699,-0.076704057,250
2007974216.0,ANET,2025-05-14,1000000.0,122109628.5,0.0081893623974132,Market Model,2025-05-14,0.0,0,0,18.620429793465703,0.2560130453,0.0330412647,0.0379925043,250
2007974857.0,DKS,2025-05-15,2500000.0,11797898.85,0.2119021388287288,Market Model,2025-05-15,0.0,1,0,16.28343201002137,-0.064517879,-0.164688178,-0.190640548,250
2007978444.0,BMRN,2025-05-16,270000.0,11174787.52,0.0241615332297611,Market Model,2025-05-16,0.0,1,0,16.229170684412896,-0.021591295,-0.034223666,-0.037973354,250
2007983918.0,SANM,2025-05-19,3000000.0,4520915.84,0.6635823594539642,Market Model,2025-05-19,0.05,0,1,15.324225150752888,0.156033102,-0.040954228,-0.05019654,250
2007984698.0,RHP,2025-05-19,865000.0,5940699.01,0.1456057609624629,Market Model,2025-05-19,0.0,0,0,15.59733736286644,0.1370694688,0.0493237891,0.0513597995,250
2007838642.0,MSI,2025-05-21,5000000.0,70579827.19,0.0708417716373839,Market Model,2025-05-21,0.0,0,1,18.072254927781085,-0.003239715,-0.093100543,-0.101043375,250
2008006703.0,STRW,2025-05-22,59000.0,124990.8,0.4720347417569933,Market Model,2025-05-22,0.0,0,0,11.735995413575823,-0.106047327,-0.188354895,-0.198562864,250
2007996516.0,WULF,2025-05-27,52400.0,1511415.12,0.0346694956975155,Market Model,2025-05-27,0.6230916030534351,0,1,14.228556935488546,0.26,-0.104382433,-0.184876079,250
2007503248.0,CRM,2025-05-27,8000000.0,262061133.62,0.0305272280917488,Market Model,2025-05-27,0.0,1,1,19.38408836893461,-0.012619003,-0.105686929,-0.111786165,250
2008000379.0,LDOS,2025-05-28,300000.0,19559045.7,0.0153381716368708,Market Model,2025-05-28,0.0,0,1,16.7889484330372,-0.009125214,-0.043797457,-0.048390228,250
2007848512.0,EOG,2025-05-30,5684000.0,60603654.72,0.0937897231818959,Market Model,2025-05-30,0.0,0,1,17.919865758131923,0.0337170307,-0.001721577,-0.004284756,250
2008003164.0,MOD,2025-05-30,112000.0,4809995.26,0.0232848462308048,Market Model,2025-05-30,0.0,0,1,15.386206656634473,0.1467417932,-0.055210864,-0.07098824,250
2008020595.0,FORM,2025-06-02,55000.0,2300748.45,0.0239052643934194,Market Model,2025-06-02,0.0,0,1,14.648745041007516,0.1794960304,0.05210896,0.0545556487,250
2008008140.0,VNOM,2025-06-03,4100000.0,5238747.99,0.7826297443256094,Market Model,2025-06-03,1.0,1,0,15.471593094542031,-0.007581504,-0.07678717,-0.084023066,250
2008007687.0,POST,2025-06-03,880000.0,6140233.8,0.1433170183194001,Market Model,2025-06-03,0.0,0,1,15.630373377574266,-0.016917626,-0.031654184,-0.032931225,250
2008013816.0,NBBK,2025-06-05,211800.0,674273.4,0.3141159060998105,Market Model,2025-06-05,0.0,1,1,13.421390945627795,-0.032032615,-0.116701302,-0.121852668,250
2008022447.0,CR,2025-06-09,1150000.0,10216777.68,0.1125599514856038,Market Model,2025-06-09,0.0,0,0,16.139541797524736,0.0757185248,-0.033159449,-0.036583192,250
2008022752.0,BRO,2025-06-10,9825000.0,30913538.88,0.3178219109154286,Market Model,2025-06-10,0.0,0,0,17.246704797363964,-0.027430608,-0.076984499,-0.079513956,250
2007737094.0,ALSN,2025-06-11,2700000.0,8556095.25,0.3155645094063206,Market Model,2025-06-11,0.0,0,1,15.962154481661036,-0.10490301,-0.15142272,-0.148556524,250
2008031931.0,BKR,2025-06-16,540000.0,38678880.0,0.0139611074570928,Market Model,2025-06-16,0.0,0,1,17.470804272597572,0.006360986,-0.046970615,-0.049855336,250
2008031379.0,SUPN,2025-06-16,795000.0,1793359.7,0.4433020324924219,Market Model,2025-06-16,0.0,1,0,14.399601345964006,-0.024938424,-0.044665464,-0.046765742,250
2008038154.0,WOR,2025-06-19,93000.0,2937615.45,0.0316583302283489,Market Model,2025-06-20,0.0,0,0,14.893108738789902,0.0661735081,0.0760989,0.0765222213,250
2008042183.0,ILMN,2025-06-23,425000.0,14324567.0,0.0296693086778818,Market Model,2025-06-23,0.0,0,0,16.477486593232147,0.2020914703,0.1745643004,0.1895886438,250
2008043308.0,FFBC,2025-06-23,325000.0,2216288.4,0.146641565240336,Market Model,2025-06-23,0.2,0,1,14.611344462785596,0.0118119827,-0.061672576,-0.065963552,250
2008057734.0,PH,2025-06-30,1000000.0,89513600.12,0.0111714867758577,Market Model,2025-06-30,0.0,0,1,18.309901128348887,0.0594847354,-0.020401627,-0.022506055,250
2008058775.0,TDG,2025-06-30,765000.0,84203881.39,0.0090850918909166,Market Model,2025-06-30,0.0,0,1,18.248751575418517,0.0475258099,-0.012349565,-0.013927198,250
2008094462.0,HD,2025-06-30,5500000.0,366869750.72,0.0149916966149593,Market Model,2025-06-30,0.0,1,0,19.72051744035569,0.0040699274,-0.025767102,-0.027408649,250
2008057494.0,ONTO,2025-06-30,495000.0,4832661.12,0.1024280386537841,Market Model,2025-06-30,0.1266464646464646,0,1,15.390907830429676,0.0873316498,-0.005704576,-0.013249078,250
2008061533.0,PKG,2025-07-01,1800000.0,16956731.0,0.106152536122676,Market Model,2025-07-01,0.0,0,1,16.646175422108307,0.0634823473,0.0178455253,0.0152226802,250
2008064170.0,LMB,2025-07-01,66100.0,1628662.5,0.0405854497171759,Market Model,2025-07-01,0.0,0,1,14.303269683798518,0.136250195,-0.065904053,-0.084102442,250
2008061541.0,ISTR,2025-07-01,83617.0,190108.8,0.4398376087798145,Market Model,2025-07-01,0.9138931078608415,0,0,12.15535181883067,0.1776296229,0.1081238986,0.1123258348,250
2008081888.0,NWFL,2025-07-07,54900.0,252935.15,0.2170516830104475,Market Model,2025-07-07,0.8,0,1,12.440888410742346,0.0114128296,-0.042660139,-0.047780001,250
2008495676.0,BFST,2025-07-07,79892.0,775302.57,0.1030462210385811,Market Model,2025-07-07,1.0,0,1,13.561008645047425,0.1346236559,0.0574026507,0.0603561747,250
2008083431.0,BLD,2025-07-08,810000.0,9825066.03,0.0824421940297128,Market Model,2025-07-08,0.0,0,1,16.100447436307704,0.1851987118,0.1525401057,0.1583476914,250
2008376197.0,CIVB,2025-07-10,70400.0,383876.88,0.1833921334361163,Market Model,2025-07-10,0.50390625,0,1,12.85807715515868,-0.024556617,-0.079279319,-0.095797978,250
2008246171.0,MNR,2025-07-10,770700.0,1711138.56,0.4504018657612391,Market Model,2025-07-10,0.5783054366160634,0,1,14.352669531477416,0.0968703428,0.0792079374,0.0799804811,250
2008547865.0,WAT,2025-07-14,18800000.0,21001321.19,0.8951817759423544,Market Model,2025-07-14,0.7872340425531915,0,1,16.86009590751823,-0.186071377,-0.237591445,-0.23266958,250
2008100667.0,FCCO,2025-07-14,50000.0,190920.24,0.2618894675598564,Market Model,2025-07-14,1.0,0,0,12.159611028190067,0.0824434003,0.0052170443,0.0028459614,250
2008100828.0,HBAN,2025-07-14,1900000.0,25368532.0,0.0748959380069765,Market Model,2025-07-14,1.0,1,1,17.049020066282853,0.0552092718,-0.003056579,-0.005444176,250
2008102467.0,CVCO,2025-07-14,190000.0,3560933.44,0.0533567962449755,Market Model,2025-07-14,0.0,0,1,15.085533270706405,-0.025428893,-0.105348531,-0.114741279,250
2008108922.0,STWD,2025-07-16,2200000.0,7002956.65,0.3141530227807422,Market Model,2025-07-16,0.0,0,0,15.761842996414297,0.0213590595,-0.023964629,-0.027040083,250
2008109807.0,VRT,2025-07-17,200000.0,47790567.0,0.0041849262847205,Market Model,2025-07-17,0.0,0,1,17.68233883489074,0.1238299699,-0.022098189,-0.031405423,250
2008112119.0,PB,2025-07-18,327582.0,7029979.74,0.0465978583318079,Market Model,2025-07-18,1.0,0,1,15.765694381848128,0.0066914498,-0.050970744,-0.05653336,250
2008112285.0,BFC,2025-07-18,174300.0,1236794.74,0.1409288011687371,Market Model,2025-07-18,1.0,0,1,14.028033703895511,0.1380885102,0.0465363069,0.0471615358,250
2008120624.0,MBWM,2025-07-22,95800.0,792138.75,0.1209384088330485,Market Model,2025-07-22,0.561482254697286,0,1,13.582491844846633,0.0788873689,-0.019575699,-0.024654069,250
2008277425.0,HUBG,2025-07-22,51800.0,2058761.95,0.025160752558109,Market Model,2025-07-22,0.0,0,1,14.537615364950158,0.0911918382,0.0516146059,0.0491014822,250
2008122068.0,LH,2025-07-22,195000.0,20342448.0,0.0095858669517061,Market Model,2025-07-22,0.0,0,1,16.82822029532503,-0.000610967,-0.03446983,-0.039385642,250
2008124971.0,WAY,2025-07-23,1250000.0,6371920.23,0.1961732028776512,Market Model,2025-07-23,0.4900832,0,1,15.667411431101325,-0.05589404,-0.178369753,-0.187654507,209
2008125003.0,CBAN,2025-07-23,86100.0,309264.39,0.2784025668134633,Market Model,2025-07-23,0.1791869918699187,0,1,12.641951821104252,0.0563019834,-0.025061954,-0.03258113,250
2008144325.0,PWR,2025-07-25,1566000.0,60349596.78,0.0259488063476005,Market Model,2025-07-25,0.0,0,0,17.915664824126754,0.056690314,0.0199677566,0.018104983,250
2008135100.0,SR,2025-07-27,2480000.0,4509488.97,0.5499514504855303,Market Model,2025-07-28,0.0,0,1,15.321694394637465,0.0302660152,-0.008680541,-0.010843271,250
2008144922.0,IEX,2025-07-29,102000.0,13932764.35,0.0073208731187648,Market Model,2025-07-29,0.0,0,1,16.449753771868657,-0.078532227,-0.056141715,-0.061785542,250
2008145191.0,MIR,2025-07-31,81000.0,5056943.1,0.0160175818470253,Market Model,2025-07-31,0.0,0,0,15.436272728268545,0.0457866537,-0.002640502,-0.013146714,250
2008144155.0,EEFT,2025-07-31,248000.0,4059013.96,0.0610985826715412,Market Model,2025-07-31,1.0,1,1,15.216450635085875,-0.12251178,-0.140766309,-0.136900601,250
2008036925.0,APH,2025-08-04,10500000.0,127354269.51,0.0824471770000261,Market Model,2025-08-04,0.0,0,1,18.662483284622816,0.1040619344,0.0682879044,0.0706935952,250
2008153561.0,XOMA,2025-08-04,97775.0,298775.74,0.3272521390123575,Market Model,2025-08-04,0.0,1,1,12.6074485375122,0.0100148368,0.0160952886,0.0017235589,250
2008152113.0,HNI,2025-08-04,2200000.0,2318598.48,0.9488490650610624,Market Model,2025-08-04,0.0006063636363636,1,1,14.656473457650208,-0.171209213,-0.188503026,-0.179629107,250
2008157141.0,ZBRA,2025-08-05,1300000.0,17356449.2,0.074900112633637,Market Model,2025-08-05,0.0,0,1,16.669474707104982,0.0347828829,0.0175371362,0.0077298688,250
2008157409.0,S,2025-08-05,250000.0,5870189.6,0.0425880622322658,Market Model,2025-08-05,0.0,0,1,15.585397491112293,-0.104395604,-0.128600245,-0.135334027,250
2008161154.0,GVA,2025-08-05,540000.0,4058449.02,0.1330557553732682,Market Model,2025-08-05,0.0,0,1,15.216311443813357,0.1671113008,0.0959861358,0.1009760899,250
2008157453.0,TRNS,2025-08-05,84000.0,697061.2,0.1205059182751815,Market Model,2025-08-05,0.0,0,0,13.454628490766089,-0.038332368,-0.032570169,-0.03745914,250
2008162042.0,WES,2025-08-06,2000000.0,15169188.06,0.1318462130002757,Market Model,2025-08-06,0.5425,1,0,16.53477682715007,0.0059480396,-0.032732434,-0.036174457,250
2008164471.0,HRZN,2025-08-07,133465.0,325296.72,0.410286952785752,Market Model,2025-08-07,1.0,1,1,12.6924930294103,-0.097530147,-0.095773338,-0.095036435,250
2008164061.0,CRMD,2025-08-07,325000.0,892055.55,0.3643270870295017,Market Model,2025-08-07,0.0,0,1,13.701283685407844,0.1110132159,0.0201528487,-0.004305468,250
2008172131.0,HUBB,2025-08-12,825000.0,22188075.6,0.0371821339927289,Market Model,2025-08-12,0.0,0,1,16.915065567398617,0.0427146574,0.0281587033,0.0255553372,250
2008471668.0,WKHS,2025-08-15,105000.0,27210.21,3.8588456318418713,Market Model,2025-08-15,0.0,0,1,10.211347549498337,-0.30952381,-0.074196331,-0.076135798,250
2008196673.0,DGII,2025-08-18,145500.0,1196813.28,0.1215728488574257,Market Model,2025-08-18,0.0,0,0,13.995172982397472,0.0123904503,-0.012529501,-0.02148448,250
2008195535.0,LII,2025-08-18,550000.0,20781465.84,0.026465890531233,Market Model,2025-08-18,0.0,0,1,16.84957208205218,-0.063813728,-0.098189936,-0.104317487,250
2008196919.0,NXST,2025-08-19,6200000.0,6256616.08,0.9909510062186844,Market Model,2025-08-19,0.0,1,1,15.649150034619488,0.1305451796,0.1088090059,0.1123136427,250
2008208659.0,AVY,2025-08-25,390000.0,13919787.0,0.0280176700979691,Market Model,2025-08-25,0.0,0,1,16.448821911029338,-0.047696721,-0.025339195,-0.026377101,250
2008204108.0,CRGY,2025-08-25,2900000.0,2537145.24,1.1430169445088605,Market Model,2025-08-25,0.0,1,1,14.746550085661733,0.0899421534,0.1154736894,0.1100226938,250
2008492731.0,EQBK,2025-09-02,122477.0,778905.54,0.157242430192498,Market Model,2025-09-02,0.7346440556186059,0,1,13.565645059477433,0.1441466083,0.0855963341,0.089206702,250
2008220266.0,VRNS,2025-09-02,150000.0,6613013.94,0.0226825470747457,Market Model,2025-09-02,0.0,0,1,15.704550074623729,0.0480540837,0.0108472634,0.005716235,250
2008361546.0,WKC,2025-09-03,220000.0,1502492.25,0.1464233842137954,Market Model,2025-09-03,0.0,0,0,14.222635787308311,0.0063341251,-0.025821346,-0.028787949,250
2008223081.0,TEAM,2025-09-04,610000.0,28381523.8,0.0214928558557521,Market Model,2025-09-04,0.0,0,1,17.161248920996133,-0.047077222,-0.12742982,-0.141378306,250
2008226987.0,NXT,2025-09-08,53000.0,10375235.68,0.0051083176936564,Market Model,2025-09-08,0.0,0,1,16.15493233996761,0.2139267767,0.1730953441,0.1687204369,250
2008226462.0,PNC,2025-09-08,4100000.0,80494150.8,0.0509353780274926,Market Model,2025-09-08,0.7073170731707317,0,1,18.2036950788793,0.0819794784,0.0264676662,0.0266975112,250
2008228438.0,SOUN,2025-09-09,60000.0,5736058.79,0.0104601438368451,Market Model,2025-09-09,0.0,0,1,15.56228291051172,0.0841328413,-0.110489552,-0.169980504,250
2008287984.0,BSX,2025-09-09,88000.0,160236661.28,0.0005491876783817,Market Model,2025-09-09,0.0,0,0,18.89216241335839,-0.040333527,-0.095632281,-0.097853974,250
2008231392.0,ATLC,2025-09-11,162000.0,1015492.5,0.1595285046418363,Market Model,2025-09-11,0.0,0,1,13.83088427445093,0.1769547325,0.0578206532,0.0587190207,250
2008231373.0,FFIV,2025-09-11,180000.0,18767360.43,0.009591119682034,Market Model,2025-09-11,0.0,0,0,16.747629771609315,0.0163261555,-0.062362162,-0.067634017,250
2008247021.0,NVDA,2025-09-14,900000.0,4329383540.0,0.000207881790025,Market Model,2025-09-15,0.0,0,1,22.188690999310296,0.0087922398,-0.079086939,-0.086349422,250
2008239624.0,CRC,2025-09-15,717000.0,4435876.8,0.1616365900874433,Market Model,2025-09-15,0.0,1,1,15.305235854298465,0.1260548315,0.0773223352,0.0759088619,250
2008241685.0,NBHC,2025-09-15,369100.0,1463629.62,0.2521812861371307,Market Model,2025-09-15,0.7712760769439176,0,1,14.196429949692291,0.0419408839,0.0155895102,0.0110692081,250
2008241493.0,CRWD,2025-09-16,260000.0,111617255.35,0.0023293889388761,Market Model,2025-09-16,0.0,0,1,18.53058621379092,0.1313390979,0.042618272,0.0359923307,250
2008242344.0,RITM,2025-09-17,1600000.0,6400624.44,0.249975610192183,Market Model,2025-09-17,0.0,1,1,15.67190611232038,-0.045751634,-0.072096376,-0.073477414,250
2008395241.0,BIIB,2025-09-18,85000.0,21240115.05,0.0040018615624212,Market Model,2025-09-18,0.0,0,0,16.87140217099001,-0.022972778,0.0229969609,0.0183097591,250
2008245714.0,CMC,2025-09-18,675000.0,6545724.88,0.1031207409988181,Market Model,2025-09-18,0.0,0,0,15.694322704440202,0.0013900956,-0.023476692,-0.026772421,250
2008259684.0,CIEN,2025-09-22,270000.0,19560951.79,0.0138030093268789,Market Model,2025-09-22,0.0,0,1,16.789045881407535,0.6497252747,0.4060745333,0.5178945441,250
2008259619.0,COMP,2025-09-22,1457430.0,4943131.0,0.2948394448781551,Market Model,2025-09-22,1.0,1,1,15.413509494062136,-0.03180212,-0.131862889,-0.160981178,250
2008262813.0,PRVA,2025-09-23,113000.0,2810517.0,0.0402061257768588,Market Model,2025-09-23,0.0,0,1,14.848879010151748,0.1323328786,0.0739192729,0.0761144053,250
2008262588.0,WMS,2025-09-23,1000000.0,11173106.1,0.0895006268668656,Market Model,2025-09-23,0.0,0,0,16.229020207591073,-0.057142976,-0.051452148,-0.056588954,250
2008262513.0,MORN,2025-09-23,375000.0,9874291.58,0.0379774079954807,Market Model,2025-09-23,0.0,0,1,16.105445127443936,-0.120574634,-0.152174499,-0.149015815,250
2008267972.0,FRME,2025-09-25,241300.0,2282145.96,0.1057338155531471,Market Model,2025-09-25,1.0,1,1,14.640626768796048,-0.086936257,-0.139732676,-0.138481503,250
2008267185.0,HFWA,2025-09-25,176600.0,836601.92,0.2110920328750859,Market Model,2025-09-25,1.0,0,0,13.637103632991188,-0.021172638,-0.083044333,-0.086677306,250
2008501237.0,AIR,2025-09-25,146000.0,2935381.68,0.0497379952306577,Market Model,2025-09-25,0.0,0,0,14.892348047082324,0.0932413075,0.0515026648,0.0491558483,250
2007941068.0,ARES,2025-09-29,1100000.0,35208201.75,0.0312427203130304,Market Model,2025-09-29,0.0,0,0,17.376789617688413,-0.162138881,-0.247166118,-0.24081063,250
2008277326.0,META,2025-09-30,2000000.0,1612406350.8,0.0012403821152203,Market Model,2025-09-30,0.0,0,1,21.20099352792441,-0.034020216,-0.113660814,-0.117714275,250
2008444946.0,PNTG,2025-10-01,146500.0,871855.4,0.1680324512528109,Market Model,2025-10-01,0.0,0,0,13.678378863452444,0.055509182,-0.003685429,-0.008349081,250
2008278233.0,HALO,2025-10-01,900000.0,8619136.82,0.1044188088430878,Market Model,2025-10-01,0.0,0,0,15.969495500734892,-0.11098991,-0.156814159,-0.155378135,250
2008288065.0,FITB,2025-10-06,10900000.0,29353810.93,0.3713316824855627,Market Model,2025-10-06,1.0,1,1,17.194932940102355,-0.066661549,-0.101596308,-0.101577212,250
2008291800.0,KAI,2025-10-07,175000.0,3594458.17,0.0486860582940098,Market Model,2025-10-07,0.0,0,1,15.094903820114814,-0.100658972,-0.131246935,-0.131095341,250
2008306164.0,NPO,2025-10-08,280000.0,4703884.68,0.0595252688039962,Market Model,2025-10-08,0.0,0,0,15.363899252953972,0.0570835256,0.0052875754,0.0013091488,250
2008309044.0,RYN,2025-10-14,8200000.0,3992795.8,2.053698814249404,Market Model,2025-10-14,0.0,1,1,15.200002245243574,-0.043698322,-0.034762228,-0.037987229,250
2008309465.0,BCRX,2025-10-14,700000.0,1482074.88,0.4723108187354204,Market Model,2025-10-14,0.0,1,1,14.208953609877549,-0.092857143,-0.137555026,-0.145003008,250
2008320051.0,HBT,2025-10-20,170200.0,742361.6,0.2292683242236667,Market Model,2025-10-20,0.0,0,1,13.517591734978458,-0.056923077,-0.103673967,-0.106699382,250
2008556986.0,TCBX,2025-10-22,123000.0,542935.37,0.2265463014502076,Market Model,2025-10-22,0.8373983739837398,0,1,13.204745567891091,-0.077987421,-0.153968019,-0.158251304,250
2008606114.0,FMNB,2025-10-22,299000.0,524422.71,0.5701507472855247,Market Model,2025-10-22,1.0,1,1,13.170053336570133,-0.11430527,-0.149173132,-0.146935393,250
2008324980.0,NIC,2025-10-23,864000.0,1936015.67,0.4462773795627388,Market Model,2025-10-23,1.0,1,1,14.476142640794167,-0.110318921,-0.162047003,-0.163846102,250
2008336490.0,VSEC,2025-10-27,350000.0,3785331.14,0.0924621881297285,Market Model,2025-10-27,0.0,0,0,15.146643928477344,0.1009543688,0.0278220394,0.0267357037,250
2008336942.0,PRK,2025-10-27,317300.0,2563967.34,0.1237535264392252,Market Model,2025-10-27,1.0,1,1,14.757066359032054,-0.071932895,-0.094008453,-0.096078433,250
2008336548.0,FSUN,2025-10-27,785000.0,1126456.2,0.6968757418175692,Market Model,2025-10-27,0.9777070063694268,1,1,13.934587156607186,-0.163540885,-0.17427037,-0.18083115,250
2007960314.0,ESI,2025-10-28,500000.0,6395601.99,0.0781787235637532,Market Model,2025-10-28,0.0,0,1,15.67112112304477,0.0820656525,0.0867678332,0.0844993415,250
2008339251.0,RYI,2025-10-28,438041.0,736391.13,0.5948482839547511,Market Model,2025-10-28,1.0,1,0,13.509516683184325,-0.085031001,-0.090384432,-0.095655804,250
2008340193.0,LFUS,2025-10-28,350000.0,6769359.68,0.0517035608307342,Market Model,2025-10-28,0.0,0,1,15.72791705843598,-0.064349715,-0.056728341,-0.057658536,250
2008340029.0,CDRE,2025-10-29,200000.0,1757498.08,0.1137981328548592,Market Model,2025-10-29,0.0,0,0,14.37940181020548,0.2383163273,0.22634356,0.2462697044,250
2008345384.0,TEX,2025-10-30,3104565.0,3672288.0,0.8454034650877056,Market Model,2025-10-30,0.8631048150062891,1,1,15.116325459019489,-0.105955143,-0.055765673,-0.072626693,250
2008343109.0,FMBH,2025-10-30,94100.0,869651.28,0.1082042908049304,Market Model,2025-10-30,1.0,0,0,13.675847582691713,-0.023255814,-0.015969405,-0.019229565,250
2008345304.0,PLMR,2025-10-30,300000.0,2980422.55,0.1006568682685614,Market Model,2025-10-30,0.0,0,1,14.907575643731596,0.0717925387,0.0339013,0.0322334196,250
2008352125.0,SM,2025-11-03,12800000.0,2401389.06,5.3302483188625835,Market Model,2025-11-03,0.0,1,1,14.69155790289252,-0.280333569,-0.28247464,-0.243190529,250
2008355732.0,CBRE,2025-11-04,1315000.0,44820481.73,0.02933926520294,Market Model,2025-11-04,0.0,0,0,17.61817577438282,0.0089890568,-0.020698947,-0.022470165,250
2008359424.0,JBL,2025-11-04,783000.0,23537259.47,0.0332664047400247,Market Model,2025-11-04,0.0,0,0,16.974095232883116,0.0439663699,-0.022042575,-0.029951073,250
2008358052.0,SNDA,2025-11-05,1800000.0,484504.02,3.71513945333209,Market Model,2025-11-05,0.66,0,0,13.09088100749216,0.2039819684,0.2144998768,0.2204786014,250
2008437005.0,AXSM,2025-11-06,81800.0,6840539.97,0.0119581203178029,Market Model,2025-11-06,0.0,0,1,15.738377229465357,0.1574425069,0.1389033797,0.1451912956,250
2008378412.0,PFE,2025-11-07,9081499.0,141285917.5,0.0642774535544209,Market Model,2025-11-07,0.0,1,0,18.766296178852176,0.0103442482,0.040409522,0.0379655435,250
2008378177.0,IESC,2025-11-07,192000.0,7861191.3,0.0244237791287435,Market Model,2025-11-07,0.0,1,0,15.87744871780609,-0.078735981,-0.126944557,-0.155429998,250
2008377552.0,BBAI,2025-11-10,250000.0,2479427.92,0.1008297107503734,Market Model,2025-11-10,0.0,0,1,14.72353841411168,-0.228531856,-0.42118985,-0.48948768,250
2008440350.0,RNGR,2025-11-10,90500.0,300341.25,0.3013239107182247,Market Model,2025-11-10,0.0,0,1,12.612674607175402,0.0711398545,0.0620241111,0.0587897081,250
2008448323.0,MOVE,2025-11-10,222282.0,3982.95,55.808383233532936,Market Model,2025-11-10,1.0,0,1,8.289778029751105,0.5441400304,1.2188641795,0.6865059069,250
2008380366.0,AOS,2025-11-12,470000.0,7458743.88,0.063013291187041,Market Model,2025-11-12,0.0,0,1,15.824897577305272,-0.070662362,-0.045259361,-0.045167714,250
2008384478.0,DAWN,2025-11-13,285000.0,1061669.84,0.2684450374892442,Market Model,2025-11-13,0.0,1,1,13.875353547326814,0.0655526992,0.219631709,0.1678031933,250
2008399751.0,GGG,2025-11-17,69000.0,13288389.1,0.0051925029799134,Market Model,2025-11-17,0.0,0,1,16.402401211905556,-0.014459413,-0.008156522,-0.009257296,250
2008399970.0,PDYN,2025-11-17,56000.0,249699.78,0.224269320541652,Market Model,2025-11-17,0.3571428571428571,0,0,12.428014595210207,-0.398410897,-0.783738543,-0.746019806,250
2008399069.0,JNJ,2025-11-17,3050000.0,472053169.35,0.0064611365795928,Market Model,2025-11-17,0.0,0,0,19.972602184133606,0.0664009937,0.0532960472,0.0540445159,250
2008562377.0,TPST,2025-11-19,76401.0,41025.6,1.8622762372762376,Market Model,2025-11-19,1.0,0,1,10.621951541079865,-0.69486692,-0.867914283,-0.650376297,250
2008415774.0,PANW,2025-11-19,3350000.0,140097000.0,0.0239120038259206,Market Model,2025-11-19,0.0,0,1,18.757845597801737,-0.135494403,-0.136928913,-0.1305781,250
2008411015.0,ADBE,2025-11-19,1900000.0,135823142.0,0.0139887796145961,Market Model,2025-11-19,0.0,1,1,18.726864170941464,-0.11195637,-0.062205391,-0.059907129,250
2008419758.0,SOLV,2025-11-20,850000.0,13404626.28,0.063410943523895,Market Model,2025-11-20,0.0,0,0,16.411110450113995,0.171797691,0.1359728084,0.1435917915,250
2008639915.0,ABT,2025-11-20,23000000.0,219358702.8,0.1048510941504345,Market Model,2025-11-20,0.0,1,0,19.206218860194053,0.0074247753,-0.01555931,-0.017721859,250
2008426575.0,ATMU,2025-11-24,450000.0,3928508.64,0.1145472853026485,Market Model,2025-11-24,0.0,0,1,15.183770430908307,0.1418253393,0.1173316702,0.1218587848,250
2008426795.0,FULT,2025-11-24,243000.0,3243468.24,0.0749198025136204,Market Model,2025-11-24,1.0,1,1,14.992153759695832,0.0155382908,0.0180745339,0.0162884347,250
2008659203.0,SPFI,2025-12-01,105900.0,614011.92,0.1724722217119172,Market Model,2025-12-01,1.0,0,1,13.327769620621618,0.0736026563,0.0533780686,0.0540540801,250
2008449136.0,PRG,2025-12-01,420000.0,1138133.88,0.3690251273426638,Market Model,2025-12-01,0.0,0,1,13.944900531739997,-0.002224932,0.0325676148,0.0276197852,250
2008448177.0,GS,2025-12-01,2000000.0,247753351.16,0.0080725446926786,Market Model,2025-12-01,0.0,0,1,19.327944257460288,0.1022357465,0.0672133482,0.0698759109,250
2008448237.0,ASB,2025-12-01,604000.0,4362089.38,0.1384657551423212,Market Model,2025-12-01,1.0,0,0,15.288461716134425,0.0660170085,0.0498162218,0.0500784152,250
2008449513.0,MRVL,2025-12-02,3250000.0,77307460.0,0.0420399273239607,Market Model,2025-12-02,0.0,0,0,18.163301016016273,-0.051632174,-0.027065476,-0.04082438,250
2008454062.0,CBSH,2025-12-03,585000.0,7033831.24,0.0831694676825939,Market Model,2025-12-03,1.0,0,1,15.76624209968958,0.0745816286,0.0726617415,0.0728938515,250
2008456301.0,NTRA,2025-12-05,450000.0,33407668.84,0.0134699611084866,Market Model,2025-12-05,1.0,0,0,17.324296037579533,0.1602140856,0.1195994157,0.1272523196,250
2008294809.0,IBM,2025-12-08,11000000.0,287842295.9,0.0382153705577082,Market Model,2025-12-08,0.0,1,0,19.477923304440967,-0.00666588,-0.032875978,-0.03554903,250
2008459402.0,HOMB,2025-12-08,146000.0,5579827.38,0.0261656840000666,Market Model,2025-12-08,1.0,0,1,15.53466839839511,0.0694229922,0.0539155961,0.053900772,250
2008458636.0,BWMN,2025-12-08,59700.0,579737.01,0.1029777277803947,Market Model,2025-12-08,0.0,0,0,13.270329848657182,0.0397562391,-0.013935431,-0.025588405,250
2008463968.0,AM,2025-12-08,1100000.0,8796799.25,0.125045481741555,Market Model,2025-12-08,0.0,0,0,15.989898491694785,0.0440835267,0.0153928677,0.0144557318,250
2008459831.0,MIRM,2025-12-08,820000.0,3519461.12,0.2329902141382371,Market Model,2025-12-08,0.4512195121951219,0,1,15.07381844494558,-0.053455405,-0.112241052,-0.117642303,250
2008459218.0,NOG,2025-12-08,800000.0,2425434.55,0.3298378016425964,Market Model,2025-12-08,0.0,0,1,14.701521262176346,0.103515625,0.1336860795,0.131798449,250
2008556985.0,QUBT,2025-12-15,110000.0,2700682.15,0.0407304502679073,Market Model,2025-12-15,0.0,0,0,14.809014947212535,0.2253240279,-0.29870912,-0.516354607,250
2008475755.0,CVBF,2025-12-17,811000.0,2736180.0,0.2963986287451849,Market Model,2025-12-17,1.0,1,1,14.82207334503423,0.0745119604,0.0275316834,0.02663802,250
2008638879.0,CWBC,2025-12-17,191900.0,460941.48,0.416321828966228,Market Model,2025-12-17,1.0,1,1,13.04102637248937,0.0767045455,0.0463797712,0.0462590135,250
2008593254.0,APLE,2025-12-22,98200.0,2879129.92,0.0341075264849458,Market Model,2025-12-22,0.0,0,0,14.872998695356262,0.0644841616,0.0221812391,0.0218240255,250
2008482370.0,HWM,2025-12-22,1805000.0,81815596.38,0.0220618082598397,Market Model,2025-12-22,0.0,0,1,18.21997844819093,0.0499696847,-0.069064974,-0.077646829,250
2008632791.0,FLGT,2025-12-22,56900.0,853480.32,0.0666682039018779,Market Model,2025-12-22,0.0,0,1,13.657077762954309,-0.079569145,-0.115655923,-0.11604101,250
