Deal Number,Acquiror ticker symbol,Announced date,Deal value th USD,DlyCap,Relative_Size
1909565183.0,KWR,2017-04-05,862500.0,1707409.6,0.5051511951203741
1941018982.0,D,2018-01-03,13400000.0,51662588.4,0.2593753122907795
1941019078.0,ENR,2018-01-15,2000000.0,3091160.46,0.6470062055594487
1941070569.0,CNP,2018-04-23,8481622.0,11511646.28,0.7367861897160378
1909545396.0,DTE,2018-04-29,59000000.0,18984565.45,3.107787752919043
1941079617.0,CADE,2018-05-13,1400000.0,2527983.75,0.5538010281909447
1941083372.0,FITB,2018-05-21,4700000.0,23005245.76,0.20430122977308285
1941040317.0,WAB,2018-05-21,11100000.0,9149948.37,1.213121599286139
1941085082.0,IBTX,2018-05-22,1036351.0,2230039.2,0.4647232210088504
1941041290.0,FTV,2018-06-06,2800000.0,25898082.3,0.10811611329229577
1941097973.0,DIS,2018-06-20,85100000.0,157744281.1,0.5394807304998394
1941099582.0,GTN,2018-06-23,3647000.0,74355.45,49.048186783887395
1941730241.0,GDEN,2018-07-16,190000.0,805070.5,0.23600417603178853
1941112505.0,VBTX,2018-07-24,1000000.0,792411.37,1.2619707867139767
1941112288.0,SNV,2018-07-24,2900000.0,6539436.8,0.4434632658274181
1941118434.0,SWK,2018-08-07,690000.0,22186450.0,0.03110006332694054
1941119291.0,WSFS,2018-08-08,1500000.0,1758580.2,0.8529608146389912
1941124397.0,MOFG,2018-08-21,152900.0,402315.32,0.38005015568385514
1941134579.0,BUSE,2018-08-22,264300.0,1557730.83,0.16966987807514858
1941124168.0,HIG,2018-08-22,2200000.0,18759650.46,0.11727297396563538
1941056297.0,HCA,2018-08-31,1500000.0,46034115.21,0.03258452982439759
1941130121.0,SAIC,2018-09-10,2500000.0,3814107.7,0.6554613022595035
1941132203.0,PRK,2018-09-13,141800.0,1702196.37,0.08330413723065336
1941133072.0,UNVR,2018-09-17,2000000.0,3874332.6,0.5162179416398065
1941134857.0,IBCP,2018-09-20,726500.0,585661.75,1.2404771184049497
1941135605.0,SIRI,2018-09-24,3500000.0,31326972.9,0.1117248069633948
1941139645.0,AMNB,2018-10-01,84200.0,339846.0,0.24775927920293309
1941139226.0,CLDR,2018-10-03,1794207.0,2553826.6,0.7025563129462274
1941152135.0,AM,2018-10-09,7200000.0,5514086.6,1.305746630820053
1941112138.0,TDG,2018-10-09,4000000.0,18728029.65,0.21358360034420387
1941141997.0,FRME,2018-10-10,290900.0,2253731.55,0.12907482259810404
1941141641.0,AMED,2018-10-10,340000.0,3788900.22,0.08973580201592112
1941142565.0,FIBK,2018-10-11,181300.0,1749203.1,0.10364719797260821
1941143573.0,TWLO,2018-10-15,3000000.0,5764275.0,0.520447064028
1941149081.0,VLO,2018-10-18,950000.0,44338268.52,0.02142618626551635
1941222285.0,WEX,2018-10-22,310000.0,8009510.04,0.03870399043784706
1941228621.0,ORRF,2018-10-23,58500.0,197993.46,0.29546430473006535
1941239205.0,MMLP,2018-10-24,145000.0,476239.2,0.3044688467476008
2008235525.0,CRL,2018-10-25,83000.0,5441064.96,0.015254366674571002
1941148883.0,OCFC,2018-10-25,80000.0,1170360.58,0.06835500218231888
1941148354.0,IBM,2018-10-28,34000000.0,113904318.72,0.2984961446771735
1941149005.0,SSP,2018-10-29,521000.0,1112592.25,0.4682757766827874
1941178399.0,HBNC,2018-10-29,135300.0,650337.6,0.2080457903710319
1941156664.0,MKSI,2018-10-30,1000000.0,3740080.8,0.2673739027242406
1941150683.0,RTIX,2018-11-01,300000.0,290655.96,1.032148110776741
1941150553.0,EFSC,2018-11-01,213000.0,1002521.85,0.212464197164381
1941151249.0,HUBG,2018-11-05,255000.0,1556907.84,0.1637861878837992
1941153165.0,WES,2018-11-08,4015000.0,7137522.93,0.5625200842612215
1941153160.0,COHR,2018-11-09,3200000.0,3295430.38,0.9710416033732141
1941259305.0,NGHC,2018-11-13,52800.0,2970798.09,0.01777300186698316
1941154951.0,PENN,2018-11-14,300000.0,2348594.56,0.1277359681868632
1941156205.0,XEC,2018-11-19,1600000.0,8463798.56,0.1890404159146245
1941160084.0,FORR,2018-11-26,245000.0,792657.6,0.3090867986378986
1941158700.0,CSFL,2018-11-26,850400.0,2319973.25,0.36655595059124063
1941063904.0,STXB,2018-11-27,63700.0,237759.62,0.2679176556557417
1941159687.0,PBCT,2018-11-27,327000.0,6118448.29,0.053444923369614684
1941160584.0,KHC,2018-11-29,200000.0,62410683.3,0.0032045795595383266
1941219247.0,HXL,2018-11-30,160000.0,5228549.35,0.03060122211526989
1941143890.0,NXST,2018-12-03,7200000.0,3769375.68,1.9101306452956155
1941162976.0,CATC,2018-12-05,67000.0,351514.66,0.1906037147924357
1941164314.0,TVTY,2018-12-09,1400000.0,1634552.5,0.8565035384302432
1941164722.0,CSL,2018-12-10,197000.0,5925918.4,0.03324379221961612
1941164369.0,BCML,2018-12-10,63900.0,254225.91,0.25135124897379657
1941178455.0,KAI,2018-12-10,179000.0,916993.92,0.1952030390779472
1941164490.0,HMN,2018-12-10,405000.0,1564355.61,0.2588925417028421
1941165187.0,BBT,2018-12-11,176000.0,36180609.0,0.00486448417714583
1941181603.0,AMAG,2018-12-13,415000.0,595746.0,0.6966056003733134
1941166676.0,CNMD,2018-12-13,365000.0,1901801.69,0.19192327040155277
1941167370.0,ABCB,2018-12-17,750700.0,1616052.06,0.46452711430595867
1941168663.0,MMM,2018-12-19,1000000.0,113289758.72,0.008826923203813493
1941186916.0,TDY,2018-12-19,225000.0,7328005.69,0.030704124630667417
1941168877.0,GEF,2018-12-20,1800000.0,948764.88,1.897203446232116
1941172231.0,CUB,2019-01-02,87000.0,1673087.42,0.05199967375285148
1941170843.0,OHI,2019-01-02,600000.0,7054499.55,0.08505209983321921
1941172705.0,BLKB,2019-01-02,157000.0,3054864.3,0.05139344487413074
1941172470.0,LMNX,2019-01-02,75000.0,1014505.89,0.07392761416101783
1941171410.0,BMY,2019-01-03,74000000.0,85576193.57,0.8647264725495082
1941713348.0,GOOGL,2019-01-03,60000.0,315604552.56,0.0001901113260671147
1941172578.0,LLY,2019-01-05,8000000.0,121461860.52,0.0658642965433805
1941174066.0,MSI,2019-01-07,445000.0,18897295.68,0.023548342976448575
1941173310.0,HEES,2019-01-08,100000.0,830458.16,0.12041545837781881
1941236782.0,GBCI,2019-01-16,85028.0,3511889.1,0.02421147068681639
1941177239.0,FISV,2019-01-16,39000000.0,29453200.0,1.3241345592329525
1941208921.0,LOPE,2019-01-22,365800.0,4506793.5,0.08116635474866998
1941197722.0,CBU,2019-01-22,93400.0,3273344.7,0.028533505805239515
1941203577.0,MANT,2019-01-28,115000.0,1463375.11,0.07858545578242068
1941182172.0,TCF,2019-01-28,3500000.0,3599651.9,0.9723162398008541
1941183829.0,CACI,2019-01-30,750000.0,3918687.3,0.19139062205856539
1941199663.0,NWLI,2019-02-01,205500.0,1042138.8,0.1971906237441692
1941167024.0,CSCO,2019-02-06,660000.0,209078240.0,0.003156713008489071
1941188243.0,KRP,2019-02-07,151300.0,313869.5,0.4820474751449249
1941188440.0,CARB,2019-02-07,618500.0,999032.35,0.6190990712162624
1941190343.0,EW,2019-02-12,100000.0,36230282.19,0.002760122029289665
1941192325.0,TTC,2019-02-15,700000.0,6576524.76,0.10643919479442514
1941194206.0,TAST,2019-02-20,238000.0,334187.7,0.7121746252181035
1941194957.0,GABC,2019-02-21,68200.0,788707.53,0.08647058308166526
1941195661.0,DHR,2019-02-25,21400000.0,79606220.0,0.2688232150703802
1941198001.0,MIDD,2019-02-27,105000.0,6645367.9,0.015800479609262865
1941198628.0,ACIW,2019-02-28,750000.0,3621338.74,0.20710572908183672
1941200781.0,PCRX,2019-03-05,220000.0,1680534.8,0.13091070771042645
1941206481.0,FIS,2019-03-18,43000000.0,35159638.48,1.222993234826913
1941207944.0,JLL,2019-03-19,1800000.0,7437298.44,0.2420233656779275
1941386198.0,KLXE,2019-03-20,96500.0,590252.08,0.1634894704648902
1941210137.0,TMO,2019-03-24,1700000.0,106203574.56,0.01600699418115706
1941210413.0,CUZ,2019-03-25,1589433.0,4153216.08,0.38269932731263046
1941212348.0,ON,2019-03-27,936000.0,8651895.0,0.10818439197424379
1941213202.0,PRGS,2019-03-28,225000.0,1647649.85,0.13655814067533825
1941250921.0,EHC,2019-04-01,217500.0,5766649.6,0.037716874630287923
1941214800.0,LEA,2019-04-02,320000.0,8799890.85,0.036364087402288636
1941216718.0,VICI,2019-04-05,558000.0,8885487.75,0.06279902867459358
1941218912.0,AOS,2019-04-08,107000.0,7823271.51,0.013677142594786411
2007005785.0,CAMP,2019-04-15,50000.0,434201.7,0.11515385591534993
1941222563.0,COUP,2019-04-16,215000.0,5968022.3,0.03602533455680955
1941221859.0,COLD,2019-04-16,1240000.0,4567975.8,0.2714550282862707
1941225814.0,ELAN,2019-04-26,247150.0,11843209.16,0.02086849912562044
1941225838.0,RGEN,2019-04-26,240000.0,2522795.76,0.09513255246631619
1941202167.0,PH,2019-04-29,3675000.0,23673795.0,0.15523493381606118
1941227767.0,HWC,2019-04-30,213106.0,3769525.8,0.05653390142600961
1941228349.0,PS,2019-05-01,170000.0,3381451.71,0.05027426519126603
1941228392.0,SEE,2019-05-01,475000.0,7261158.24,0.06541656087087286
1941228837.0,POST,2019-05-02,85000.0,7437465.75,0.011428624057865409
1941232712.0,MSON,2019-05-02,121000.0,163511.36,0.7400097461118298
1941230901.0,MPLX,2019-05-08,14000000.0,25563978.21,0.5476455927553382
1941230963.0,PETQ,2019-05-08,185000.0,630338.2,0.2934932390262878
1941231136.0,MTOR,2019-05-08,175000.0,1872849.56,0.09344050036779249
1941231934.0,BSX,2019-05-09,465000.0,51036965.1,0.009111043321030073
1941224476.0,OXY,2019-05-09,55000000.0,45029734.38,1.221415155058705
1941232459.0,GTLS,2019-05-09,592000.0,2731893.97,0.21669947900650038
1941233798.0,AEIS,2019-05-15,400000.0,1855593.08,0.2155645029674286
1941232710.0,GS,2019-05-16,750000.0,72032253.2,0.010412002494460356
1941234781.0,HPE,2019-05-17,1400000.0,19911592.34,0.07031080066798917
1941235430.0,NRG,2019-05-20,300000.0,9925966.08,0.030223758330634957
1941246930.0,VAR,2019-05-20,283000.0,11860145.7,0.023861426930024986
1941237556.0,SHOP,2019-05-23,100000.0,27674568.0,0.003613425871724538
1941237629.0,GPN,2019-05-28,21500000.0,24220504.0,0.8876776470051986
1941410182.0,IIIV,2019-06-03,72700.0,235039.44,0.3093097907312917
1941320643.0,KIDS,2019-06-05,60000.0,588734.58,0.1019134972503229
1939043408.0,STBA,2019-06-05,206000.0,1330287.5,0.15485374402149912
1939044428.0,CLBK,2019-06-07,137214.0,1758036.13,0.07804959048253463
1939044656.0,CRM,2019-06-10,15700000.0,124947641.71,0.12565263165541982
1939047248.0,PB,2019-06-16,2100000.0,4697520.88,0.44704431414895596
1939047822.0,CNTY,2019-06-17,107000.0,265245.39,0.4034000364718874
1939047314.0,PFE,2019-06-17,11400000.0,237395181.8,0.04802119366350172
1939048186.0,MMSI,2019-06-17,50000.0,3177638.85,0.015734953643331745
1939045146.0,CZR,2019-06-24,17300000.0,6720462.81,2.574227473479613
1939050776.0,FCCY,2019-06-24,53100.0,162810.36,0.32614632140116884
1939050274.0,RAMP,2019-06-24,150000.0,3528607.52,0.042509686653958045
1939050309.0,NSIT,2019-06-24,474000.0,2009466.78,0.23588347153467248
1939051772.0,EXTR,2019-06-26,272000.0,680466.15,0.3997259819610424
1941242366.0,VLY,2019-06-26,740000.0,3377194.64,0.2191167755732314
1941226707.0,HQY,2019-06-27,2000000.0,3900240.5,0.5127888908389111
1941246155.0,FUN,2019-07-01,261000.0,2698490.96,0.096720724237668
1941244080.0,ACNB,2019-07-02,60000.0,272831.3,0.2199161166625677
1941249238.0,ALT,2019-07-09,93000.0,33627.5,2.7655936361608804
1941247811.0,HI,2019-07-12,1900000.0,2434117.14,0.780570486431068
1941248359.0,CARO,2019-07-15,100100.0,793791.7,0.12610361131264033
1941249143.0,ENTG,2019-07-15,165000.0,4952917.65,0.033313697432461854
1941278318.0,MYRG,2019-07-15,79700.0,618158.16,0.1289314048689416
1943120673.0,NPO,2019-07-19,305000.0,1284573.66,0.23743286157681298
1941251126.0,ETSY,2019-07-22,275000.0,7924125.6,0.03470414451785065
1941251771.0,WSBC,2019-07-23,500000.0,2037463.25,0.2454031992969689
1941312473.0,ISBC,2019-07-24,62270.0,3100395.2,0.020084536319756912
1941254175.0,CLNY,2019-07-25,325000.0,2527126.13,0.12860458215435414
1941297536.0,SPFI,2019-07-25,76100.0,317149.56,0.2399498835817398
1941234467.0,DISH,2019-07-26,1400000.0,9068990.93,0.1543721909974388
1941253947.0,EXAS,2019-07-29,2800000.0,15254249.12,0.1835554131818191
1941279749.0,MRCY,2019-07-30,100000.0,3763726.24,0.02656941382644238
1941264541.0,CTS,2019-07-31,80000.0,1069462.8,0.07480391089806956
1941256738.0,WMS,2019-08-01,1080000.0,1902761.26,0.5675961681078161
1941256867.0,EVBG,2019-08-01,83000.0,3391245.0,0.02447478728313643
1941258669.0,FOX,2019-08-06,50000.0,9582264.0,0.005217973539447462
1941391393.0,INGN,2019-08-07,101800.0,1210318.12,0.0841101180902753
1941301306.0,GKOS,2019-08-07,477383.0,2778276.96,0.1718270017255587
1941259164.0,AVGO,2019-08-08,10700000.0,107479900.0,0.09955349790984175
1941259971.0,ATRC,2019-08-12,300000.0,1214264.42,0.24706315614518295
1939060590.0,MKTX,2019-08-13,150000.0,13715607.82,0.010936445687902441
1939060599.0,STRL,2019-08-14,400000.0,299341.77,1.336265232880797
1941277850.0,RPAY,2019-08-14,65000.0,427277.3,0.15212603150225862
1941262252.0,CNOB,2019-08-16,113000.0,692918.8,0.16307827122023533
1941264491.0,VMW,2019-08-22,2100000.0,16172908.9,0.1298467711025071
1941265266.0,ADUS,2019-08-26,130000.0,1145426.35,0.11349485717698042
1941258502.0,PDCE,2019-08-26,1700000.0,1580599.5,1.0755412740545596
1941268728.0,EML,2019-09-03,81700.0,137455.86,0.594372622600448
1939066838.0,PANW,2019-09-04,75000.0,19111501.75,0.0039243383895773655
1941268976.0,PRU,2019-09-05,3500000.0,32019300.0,0.10930907296536777
1941347972.0,PWR,2019-09-09,330000.0,4865468.04,0.06782492399230722
1941348039.0,ALSN,2019-09-09,103000.0,5419199.79,0.01900649616020154
1941269973.0,FDEF,2019-09-09,572000.0,519240.96,1.1016080087364448
1941271687.0,ALG,2019-09-11,352000.0,1389796.8,0.2532744355146018
1941271420.0,FCBC,2019-09-11,91000.0,521024.84,0.17465578032709533
1941272445.0,ET,2019-09-16,5100000.0,36777768.72,0.1386707290164285
1941273362.0,FBK,2019-09-17,51900.0,1195096.35,0.0434274608904964
1941274702.0,FFIN,2019-09-19,190000.0,4546885.32,0.041786846737537686
1941275795.0,SASR,2019-09-24,460700.0,1258419.27,0.36609420324595
1941277161.0,VEEV,2019-09-26,430000.0,20200492.2,0.021286610036165356
1941239902.0,MCF,2019-09-27,132500.0,86429.34,1.5330442185489326
1941277334.0,AME,2019-09-27,925000.0,20589958.82,0.04492481058784362
1941278779.0,QTWO,2019-10-01,510000.0,3756578.1,0.13576185198971372
1941281002.0,UPLD,2019-10-07,84000.0,951329.26,0.08829750490382268
1941283729.0,PE,2019-10-14,2270000.0,4770555.49,0.4758355719283332
1941285626.0,SABR,2019-10-16,110000.0,5874103.95,0.018726260368613325
2007187239.0,CXP,2019-10-16,100000.0,2370914.52,0.0421778175284025
1941285217.0,ALXN,2019-10-16,700000.0,23194453.0,0.03017962958643603
1941286679.0,TER,2019-10-21,165000.0,9929115.7,0.016617794070019752
1941287806.0,ROKU,2019-10-22,150000.0,12101473.04,0.01239518523936653
1941289003.0,FFIC,2019-10-25,111600.0,621143.42,0.17966865043825142
1941291575.0,NWBI,2019-10-29,346000.0,1834517.6,0.18860544047110803
1941257669.0,RILY,2019-10-31,271400.0,663236.64,0.40920537803822177
1941292586.0,PFPT,2019-11-03,225000.0,6650845.74,0.03383028396626141
1941293188.0,WDAY,2019-11-04,540000.0,27610110.0,0.01955805319138533
1941292858.0,FHN,2019-11-04,3937104.0,5075345.8,0.7757311826910396
1941294565.0,ULH,2019-11-05,51250.0,536364.12,0.0955507612999915
1939068774.0,RP,2019-11-06,580000.0,5800383.25,0.0999933926779752
1941293982.0,TMHC,2019-11-06,2400000.0,2494770.21,0.9620124492347534
1941296182.0,NVEE,2019-11-07,318000.0,883870.05,0.35978139546644894
1941295126.0,DGII,2019-11-07,155000.0,398198.1,0.3892534896575348
1941295855.0,IPHI,2019-11-11,216000.0,3271768.64,0.06601933809109437
1939073872.0,CPE,2019-11-14,1037236.0,1018601.56,1.0182941404487933
1941298659.0,UBSI,2019-11-18,1100000.0,4012082.46,0.27417183245032306
1941300071.0,AVY,2019-11-20,247570.53,10983984.62,0.022539227663266704
2007215214.0,HMSY,2019-11-21,155000.0,2554842.0,0.0606691137847272
1941303291.0,CW,2019-11-26,132000.0,5884678.65,0.022431131392365834
1941306483.0,CDNS,2019-12-02,160000.0,19711658.25,0.008117023842983885
1941306669.0,ESI,2019-12-03,68000.0,2880105.53,0.02361024597595214
1941306171.0,CLF,2019-12-03,3000000.0,2271389.62,1.320777366236269
1941308741.0,MRK,2019-12-09,2700000.0,226210678.4,0.011935776061047346
1941310305.0,GSBD,2019-12-09,931450.0,843266.63,1.1045735320986199
1941308712.0,UNH,2019-12-09,303896.0,265456208.85,0.0011448065250254554
1941310820.0,FDBC,2019-12-10,78500.0,252788.88,0.31053581154360904
1941309399.0,PGTI,2019-12-10,92000.0,821174.3,0.11203468009166871
1941314304.0,TLRY,2019-12-12,1324741.0,1525906.2,0.8681667326602382
1939074315.0,IFF,2019-12-15,26200000.0,14305848.48,1.8314188100501956
1941147248.0,WPX,2019-12-16,2500000.0,4546644.31,0.5498560761618057
1941288539.0,CRL,2019-12-16,380000.0,7122191.37,0.05335436528715459
1941311917.0,HUM,2019-12-16,710000.0,46763593.38,0.015182751125016304
1941312883.0,LDOS,2019-12-17,1650000.0,12972924.96,0.12718797072267965
1941322835.0,CZNC,2019-12-18,77000.0,371214.27,0.20742737072041975
1941313362.0,FBMS,2019-12-18,88000.0,648876.0,0.13561913216084429
1939074453.0,GCO,2019-12-18,67700.0,742900.47,0.09112930026817724
1941313789.0,SC,2019-12-18,1100000.0,8154248.98,0.13489899593426444
1939074474.0,FFIV,2019-12-19,1000000.0,8532437.9,0.11719979819601148
1941063298.0,XPER,2019-12-19,1206655.0,1037409.48,1.1631424459317645
1941261663.0,MTCH,2019-12-20,500000.0,5418444.85,0.09227739948299003
1941316609.0,AAP,2019-12-23,200000.0,10951233.08,0.01826278360975219
1941348273.0,SNAP,2020-01-03,166000.0,19101496.22,0.008690418702708307
1941318157.0,YUM,2020-01-06,375000.0,30805754.7,0.012173050251549267
1941319470.0,ADT,2020-01-06,381000.0,5539097.35,0.06878377033759842
1941318130.0,ANIK,2020-01-06,100000.0,739437.44,0.13523794521413468
2007235522.0,ANIP,2020-01-08,77500.0,662773.8,0.11693280573251386
1941320768.0,LLY,2020-01-10,1100000.0,130501005.52,0.00842905382695629
1941315236.0,WCC,2020-01-13,4500000.0,2430019.44,1.8518370371555546
1941321769.0,RCM,2020-01-13,200000.0,1484553.42,0.13472064885344442
1941322799.0,EQIX,2020-01-14,335000.0,50754847.68,0.006600354750586851
1941323854.0,AAPL,2020-01-15,200000.0,1370797562.36,0.00014590046370937143
1941296817.0,RYN,2020-01-15,656000.0,4231121.36,0.1550416412541757
1941404909.0,BFST,2020-01-22,211200.0,321495.39,0.6569301040366395
1941327898.0,MCO,2020-01-23,700000.0,48610336.0,0.014400229613718367
1941331993.0,CSTR,2020-01-23,85100.0,296546.3,0.28697036516726054
1941329714.0,SSB,2020-01-27,3221960.0,2860729.52,1.1262721545237173
1939075994.0,IEX,2020-01-29,125000.0,13027556.8,0.00959504548082262
1941372887.0,QRVO,2020-01-30,105000.0,13022660.45,0.008062868597637437
1941328977.0,SPG,2020-02-03,81000.0,40858542.15,0.0019824495867383756
1941332632.0,PPBI,2020-02-03,743900.0,1773278.8,0.4195053817820413
1941333503.0,HII,2020-02-04,350000.0,10689215.0,0.032743283767797726
1941372805.0,PAA,2020-02-04,300000.0,12027039.08,0.024943795227112542
1941334904.0,SAIC,2020-02-06,1200000.0,5281746.0,0.22719759715821244
1941338745.0,APPS,2020-02-10,66000.0,520446.0,0.12681430926551457
1941338629.0,FAF,2020-02-13,350000.0,7009766.4,0.04993033719354756
1941343650.0,FLWS,2020-02-18,245000.0,593158.86,0.4130428061042534
1941340652.0,BEN,2020-02-18,6500000.0,12104435.28,0.5369932466605745
1941365646.0,LNTH,2020-02-20,693375.0,648852.09,1.0686179649972307
1941342429.0,MS,2020-02-20,13000000.0,91143253.38,0.14263260875491912
1941344248.0,CSOD,2020-02-24,1295000.0,3507111.63,0.36924972359662245
1941346200.0,GILD,2020-03-01,4900000.0,87426268.56,0.05604722791797029
1941276548.0,WSC,2020-03-02,2739265.0,1934942.64,1.4156827925400415
1941351193.0,CODI,2020-03-09,200000.0,1068017.0,0.18726293682591194
1941352822.0,PEP,2020-03-11,3850000.0,186352787.74,0.020659739232726328
1941355861.0,COST,2020-03-17,1000000.0,125046624.4,0.007997017150988363
1941371349.0,APD,2020-03-30,530000.0,42628369.26,0.012433034835731363
2007378928.0,DKL,2020-03-31,100000.0,222032.34,0.45038484033452064
1941341335.0,MXL,2020-04-05,150000.0,771271.84,0.19448395782218628
1939044932.0,VZ,2020-04-16,400000.0,235690200.0,0.0016971431141388144
1941375475.0,RPD,2020-04-24,147337.0,2324315.9,0.06338940416834046
1941428062.0,SUPN,2020-04-28,530000.0,1028694.04,0.5152163611252185
1941375909.0,ACET,2020-04-29,133391.0,4147.85,32.15907036175368
1941376910.0,MOH,2020-04-30,925000.0,10024986.96,0.09226944670260198
1941378186.0,CHNG,2020-05-04,212900.0,3349845.12,0.06355517714204052
1941390256.0,PTCT,2020-05-06,269405.0,3099737.5,0.08691219821033233
1941384544.0,RVNC,2020-05-19,180020.0,1202656.16,0.14968534314911755
1941392270.0,CHGG,2020-06-04,115000.0,7591864.4,0.015147794262500262
2007206735.0,EVA,2020-06-18,175000.0,1163741.15,0.15037708342615538
1941379221.0,MSFT,2020-06-22,180000.0,1479908316.0,0.00012162915638349586
2007316687.0,PLUG,2020-06-22,61080.0,1777076.32,0.03437106178985042
1941400301.0,MA,2020-06-23,985000.0,302321402.04,0.00325812196342512
1941401311.0,WM,2020-06-24,4600000.0,43831516.5,0.10494731570603996
1941708162.0,LQDA,2020-06-29,96737.0,309254.8,0.3128067858607207
1941405891.0,BDGE,2020-07-01,489000.0,450724.56,1.0849198011308725
1941403150.0,UBER,2020-07-06,2650000.0,53198721.16,0.04981322750277932
1941406172.0,RUN,2020-07-06,3200000.0,2446140.0,1.3081835054412259
1941406719.0,ALL,2020-07-07,4000000.0,30042054.24,0.13314668724198403
1941408793.0,ADI,2020-07-13,20912762.0,45868912.5,0.4559245218643455
1941406247.0,SIRI,2020-07-13,325000.0,24812100.0,0.013098447934677033
1941408933.0,HPE,2020-07-13,925000.0,11896849.82,0.07775167493876962
1941410375.0,QNST,2020-07-14,67500.0,527321.0,0.1280055222530489
1941412934.0,SYNA,2020-07-20,305000.0,2399459.04,0.12711198437461138
1941412195.0,CVX,2020-07-20,13000000.0,162781899.01,0.07986145928424994
1941414663.0,NRG,2020-07-24,3625000.0,8111011.01,0.4469233238039952
1941415392.0,BKI,2020-07-27,1800000.0,11491202.16,0.15664157456612007
1941415871.0,ZBRA,2020-07-28,575000.0,14579955.6,0.03943770583224547
1941331824.0,SE,2020-08-02,21000000.0,6072118.0,3.458430814420932
1941418500.0,MSI,2020-08-03,110000.0,23775366.6,0.004626637386949903
2008216889.0,EPC,2020-08-04,235000.0,1675814.76,0.14023029609788137
1941419433.0,TDOC,2020-08-05,18500000.0,20259887.76,0.91313437760131
1941420443.0,ICE,2020-08-06,11180000.0,52241516.32,0.2140060394020355
2007222927.0,BBDC,2020-08-10,136425.0,395206.88,0.3451989499777939
1941421740.0,LGND,2020-08-10,515500.0,1891737.48,0.2725008123220142
1941422500.0,SWN,2020-08-12,204278.0,1646734.56,0.12405035089565375
1941423453.0,BRBS,2020-08-13,124800.0,81772.55,1.526184520355547
1941292018.0,ROP,2020-08-13,5350000.0,46634139.9,0.11472281919366975
1941725127.0,WMG,2020-08-14,100000.0,2624622.0,0.038100724599580436
1941425351.0,JNJ,2020-08-19,6500000.0,395160404.07,0.016449016483059797
1941427785.0,ACAD,2020-08-24,939500.0,6042335.92,0.1554862246056654
1941428182.0,HOLX,2020-08-25,80000.0,16919490.05,0.004728274892658481
1941665736.0,CYRX,2020-08-25,320000.0,1422377.04,0.2249755100096385
1941217619.0,DM,2020-08-26,1731000.0,2176391.52,0.7953532184319483
1941429828.0,EMR,2020-08-27,1600000.0,41984568.25,0.03810924029211614
2007211831.0,ABCD,2020-08-31,792000.0,684904.0,1.1563664396762174
1941433431.0,PRGS,2020-09-08,220000.0,1595934.27,0.13785028878413647
1941709368.0,UVV,2020-09-08,170000.0,1053761.67,0.1613268017235814
1939044617.0,XL,2020-09-18,1000000.0,14903946.46,0.06709632262057924
1941439238.0,PD,2020-09-21,100000.0,1954245.15,0.05117065277096888
1941440797.0,CRWD,2020-09-23,96000.0,26311618.8,0.0036485782471126407
1941440516.0,SSP,2020-09-24,2650000.0,722723.16,3.6666875321942083
2007225803.0,VSTO,2020-09-28,81400.0,1099113.66,0.07405967459270774
1941443308.0,SRGA,2020-09-29,125000.0,151908.0,0.8228664718118861
2007202053.0,OMCL,2020-10-01,225000.0,3156176.84,0.07128878114446845
1941444825.0,BMY,2020-10-05,13100000.0,132351063.2,0.0989791822087909
1941444946.0,CAT,2020-10-05,405000.0,81193559.58,0.004988080361237933
1941445605.0,AVLR,2020-10-05,377000.0,10916991.28,0.03453332427686981
1941447852.0,TWLO,2020-10-12,3200000.0,42077682.24,0.07604981618873502
1941449316.0,ACA,2020-10-12,87000.0,2260861.8,0.03848090139786519
1941448516.0,COLD,2020-10-13,1740000.0,7967767.99,0.2183798526995011
1941450311.0,FCNCA,2020-10-16,2156590.0,3113102.52,0.6927462189712917
1941449305.0,COP,2020-10-19,9700000.0,36220553.82,0.2678037461327807
1941712183.0,SWI,2020-10-23,142000.0,6763135.25,0.02099617924985309
2007079277.0,RPAY,2020-10-27,93000.0,1634313.12,0.05690464015855174
1941447255.0,AMD,2020-10-27,35000000.0,98899007.76,0.35389637158883464
1941455410.0,AIZ,2020-10-28,325000.0,7198917.12,0.04514567879898025
1941586449.0,APEI,2020-10-28,329000.0,430645.72,0.7639690462963384
1941456027.0,MRVL,2020-10-29,8196032.0,26485772.01,0.30945037195462893
1941456747.0,OCSL,2020-10-29,259064.0,641372.55,0.40392124670754925
1941457270.0,COUP,2020-11-02,1500000.0,18661634.7,0.0803788105443946
1941458835.0,KBAL,2020-11-04,180000.0,404991.84,0.4444533993573796
1941460555.0,CIVI,2020-11-09,376000.0,644812.32,0.5831154094574372
1941460321.0,VFC,2020-11-09,2400000.0,27304180.04,0.08789862931185097
1941460356.0,CASY,2020-11-09,580000.0,6544689.84,0.08862146475683866
1941460745.0,ADBE,2020-11-09,1500000.0,237283408.97,0.006321554492626354
1941461901.0,PANW,2020-11-11,800000.0,23049904.8,0.03470730169783608
1941463044.0,PNC,2020-11-16,11600000.0,52058720.0,0.2228253018898659
1941463747.0,HD,2020-11-16,8000000.0,298361309.52,0.02681312805896415
1941466216.0,KMPR,2020-11-23,370000.0,4822081.11,0.07673035595205904
1941467257.0,FSK,2020-11-24,3642214.0,2145929.04,1.6972667465276485
1941466788.0,MKC,2020-11-24,800000.0,22755684.0,0.03515605156056834
1941443625.0,TDG,2020-11-24,945000.0,32249317.64,0.029302945586293032
2007239147.0,KALU,2020-11-30,670000.0,1264169.4,0.5299922621129732
1941470409.0,HSTM,2020-11-30,67500.0,603465.9,0.11185387608479617
1941468836.0,PPG,2020-11-30,1150000.0,34906227.12,0.03294541103071812
1941469972.0,CSX,2020-11-30,700000.0,69816309.75,0.010026310506908453
1941244830.0,AHCO,2020-12-01,2026000.0,1907516.52,1.0621139994111295
1941467539.0,CRM,2020-12-01,27700000.0,223678000.0,0.12383873246363075
1941615106.0,ZBH,2020-12-01,250000.0,30909295.36,0.008088181794125507
1941469353.0,CHD,2020-12-01,530000.0,21806456.5,0.024304728280819032
1941548462.0,MRCY,2020-12-07,310000.0,4154936.76,0.07461004051479234
1941709559.0,IR,2020-12-07,184000.0,18873874.64,0.009748925618592537
1941708593.0,HUN,2020-12-07,250000.0,5623546.77,0.04445592972280019
1941472391.0,JNPR,2020-12-07,180000.0,7247597.28,0.02483581703645653
1941473365.0,APH,2020-12-09,1700000.0,39859412.2,0.042649901395184146
1941515128.0,AYTU,2020-12-10,59900.0,87376.19,0.685541450136473
1941728742.0,PTC,2020-12-12,715000.0,13180585.74,0.05424645111409138
1941697217.0,PRIM,2020-12-14,620000.0,1309654.08,0.47340745122559386
1941475415.0,GDDY,2020-12-15,365000.0,14204678.4,0.025695759504136325
1941520088.0,CERN,2020-12-16,375000.0,23104622.4,0.016230518443789848
1941476366.0,IART,2020-12-16,400000.0,5023513.53,0.07962554447424769
1941616459.0,SPSC,2020-12-17,100000.0,3424619.91,0.02920032080290043
1941700453.0,MODN,2020-12-17,60000.0,1246243.59,0.04814468092870993
1941477171.0,VSAT,2020-12-21,222000.0,2121211.53,0.10465717202659182
1941194409.0,FANG,2020-12-21,2150000.0,7241482.32,0.29690053845218806
1941480480.0,XRAY,2020-12-31,1040000.0,11246840.3,0.09247041589094138
1941479520.0,CENT,2020-12-31,532000.0,429294.32,1.2392430442592393
1941481635.0,AVY,2021-01-04,87600.0,12938965.98,0.006770247339347282
1941479913.0,CNC,2021-01-04,2200000.0,34805273.94,0.06320881150921348
1941479578.0,TDY,2021-01-04,8200000.0,14457006.36,0.5671990311001012
2007041228.0,UNH,2021-01-06,13000000.0,327153480.8,0.03973670085432268
1941691997.0,CMRX,2021-01-07,78000.0,299004.16,0.2608659357782848
1941442184.0,DVN,2021-01-07,2550261.0,7007656.48,0.36392494513372603
1941482591.0,FFIV,2021-01-07,500000.0,11006599.72,0.04542729023673443
1941484751.0,AVAV,2021-01-13,405000.0,2306029.68,0.17562653400020417
1941701553.0,CADE,2021-01-13,108400.0,2571231.39,0.042158788361711774
2007134769.0,CTLT,2021-01-13,80000.0,19053911.62,0.004198612946017223
1941486762.0,TMO,2021-01-19,550000.0,199411991.9,0.002758108952022358
2007308102.0,CTXS,2021-01-19,2250000.0,16172772.0,0.13912271810917756
1941519868.0,MGPI,2021-01-25,475000.0,898747.08,0.5285135390926666
1941544125.0,SYBT,2021-01-27,189431.0,969402.24,0.1954101116993499
1941491709.0,WOR,2021-01-29,115000.0,2842913.06,0.04045146565262885
1941515885.0,NMRK,2021-01-31,70000.0,1147368.04,0.06100919457369581
1941491823.0,GTN,2021-02-01,925000.0,1519376.65,0.6088023006013684
1941493875.0,TMUS,2021-02-02,1940000.0,159472726.52,0.012165089556907389
1941711303.0,TW,2021-02-02,190000.0,6558037.5,0.028972081968119272
1941493686.0,NOG,2021-02-03,295500.0,502068.45,0.5885651647698635
1941494510.0,CORR,2021-02-04,350000.0,126963.6,2.756695619846948
1941493828.0,MGNI,2021-02-05,1700000.0,5026139.3,0.33823177165026047
1941495757.0,RAMP,2021-02-08,68000.0,5438329.13,0.01250384049484699
1941495952.0,CNO,2021-02-09,50000.0,3271706.9,0.015282542577392859
1941496928.0,ZG,2021-02-10,500000.0,10568616.95,0.04730988003118043
1941512008.0,TYL,2021-02-10,2300000.0,17063160.24,0.13479331891921564
1941492489.0,HRL,2021-02-11,3350000.0,26904113.94,0.12451627314212897
1941513361.0,GTLS,2021-02-16,55000.0,5576545.72,0.009862736317707442
1941544285.0,PGR,2021-02-16,338000.0,50485204.0,0.006695030884692473
1941499068.0,ET,2021-02-17,7200000.0,18776103.36,0.38346614640706794
1941419881.0,AHAC,2021-02-17,800000.0,108313.3,7.385981222989236
1941499396.0,CRL,2021-02-17,875000.0,14263307.82,0.06134621863611999
1941512131.0,FSS,2021-02-18,52500.0,2150987.42,0.024407395185974637
1941500908.0,KLR,2021-02-19,215000.0,489157.68,0.43953107308874306
1941500107.0,RDFN,2021-02-19,608000.0,8906677.8,0.06826338772465755
1941501566.0,GT,2021-02-22,2500000.0,3241703.5,0.7711994634919572
1941500980.0,MTB,2021-02-22,7518439.0,19246100.01,0.3906474036866443
1941502525.0,BEAM,2021-02-23,440000.0,6321414.14,0.069604678677167
1941503713.0,LDOS,2021-02-23,380000.0,14772919.8,0.02572274168847786
1941502168.0,GRSV,2021-02-23,8500000.0,570150.0,14.908357449793915
1941502744.0,ADSK,2021-02-24,1000000.0,63738900.0,0.015689006242655585
1941502836.0,HPQ,2021-02-24,425000.0,35310233.68,0.012036170699168253
1941549088.0,APPS,2021-02-26,400000.0,6471785.32,0.061806747322700126
1941720222.0,DNOW,2021-02-27,90000.0,1168789.76,0.0770027280184248
1941505790.0,MMS,2021-03-01,430000.0,4994899.84,0.08608781232337985
1941721410.0,AMK,2021-03-01,145000.0,1712206.17,0.08468606324435801
1941505578.0,A,2021-03-02,695000.0,37966400.0,0.01830565974124489
2007033683.0,ABBV,2021-03-02,655000.0,191439267.62,0.0034214506153468537
1941507117.0,TECH,2021-03-03,320000.0,14566696.56,0.02196791830473882
1941610228.0,SHBI,2021-03-03,146000.0,184286.12,0.7922463178453157
1941511053.0,AMGN,2021-03-04,1900000.0,129340130.04,0.01468994966536992
1941722311.0,DGX,2021-03-08,225000.0,15742351.8,0.014292654798884624
1941508740.0,CXDO,2021-03-08,50000.0,115533.16,0.4327761830456295
1941683839.0,HQY,2021-03-08,67228.0,6533995.8,0.010288956720786384
1941509002.0,DBX,2021-03-09,165000.0,7871212.8,0.020962462099868524
1941632594.0,WSFS,2021-03-10,976400.0,2561880.3,0.38112631569866867
1941513472.0,HST,2021-03-15,161000.0,12153438.95,0.013247279281392204
1941281248.0,DFNS,2021-03-15,863400.0,173190.0,4.985276286159709
1941603806.0,BANC,2021-03-22,226000.0,1025301.65,0.2204229360208286
1941514331.0,SNX,2021-03-22,7200000.0,5324810.4,1.3521608205993587
1941514438.0,AME,2021-03-22,1350000.0,27842908.64,0.04848631360520098
2007079980.0,SBCF,2021-03-23,102200.0,2040382.5,0.05008864759426235
1941516397.0,MTD,2021-03-24,205000.0,26139947.68,0.007842402842942492
1941497575.0,COHR,2021-03-25,7017237.0,6302904.96,1.1133337793498952
1941517605.0,PEBO,2021-03-29,292300.0,664468.64,0.43990036911298025
1941518695.0,BVS,2021-03-30,110000.0,621740.85,0.17692258760221402
1941520108.0,GHC,2021-04-05,323000.0,2318659.98,0.1393045995471919
1941520262.0,KELYA,2021-04-05,215000.0,858240.0,0.2505126771066368
1941520421.0,BCO,2021-04-06,213000.0,3992179.38,0.05335431595761612
1941521366.0,EBC,2021-04-07,641900.0,3620303.83,0.1773055605667218
1941521128.0,PAR,2021-04-08,500000.0,1368796.48,0.36528439932867157
1941522107.0,APPH,2021-04-08,60000.0,1791048.25,0.03349993502408436
1941523164.0,CDLX,2021-04-13,650000.0,3567771.0,0.18218658092125306
1941564024.0,CSGP,2021-04-14,156000.0,35730931.75,0.004365965071705694
2007454287.0,IAU,2021-04-15,50000.0,28269055.0,0.0017687184803312315
1941541685.0,URI,2021-04-15,996000.0,23511589.8,0.04236208646341729
1941524572.0,KIM,2021-04-15,3872971.0,8443430.68,0.45869636961358934
1941525982.0,WBS,2021-04-19,5115048.0,5187911.73,0.9859550944981093
1941575368.0,BMRC,2021-04-19,134500.0,520552.62,0.2583792585656374
1941527431.0,DLX,2021-04-21,960000.0,1779507.86,0.539474998441423
1941581390.0,CBAN,2021-04-22,84000.0,142485.0,0.5895357406042742
1941487011.0,SMRT,2021-04-22,1577000.0,3585.18,439.86633864966336
1941529367.0,SWKS,2021-04-22,2750000.0,30810962.0,0.08925394799422362
1941544394.0,EHC,2021-04-26,95000.0,8798938.24,0.010796757223289705
1941596324.0,FHI,2021-04-26,562000.0,2989762.86,0.1879747746950071
1941566558.0,EFSC,2021-04-26,395153.0,1581392.81,0.24987656292682903
2007229605.0,BIVI,2021-04-27,190988.0,301632.38,0.633181358049159
1941469392.0,MRAC,2021-04-28,1207000.0,370760.0,3.25547524004747
1941530880.0,IBM,2021-04-29,2000000.0,127783942.0,0.015651418861377747
2007134152.0,POWW,2021-04-30,260000.0,664726.86,0.3911380984364014
1941531743.0,COO,2021-05-03,60000.0,20195654.39,0.002970936164846897
1941530854.0,HZO,2021-05-03,63000.0,1258347.2,0.05006567344847273
1941531832.0,RCM,2021-05-04,300000.0,7107373.13,0.042209687674016914
1941533431.0,MTZ,2021-05-05,420000.0,7948057.2,0.05284310233700885
1941532597.0,ZNGA,2021-05-05,250000.0,11094494.97,0.022533698079634172
1941533707.0,BILL,2021-05-06,2375000.0,11467642.34,0.2071044709613781
2007264433.0,EQT,2021-05-06,2925000.0,5627273.72,0.5197898921469205
1941535822.0,GMS,2021-05-11,135000.0,1978674.46,0.06822749407701963
1941710717.0,MGRC,2021-05-13,260000.0,1962868.9,0.13245917748251043
1941537851.0,GIS,2021-05-14,1200000.0,39025944.58,0.030748775280508536
1941538121.0,ONDS,2021-05-17,70600.0,162432.48,0.4346421356122864
1941538421.0,FELE,2021-05-17,150000.0,4042743.42,0.03710351719526143
1941538703.0,PFGC,2021-05-18,2500000.0,6920173.26,0.36126263116134755
1941539040.0,GBCI,2021-05-18,925388.0,5874512.55,0.15752592102301322
1941546984.0,HSY,2021-05-18,425000.0,25249603.67,0.016831947366562367
1941540226.0,MLM,2021-05-24,2300000.0,22607994.4,0.1017339247040861
1941540615.0,CTRA,2021-05-24,7351544.0,244242.06,30.099418584989007
1941540964.0,HYFM,2021-05-24,125000.0,2185020.0,0.05720771434586411
1941541011.0,ORA,2021-05-24,377000.0,3767655.9,0.10006221640357338
2007152240.0,VTNR,2021-05-26,75000.0,90289.79,0.8306587045999332
1941477351.0,AMZN,2021-05-26,8450000.0,1643617132.2,0.0051410999766652345
1941544263.0,ONB,2021-06-01,6500000.0,3156127.8,2.0594856773543837
1941550376.0,FBNC,2021-06-01,314300.0,1264056.93,0.24864386448164166
1941544266.0,GHM,2021-06-01,84100.0,146738.41,0.5731287397757683
2007251527.0,SRNE,2021-06-01,488000.0,2155615.52,0.22638545486070724
1941544755.0,KMI,2021-06-01,1225000.0,41532452.22,0.029495007747462113
1941562431.0,PS,2021-06-02,2000000.0,2761866.35,0.7241480023101046
1941546003.0,CDK,2021-06-02,360000.0,6398005.96,0.05626753120436293
1941544869.0,UBSI,2021-06-03,303300.0,5315880.45,0.057055459176099416
1941545624.0,FFWM,2021-06-03,295000.0,1124923.84,0.26223997528579357
1941545327.0,SAIC,2021-06-03,250000.0,5309289.12,0.04708728312765156
1941551947.0,VMC,2021-06-07,1294000.0,23826634.0,0.054308972052032195
1941546550.0,ONEM,2021-06-07,2100000.0,4891631.96,0.429304579161348
1941549087.0,RF,2021-06-08,1000000.0,21638525.35,0.04621387011476731
1941739185.0,MPW,2021-06-14,760000.0,12799232.0,0.05937856271376282
1941550984.0,ELAN,2021-06-16,444000.0,16464990.76,0.02696630726806433
1941551550.0,DHR,2021-06-17,9600000.0,174567902.46,0.05499292747817553
1941552114.0,BRC,2021-06-17,173000.0,2833316.36,0.061059189309872905
1941554587.0,COLB,2021-06-23,266000.0,2849195.04,0.09335970204412541
1941553717.0,FMNB,2021-06-23,124000.0,477555.96,0.25965543388883683
1941555010.0,ROK,2021-06-25,2220000.0,33141144.27,0.0669862205696255
1941555636.0,DORM,2021-06-27,338000.0,3194302.72,0.10581339015984058
1941566326.0,FAT,2021-06-28,442500.0,166393.44,2.6593596478322703
1941555693.0,VTR,2021-06-28,2300000.0,21874471.71,0.10514539644623948
1941397414.0,SST,2021-06-29,1130000.0,141566.35,7.982122870300746
1941555773.0,BLDR,2021-06-29,450000.0,9370742.16,0.04802181004625999
1941570796.0,CE,2021-06-30,1150000.0,16566061.64,0.06941903422737716
1941557903.0,MPB,2021-06-30,124700.0,313322.82,0.3979920773086365
2007186083.0,MSA,2021-07-01,337000.0,6485271.86,0.05196389716189939
1941559334.0,KNX,2021-07-05,1350000.0,7532405.61,0.1792256112984335
1941559362.0,HII,2021-07-06,1650000.0,8527977.04,0.19348082109752024
1941559274.0,PTEN,2021-07-06,295000.0,1916500.56,0.15392638340789214
1941716631.0,FIG,2021-07-06,507000.0,1722329.25,0.29436880317744124
2007095422.0,MCF,2021-07-08,67000.0,824391.1,0.08127210495115729
1941561693.0,LBAI,2021-07-12,244400.0,876915.33,0.27870421651768823
1941562946.0,ROCC,2021-07-12,370000.0,145914.0,2.5357402305467605
1941565498.0,FTV,2021-07-12,1200000.0,23927017.68,0.05015251027306467
1941562764.0,FNB,2021-07-13,412461.0,3896497.0,0.10585430965300371
1941582824.0,ACVA,2021-07-13,60000.0,956550.5,0.06272538668894115
1941563390.0,HMN,2021-07-14,185000.0,1549427.4,0.1193989469916435
1941564009.0,KRG,2021-07-19,2787229.0,1759822.55,1.5838125270073393
1941565199.0,PACB,2021-07-20,816000.0,5416509.91,0.15065051362566417
1941565499.0,NUE,2021-07-20,370000.0,26943749.68,0.013732312851564467
1941584292.0,WGO,2021-07-20,320000.0,2140592.29,0.1494913354097898
1941566391.0,VERI,2021-07-22,150000.0,614687.7,0.24402635679874513
2007089610.0,MYFW,2021-07-22,51400.0,211547.7,0.2429712069665612
1941567043.0,SSB,2021-07-23,537401.0,5167519.86,0.1039959234912355
1941567565.0,OSBC,2021-07-26,328643.0,337606.08,0.9734510705494402
2007157756.0,RICK,2021-07-26,57000.0,528300.0,0.10789324247586599
1941574269.0,CVCO,2021-07-26,153000.0,1999427.3,0.07652191204951538
1941568900.0,CFG,2021-07-28,3500000.0,18877217.6,0.18540868014362455
1941577094.0,GL,2021-08-01,59200.0,9595264.83,0.0061697098567731765
1941579241.0,ROAD,2021-08-02,113000.0,1225905.06,0.09217679548528823
2008217659.0,HGV,2021-08-02,1400000.0,3487574.51,0.4014251153590408
1941584110.0,NEX,2021-08-04,268100.0,829778.95,0.3230980973908774
1941653301.0,EVH,2021-08-04,130000.0,2006367.48,0.06479371366206553
1941571483.0,CLH,2021-08-04,1250000.0,5242605.2,0.23843107621378776
2007107003.0,DRH,2021-08-04,108600.0,1770321.84,0.06134477785124088
1941572090.0,VICI,2021-08-04,17200000.0,16250981.7,1.058397598220174
1941585949.0,LEVI,2021-08-05,400000.0,2507072.6,0.15954863054225074
1941573194.0,MDT,2021-08-06,936221.0,172046590.08,0.0054416713493982425
1941574706.0,DKNG,2021-08-09,1560000.0,20806143.82,0.07497785334447428
1941574421.0,EFX,2021-08-10,1825000.0,30854001.88,0.05914953940490264
1941584767.0,VRNT,2021-08-10,50000.0,2785242.96,0.01795175527523818
1941576344.0,H,2021-08-15,2769000.0,2968561.0,0.932775172886796
1941588300.0,HPP,2021-08-17,222000.0,4009258.56,0.055371834137831207
1941585497.0,KAI,2021-08-23,54000.0,2271140.48,0.02377660055621042
1941580142.0,KAR,2021-08-23,450000.0,2095984.8,0.21469621344582268
1941580144.0,NDSN,2021-08-24,180000.0,13425727.3,0.013407094899059956
1941586582.0,ABM,2021-08-25,830000.0,3247797.78,0.25555778291097914
1941583542.0,SYNA,2021-08-30,538086.0,7097250.48,0.075816120836699
2007095441.0,ANSS,2021-08-30,411500.0,31849090.06,0.012920306332921338
1941585324.0,PCTY,2021-09-01,60000.0,14698589.2,0.004082024416329698
1941583647.0,THO,2021-09-01,750000.0,6280165.38,0.11942360664393842
1941568940.0,BAX,2021-09-02,1250000.0,38793016.0,0.03222229485843534
1941584874.0,PWR,2021-09-02,3000000.0,14161499.04,0.2118419802540904
1941585652.0,AVTR,2021-09-07,2900000.0,23787117.36,0.12191473040262496
1941585066.0,SSTK,2021-09-07,110000.0,4196629.57,0.026211510490786537
1941588644.0,BCML,2021-09-07,53100.0,184775.04,0.2873764768228436
1941586019.0,BLD,2021-09-08,1001000.0,7140637.35,0.14018356498667447
2007289545.0,SWK,2021-09-13,375000.0,30379376.04,0.012343900661627941
1941583371.0,INTU,2021-09-13,12000000.0,154946938.96,0.07744586682733909
1941590096.0,GPI,2021-09-13,880000.0,2860752.72,0.3076113478273648
1941575290.0,FOXA,2021-09-13,50000.0,11623139.76,0.004301763639810178
1941588028.0,MLAB,2021-09-14,300000.0,1456840.0,0.20592515307103046
1941648206.0,FIBK,2021-09-15,1949842.0,1751864.79,1.1130094121019465
1941589161.0,HOMB,2021-09-15,919100.0,3452411.52,0.26621971183782867
1941592219.0,GABC,2021-09-20,154000.0,965212.56,0.15955034816372468
1941591776.0,MTRN,2021-09-20,380000.0,1453959.32,0.26135531769898485
1941591362.0,SLGN,2021-09-20,485000.0,4356699.68,0.11132279836190133
1941591807.0,USB,2021-09-21,8000000.0,82552448.64,0.09690808851578603
1941592502.0,BBDC,2021-09-21,623700.0,694309.08,0.8983031015524096
1941592176.0,PCOR,2021-09-22,500000.0,11827926.0,0.0422728380275629
1941592798.0,GE,2021-09-23,1450000.0,108163712.02,0.013405605012260378
1941606984.0,VLY,2021-09-23,1220000.0,4907770.63,0.24858537449619972
1941593584.0,PRGS,2021-09-23,258000.0,1982142.03,0.13016221647850332
1941584938.0,MGM,2021-09-27,1625000.0,21501485.6,0.07557617321102686
1941594324.0,MRK,2021-09-30,11500000.0,190080948.75,0.060500539773321184
1941597536.0,OPCH,2021-10-01,50000.0,4363767.5,0.011457988996893166
1941614690.0,ZETA,2021-10-04,61934.0,939641.64,0.06591236207880272
1941600703.0,SWX,2021-10-05,1975000.0,3904274.51,0.5058558241592496
1941598114.0,NWPX,2021-10-05,87400.0,238976.91,0.365725709651196
1941599093.0,APP,2021-10-06,1050000.0,16655257.5,0.06304315619257163
2007117436.0,JPM,2021-10-11,114000.0,508643744.1,0.00022412543420093152
1941600206.0,SUPN,2021-10-11,450000.0,1402382.97,0.3208823906354197
1941601134.0,VRM,2021-10-12,300000.0,2814622.88,0.10658621520194564
2007588348.0,KOS,2021-10-13,750000.0,1331628.5,0.5632201473609194
1941603043.0,HOLX,2021-10-14,160000.0,17796294.48,0.008990635673050517
1941603514.0,OWL,2021-10-18,1600000.0,5084879.45,0.31465839372062204
1941604370.0,CART,2021-10-19,350000.0,121430.25,2.8823130974365943
1941603666.0,HUBG,2021-10-19,130000.0,2468173.22,0.05267053339149348
1941604996.0,RJF,2021-10-20,1100000.0,20654941.56,0.05325602092867892
1941604799.0,LFUS,2021-10-20,315000.0,7082725.2,0.04447440654622602
1941606406.0,JLL,2021-10-21,300000.0,12894532.64,0.023265674559570543
1941608004.0,ALLY,2021-10-21,750000.0,20121849.02,0.03727291658209649
1941605461.0,OLO,2021-10-21,187000.0,725023.43,0.25792269913263355
1941606712.0,KNBE,2021-10-21,80000.0,749161.4,0.10678606772852953
1941610293.0,LBRT,2021-10-26,90000.0,2760254.28,0.03260569167562345
1941607413.0,CEQP,2021-10-26,1800000.0,1907188.64,0.9437975679217553
1941607900.0,DDD,2021-10-27,400000.0,3595525.56,0.11124938296920353
1941607895.0,PRCH,2021-10-27,86500.0,1797740.51,0.04811595417627876
1941609020.0,ITGR,2021-10-28,220000.0,3019500.0,0.07285974499089254
2007744443.0,META,2021-10-29,400000.0,112628.0,3.5515147210285187
2007036647.0,MANT,2021-11-01,350000.0,2376136.98,0.14729790535897472
1941589560.0,BEN,2021-11-01,1750000.0,15834872.46,0.11051557279167375
2007033596.0,UTZ,2021-11-02,56000.0,1231245.6,0.04548239603861325
1941620852.0,RRX,2021-11-02,297000.0,10208269.62,0.029094059135949823
2007034218.0,DGII,2021-11-02,347400.0,767811.42,0.45245484887421966
1941636297.0,VCTR,2021-11-04,800000.0,619536.96,1.2912869637349804
1941623840.0,CMCO,2021-11-04,74000.0,1421431.2,0.052060205235399365
1941611743.0,LITE,2021-11-04,918000.0,6276363.0,0.1462630507508887
1941586088.0,SWN,2021-11-04,1850000.0,5135798.8,0.3602166035009004
1941611760.0,FRME,2021-11-04,323500.0,2345389.5,0.13793018174593175
2007093939.0,NPO,2021-11-05,850000.0,1899092.36,0.4475822334412424
1941612568.0,ILPT,2021-11-05,4000000.0,1850961.5,2.1610390059436675
1941612948.0,LMND,2021-11-08,145000.0,4280058.21,0.03387804391566908
1941627503.0,ADT,2021-11-09,825000.0,6900768.0,0.11955191074384765
1941669549.0,QCRH,2021-11-09,151600.0,926305.83,0.1636608505422016
1941615032.0,LZ,2021-11-10,63000.0,4890756.18,0.012881443621669155
1941615494.0,BKNG,2021-11-12,1200000.0,101796819.52,0.01178818754513481
1941675440.0,SPXC,2021-11-15,145000.0,2976873.73,0.048708817756942614
1941618583.0,KALA,2021-11-15,126123.0,135585.0,0.9302135191946012
1941616356.0,AMT,2021-11-15,10100000.0,123918149.4,0.08150541344349675
1941617060.0,BSY,2021-11-16,700000.0,15738348.72,0.044477347176229046
1941616980.0,NCNO,2021-11-16,931351.0,6807116.8,0.13682018795387793
2007098316.0,AAON,2021-11-18,180000.0,4000256.4,0.0449971156848846
1941625294.0,SFNC,2021-11-19,581000.0,3614848.4,0.16072596571408085
1941619924.0,BBY,2021-11-23,85000.0,33943032.0,0.002504195853805871
1941620344.0,IEX,2021-11-23,120000.0,17891614.92,0.006707052467681883
1941621472.0,DOV,2021-11-24,631000.0,25338480.3,0.024902835234360918
2007077177.0,WLK,2021-11-24,1200000.0,12809874.0,0.09367773640864852
1941622787.0,WERN,2021-11-29,64000.0,3038540.12,0.02106274640862731
1941622632.0,BPMC,2021-11-29,465000.0,5933812.3,0.07836446056778709
1941622554.0,EPC,2021-11-29,310000.0,2316951.06,0.13379652481740378
1941624091.0,SWIM,2021-11-30,90000.0,2810482.5,0.03202297114463442
1941622659.0,PRO,2021-11-30,90000.0,1563915.96,0.057547849310266005
1941623994.0,EGHT,2021-12-01,250000.0,2455622.5,0.10180717923866556
2007097429.0,FIX,2021-12-01,78800.0,3419209.67,0.023046261447897697
1941654261.0,OMCL,2021-12-02,100000.0,7751105.77,0.012901385036834558
2007035770.0,SCVL,2021-12-03,67000.0,1093083.65,0.06129448555927079
1941625933.0,JACK,2021-12-06,585000.0,1765092.0,0.33142748366657376
1941627487.0,ABG,2021-12-07,300000.0,3944967.84,0.07604624731237353
1941626259.0,CMC,2021-12-07,550000.0,3856993.4,0.14259811800559472
2007161118.0,MTN,2021-12-08,118000.0,13718278.35,0.008601662467360563
2007140140.0,XMTR,2021-12-08,300000.0,1866418.95,0.160735616191638
1941627108.0,ALRS,2021-12-08,85300.0,540847.44,0.15771545484249683
1941628727.0,HAIN,2021-12-13,259000.0,3689604.81,0.07019721984805197
2008438975.0,SEAT,2021-12-13,65000.0,781022.2,0.08322426686462946
1941697528.0,R,2021-12-13,480000.0,4356113.09,0.11018997672532878
1941630653.0,RUSHA,2021-12-13,205000.0,2368795.0,0.086541891552456
1941629839.0,PFE,2021-12-13,6700000.0,296247120.26,0.022616253599764193
1941439931.0,NEOG,2021-12-14,5341000.0,4323652.16,1.235298262291294
1941630301.0,UIS,2021-12-14,87300.0,1271187.36,0.06867595033355271
1941670670.0,HBCP,2021-12-15,66600.0,357837.52,0.18611799008667396
1941629864.0,ENTG,2021-12-15,5700000.0,19408458.3,0.293686387238702
2007043386.0,DCO,2021-12-16,69500.0,537250.38,0.12936240268457325
1941631113.0,STEM,2021-12-16,695000.0,2589242.88,0.26841823351851796
1941631824.0,ML,2021-12-16,440000.0,782575.88,0.5622457978132421
1941592876.0,BX,2021-12-20,3600000.0,84670711.44,0.04251765384717547
1941453409.0,ZNTE,2021-12-21,2200000.0,233450.0,9.423859498822017
1941631430.0,SON,2021-12-21,1350000.0,5408913.26,0.249588029074809
1941430706.0,MSFT,2021-12-21,1000000.0,2401877881.8,0.00041634090041687974
1941633471.0,UFPT,2021-12-21,95000.0,487632.25,0.19481894398904093
1941632811.0,CROX,2021-12-23,2500000.0,8225633.66,0.3039279529499494
1941633530.0,LH,2021-12-23,575000.0,29113854.0,0.01975004752033173
2007245871.0,BHR,2021-12-27,193000.0,319289.85,0.6044664432646387
1941698313.0,NWSA,2021-12-27,295000.0,8776538.54,0.0336123402928736
1941633615.0,FDS,2021-12-27,1925000.0,18049715.42,0.10664988090986754
1941633732.0,DAR,2021-12-28,1100000.0,10734342.72,0.10247483508706157
1941644723.0,CACI,2021-12-29,225000.0,6286626.5,0.03579026048390182
1941636355.0,SMG,2021-12-30,215000.0,8700149.7,0.024712218457574358
1941636350.0,STRL,2021-12-30,215000.0,773721.65,0.27787770963886044
1941635826.0,DRVN,2021-12-30,170000.0,5589708.59,0.030413034465540896
1941636780.0,SNDR,2021-12-31,262600.0,2542627.49,0.1032789903486806
1941635255.0,BLKB,2022-01-03,750000.0,4105617.34,0.18267654724977364
1941646878.0,RPAY,2022-01-03,115000.0,1616949.81,0.07112156437310815
1941634704.0,GOOGL,2022-01-04,500000.0,872086174.71,0.0005733378357548988
1941688269.0,EEX,2022-01-04,170000.0,281934.66,0.6029765903915468
1941636334.0,NYT,2022-01-06,550000.0,7632853.92,0.07205692729935018
1941643398.0,SYK,2022-01-06,3090000.0,102703590.0,0.030086582173028228
1941647454.0,AYX,2022-01-06,400000.0,3377857.1,0.11841827174986176
1941638557.0,EXAS,2022-01-09,190000.0,13140174.84,0.01445947274777662
1941639211.0,ACH,2022-01-10,1600000.0,74950.92,21.347303008422045
1941637547.0,CNVY,2022-01-10,92500.0,554078.58,0.1669438295196324
1941637789.0,TTWO,2022-01-10,12700000.0,18982659.6,0.6690316461240235
1941637219.0,CIVB,2022-01-10,50200.0,383121.48,0.13102893630500698
1941636978.0,EPD,2022-01-10,3250000.0,51061842.0,0.0636483110029599
1941637878.0,PLNT,2022-01-11,800000.0,7372779.14,0.10850725144602665
1941639487.0,MNST,2022-01-13,330000.0,49745775.54,0.0066337291240871465
1941640089.0,TTC,2022-01-14,400000.0,10349338.3,0.038649813969266034
2007003343.0,AFG,2022-01-18,120000.0,11497420.56,0.010437123646453791
1941642241.0,RILY,2022-01-18,175000.0,2229628.71,0.07848840446623061
1941646552.0,BFC,2022-01-19,119000.0,539131.26,0.2207254685992424
1941647006.0,CW,2022-01-21,240000.0,5352336.0,0.0448402342453837
1941644963.0,CLR,2022-01-25,403000.0,18034110.73,0.022346541286873866
1941646023.0,BL,2022-01-26,240000.0,4954066.16,0.04844505346694845
1941646144.0,NOTV,2022-01-27,51300.0,645766.8,0.07944044196759573
2007101293.0,PLUG,2022-01-31,160000.0,10836807.8,0.014764495500233933
1941659990.0,CIVI,2022-02-01,294600.0,4621273.0,0.06374866838639483
2007103251.0,SPB,2022-02-03,450000.0,3741388.8,0.12027619262665244
1941649864.0,J,2022-02-04,209000.0,16627973.55,0.01256918044592391
1941650452.0,REZI,2022-02-07,593000.0,3372856.96,0.17581534201794316
1941651024.0,CARS,2022-02-08,128000.0,1055187.54,0.12130545059317133
1941652629.0,CMI,2022-02-09,325000.0,31969082.32,0.010166072230252244
1941650992.0,RSG,2022-02-09,2200000.0,40255210.25,0.05465131063375827
1941651459.0,CVLG,2022-02-09,55000.0,298369.8,0.1843350097764586
1941651632.0,SGFY,2022-02-10,300000.0,2336471.91,0.1283987189043501
1941652885.0,ZWS,2022-02-14,1563975.0,3615016.5,0.4326328800988875
1941652485.0,COLL,2022-02-14,553257.0,587119.02,0.942325118338016
1941654511.0,MASI,2022-02-15,1025000.0,12434425.35,0.08243243826301953
1941654163.0,AKAM,2022-02-15,900000.0,17760652.8,0.050673813070654695
1941654409.0,EQ,2022-02-16,330298.0,117824.0,2.8033168115154807
1941348676.0,ARES,2022-02-17,3800000.0,13813069.74,0.27510177473410774
1941656482.0,CHDN,2022-02-22,2750000.0,8285336.8,0.331911673162158
1941656738.0,NET,2022-02-23,162000.0,25944936.59,0.006243992905438047
1941657541.0,PATK,2022-02-24,72539.0,1559046.28,0.046527804164992456
1941657365.0,VRSK,2022-02-24,250000.0,28647086.46,0.00872689096495295
1941657982.0,HR,2022-02-28,8005809.0,4330357.7,1.848763902344603
1941660548.0,FOUR,2022-02-28,300000.0,2695631.04,0.11129119510361478
1941658396.0,PDCE,2022-02-28,1300000.0,5482140.3,0.23713366109947973
1941656849.0,CVX,2022-02-28,2750000.0,270608560.68,0.010162280132933155
1941659072.0,TRS,2022-02-28,65000.0,1407590.96,0.04617818801564341
1941569849.0,TCBK,2022-03-01,164700.0,1290282.0,0.12764651448288047
2007244438.0,XHR,2022-03-01,328700.0,2117434.86,0.15523499976759617
1941660160.0,ALE,2022-03-02,165500.0,3296868.48,0.05019915140806588
1941684158.0,FULT,2022-03-02,136096.0,2792660.1,0.04873346383972758
1941661050.0,AZZ,2022-03-07,1280000.0,1236872.37,1.0348682944546654
2007336350.0,HPK,2022-03-07,201000.0,2130106.0,0.0943615012586228
1941661340.0,GDRX,2022-03-07,157000.0,1377731.68,0.11395542563120854
1941694821.0,KTOS,2022-03-09,80000.0,2538977.91,0.031508742035490964
1941664279.0,S,2022-03-15,595745.0,3975184.2,0.14986601124043508
1941665280.0,BAH,2022-03-16,440000.0,11320267.1,0.03886834083623345
1941665684.0,AB,2022-03-17,750000.0,4423560.32,0.16954668767803757
1941675733.0,USDP,2022-03-28,107488.0,153821.25,0.6987851158406267
1941670610.0,HPQ,2022-03-28,3300000.0,43135684.32,0.07650278538574024
1941671216.0,UNH,2022-03-29,5386043.0,482869366.8,0.011154244543806086
1941671819.0,SBCF,2022-03-29,146000.0,2172582.32,0.06720113601955484
1941673776.0,NBHC,2022-04-01,230232.0,1208762.52,0.1904691750369626
1941673886.0,MORN,2022-04-03,650000.0,11574303.84,0.05615888514639167
1941673995.0,AMD,2022-04-04,1900000.0,175267800.0,0.010840553712661424
1941521428.0,RVAC,2022-04-04,931300.0,244750.0,3.8051072522982636
1941675180.0,PLAY,2022-04-06,835000.0,2253462.4,0.3705409062960181
1941678096.0,HALO,2022-04-13,960000.0,5738898.56,0.1672794857694784
1941679390.0,DHI,2022-04-14,291000.0,26257927.8,0.011082367284138849
1941679441.0,SBOW,2022-04-14,369000.0,660417.01,0.5587378798738089
1941679354.0,WY,2022-04-14,265000.0,29898019.86,0.00886346324073918
1941604893.0,TTMI,2022-04-18,330000.0,1378863.2,0.23932758521657552
1941679424.0,REGN,2022-04-19,250000.0,78125849.6,0.003199965200762438
1941588378.0,AVNT,2022-04-20,1387066.38,4391697.24,0.31583834317321924
1941682803.0,GRC,2022-04-27,525000.0,862215.12,0.6088967681290488
1941682785.0,SNPS,2022-04-27,330000.0,43311707.1,0.007619187099646783
1941718303.0,DENN,2022-05-03,82500.0,818918.24,0.10074265777741133
1941685314.0,UTI,2022-05-03,50000.0,335634.6,0.1489715303487781
1941685942.0,CNMD,2022-05-04,255000.0,3967139.88,0.06427804607686281
1941685687.0,ICE,2022-05-04,13100000.0,64158713.28,0.2041811521816106
1941693718.0,OPK,2022-05-09,300000.0,1785595.5,0.1680111761034344
1941687946.0,CNXC,2022-05-09,111000.0,7574424.84,0.014654578049783646
1941690114.0,XXII,2022-05-13,56153.0,258323.09,0.21737507088506877
1941693738.0,PSN,2022-05-23,400000.0,3756964.56,0.10646893086476174
2007388059.0,ACA,2022-05-23,75000.0,2527253.03,0.029676490287955062
2007110212.0,VRTX,2022-05-23,60000.0,66135944.04,0.0009072222506374311
1941693551.0,SIRI,2022-05-23,150000.0,24246480.72,0.006186464820697493
1941694345.0,BRKL,2022-05-24,317787.0,1158891.36,0.27421638556352684
2007035727.0,WHG,2022-05-26,60000.0,121863.72,0.4923532614957101
1941702266.0,EGP,2022-05-26,415074.0,6525149.4,0.06361141708111695
1941697068.0,MBCN,2022-05-26,64400.0,146107.2,0.4407722548922982
1941693033.0,AVGO,2022-05-26,69000000.0,215841780.0,0.31967860902555567
1941698700.0,HTLD,2022-05-31,170000.0,1124005.92,0.15124475500983128
2007029740.0,CMAX,2022-06-01,135000.0,408882.24,0.3301684123037479
1941741453.0,EXR,2022-06-01,180392.0,23928696.0,0.0075387309028456875
1941698817.0,HAYW,2022-06-02,55000.0,3528605.14,0.01558689561961019
1941699508.0,WOR,2022-06-02,80000.0,2340115.08,0.03418635292072901
1941698920.0,BMY,2022-06-03,4100000.0,159828834.48,0.025652442585465073
1941698725.0,BDX,2022-06-06,1525000.0,71933302.1,0.021200194561900976
1941702316.0,CHH,2022-06-13,673155.0,6709688.7,0.1003258169041434
1941729882.0,CSOD,2022-06-13,200000.0,3837687.46,0.052114718065133944
1941705401.0,MDLZ,2022-06-20,2900000.0,81374731.2,0.03563759851780622
1941706111.0,FBNC,2022-06-21,181100.0,1231005.6,0.14711549646890312
1941727877.0,ONEW,2022-06-22,125000.0,454517.28,0.27501704665661997
1941708056.0,PRIM,2022-06-27,470000.0,1259121.3,0.37327618871986357
1941708895.0,ESTE,2022-06-28,627000.0,1161070.56,0.540018859835702
1941711492.0,REI,2022-07-05,432580.0,281690.64,1.5356562788170738
1941711571.0,UFS,2022-07-06,2700000.0,2795530.71,0.9658273437461182
1941722014.0,HUBB,2022-07-08,128000.0,10002410.4,0.01279691543150439
1941716626.0,CCF,2022-07-18,250000.0,824655.21,0.30315700060877565
2007094759.0,RARE,2022-07-18,105000.0,4533147.5,0.02316271420685076
2007426122.0,KMI,2022-07-19,355000.0,38388317.89,0.009247604987987141
1941718384.0,SONG,2022-07-20,283032.0,57725.51,4.9030662526844715
2007418227.0,AN,2022-07-21,85000.0,7126148.5,0.01192790186732707
1941711252.0,AMZN,2022-07-21,3900000.0,1250726127.35,0.0031181886383577838
1941719996.0,DNA,2022-07-24,300000.0,3193087.16,0.0939529630628686
1941720075.0,MTZ,2022-07-25,1100000.0,5504268.0,0.19984492034181475
1941719605.0,CDNS,2022-07-25,500000.0,45930737.7,0.010885956225344927
1941721888.0,FBMS,2022-07-27,207000.0,609300.72,0.33973371966473304
1941724116.0,NGVT,2022-07-31,325000.0,2600192.1,0.12499076510539356
1941723279.0,GPN,2022-08-01,4000000.0,34437972.8,0.1161508554301431
1941724065.0,BWA,2022-08-03,185000.0,9238012.0,0.02002595363591214
1941725334.0,AMGN,2022-08-04,3700000.0,132202847.34,0.027987294331750054
1941725968.0,WHR,2022-08-08,3000000.0,9467788.92,0.31686384491132064
2007158966.0,EVRG,2022-08-09,250000.0,15751369.92,0.01587163537328695
1941727336.0,DVN,2022-08-09,1800000.0,37963200.0,0.04741433809584018
1941727333.0,SFT,2022-08-09,120958.0,129782.25,0.9320072660167319
1941727930.0,CTLT,2022-08-09,475000.0,19720598.52,0.02408649004837608
2007115391.0,SAFE,2022-08-11,50328.0,2691379.9,0.018699701220180772
1941730172.0,NVTS,2022-08-15,271313.0,739121.88,0.3670747779784303
1941731686.0,DORM,2022-08-18,590000.0,3344993.44,0.17638300659866168
1941733528.0,TOWN,2022-08-18,56000.0,2254398.54,0.024840328365365247
2007006338.0,TFX,2022-08-22,300000.0,11358242.0,0.026412538137504025
1941732931.0,EBAY,2022-08-22,295000.0,25858751.76,0.011408129933646882
1941733467.0,ROCK,2022-08-23,54000.0,1409343.68,0.03831570735109835
2007091949.0,HBT,2022-08-23,120482.0,540419.32,0.22294169645896453
1941735842.0,FCF,2022-08-30,131373.0,1332699.21,0.09857663230700046
1941736488.0,HPP,2022-08-31,360000.0,1945206.25,0.18507034922389334
1941738875.0,WMB,2022-08-31,423000.0,41802171.84,0.010119091458191565
1941737803.0,EQT,2022-09-06,4610663.0,17491566.96,0.263593479677592
2007041993.0,CHD,2022-09-06,630000.0,20448079.62,0.03080973918860357
1941739338.0,XL,2022-09-09,600000.0,155320.64,3.8629766140546415
1941740492.0,AM,2022-09-12,205000.0,4861133.28,0.042171236251312985
1941742344.0,OXM,2022-09-19,270000.0,1381044.3,0.19550422821338895
1941742106.0,HEES,2022-09-19,130000.0,1101072.0,0.11806675676068414
1941741507.0,MCK,2022-09-19,875000.0,49766512.5,0.017582104030295472
1941742077.0,SMBC,2022-09-20,140000.0,485906.85,0.28812106682587413
1941743177.0,TALO,2022-09-22,1100000.0,1557548.67,0.7062379630165907
1941745427.0,PFS,2022-09-27,1300000.0,1743415.32,0.7456628292104258
2007008382.0,NOG,2022-09-30,180000.0,2129915.85,0.0845103810087145
2007030334.0,AME,2022-09-30,190300.0,26006595.84,0.007317374452649624
2007078885.0,LHX,2022-10-01,1960000.0,39768893.99,0.04928475004843855
2008151021.0,IR,2022-10-03,105000.0,17441610.06,0.006020086427732005
2007006855.0,BXC,2022-10-03,67000.0,576412.2,0.11623626286882895
1941527995.0,CCO,2022-10-11,7875000.0,761841.6,10.336794420257439
2007064335.0,PB,2022-10-11,336280.0,6230760.03,0.05397094389462468
2007012350.0,FANG,2022-10-11,1597217.0,24642785.61,0.06481479104179895
2007012868.0,LECO,2022-10-14,427000.0,7198773.84,0.05931565701194469
2007015124.0,PGTI,2022-10-17,185000.0,1311640.36,0.14104476016581252
2007094238.0,CTO,2022-10-17,93900.0,327324.79,0.2868710310636723
2007013190.0,ESAB,2022-10-17,127000.0,1956833.96,0.06490075427758828
2007015012.0,CHCO,2022-10-18,62100.0,1411914.24,0.04398284133744554
2007014771.0,LLY,2022-10-18,610000.0,316180233.0,0.0019292793676953233
2007135499.0,CZFS,2022-10-18,67400.0,277970.0,0.242472209231212
2007095552.0,PARR,2022-10-20,310000.0,1196960.31,0.2589893728389373
2007018175.0,PEBO,2022-10-25,211844.0,869057.67,0.24376287939556415
2007020969.0,VSH,2022-10-28,107500.0,2671099.2,0.04024560375743439
2007106686.0,WTTR,2022-11-01,101380.0,946800.1,0.10707645679378361
2007022204.0,MYGN,2022-11-01,100000.0,1680645.16,0.0595009597385804
2007022869.0,JNJ,2022-11-01,18191131.0,454841781.48,0.039994415070682965
2007029467.0,VOYA,2022-11-01,570000.0,6693742.84,0.08515415271017493
2007022761.0,NX,2022-11-01,92000.0,734138.64,0.1253169292383248
2007022979.0,VSCO,2022-11-01,700000.0,3054849.6,0.2291438504861254
2007485560.0,HST,2022-11-02,315000.0,13483014.0,0.02336272883792897
2007023403.0,MRO,2022-11-02,3000000.0,20957673.12,0.14314566234631682
2007030429.0,LPLA,2022-11-03,140000.0,20609236.0,0.006793070834843174
2007061060.0,KRP,2022-11-03,270700.0,1113960.76,0.24300676443935063
2007026899.0,MLNK,2022-11-04,65000.0,1319300.7,0.04926852536347476
2007027121.0,OUST,2022-11-07,211985.0,212612.4,0.9970490902694292
2007026893.0,FLGT,2022-11-07,100000.0,1118055.24,0.08944101903229755
2007027911.0,VTRS,2022-11-07,348809.0,11763044.5,0.029652952515821902
2007027545.0,ATKR,2022-11-08,91600.0,3817233.98,0.023996433145028223
2007028529.0,CBRE,2022-11-09,110000.0,22542961.15,0.004879571910188028
2007028352.0,GTLS,2022-11-09,4400000.0,8772983.45,0.5015397584045369
2007031316.0,WAFD,2022-11-13,654000.0,2492339.5,0.26240405851610504
1941712940.0,EL,2022-11-15,2800000.0,51054652.54,0.0548431898112767
2007035123.0,EVH,2022-11-17,810000.0,2182662.7,0.37110635555370053
2007035183.0,FCBC,2022-11-18,113200.0,623526.75,0.18154794481551914
2007039803.0,BSX,2022-11-29,615000.0,62690377.06,0.009810118057056713
2007039893.0,NXGN,2022-11-30,90500.0,1338579.0,0.0676090092553372
1941689283.0,CTVA,2022-11-30,1200000.0,47118602.0,0.025467648636943854
2007042911.0,BY,2022-11-30,129000.0,832963.84,0.1548686675282327
2007041335.0,IART,2022-12-01,140000.0,4588478.92,0.03051120043066472
2007041163.0,HI,2022-12-01,59000.0,3444000.0,0.01713124274099884
2007042800.0,NBTB,2022-12-05,199373.0,1982206.8,0.1005813318771785
2007044244.0,NRG,2022-12-06,5200000.0,9408882.56,0.5526692427968831
2007090454.0,ARKO,2022-12-07,140200.0,1095084.0,0.12802670845341543
2007058145.0,DLHC,2022-12-08,185000.0,159434.34,1.160352280443473
2007057409.0,SMMF,2022-12-09,53900.0,351349.69,0.15340841769349506
2007135438.0,LAMR,2022-12-12,78600.0,8264678.73,0.009510351529417526
2007058819.0,GRI,2022-12-13,94841.0,53262.0,1.7806503698697007
2007058023.0,RICK,2022-12-13,66500.0,779273.12,0.08533593459504929
2007059715.0,FRBA,2022-12-14,129700.0,297672.33,0.4357139946463952
2007059691.0,SHBI,2022-12-14,254400.0,381273.6,0.6672373854365999
2007060009.0,DBX,2022-12-15,95000.0,6654176.76,0.01427674728616617
2007062683.0,MPB,2022-12-20,53900.0,491578.85,0.10964670266021413
2007065556.0,AMPS,2022-12-27,293000.0,1011740.73,0.2895998859312504
2007073155.0,TRN,2022-12-30,80000.0,2429065.52,0.03293447597082519
2007588329.0,OXY,2022-12-31,400000.0,57252492.86,0.006986595343160399
2007076111.0,ZEUS,2023-01-03,131000.0,373745.4,0.35050598616063233
2007071059.0,PRGS,2023-01-03,355000.0,2182315.65,0.16267124327317178
2007076106.0,MSFT,2023-01-09,190000.0,1675053710.0,0.00011342919863745742
2007083787.0,LIVE,2023-01-19,84000.0,111691.0,0.752074920987367
2007084856.0,XYL,2023-01-22,7500000.0,19856859.96,0.37770322272041645
2007088705.0,MQ,2023-01-30,275000.0,3288942.8,0.0836134942815059
2007091362.0,MGRC,2023-02-01,400000.0,2427581.52,0.16477304539705015
2007183216.0,HUT,2023-02-07,990000.0,467001.22,2.1199088088035403
2007096616.0,POST,2023-02-08,1200000.0,5534561.76,0.21681933494224845
1941616525.0,GMED,2023-02-09,3100000.0,5957627.52,0.5203413589710288
1941486994.0,CPUH,2023-02-09,378120.0,888375.0,0.42563106796116507
1941596128.0,GATE,2023-02-14,750000.0,19449.6,38.56120434353406
2007130936.0,BRDG,2023-02-14,320100.0,425836.32,0.7516972718531852
1941617078.0,STI,2023-02-16,925000.0,31140525.2,0.02970405906962674
2007110944.0,REPX,2023-02-22,330000.0,601776.0,0.5483768046582117
2007106455.0,LNKB,2023-02-22,167800.0,126531.6,1.3261509377894534
2007110018.0,MO,2023-03-03,3250000.0,83264357.58,0.03903230739368181
2007113660.0,HNI,2023-03-08,485000.0,1239725.58,0.39121561079670547
1941704614.0,PFE,2023-03-13,43000000.0,221108477.85,0.19447467785098319
2007116573.0,TDG,2023-03-14,725000.0,38363830.68,0.018898008544750464
2007120029.0,AIR,2023-03-20,140000.0,1744801.2,0.08023836755728962
2007626157.0,CF,2023-03-20,1675000.0,13885824.24,0.12062661683236169
2007121999.0,FMBH,2023-03-21,90300.0,556083.61,0.1623856527618212
2007122774.0,KNX,2023-03-21,808000.0,8542589.04,0.09458490818376065
2007124991.0,ET,2023-03-27,1450000.0,36206749.8,0.04004778136699804
2007126878.0,KYN,2023-03-27,333780.0,1089056.0,0.30648561690124293
2007129282.0,DSGR,2023-03-30,319200.0,793194.48,0.40242337541229484
1941664277.0,OVV,2023-04-03,4275000.0,8790639.44,0.4863127454127501
2007133359.0,LBRT,2023-04-10,78000.0,2342289.6,0.03330074983042233
2007141292.0,ATEC,2023-04-19,55000.0,1780689.48,0.030886912411028564
2007142380.0,ASRT,2023-04-25,277044.0,356236.8,0.7776961841112429
2007144119.0,CVLG,2023-04-26,130000.0,381240.58,0.3409920318555805
2007144177.0,DGX,2023-04-27,450000.0,16346669.32,0.02752854365564422
2007145743.0,SPXC,2023-05-01,418000.0,2887378.56,0.1447679932900797
2007147550.0,ITT,2023-05-02,80000.0,7027846.0,0.011383288706098569
2007192515.0,CRGY,2023-05-02,600000.0,560554.02,1.0703696318153244
2007147828.0,AFG,2023-05-02,240000.0,10487268.0,0.022884892423841938
2007148591.0,CPE,2023-05-03,532945.0,1902980.0,0.28005811937067127
2007148346.0,VSEC,2023-05-04,124000.0,658603.46,0.18827717667927224
2007151499.0,COOP,2023-05-10,324000.0,2883745.88,0.11235386663127196
2007153104.0,OKE,2023-05-14,18800000.0,28496922.12,0.6597203698291891
2007153500.0,TPG,2023-05-14,2700000.0,1964559.07,1.374354195417499
2007124413.0,HEI,2023-05-15,2050000.0,10842289.2,0.18907446224548227
2007155172.0,IBM,2023-05-16,60000.0,112016431.2,0.0005356357041305204
2007156314.0,REG,2023-05-18,1400000.0,10050145.62,0.13930146417122263
2007157373.0,USFD,2023-05-19,142000.0,9239740.8,0.015368396481425106
2007158316.0,CVX,2023-05-21,7600000.0,295973005.02,0.025678017491785915
2007158303.0,CHRD,2023-05-22,375000.0,6106603.5,0.06140893215025341
2007158382.0,GIC,2023-05-22,69200.0,924876.12,0.07482083114006663
2007159494.0,RYAN,2023-05-23,255000.0,5003466.75,0.05096466365045795
2007159777.0,GNL,2023-05-23,950000.0,1077392.1,0.8817588322765685
2007160644.0,SR,2023-05-25,175000.0,3470137.84,0.0504302733980158
2007162663.0,OSK,2023-05-26,800000.0,4839114.26,0.16531951035187997
2007162724.0,EFC,2023-05-30,58809.0,881738.32,0.06669665893617961
2007168107.0,THS,2023-06-07,100000.0,2673225.58,0.0374079915844588
2007170158.0,MMSI,2023-06-08,100000.0,4900788.56,0.02040487949555612
2007171958.0,CWST,2023-06-12,219000.0,4708065.0,0.046515925332381775
2007171413.0,NDAQ,2023-06-12,10500000.0,28381055.61,0.3699650972918833
2007172214.0,PTEN,2023-06-15,5400000.0,2317789.11,2.3298064421400273
2007174802.0,WAB,2023-06-16,320000.0,18389908.8,0.01740084757788467
2007175538.0,CHRS,2023-06-16,65000.0,507107.37,0.12817798329375493
2007219409.0,CIVI,2023-06-20,2250000.0,5578305.95,0.40334826023660464
2007176576.0,MEC,2023-06-20,96000.0,287166.04,0.33430136794726845
2007181472.0,UNH,2023-06-26,3300000.0,444102264.0,0.00743072095664885
2007183876.0,ADUS,2023-06-29,106000.0,1489147.6,0.07118166124029612
2007145139.0,MOH,2023-06-30,425000.0,17185091.0,0.024730738987649235
2007184839.0,RES,2023-06-30,79500.0,1540554.4,0.05160479889577415
2007209482.0,WEX,2023-07-01,180000.0,7800060.87,0.023076742989571054
2007188464.0,DOCN,2023-07-06,111000.0,3532093.01,0.03142612600680071
2007187341.0,TMO,2023-07-06,912500.0,200806352.6,0.004544178947454275
2007193382.0,PWSC,2023-07-11,300000.0,3194212.0,0.09391987757857023
2007192615.0,REI,2023-07-11,75000.0,359063.12,0.20887692392357088
2007084849.0,XOM,2023-07-13,4900000.0,430537472.65,0.011381123157155228
2007253709.0,MIRM,2023-07-17,445000.0,1003327.5,0.4435241733133
2007197390.0,JCI,2023-07-17,455000.0,47141862.29,0.009651718831152694
2007269497.0,BRY,2023-07-17,70000.0,547029.03,0.12796395832959723
2007206602.0,PSA,2023-07-24,2200000.0,51289634.76,0.04289365697951404
2007206178.0,BANC,2023-07-25,1019600.0,757374.25,1.346230083739974
2007206542.0,AUB,2023-07-25,416800.0,2320345.3,0.17962843719854973
2007209102.0,BIIB,2023-07-28,7300000.0,38058036.17,0.19181231441874474
2007270530.0,ALXN,2023-07-28,1000000.0,40335967.5,0.024791769281349206
2007210387.0,RMR,2023-07-31,100000.0,368178.12,0.271607666419721
2007211922.0,RVMD,2023-08-01,1070000.0,2864951.25,0.37347930440352173
2007216490.0,SPT,2023-08-02,140000.0,2719049.46,0.051488581601601316
2007220611.0,ROP,2023-08-07,1400000.0,51937310.81,0.026955573520576738
2007219460.0,CPB,2023-08-07,2328209.0,13458853.8,0.17298716774826695
2007221273.0,GBCI,2023-08-08,80600.0,3766253.9,0.021400575250648927
2007224247.0,ALGM,2023-08-08,420000.0,8087487.04,0.05193207703736858
2007226212.0,REGN,2023-08-09,213000.0,83292137.12,0.0025572641952160296
2007224647.0,FWRD,2023-08-10,2100000.0,2826560.0,0.7429525642477075
2007227919.0,HRMY,2023-08-14,164000.0,1914600.0,0.08565757860649745
2007233813.0,BRKR,2023-08-17,108000.0,9648242.1,0.011193748962829198
2007236095.0,PR,2023-08-21,4500000.0,4051159.43,1.110793114355413
2007237661.0,AVAV,2023-08-22,120000.0,2473288.44,0.0485184008703813
2007237195.0,MTSI,2023-08-22,125000.0,5140241.08,0.024317925570915052
2007240857.0,PSN,2023-08-23,200000.0,5865700.58,0.03409652389723582
2007243469.0,BHRB,2023-08-24,371500.0,371301.42,1.0005348215474101
2007245192.0,ELF,2023-08-29,355000.0,6673279.34,0.05319723361078423
2007313356.0,WTS,2023-08-30,268000.0,5160652.32,0.05193141939854611
2007247293.0,ZVRA,2023-08-31,90287.0,179844.9,0.5020270243971333
2007251447.0,WES,2023-09-05,885000.0,10423066.5,0.08490783398532475
2007255908.0,TCPC,2023-09-06,257630.0,719199.15,0.3582178872152449
1941620452.0,WNNR,2023-09-06,200000.0,84950.2,2.3543205313230575
2007253125.0,JBSS,2023-09-06,61000.0,889314.03,0.06859219346848716
2007255775.0,SUM,2023-09-07,3200000.0,4281444.0,0.7474113873730451
2007626733.0,SJM,2023-09-11,5600000.0,14459706.98,0.38728309002012706
2007265181.0,VTLE,2023-09-13,517650.0,1106521.5,0.46781738990159705
2007264530.0,GXO,2023-09-14,181000.0,7208710.96,0.02510851121710115
2007267750.0,KN,2023-09-18,263000.0,1298802.0,0.20249429859208717
2007270533.0,EBC,2023-09-19,528000.0,2365215.57,0.2232354660171631
2007270362.0,AJG,2023-09-19,510000.0,50236603.66,0.01015196018129861
2007269605.0,REZI,2023-09-19,87500.0,2390502.07,0.036603189387742305
2007368426.0,SAIA,2023-09-21,235700.0,10380492.0,0.022706052853756837
1941652248.0,CSCO,2023-09-21,28000000.0,225044619.0,0.12441977117435543
2007368416.0,XPO,2023-09-21,870000.0,8001723.0,0.10872658301218376
2007279140.0,CPK,2023-09-26,923000.0,1912999.53,0.48248835691036474
2007286348.0,RITM,2023-10-02,712000.0,4490052.09,0.15857277058894878
2007290004.0,FOUR,2023-10-02,100000.0,3126577.79,0.03198385158361916
2007289984.0,DOV,2023-10-04,530000.0,19271839.72,0.027501266495589143
2007292116.0,ABBV,2023-10-05,655000.0,260679791.43,0.0025126612093975312
2007035666.0,BMY,2023-10-08,5800000.0,118368575.98,0.04899949122459655
2007297527.0,CWBC,2023-10-10,99002.0,112837.5,0.8773856209150327
2007300607.0,TEAM,2023-10-12,975000.0,30750802.1,0.03170649002355617
2007302839.0,APH,2023-10-13,134837.0,50185639.56,0.0026867646040217167
2007903039.0,MMU,2023-10-16,102601.0,390312.0,0.26286919182602636
2007304595.0,TBRG,2023-10-16,67500.0,484417.45,0.1393426269016527
2007312694.0,SHOO,2023-10-23,52000.0,2479290.3,0.020973743978266686
2007313476.0,ORA,2023-10-23,271000.0,4004879.6,0.06766745247472608
2007313353.0,AMN,2023-10-23,300000.0,2801615.0,0.10708109429739632
2007318207.0,SHEN,2023-10-24,450000.0,1098268.4,0.40973590790739317
2007317267.0,UCTT,2023-10-25,120000.0,1097152.0,0.10937408854926209
2007318911.0,ONB,2023-10-26,344400.0,3903097.24,0.08823761715964831
2007321462.0,UTHR,2023-10-30,136553.0,10302494.62,0.013254362660370892
2007322394.0,IEX,2023-10-30,206000.0,14433933.84,0.014271923529891973
2007322375.0,INST,2023-10-30,835000.0,3491781.75,0.2391329297714555
2007322436.0,HUBB,2023-10-30,1100000.0,15071383.62,0.07298599967558918
2007321408.0,OMC,2023-10-30,950000.0,14618278.29,0.06498713331034828
2007323765.0,AME,2023-10-31,1900000.0,32327365.44,0.058773734702458946
2007326891.0,COO,2023-11-01,300000.0,15439107.0,0.01943117565024972
2007328933.0,FOXF,2023-11-02,572000.0,3443032.44,0.16613261999936313
2007330130.0,TRV,2023-11-03,435000.0,38588011.05,0.01127293136296539
2007332473.0,KMI,2023-11-06,1815000.0,37498197.38,0.04840232669339051
2007455892.0,BBAI,2023-11-06,70000.0,224390.88,0.3119556374127148
2007333109.0,SEAT,2023-11-07,240000.0,701018.75,0.3423588884034842
2007395625.0,GLP,2023-11-08,305800.0,1083452.52,0.28224587082043984
2007339749.0,MNR,2023-11-13,815000.0,1661550.0,0.49050585296861365
2007342570.0,ABNB,2023-11-14,200000.0,51799866.75,0.0038610137930518906
2007350630.0,NAPA,2023-11-16,400000.0,1248872.28,0.32028895701007953
2007345134.0,STRL,2023-11-16,50000.0,2065837.62,0.024203257562905645
2007349323.0,OMF,2023-11-21,1015000.0,4622299.2,0.21958768917425336
2007350925.0,NOG,2023-11-21,162600.0,3725145.89,0.043649297182291026
2007595896.0,APLE,2023-11-22,78600.0,3708831.79,0.02119265700103374
2007359729.0,BUSE,2023-11-27,180489.0,1165412.31,0.15487136908653384
2007364112.0,NVRO,2023-11-30,75000.0,605371.2,0.12389092840888369
2007367168.0,NSIT,2023-12-01,800000.0,4932809.34,0.162179388023945
2007367472.0,NEU,2023-12-01,700000.0,5087590.9,0.1375896792330531
2007365759.0,ALK,2023-12-03,1900000.0,5087545.69,0.3734610194724364
2007371719.0,GVA,2023-12-05,150000.0,2084181.52,0.07197069859826796
2007134259.0,HON,2023-12-08,4950000.0,130393255.29,0.037962086221338634
2007289303.0,LAB,2023-12-12,507287.0,174669.0,2.904276087914856
2007382553.0,ORRF,2023-12-12,207000.0,258450.9,0.8009258238218555
2007381474.0,IART,2023-12-13,280000.0,3198961.92,0.08752839421108208
2007437661.0,WTI,2023-12-15,72000.0,485159.94,0.14840466836565278
2007387357.0,CRM,2023-12-18,419000.0,254536800.0,0.0016461273969029233
2007388930.0,OKTA,2023-12-19,130000.0,13329324.4,0.009752932414188974
2007388814.0,KGS,2023-12-19,854000.0,1480662.0,0.5767690397943622
2007390405.0,HUBG,2023-12-20,262000.0,2782014.48,0.09417636100873206
2007395248.0,WMB,2023-12-27,1950000.0,42723444.88,0.04564238687861164
2007397040.0,KAI,2023-12-28,156000.0,3340943.66,0.04669339440462159
2007399443.0,MYE,2023-12-29,350000.0,726445.36,0.4817981079815831
2007407834.0,ITGR,2023-12-31,140000.0,3302039.16,0.042398043516843086
2007401349.0,APA,2024-01-03,4500000.0,10962129.36,0.41050418693471796
2007401102.0,CR,2024-01-03,103000.0,6642809.8,0.01550548684985682
2007695177.0,MCK,2024-01-04,50000.0,63915001.08,0.000782288964329624
2007505678.0,FWRG,2024-01-08,75000.0,1116985.8,0.06714498966772899
2007592661.0,BSX,2024-01-08,3700000.0,85203411.28,0.043425491355514656
2007404132.0,VCYT,2024-01-08,95000.0,1885108.45,0.05039497860189423
2007404176.0,HPE,2024-01-09,14000000.0,23036000.0,0.6077444000694565
2007412529.0,TTGT,2024-01-10,350000.0,990262.75,0.3534415487202765
2007407041.0,SE,2024-01-11,950000.0,1907599.1,0.49800820308627736
2007407725.0,PATK,2024-01-11,315000.0,2181085.62,0.1444234912703702
2007594108.0,BLK,2024-01-12,12511320.0,117910248.82,0.10610884232039568
2007392174.0,SNPS,2024-01-15,35000000.0,75142372.8,0.4657824699408481
1941745284.0,TALO,2024-01-15,1290000.0,1676320.8,0.7695424408025003
2007417879.0,SUN,2024-01-22,7300000.0,4998504.9,1.4604366997819687
2007416945.0,NTRA,2024-01-22,52500.0,7967682.03,0.006589118366210706
2007925033.0,WTTR,2024-01-30,90000.0,791847.54,0.11365824284811189
2007426100.0,CAH,2024-01-31,1200000.0,26386864.08,0.04547717365587006
2007430551.0,CBRE,2024-02-05,1100000.0,25907405.0,0.04245890315915469
2007432077.0,GLPI,2024-02-06,175000.0,12104839.64,0.014457027536467224
2007431711.0,CLH,2024-02-06,400000.0,9260604.92,0.043193722597551436
2007433048.0,CRC,2024-02-07,2100000.0,3225826.2,0.6509960146023985
2007436481.0,GILD,2024-02-12,4300000.0,91795914.14,0.046843043508907965
2007436359.0,MLM,2024-02-12,2050000.0,32580941.98,0.0629202188585709
2007375724.0,FANG,2024-02-12,26000000.0,27119579.76,0.9587169207669167
2007442780.0,DKNG,2024-02-15,750000.0,20741944.36,0.03615861594182774
2007441906.0,GES,2024-02-16,69300.0,1293096.0,0.053592308691698065
2007443106.0,COF,2024-02-19,35300000.0,52263633.81,0.6754218454906934
2007444002.0,CDRE,2024-02-20,106500.0,1315134.14,0.08098033254615382
2007438088.0,WMT,2024-02-20,2300000.0,458648984.24,0.0050147282105316195
2007451098.0,AESI,2024-02-27,450000.0,1833476.58,0.2454353684735913
2007713739.0,MDRX,2024-02-27,140000.0,907950.6,0.15419341096310746
2007454893.0,FBIN,2024-02-29,92000.0,10199824.55,0.00901976299190362
2007454171.0,FA,2024-02-29,2200000.0,2444511.24,0.8999754077629031
2007457312.0,URI,2024-03-04,1150000.0,47074043.28,0.02442959898642469
2007458809.0,HAE,2024-03-05,160000.0,3797777.08,0.04212990826728566
2007366666.0,EQT,2024-03-11,35000000.0,16524821.04,2.1180259632028067
2007469485.0,PAR,2024-03-11,190000.0,1217216.4,0.1560938547985387
2007471463.0,MARA,2024-03-15,87300.0,4879077.2,0.017892727747779846
2007525587.0,CSL,2024-03-18,410000.0,17737798.52,0.023114480612558
2007280794.0,PFIS,2024-03-22,126416.0,297889.8,0.4243716971846636
2007481151.0,NUVB,2024-03-24,501287.0,505760.64,0.9911546299846504
2007481512.0,GBTG,2024-03-25,540000.0,2629339.49,0.20537477265820853
2007486700.0,VIVK,2024-03-25,169000.0,23336.69,7.241815355990932
2007481692.0,IR,2024-03-25,2325000.0,38221526.64,0.06082959537170386
2007264509.0,TTWO,2024-03-27,460000.0,25019848.62,0.018385403004888362
2007486162.0,HD,2024-03-28,18250000.0,384061653.18,0.04751841234054858
2007693638.0,LH,2024-03-28,237500.0,18213537.0,0.013039751696773669
2007682174.0,CBNK,2024-03-28,66000.0,285161.7,0.23144763129129892
2007488525.0,ALTI,2024-04-01,76000.0,402222.24,0.18895026789170088
2007487472.0,NUE,2024-04-01,115000.0,47643435.5,0.0024137638017308807
2007509192.0,MRK,2024-04-05,208000.0,323317333.04,0.0006433308045822176
2007485107.0,JNJ,2024-04-05,13100000.0,367336967.5,0.03566207912357745
2007498489.0,OWL,2024-04-09,205000.0,9127269.2,0.0224601680423757
2007530515.0,SHO,2024-04-10,230000.0,2257180.97,0.10189701360099628
2007500871.0,VRTX,2024-04-10,4600000.0,104475566.08,0.04402943360438598
2007505551.0,TRNS,2024-04-15,50000.0,974853.31,0.051289767893386955
2007505488.0,APG,2024-04-15,570000.0,10077000.48,0.056564451012113076
2007510446.0,LYTS,2024-04-18,50000.0,406708.61,0.1229381399129957
2007513416.0,CSGP,2024-04-22,1600000.0,34449869.52,0.046444297824440636
2007513387.0,MLI,2024-04-22,600000.0,5940837.8,0.10099585617368648
2007514943.0,INCY,2024-04-23,750000.0,11658168.72,0.06433257383840642
2007518812.0,BFST,2024-04-25,85700.0,561689.4,0.1525754269174387
2007753045.0,PAHC,2024-04-28,350000.0,258902.74,1.3518590031144515
2007522821.0,SMPL,2024-04-29,280000.0,3439621.6,0.08140430331057347
2007525490.0,HOPE,2024-04-29,78600.0,1321885.6,0.05946051609912385
2007520230.0,UMBF,2024-04-29,2000000.0,4053955.31,0.49334534968023613
2007522786.0,HST,2024-04-29,530000.0,13297129.84,0.03985822552515589
2007526270.0,FRSH,2024-04-30,230000.0,4046192.46,0.056843563986078906
2007523886.0,MASS,2024-04-30,76200.0,189817.17,0.4014389214632164
2007527725.0,AM,2024-05-01,70000.0,6660375.44,0.010509918041497071
2007528826.0,KELYA,2024-05-03,485000.0,763784.0,0.6349962816712579
2007530752.0,DOCU,2024-05-06,165000.0,12241119.8,0.013479158990013314
2007595341.0,KNTK,2024-05-09,765000.0,2350861.44,0.32541262831721807
2007537208.0,UBSI,2024-05-10,267000.0,4633201.19,0.05762754282638868
2007541222.0,RPHM,2024-05-13,170000.0,60492.01,2.810288499258001
2007545110.0,PANW,2024-05-15,500000.0,97638652.0,0.005120922808315707
2007544613.0,ALRS,2024-05-15,128800.0,409186.13,0.31477117760565343
2007549130.0,SSB,2024-05-20,2000000.0,6165055.05,0.3244091064523422
2007551026.0,MBC,2024-05-21,520000.0,2067426.48,0.25152043133354857
2007586181.0,ET,2024-05-28,3250000.0,51998183.52,0.06250218334550006
2007558360.0,NDSN,2024-05-28,815000.0,13626585.86,0.05980955232464957
2007558448.0,TDG,2024-05-28,655000.0,75085337.86,0.008723407507618559
2007536131.0,TMUS,2024-05-28,4300000.0,194527764.0,0.02210481378894583
2007561604.0,COP,2024-05-29,22500000.0,139945495.68,0.16077687881751193
2007556140.0,WM,2024-06-03,7200000.0,84520220.59,0.08518671567276845
2007567276.0,BDX,2024-06-03,4200000.0,67040721.82,0.0626484901412119
2007568327.0,CTRE,2024-06-03,80900.0,3632576.48,0.022270694215363086
2007574421.0,FRT,2024-06-03,215000.0,8374105.35,0.025674384428421362
2007569227.0,FTDR,2024-06-04,585000.0,2761545.0,0.21183793854527086
2007576689.0,YEXT,2024-06-10,220000.0,648843.35,0.3390648913948182
2007582205.0,SLP,2024-06-12,100000.0,921722.49,0.10849252468603647
2007587180.0,WK,2024-06-17,100000.0,3796406.13,0.0263407013306029
2007589092.0,CPAY,2024-06-19,725000.0,17739409.05,0.04086945613332029
2007592146.0,NXT,2024-06-20,119000.0,8415623.06,0.014140367166112118
2007592887.0,AXP,2024-06-21,400000.0,165590743.63,0.0024155939591271464
2007593379.0,RXO,2024-06-23,1025000.0,2375645.08,0.43146175690520233
2007594913.0,ANIP,2024-06-24,381000.0,1226905.86,0.3105372730064228
2007594911.0,ABM,2024-06-24,119000.0,3331638.24,0.035718163686343084
2007456528.0,BA,2024-07-01,8300000.0,111733026.84,0.07428421331398705
2007608814.0,UFPT,2024-07-01,110000.0,2024938.38,0.05432264067215715
2007602358.0,BDC,2024-07-01,290000.0,3815596.4,0.07600384568975901
2007607327.0,LLY,2024-07-08,3200000.0,869211900.85,0.0036814958433849425
2007609303.0,UTL,2024-07-09,71200.0,831681.92,0.08560965230553527
2007506441.0,VCTR,2024-07-09,1068320.0,3055096.26,0.3496845628032683
2007609378.0,ESE,2024-07-09,550000.0,2643597.66,0.20804981345005427
2007812452.0,PNTG,2024-07-11,80000.0,740785.5,0.10799347449430369
2007616963.0,EVFM,2024-07-15,84000.0,37087.28,2.2649274899642142
2007618835.0,KBR,2024-07-16,737000.0,8795078.0,0.08379686911247404
2007618618.0,PRDO,2024-07-16,144000.0,1445462.73,0.09962207742291633
2007621552.0,PWR,2024-07-17,1740000.0,37968655.56,0.04582727448040301
2007620863.0,DRI,2024-07-17,605000.0,17345249.88,0.03487986648711226
2007626129.0,NVDA,2024-07-17,100000.0,3104518622.4,3.221111294951529e-05
2007624399.0,TEX,2024-07-22,2000000.0,3799758.0,0.526349309613928
2007627897.0,HRI,2024-07-23,264000.0,4092795.63,0.06450358724606046
2007629188.0,RIOT,2024-07-23,92500.0,3472182.0,0.026640308601334838
2007626663.0,MOH,2024-07-23,350000.0,16970560.0,0.02062395112477137
2007630154.0,ASTH,2024-07-25,59000.0,2399920.16,0.02458415116609546
2007630593.0,COFS,2024-07-25,180400.0,225402.24,0.8003469708198109
2007630472.0,COOP,2024-07-25,1300000.0,5586893.76,0.23268743882468243
2007632166.0,WSBC,2024-07-26,959000.0,2042676.64,0.46948204195452103
2007632545.0,CASY,2024-07-26,1145000.0,13834238.58,0.08276566819190999
2007633951.0,GABC,2024-07-29,330200.0,1239395.04,0.2664203013108718
2007777959.0,CTS,2024-07-29,125000.0,1598505.3,0.07819805164236865
2007635044.0,RNST,2024-07-29,1200000.0,2089539.33,0.5742892621217137
2007633121.0,COLL,2024-07-29,550000.0,1166105.6,0.47165539724704175
2007636526.0,CBZ,2024-07-31,2300000.0,4310634.24,0.5335641745378054
2007652619.0,HCAT,2024-08-01,65000.0,442752.75,0.14680880017120165
2007643413.0,SPSC,2024-08-01,206000.0,7991220.32,0.0257782906428489
2007639036.0,ITT,2024-08-01,475000.0,11642158.0,0.0407999960144846
2007644579.0,DKL,2024-08-06,230000.0,1873058.72,0.1227938011468215
2007649539.0,SOUN,2024-08-08,80000.0,1401787.1,0.05707000727856605
2007654340.0,FLS,2024-08-13,305000.0,5944673.5,0.051306434238987224
2007659853.0,AMD,2024-08-19,4900000.0,240441685.92,0.020379161713374165
2007621344.0,H,2024-08-20,335000.0,6624057.21,0.050573234707917025
2007662416.0,CNR,2024-08-21,2271626.0,3140549.64,0.7233211572481306
2007749131.0,EPD,2024-08-21,950000.0,63257484.54,0.015017985727827678
2007672005.0,OKE,2024-08-28,2600000.0,51617740.68,0.0503702790115997
2007654911.0,VRTV,2024-09-03,956871.91,2306254.33,0.4149030302308419
2007367622.0,VZ,2024-09-05,20000000.0,174610889.6,0.11454039347612373
2007681192.0,CNOB,2024-09-05,284000.0,919680.96,0.30880273959352167
2007685466.0,NBTB,2024-09-09,236000.0,2183073.88,0.10810444949302403
2007753080.0,PRGS,2024-09-09,875000.0,2473127.35,0.3538030502149434
2007687201.0,CAC,2024-09-10,86600.0,552392.5,0.15677258471105238
2007688981.0,VOYA,2024-09-11,210000.0,6955369.02,0.03019250299964674
2007690415.0,MA,2024-09-12,2650000.0,447519975.98,0.005921523378251232
2007690465.0,GEVO,2024-09-12,210000.0,177543.8,1.1828067214963294
2007690067.0,SSNC,2024-09-12,670000.0,17873938.6,0.03748474328987568
2007694671.0,EVER,2024-09-16,261000.0,711448.0,0.36685745128245495
2007753914.0,MMSI,2024-09-17,210000.0,5799944.76,0.036207241394485286
2007748575.0,OGN,2024-09-18,1486000.0,5291070.15,0.2808505572355717
2007704228.0,TOWN,2024-09-24,120000.0,2536588.6,0.04730763199046152
2007670564.0,CIFR,2024-09-24,67500.0,983533.59,0.06863009122037204
2007706495.0,APOG,2024-09-25,242000.0,1464017.66,0.16529855247784375
2007715784.0,ULBI,2024-09-30,50000.0,150438.15,0.3323625024636371
2007712117.0,ULH,2024-09-30,193600.0,1126410.4,0.1718734131005893
2007719181.0,SMLP,2024-10-01,450000.0,405194.45,1.110577896612355
2007720578.0,VLTO,2024-10-07,350000.0,27680814.12,0.012644136783069441
2007723269.0,ZETA,2024-10-08,250000.0,6170147.62,0.04051766917045009
2007729656.0,HOLX,2024-10-14,350000.0,18493972.25,0.018925085172007867
2007731018.0,CXT,2024-10-15,399763.27,3144249.11,0.1271410934739837
2007749107.0,ADP,2024-10-15,1200000.0,118640700.0,0.010114572823660009
2007731700.0,VSEC,2024-10-15,200000.0,1689202.14,0.11839909224836763
2007734669.0,CIM,2024-10-17,50000.0,1293327.86,0.03865995742177857
2007735315.0,XRX,2024-10-17,400000.0,1303324.24,0.3069075121322074
2007735122.0,PIXY,2024-10-17,150000.0,2750.0,54.54545454545455
2007679981.0,AUB,2024-10-21,1300000.0,3484478.23,0.37308311723904786
2007738409.0,PSN,2024-10-21,230000.0,11465856.3,0.0200595571741118
2007739222.0,ROAD,2024-10-21,908200.0,3273279.3,0.2774587552000222
2007753060.0,LYEL,2024-10-24,61130.0,295048.6,0.20718620593353096
2007747465.0,ABBV,2024-10-28,1400000.0,331807720.4,0.004219311106782794
2007750279.0,AKR,2024-10-29,275000.0,2591142.6,0.10613078570048595
2007749872.0,SXI,2024-10-29,462000.0,2135220.48,0.21637109812659722
2007750218.0,THRY,2024-10-29,80000.0,651979.9,0.12270316922346838
2007753662.0,NRIM,2024-10-31,56000.0,365002.68,0.15342353102722425
2007752853.0,WCC,2024-10-31,185000.0,8740470.2,0.02116590935805719
2007755118.0,MPB,2024-11-01,127000.0,525025.8,0.24189287459778164
2007753980.0,CECO,2024-11-01,125000.0,832500.2,0.15015011407805068
2007753654.0,CELH,2024-11-01,75000.0,7069732.48,0.010608605093922875
2007763426.0,BWXT,2024-11-04,100000.0,11206263.6,0.008923580915944187
2007757248.0,TDY,2024-11-04,57300.0,21213230.4,0.0027011444706695874
2007758661.0,TEM,2024-11-04,600000.0,6915218.1,0.08676515929410816
2007755569.0,KEQU,2024-11-04,55000.0,105632.16,0.5206747642005995
2007761155.0,YELP,2024-11-07,80000.0,2451545.76,0.03263247266491979
2007764430.0,CTRA,2024-11-13,3950000.0,18637097.54,0.21194287316049537
2007765606.0,GIS,2024-11-14,1450000.0,36213021.57,0.040040845451052486
2007769417.0,LB,2024-11-19,245000.0,1162247.5,0.2107984745073661
2007769381.0,AVAV,2024-11-19,4100000.0,5558359.35,0.7376277318234202
2007769275.0,HOOD,2024-11-19,300000.0,26724705.0,0.011225568252296892
2007773269.0,AIT,2024-11-22,273000.0,10351085.81,0.026374044714831707
2007760837.0,ONB,2024-11-25,1401000.0,6905743.8,0.2028745983886631
2007774905.0,SNDR,2024-11-25,390000.0,2913999.46,0.13383667545360492
2007780292.0,THS,2024-12-02,205000.0,1758208.0,0.11659598864298194
2007782310.0,UCB,2024-12-03,80000.0,4028321.99,0.01985938566941616
2007944863.0,IPG,2024-12-05,100000.0,10892163.16,0.009180912783902881
2007786857.0,AJG,2024-12-09,13450000.0,65098174.0,0.2066110179987537
2007788291.0,ON,2024-12-09,115000.0,28324016.44,0.004060158637586217
2007787612.0,INDB,2024-12-09,562000.0,3049722.61,0.18427905480885687
2007786809.0,OMC,2024-12-09,13300000.0,20176518.06,0.6591821225272405
2007789455.0,GEN,2024-12-10,1479794.0,18781928.4,0.07878818236789786
2007816967.0,SGU,2024-12-12,68000.0,408306.58,0.16654152377363107
2007792872.0,UPBD,2024-12-12,460000.0,1843937.0,0.2494662236291153
2007793383.0,VIAV,2024-12-13,325000.0,2464342.43,0.13188102271972
2007794079.0,BBT,2024-12-16,1100000.0,41564274.72,0.026465035355728205
2007796349.0,NWBI,2024-12-17,270400.0,1839656.0,0.1469840013567754
2007798574.0,FCF,2024-12-18,54600.0,1815808.72,0.030069246500809842
2007800102.0,TRIP,2024-12-19,435000.0,1638641.2,0.2654638489499715
2007803130.0,SPXC,2024-12-23,350000.0,6654834.45,0.05259334437688378
2007806470.0,BAC,2024-12-27,906000.0,341826804.0,0.0026504650583223425
2007807390.0,WAB,2024-12-30,69000.0,33002880.0,0.002090726627494328
2007812130.0,SYK,2025-01-06,4900000.0,137817208.32,0.03555434085286804
2007812941.0,PSX,2025-01-06,2200000.0,47943893.01,0.04588697041229277
2007813426.0,RYAN,2025-01-07,525000.0,7728119.28,0.06793373406627853
2007825003.0,KRP,2025-01-07,230000.0,1311714.0,0.175343100706404
2007840848.0,ITGR,2025-01-07,152000.0,4469471.5,0.034008495187853864
2007810945.0,PAYX,2025-01-07,4100000.0,48990171.78,0.08369025563763802
2007815078.0,FLO,2025-01-08,795000.0,4233019.8,0.18780918530076332
2007535884.0,CEG,2025-01-10,29100000.0,76282417.92,0.38147715808534244
2007816862.0,CCNE,2025-01-10,214000.0,506020.68,0.4229076171353313
2007819309.0,GBCI,2025-01-13,245400.0,5409084.6,0.045368120143656106
2007820216.0,EME,2025-01-14,865000.0,21518815.56,0.040197379711172175
2007829485.0,CADE,2025-01-22,103600.0,6624629.68,0.015638610006046407
2007831886.0,CARS,2025-01-23,113000.0,1110921.24,0.101717381873084
2007833711.0,CNX,2025-01-27,505000.0,4276614.15,0.11808406891231933
2007835287.0,ZBH,2025-01-28,1283720.0,22411750.92,0.0572788803776336
2007836456.0,WELL,2025-01-29,1886749.0,85401933.5,0.022092579437911673
2007844086.0,PLBC,2025-01-29,62423.0,281927.28,0.22141525289783945
2007974521.0,WMB,2025-01-31,325000.0,68983889.08,0.0047112449636334715
2007838335.0,BMI,2025-01-31,185000.0,6134546.38,0.03015707903083781
2007845176.0,GMED,2025-02-06,250000.0,10509298.8,0.02378845675222404
2007846993.0,FDS,2025-02-07,246500.0,17846718.4,0.013812063062529188
2008563004.0,CMCO,2025-02-10,2700000.0,979995.25,2.755115394691964
2007847905.0,LZ,2025-02-10,85106.0,1579932.9,0.05386684459827377
2007857988.0,ROCK,2025-02-11,120000.0,1825125.89,0.06574888924511393
2007850379.0,FSS,2025-02-12,93100.0,6056215.66,0.015372636185151967
2007857379.0,CAL,2025-02-19,120200.0,554542.21,0.21675536655721844
2007858206.0,PDFS,2025-02-19,130000.0,854398.02,0.15215391065630043
2007859000.0,VVV,2025-02-20,625000.0,4874906.0,0.12820760031065215
2007863788.0,FLYW,2025-02-24,340000.0,2149557.54,0.15817208596332805
2007862034.0,APO,2025-02-24,1500000.0,85183598.8,0.017609023581192016
2007744284.0,TMO,2025-02-25,4000000.0,204847875.0,0.01952668535126371
2007869996.0,OSBC,2025-02-25,197000.0,811303.84,0.24281901586956622
2007864898.0,SKYT,2025-02-26,93000.0,421703.36,0.2205341688527215
2007864622.0,REI,2025-02-26,100000.0,251708.92,0.3972842917128245
2007866981.0,SBCF,2025-02-27,111200.0,2382581.96,0.04667205656169746
2007869496.0,JAMF,2025-03-03,215000.0,1770068.88,0.12146419974345858
2007870307.0,HON,2025-03-04,2160000.0,137795826.38,0.015675365914518784
2007871013.0,RGEN,2025-03-04,70000.0,8715574.96,0.008031598640510115
2007877563.0,BMY,2025-03-10,286000.0,123970670.08,0.002306997290693357
2007875821.0,NOW,2025-03-10,2850000.0,175229780.0,0.01626435871802156
2007876574.0,RKT,2025-03-10,2400000.0,2299817.95,1.0435608609803222
2007879277.0,ASGI,2025-03-11,81151.0,518387.04,0.15654519449405987
2007880086.0,CWAN,2025-03-12,560000.0,5955029.28,0.0940381606318483
2007880900.0,NRG,2025-03-12,560000.0,17552874.78,0.03190360593457159
2007886015.0,MCBS,2025-03-17,206000.0,705695.34,0.29191067068687176
2007884663.0,PEP,2025-03-17,1950000.0,203763250.08,0.009569929804488325
2007615619.0,GOOGL,2025-03-18,32000000.0,958303570.0,0.03339234142684035
2007890691.0,PRTK,2025-03-19,330000.0,127828.06,2.581592805210374
2007870650.0,ROP,2025-03-24,1650000.0,61443549.3,0.02685391743800191
2007904083.0,BRZE,2025-03-27,325000.0,3307997.95,0.09824673561239661
2007906124.0,LPLA,2025-03-28,2700000.0,24850309.77,0.10865055707512816
2007911433.0,FBK,2025-03-31,381000.0,2196199.9,0.1734814758893305
2007915018.0,RES,2025-04-02,245000.0,1205575.74,0.20322240392793572
2007916777.0,AVAH,2025-04-03,75000.0,1096428.28,0.06840392697641838
2007918262.0,KRMN,2025-04-04,90000.0,4341948.75,0.020728019878171064
2008201484.0,FBM,2025-04-04,600000.0,831341.16,0.7217253624252166
2007923029.0,CALM,2025-04-08,258000.0,4134788.7,0.06239738441773336
2007927086.0,PSEC,2025-04-11,115000.0,1561230.56,0.07365984432177654
2007932767.0,LOW,2025-04-14,1325000.0,123331437.45,0.010743408391207396
2007932014.0,SNEX,2025-04-14,1058420.0,3684271.3,0.287280689671252
2007935231.0,WGS,2025-04-16,51000.0,2916541.04,0.017486467462840844
2007938288.0,FIS,2025-04-17,13500000.0,36358058.88,0.37130695135724473
2007098440.0,GPN,2025-04-17,24250000.0,20683089.12,1.1724554228483641
2007942041.0,EQT,2025-04-22,1800000.0,28485986.88,0.06318896401878846
2007943454.0,COLB,2025-04-23,2000000.0,4784250.24,0.41803833404834606
2007943562.0,LMT,2025-04-23,360000.0,108767162.88,0.0033098224727731358
2007945036.0,EBC,2025-04-24,490000.0,3001695.84,0.16324105642895517
2007953875.0,ASTE,2025-04-29,245000.0,806519.09,0.3037745826946266
2007957419.0,QTRX,2025-04-29,69140.0,224385.38,0.3081305921089868
2007956805.0,DDOG,2025-05-01,220000.0,32639915.68,0.006740213490649557
2007962113.0,DASH,2025-05-06,1200000.0,81889077.4,0.014653968979750649
2007962208.0,TPG,2025-05-06,960000.0,5516125.65,0.17403519443035165
2007962331.0,HAR,2025-05-06,350000.0,7793069.5,0.04491170006888813
2007965233.0,PR,2025-05-07,608000.0,8499849.12,0.07153068147637896
2007964046.0,ORA,2025-05-07,88000.0,4365738.3,0.020156957186370974
2007970463.0,MPLX,2025-05-09,237000.0,50869872.5,0.00465894621615181
2007970128.0,CHD,2025-05-12,880000.0,22536292.7,0.03904812613655839
2007974216.0,ANET,2025-05-14,1000000.0,122109628.5,0.00818936239741324
2007974857.0,DKS,2025-05-15,2500000.0,11797898.85,0.21190213882872883
2007978444.0,BMRN,2025-05-16,270000.0,11174787.52,0.024161533229761133
2007984698.0,RHP,2025-05-19,865000.0,5940699.01,0.14560576096246292
2007983918.0,SANM,2025-05-19,3000000.0,4520915.84,0.6635823594539642
2007838642.0,MSI,2025-05-21,5000000.0,70579827.19,0.07084177163738392
2008006703.0,STRW,2025-05-22,59000.0,124990.8,0.4720347417569933
2007996516.0,WULF,2025-05-27,52400.0,1511415.12,0.03466949569751558
2007503248.0,CRM,2025-05-27,8000000.0,262061133.62,0.0305272280917488
2008000379.0,LDOS,2025-05-28,300000.0,19559045.7,0.015338171636870812
2007848512.0,EOG,2025-05-30,5684000.0,60603654.72,0.09378972318189592
2008003164.0,MOD,2025-05-30,112000.0,4809995.26,0.02328484623080481
2008020595.0,FORM,2025-06-02,55000.0,2300748.45,0.023905264393419452
2008008140.0,VNOM,2025-06-03,4100000.0,5238747.99,0.7826297443256094
2008007687.0,POST,2025-06-03,880000.0,6140233.8,0.14331701831940016
2008013816.0,NBBK,2025-06-05,211800.0,674273.4,0.31411590609981055
2008022447.0,CR,2025-06-09,1150000.0,10216777.68,0.11255995148560383
2008022752.0,BRO,2025-06-10,9825000.0,30913538.88,0.31782191091542866
2007737094.0,ALSN,2025-06-11,2700000.0,8556095.25,0.3155645094063206
2008031931.0,BKR,2025-06-16,540000.0,38678880.0,0.013961107457092864
2008031379.0,SUPN,2025-06-16,795000.0,1793359.7,0.4433020324924219
2008038154.0,WOR,2025-06-19,93000.0,2937615.45,0.031658330228348984
2008042183.0,ILMN,2025-06-23,425000.0,14324567.0,0.029669308677881853
2008043308.0,FFBC,2025-06-23,325000.0,2216288.4,0.14664156524033606
2008057734.0,PH,2025-06-30,1000000.0,89513600.12,0.011171486775857763
2008058775.0,TDG,2025-06-30,765000.0,84203881.39,0.009085091890916693
2008094462.0,HD,2025-06-30,5500000.0,366869750.72,0.014991696614959336
2008057494.0,ONTO,2025-06-30,495000.0,4832661.12,0.10242803865378419
2008064170.0,LMB,2025-07-01,66100.0,1628662.5,0.040585449717175905
2008061541.0,ISTR,2025-07-01,83617.0,190108.8,0.43983760877981454
2008061533.0,PKG,2025-07-01,1800000.0,16956731.0,0.106152536122676
2008081888.0,NWFL,2025-07-07,54900.0,252935.15,0.21705168301044755
2008495676.0,BFST,2025-07-07,79892.0,775302.57,0.10304622103858112
2008083431.0,BLD,2025-07-08,810000.0,9825066.03,0.0824421940297128
2008376197.0,CIVB,2025-07-10,70400.0,383876.88,0.1833921334361163
2008246171.0,MNR,2025-07-10,770700.0,1711138.56,0.4504018657612391
2008100667.0,FCCO,2025-07-14,50000.0,190920.24,0.2618894675598564
2008100828.0,HBAN,2025-07-14,1900000.0,25368532.0,0.07489593800697651
2008102467.0,CVCO,2025-07-14,190000.0,3560933.44,0.053356796244975586
2008547865.0,WAT,2025-07-14,18800000.0,21001321.19,0.8951817759423544
2008108922.0,STWD,2025-07-16,2200000.0,7002956.65,0.3141530227807422
2008109807.0,VRT,2025-07-17,200000.0,47790567.0,0.004184926284720581
2008112119.0,PB,2025-07-18,327582.0,7029979.74,0.046597858331807934
2008112285.0,BFC,2025-07-18,174300.0,1236794.74,0.14092880116873718
2008120624.0,MBWM,2025-07-22,95800.0,792138.75,0.1209384088330485
2008277425.0,HUBG,2025-07-22,51800.0,2058761.95,0.025160752558109012
2008122068.0,LH,2025-07-22,195000.0,20342448.0,0.009585866951706108
2008124971.0,WAY,2025-07-23,1250000.0,6371920.23,0.1961732028776512
2008125003.0,CBAN,2025-07-23,86100.0,309264.39,0.27840256681346337
2008144325.0,PWR,2025-07-25,1566000.0,60349596.78,0.02594880634760059
2008135100.0,SR,2025-07-27,2480000.0,4509488.97,0.5499514504855303
2008144922.0,IEX,2025-07-29,102000.0,13932764.35,0.007320873118764834
2008144155.0,EEFT,2025-07-31,248000.0,4059013.96,0.061098582671541245
2008145191.0,MIR,2025-07-31,81000.0,5056943.1,0.01601758184702533
2008036925.0,APH,2025-08-04,10500000.0,127354269.51,0.08244717700002611
2008153561.0,XOMA,2025-08-04,97775.0,298775.74,0.32725213901235756
2008154525.0,FLOC,2025-08-04,71000.0,442281.51,0.1605312417423916
2008152113.0,HNI,2025-08-04,2200000.0,2318598.48,0.9488490650610623
2008157141.0,ZBRA,2025-08-05,1300000.0,17356449.2,0.07490011263363708
2008157409.0,S,2025-08-05,250000.0,5870189.6,0.04258806223226589
2008161154.0,GVA,2025-08-05,540000.0,4058449.02,0.1330557553732682
2008157453.0,TRNS,2025-08-05,84000.0,697061.2,0.12050591827518159
2008162042.0,WES,2025-08-06,2000000.0,15169188.06,0.13184621300027577
2008164061.0,CRMD,2025-08-07,325000.0,892055.55,0.3643270870295017
2008164471.0,HRZN,2025-08-07,133465.0,325296.72,0.41028695278575206
2008172131.0,HUBB,2025-08-12,825000.0,22188075.6,0.037182133992728954
2008471668.0,WKHS,2025-08-15,105000.0,27210.21,3.8588456318418713
2008196673.0,DGII,2025-08-18,145500.0,1196813.28,0.12157284885742578
2008195535.0,LII,2025-08-18,550000.0,20781465.84,0.026465890531233095
2008196919.0,NXST,2025-08-19,6200000.0,6256616.08,0.9909510062186843
2008199701.0,SPN,2025-08-20,625000.0,13789.11,45.3256229009704
2008200594.0,RBCN,2025-08-20,56250.0,3201.9,17.567694181579686
2008208659.0,AVY,2025-08-25,390000.0,13919787.0,0.028017670097969172
2008204108.0,CRGY,2025-08-25,2900000.0,2537145.24,1.1430169445088605
2008220266.0,VRNS,2025-09-02,150000.0,6613013.94,0.02268254707474577
2008492731.0,EQBK,2025-09-02,122477.0,778905.54,0.15724243019249803
2008361546.0,WKC,2025-09-03,220000.0,1502492.25,0.14642338421379544
2008223081.0,TEAM,2025-09-04,610000.0,28381523.8,0.021492855855752183
2008226987.0,NXT,2025-09-08,53000.0,10375235.68,0.005108317693656478
2008226462.0,PNC,2025-09-08,4100000.0,80494150.8,0.05093537802749265
2008228438.0,SOUN,2025-09-09,60000.0,5736058.79,0.010460143836845159
2008287984.0,BSX,2025-09-09,88000.0,160236661.28,0.0005491876783817123
2008231392.0,ATLC,2025-09-11,162000.0,1015492.5,0.15952850464183635
2008231373.0,FFIV,2025-09-11,180000.0,18767360.43,0.00959111968203405
2008247021.0,NVDA,2025-09-14,900000.0,4329383540.0,0.00020788179002500666
2008239624.0,CRC,2025-09-15,717000.0,4435876.8,0.16163659008744338
2008241685.0,NBHC,2025-09-15,369100.0,1463629.62,0.25218128613713076
2008241493.0,CRWD,2025-09-16,260000.0,111617255.35,0.0023293889388761074
2008242344.0,RITM,2025-09-17,1600000.0,6400624.44,0.24997561019218303
2008395241.0,BIIB,2025-09-18,85000.0,21240115.05,0.004001861562421245
2008245714.0,CMC,2025-09-18,675000.0,6545724.88,0.10312074099881816
2008259684.0,CIEN,2025-09-22,270000.0,19560951.79,0.013803009326878977
2008259619.0,COMP,2025-09-22,1457430.0,4943131.0,0.29483944487815517
2008262813.0,PRVA,2025-09-23,113000.0,2810517.0,0.04020612577685885
2008262588.0,WMS,2025-09-23,1000000.0,11173106.1,0.0895006268668656
2008262513.0,MORN,2025-09-23,375000.0,9874291.58,0.03797740799548072
2008267972.0,FRME,2025-09-25,241300.0,2282145.96,0.10573381555314718
2008267185.0,HFWA,2025-09-25,176600.0,836601.92,0.2110920328750859
2008501237.0,AIR,2025-09-25,146000.0,2935381.68,0.0497379952306577
2007941068.0,ARES,2025-09-29,1100000.0,35208201.75,0.03124272031303047
2008277326.0,META,2025-09-30,2000000.0,1612406350.8,0.0012403821152203317
2008278233.0,HALO,2025-10-01,900000.0,8619136.82,0.10441880884308784
2008444946.0,PNTG,2025-10-01,146500.0,871855.4,0.16803245125281097
2008288065.0,FITB,2025-10-06,10900000.0,29353810.93,0.3713316824855627
2008289954.0,PSKY,2025-10-06,150000.0,20349940.0,0.007371029103771313
2008291800.0,KAI,2025-10-07,175000.0,3594458.17,0.04868605829400986
2008306164.0,NPO,2025-10-08,280000.0,4703884.68,0.05952526880399628
2008309044.0,RYN,2025-10-14,8200000.0,3992795.8,2.053698814249404
2008309465.0,BCRX,2025-10-14,700000.0,1482074.88,0.47231081873542047
2008320051.0,HBT,2025-10-20,170200.0,742361.6,0.22926832422366675
2008556986.0,TCBX,2025-10-22,123000.0,542935.37,0.2265463014502076
2008606114.0,FMNB,2025-10-22,299000.0,524422.71,0.5701507472855247
2008324980.0,NIC,2025-10-23,864000.0,1936015.67,0.4462773795627388
2008336548.0,FSUN,2025-10-27,785000.0,1126456.2,0.6968757418175692
2008336026.0,JCAP,2025-10-27,196700.0,1096434.9,0.1793996159735521
2008336942.0,PRK,2025-10-27,317300.0,2563967.34,0.12375352643922524
2008336490.0,VSEC,2025-10-27,350000.0,3785331.14,0.09246218812972859
2007960314.0,ESI,2025-10-28,500000.0,6395601.99,0.07817872356375322
2008339251.0,RYI,2025-10-28,438041.0,736391.13,0.5948482839547511
2008340193.0,LFUS,2025-10-28,350000.0,6769359.68,0.05170356083073429
2008340029.0,CDRE,2025-10-29,200000.0,1757498.08,0.11379813285485922
2008344740.0,FIG,2025-10-30,200000.0,20836774.52,0.009598414563061654
2008345384.0,TEX,2025-10-30,3104565.0,3672288.0,0.8454034650877056
2008343109.0,FMBH,2025-10-30,94100.0,869651.28,0.10820429080493045
2008345304.0,PLMR,2025-10-30,300000.0,2980422.55,0.10065686826856146
2008352125.0,SM,2025-11-03,12800000.0,2401389.06,5.3302483188625835
2008359424.0,JBL,2025-11-04,783000.0,23537259.47,0.033266404740024735
2008355732.0,CBRE,2025-11-04,1315000.0,44820481.73,0.029339265202940067
2008358052.0,SNDA,2025-11-05,1800000.0,484504.02,3.71513945333209
2008494728.0,GOLD,2025-11-06,53000.0,32436521.88,0.0016339606384456163
2008360962.0,SCHW,2025-11-06,600000.0,170049715.92,0.0035283799020415325
2008437005.0,AXSM,2025-11-06,81800.0,6840539.97,0.011958120317802924
2008378412.0,PFE,2025-11-07,9081499.0,141285917.5,0.06427745355442095
2008378177.0,IESC,2025-11-07,192000.0,7861191.3,0.0244237791287435
2008377552.0,BBAI,2025-11-10,250000.0,2479427.92,0.10082971075037342
2008440350.0,RNGR,2025-11-10,90500.0,300341.25,0.3013239107182247
2008448323.0,MOVE,2025-11-10,222282.0,3982.95,55.808383233532936
2008380366.0,AOS,2025-11-12,470000.0,7458743.88,0.063013291187041
2008384478.0,DAWN,2025-11-13,285000.0,1061669.84,0.26844503748924425
2008399970.0,PDYN,2025-11-17,56000.0,249699.78,0.22426932054165205
2008399069.0,JNJ,2025-11-17,3050000.0,472053169.35,0.0064611365795928
2008399751.0,GGG,2025-11-17,69000.0,13288389.1,0.005192502979913495
2008562377.0,TPST,2025-11-19,76401.0,41025.6,1.8622762372762374
2008415774.0,PANW,2025-11-19,3350000.0,140097000.0,0.02391200382592061
2008411015.0,ADBE,2025-11-19,1900000.0,135823142.0,0.013988779614596164
2008419758.0,SOLV,2025-11-20,850000.0,13404626.28,0.06341094352389509
2008639915.0,ABT,2025-11-20,23000000.0,219358702.8,0.10485109415043459
2008426575.0,ATMU,2025-11-24,450000.0,3928508.64,0.11454728530264859
2008426795.0,FULT,2025-11-24,243000.0,3243468.24,0.07491980251362042
2008448237.0,ASB,2025-12-01,604000.0,4362089.38,0.13846575514232126
2008448177.0,GS,2025-12-01,2000000.0,247753351.16,0.008072544692678619
2008449136.0,PRG,2025-12-01,420000.0,1138133.88,0.3690251273426638
2008659203.0,SPFI,2025-12-01,105900.0,614011.92,0.17247222171191723
2008449513.0,MRVL,2025-12-02,3250000.0,77307460.0,0.04203992732396072
2008454062.0,CBSH,2025-12-03,585000.0,7033831.24,0.08316946768259399
2008456301.0,NTRA,2025-12-05,450000.0,33407668.84,0.013469961108486611
2008294809.0,IBM,2025-12-08,11000000.0,287842295.9,0.03821537055770823
2008459402.0,HOMB,2025-12-08,146000.0,5579827.38,0.026165684000066684
2008458636.0,BWMN,2025-12-08,59700.0,579737.01,0.10297772778039477
2008463968.0,AM,2025-12-08,1100000.0,8796799.25,0.12504548174155503
2008459831.0,MIRM,2025-12-08,820000.0,3519461.12,0.23299021413823714
2008459218.0,NOG,2025-12-08,800000.0,2425434.55,0.3298378016425964
2008464129.0,TCS,2025-12-10,700000.0,9145.15,76.54330437444985
2008556985.0,QUBT,2025-12-15,110000.0,2700682.15,0.040730450267907316
2008475755.0,CVBF,2025-12-17,811000.0,2736180.0,0.2963986287451849
2008638879.0,CWBC,2025-12-17,191900.0,460941.48,0.416321828966228
2008593254.0,APLE,2025-12-22,98200.0,2879129.92,0.03410752648494584
2008482370.0,HWM,2025-12-22,1805000.0,81815596.38,0.022061808259839763
2008632791.0,FLGT,2025-12-22,56900.0,853480.32,0.0666682039018779
2008504990.0,JBI,2026-01-08,97200.0,907915.5,0.10705842118567202
2008566281.0,BGS,2026-01-15,110000.0,343901.1,0.31985940143837865
2008519542.0,PSN,2026-01-15,375000.0,6581020.2,0.05698204664377113
2008523128.0,INVH,2026-01-16,96500.0,17035853.59,0.005664523910715295
2008534931.0,COF,2026-01-22,5150000.0,154076492.24,0.033424956170328764
2008658948.0,CLX,2026-01-22,2250000.0,12299243.4,0.18293808219129967
2008545460.0,WERN,2026-01-27,245000.0,1795498.3,0.13645237091006993
2008546786.0,GHM,2026-01-28,60000.0,705759.24,0.08501482743605313
2008671449.0,TYL,2026-02-02,258000.0,19532560.6,0.013208713659385753
2008561263.0,ORN,2026-02-04,60000.0,396615.94,0.15127985022488002
2008563386.0,KGS,2026-02-05,675000.0,3204581.6,0.21063592201864978
2008565147.0,BR,2026-02-06,173000.0,26050187.76,0.0066410269896649676
2008571699.0,QXO,2026-02-11,2250000.0,13009021.68,0.17295689524902075
2008590531.0,GILD,2026-02-23,7800000.0,152281063.2,0.051221076580978325
2008593777.0,ADT,2026-02-24,170000.0,6173695.26,0.02753618260062937
2008599225.0,LYTS,2026-02-25,325000.0,569623.76,0.5705520429836003
2008605807.0,MTZ,2026-03-02,276000.0,17150710.37,0.0160926278880424
2008611726.0,ESPR,2026-03-03,255000.0,877155.3,0.2907124884270778
2008614294.0,NFLX,2026-03-05,600000.0,397291123.2,0.0015102275509386463
2008620515.0,SPXX,2026-03-05,1529146.0,324305.08,4.715146614416277
2008613532.0,EPR,2026-03-05,331000.0,3799386.0,0.08711933980911653
2008618575.0,ONDS,2026-03-09,175000.0,3596169.6,0.04866288842439467
2008620896.0,VEEV,2026-03-10,100000.0,36694993.86,0.002725167372462942
2008631475.0,AVAV,2026-03-16,200000.0,12076842.03,0.016560620690672396
2008659884.0,ACA,2026-03-31,60000.0,5214464.4,0.011506455006193924
2008658521.0,MMSI,2026-04-01,140000.0,5225820.6,0.026790050925207805
2008661561.0,MKTY,2026-04-01,53000.0,173859.78,0.30484336285252406
2008673692.0,PPG,2026-04-15,65000.0,22992024.0,0.0028270673343068885
2008684764.0,LSF,2026-04-21,53000.0,23725.14,2.2339172708780644
