Deal Number,Acquiror ticker symbol,Announced date,Deal value th USD,DlyCap_Minus_50,Relative_Size,Model,evtdate,cret,car,bhar,nrets_est
1909565183.0,KWR,2017-04-05,862500.0,1669984.29,0.5164719244155285,Market Model,2017-04-05,0.078867543,0.0755657076,0.0757596373,250.0
1941018982.0,D,2018-01-03,13400000.0,51374750.7,0.2608285162929267,Market Model,2018-01-03,-0.052183568,-0.055306692,-0.054715772,250.0
1941019078.0,ENR,2018-01-15,2000000.0,2661295.95,0.751513562405564,Market Model,2018-01-16,0.1086069555,0.1062659891,0.1015662878,250.0
1941070569.0,CNP,2018-04-23,8481622.0,11362056.24,0.7464865356096847,Market Model,2018-04-23,-0.060044477,-0.055493875,-0.054331758,250.0
1909545396.0,DTE,2018-04-29,59000000.0,18159649.7,3.248961349733525,Market Model,2018-04-30,0.0016216732,0.0014616284,0.0014228168,250.0
1941079617.0,CADE,2018-05-13,1400000.0,2291325.0,0.6110001854821991,Market Model,2018-05-14,-0.022954092,-0.02078344,-0.021002508,220.0
1941083372.0,FITB,2018-05-21,4700000.0,23130683.94,0.2031932999556605,Market Model,2018-05-21,-0.070533372,-0.070482199,-0.071885681,250.0
1941040317.0,WAB,2018-05-21,11100000.0,7917898.4,1.4018871472258343,Market Model,2018-05-21,0.0352628784,0.0355337882,0.0354446189,250.0
1941085082.0,IBTX,2018-05-22,1036351.0,2108942.4,0.4914079208611862,Market Model,2018-05-22,-0.042553191,-0.050032475,-0.050275449,250.0
1941041290.0,FTV,2018-06-06,2800000.0,26457392.64,0.1058305343273614,Market Model,2018-06-06,0.0502356902,0.0397401444,0.0401222972,250.0
1941097973.0,DIS,2018-06-20,85100000.0,149916397.5,0.5676497129008186,Market Model,2018-06-20,-0.010928451,-0.00150547,-0.001617754,250.0
1941099582.0,GTN,2018-06-23,3647000.0,969667.2,3.76108421528541,Market Model,2018-06-25,0.3936651584,0.3697027999,0.4016638081,250.0
1941730241.0,GDEN,2018-07-16,190000.0,757278.2,0.250898546927668,Market Model,2018-07-16,0.1434977578,0.1279305154,0.1334411983,250.0
1941112505.0,VBTX,2018-07-24,1000000.0,708773.15,1.41088866021519,Market Model,2018-07-24,-0.029990628,-0.037910627,-0.038878804,250.0
1941112288.0,SNV,2018-07-24,2900000.0,6414656.08,0.4520897089154622,Market Model,2018-07-24,-0.083867424,-0.098270342,-0.098670989,250.0
1941118434.0,SWK,2018-08-07,690000.0,22586354.7,0.0305494184061494,Market Model,2018-08-07,-0.008788319,-0.015717807,-0.015775611,250.0
1941119291.0,WSFS,2018-08-08,1500000.0,1663735.0,0.9015858895797708,Market Model,2018-08-08,-0.088187556,-0.091658359,-0.091038519,250.0
1941124397.0,MOFG,2018-08-21,152900.0,412011.95,0.3711057409863961,Market Model,2018-08-21,0.007761194,0.0047311013,0.0044405298,250.0
1941134579.0,BUSE,2018-08-22,264300.0,1586453.44,0.1665980187858523,Market Model,2018-08-22,0.0249121686,0.0233054969,0.02343362,250.0
1941124168.0,HIG,2018-08-22,2200000.0,18931227.54,0.1162101081586809,Market Model,2018-08-22,-0.040015391,-0.040767106,-0.040869417,250.0
1941056297.0,HCA,2018-08-31,1500000.0,37650939.21,0.0398396436177508,Market Model,2018-08-31,0.0170271037,0.018539346,0.0184791334,250.0
1941130121.0,SAIC,2018-09-10,2500000.0,3475122.03,0.7193991976160906,Market Model,2018-09-10,-0.113992496,-0.121682221,-0.119267215,250.0
1941132203.0,PRK,2018-09-13,141800.0,1715548.12,0.0826557986610133,Market Model,2018-09-13,-0.026136053,-0.031430815,-0.031387544,250.0
1941133072.0,UNVR,2018-09-17,2000000.0,3721868.34,0.5373645216047594,Market Model,2018-09-17,0.0347476225,0.036720531,0.0370519979,250.0
1941134857.0,IBCP,2018-09-20,726500.0,627718.0,1.1573668430728448,Market Model,2018-09-20,-0.002061856,-0.008435102,-0.008739188,250.0
1941135605.0,SIRI,2018-09-24,3500000.0,31893853.14,0.1097390141177529,Market Model,2018-09-24,-0.105563481,-0.10462773,-0.104356809,250.0
1941139645.0,AMNB,2018-10-01,84200.0,353980.2,0.2378664117371536,Market Model,2018-10-01,-0.039487179,-0.039051836,-0.039168967,250.0
1941139226.0,CLDR,2018-10-03,1794207.0,2175576.0,0.8247043541572439,Market Model,2018-10-03,0.1082024433,0.1189035294,0.1179747091,250.0
1941152135.0,AM,2018-10-09,7200000.0,5936427.42,1.2128506744212837,Market Model,2018-10-09,0.1442501681,0.1787972752,0.1777707858,250.0
1941112138.0,TDG,2018-10-09,4000000.0,19399100.0,0.2061951327638911,Market Model,2018-10-09,-0.05628018,-0.03167392,-0.030726627,250.0
1941141997.0,FRME,2018-10-10,290900.0,2354105.6,0.1235713470117908,Market Model,2018-10-10,-0.032646801,0.0158644556,0.0155231343,250.0
1941141641.0,AMED,2018-10-10,340000.0,2974755.84,0.1142950945513565,Market Model,2018-10-10,-0.028588547,-0.001319752,-0.001823349,250.0
1941142565.0,FIBK,2018-10-11,181300.0,1475773.15,0.1228508595646966,Market Model,2018-10-11,-0.060665362,-0.027400683,-0.026318182,250.0
1941143573.0,TWLO,2018-10-15,3000000.0,4472600.25,0.6707507562295557,Market Model,2018-10-15,0.095684803,0.0305031575,0.030755591,250.0
1941149081.0,VLO,2018-10-18,950000.0,50292906.62,0.0188893437235185,Market Model,2018-10-18,-0.124162024,-0.114570048,-0.112049405,250.0
1941222285.0,WEX,2018-10-22,310000.0,7902714.69,0.0392270266813845,Market Model,2018-10-22,-0.021130905,-0.014693882,-0.01469994,250.0
1941228621.0,ORRF,2018-10-23,58500.0,214225.5,0.273076734562412,Market Model,2018-10-23,-0.15676359,-0.148549207,-0.144914262,250.0
1941239205.0,MMLP,2018-10-24,145000.0,488150.0,0.2970398443101505,Market Model,2018-10-24,0.0381742739,0.0544223097,0.0545821728,250.0
2008235525.0,CRL,2018-10-25,83000.0,5756147.68,0.0144193659742934,Market Model,2018-10-25,-0.027304877,0.0060605864,0.0032060475,250.0
1941148883.0,OCFC,2018-10-25,80000.0,1403067.6,0.0570179227287409,Market Model,2018-10-25,-0.009535161,0.0128002557,0.0116279021,250.0
1941148354.0,IBM,2018-10-28,34000000.0,132661701.12,0.2562909996853205,Market Model,2018-10-29,-0.087386319,-0.081896617,-0.079213754,250.0
1941149005.0,SSP,2018-10-29,521000.0,1031676.45,0.5050032885794766,Market Model,2018-10-29,0.010391198,0.0225660834,0.0218844068,250.0
1941178399.0,HBNC,2018-10-29,135300.0,802170.33,0.1686674200478095,Market Model,2018-10-29,0.0066066066,0.0103013952,0.0099413773,250.0
1941156664.0,MKSI,2018-10-30,1000000.0,4870919.9,0.2053000296720132,Market Model,2018-10-30,0.0411133088,0.0091450054,0.0087360253,250.0
1941150683.0,RTIX,2018-11-01,300000.0,294707.7,1.0179577934339683,Market Model,2018-11-01,-0.064049587,-0.080418144,-0.079813995,250.0
1941150553.0,EFSC,2018-11-01,213000.0,1339285.35,0.1590400432588917,Market Model,2018-11-01,0.0066666667,-0.010932257,-0.011056138,250.0
1941151249.0,HUBG,2018-11-05,255000.0,1729784.7,0.1474171901277656,Market Model,2018-11-05,0.0426264801,0.0355494544,0.0356091595,250.0
1941153165.0,WES,2018-11-08,4015000.0,7796436.18,0.5149788835955046,Market Model,2018-11-08,0.127100073,0.1216994123,0.1204324621,250.0
1941153160.0,COHR,2018-11-09,3200000.0,4616081.03,0.693228732165475,Market Model,2018-11-09,-0.101618837,-0.050389247,-0.048737619,250.0
1941259305.0,NGHC,2018-11-13,52800.0,2923753.98,0.0180589749894072,Market Model,2018-11-13,-0.118275739,-0.107478731,-0.106469776,250.0
1941154951.0,PENN,2018-11-14,300000.0,3116213.51,0.0962706820432211,Market Model,2018-11-14,0.0653040877,0.0603308081,0.059404524,250.0
1941156205.0,XEC,2018-11-19,1600000.0,7970808.04,0.2007324717858843,Market Model,2018-11-19,-0.064791901,-0.032364135,-0.032075622,250.0
1941160084.0,FORR,2018-11-26,245000.0,850381.7,0.2881059176132318,Market Model,2018-11-26,0.0174563591,0.0096754313,0.0082231592,250.0
1941158700.0,CSFL,2018-11-26,850400.0,2796007.5,0.3041479681295561,Market Model,2018-11-26,0.0126633987,0.0043815614,0.0042860594,250.0
1941063904.0,STXB,2018-11-27,63700.0,212965.12,0.2991100138839637,,,,,,
1941159687.0,PBCT,2018-11-27,327000.0,6223305.6,0.0525444226939458,Market Model,2018-11-27,0.0289308176,-0.005450425,-0.005860151,250.0
1941160584.0,KHC,2018-11-29,200000.0,69619060.8,0.0028727764738819,Market Model,2018-11-29,-0.013127413,-0.033189331,-0.033186313,250.0
1941219247.0,HXL,2018-11-30,160000.0,5911908.45,0.0270640185573239,Market Model,2018-11-30,0.03210405,0.0165500751,0.0167604114,250.0
1941143890.0,NXST,2018-12-03,7200000.0,3760565.25,1.9146057896482451,Market Model,2018-12-03,0.0542578173,0.0622021066,0.0607672063,250.0
1941162976.0,CATC,2018-12-05,67000.0,359182.08,0.18653491844582,Market Model,2018-12-06,-0.050640146,-0.037496699,-0.036679399,233.0
1941164314.0,TVTY,2018-12-09,1400000.0,1300227.5,1.076734648359614,Market Model,2018-12-10,-0.328121183,-0.310927717,-0.306707279,250.0
1941164722.0,CSL,2018-12-10,197000.0,7324353.57,0.0268965715700696,Market Model,2018-12-10,-0.009589718,0.0048589877,0.0047045001,250.0
1941164369.0,BCML,2018-12-10,63900.0,274985.7,0.2323757199010712,,,,,,
1941178455.0,KAI,2018-12-10,179000.0,1205242.8,0.1485177924315333,Market Model,2018-12-10,-0.022101365,-0.002606082,-0.004400396,250.0
1941164490.0,HMN,2018-12-10,405000.0,1855928.75,0.2182195841300481,Market Model,2018-12-10,0.021978022,0.0439279385,0.0439953829,250.0
1941165187.0,BBT,2018-12-11,176000.0,37870458.3,0.0046474219721814,Market Model,2018-12-11,-0.017624843,-0.023950059,-0.023953586,250.0
1941181603.0,AMAG,2018-12-13,415000.0,696674.14,0.5956873898032156,Market Model,2018-12-13,-0.047078843,-0.02530101,-0.024366991,250.0
1941166676.0,CNMD,2018-12-13,365000.0,2223404.38,0.1641626702201603,Market Model,2018-12-13,-0.046257853,-0.038685251,-0.039018237,250.0
1941167370.0,ABCB,2018-12-17,750700.0,2220484.75,0.3380793315513651,Market Model,2018-12-17,-0.076392878,-0.031719927,-0.033577488,250.0
1941168663.0,MMM,2018-12-19,1000000.0,125060025.47,0.0079961602137997,Market Model,2018-12-19,-0.028212841,0.0111918055,0.0107754311,250.0
1941186916.0,TDY,2018-12-19,225000.0,8571355.71,0.0262502231400218,Market Model,2018-12-19,-0.020425489,0.0107206349,0.0102580596,250.0
1941168877.0,GEF,2018-12-20,1800000.0,1126809.6,1.597430479825518,Market Model,2018-12-20,-0.218844279,-0.168299583,-0.160440202,250.0
1941172231.0,CUB,2019-01-02,87000.0,1886383.44,0.0461199977455272,Market Model,2019-01-02,-0.001125704,0.0094116755,0.0095763683,250.0
1941170843.0,OHI,2019-01-02,600000.0,6635128.32,0.0904277914552826,Market Model,2019-01-02,-0.018197327,-0.013499163,-0.01402704,250.0
1941172705.0,BLKB,2019-01-02,157000.0,3650781.39,0.0430044922519997,Market Model,2019-01-02,-0.029721956,-0.009210721,-0.009281381,250.0
1941172470.0,LMNX,2019-01-02,75000.0,1234944.63,0.0607314677743892,Market Model,2019-01-02,-0.042314335,-0.035057574,-0.034345085,250.0
1941171410.0,BMY,2019-01-03,74000000.0,91352474.46,0.8100492125410568,Market Model,2019-01-03,-0.089725206,-0.091833657,-0.097390112,250.0
1941713348.0,GOOGL,2019-01-03,60000.0,327693197.7,0.0001830980942574,Market Model,2019-01-03,0.0316854234,0.0144584444,0.0149088558,250.0
1941172578.0,LLY,2019-01-05,8000000.0,120318875.64,0.0664899830342197,Market Model,2019-01-07,0.0451891115,-0.00194643,-0.002041937,250.0
1941174066.0,MSI,2019-01-07,445000.0,19962086.34,0.022292259056525,Market Model,2019-01-07,0.0789996389,0.0332713206,0.0343603321,250.0
1941173310.0,HEES,2019-01-08,100000.0,855829.3,0.1168457308016914,Market Model,2019-01-08,0.1170117012,0.0732404502,0.0768403715,250.0
1941236782.0,GBCI,2019-01-16,85028.0,3583732.8,0.0237260992225759,Market Model,2019-01-16,0.039606337,0.0186239892,0.0186967399,250.0
1941177239.0,FISV,2019-01-16,39000000.0,31598750.3,1.2342260257045672,Market Model,2019-01-16,0.008391987,-0.009709073,-0.010809428,250.0
1941197722.0,CBU,2019-01-22,93400.0,3121913.85,0.0299175456106836,Market Model,2019-01-22,-0.039572864,-0.040544994,-0.040257513,250.0
1941208921.0,LOPE,2019-01-22,365800.0,6034434.21,0.0606187734044415,Market Model,2019-01-22,0.0180557085,0.0148226603,0.0144864321,250.0
1941203577.0,MANT,2019-01-28,115000.0,1603788.48,0.0717052163886349,Market Model,2019-01-28,-0.014092141,-0.015054467,-0.015047849,250.0
1941182172.0,TCF,2019-01-28,3500000.0,3736611.2,0.9366775970697728,Market Model,2019-01-28,0.056770591,0.0551303885,0.0553782642,250.0
1941183829.0,CACI,2019-01-30,750000.0,4466104.56,0.1679315810734176,Market Model,2019-01-30,0.0707057769,0.0467583107,0.047615414,250.0
1941199663.0,NWLI,2019-02-01,205500.0,989945.96,0.2075870888952362,Market Model,2019-02-01,0.0027878265,-0.004481402,-0.004549451,250.0
1941167024.0,CSCO,2019-02-06,660000.0,200025349.38,0.003299581788237,Market Model,2019-02-06,-0.013727561,-0.007086546,-0.007076207,250.0
1941188243.0,KRP,2019-02-07,151300.0,505771.05,0.2991472129533709,Market Model,2019-02-07,0.0341255332,0.0409230612,0.0404490288,250.0
1941188440.0,CARB,2019-02-07,618500.0,927191.14,0.6670684967934444,Market Model,2019-02-07,-0.180130629,-0.164979821,-0.166379725,250.0
1941190343.0,EW,2019-02-12,100000.0,32302251.48,0.0030957594414716,Market Model,2019-02-12,0.0250101786,0.0012908173,0.0011052716,250.0
1941192325.0,TTC,2019-02-15,700000.0,6520976.06,0.1073458932465395,Market Model,2019-02-15,0.0261712439,0.0170485404,0.0169369239,250.0
1941194206.0,TAST,2019-02-20,238000.0,393525.03,0.6047899926467193,Market Model,2019-02-20,0.1797631862,0.1762954477,0.1811368059,250.0
1941194957.0,GABC,2019-02-21,68200.0,732047.47,0.0931633572888381,Market Model,2019-02-21,-0.015560495,-0.016451468,-0.016504517,250.0
1941195661.0,DHR,2019-02-25,21400000.0,71295853.16,0.3001577097615308,Market Model,2019-02-25,0.0958818821,0.0876756738,0.0885146368,250.0
1941198001.0,MIDD,2019-02-27,105000.0,6095141.58,0.0172268352788615,Market Model,2019-02-27,0.0326846938,0.0372668704,0.0363590808,250.0
1941198628.0,ACIW,2019-02-28,750000.0,3234682.2,0.2318620357820623,Market Model,2019-02-28,0.064028314,0.0537208086,0.0547601507,250.0
1941200781.0,PCRX,2019-03-05,220000.0,1800382.06,0.1221962853817816,Market Model,2019-03-05,-0.1145364,-0.108793096,-0.104180073,249.0
1941206481.0,FIS,2019-03-18,43000000.0,33217107.84,1.2945136646791222,Market Model,2019-03-18,-0.010948228,-0.020568164,-0.020706998,250.0
1941207944.0,JLL,2019-03-19,1800000.0,5554161.63,0.3240813141406545,Market Model,2019-03-19,-0.052680279,-0.051946626,-0.051590536,250.0
1941386198.0,KLXE,2019-03-20,96500.0,544067.46,0.1773677109820168,,,,,,
1941210137.0,TMO,2019-03-24,1700000.0,95164940.64,0.0178637215403826,Market Model,2019-03-25,0.0014388489,0.0153219932,0.01493893,250.0
1941210413.0,CUZ,2019-03-25,1589433.0,3514418.6,0.4522605815937805,Market Model,2019-03-25,-0.055776892,-0.046266213,-0.046786253,250.0
1941212348.0,ON,2019-03-27,936000.0,7651790.66,0.1223243083338612,Market Model,2019-03-27,-0.032919847,-0.042617659,-0.04231061,250.0
1941213202.0,PRGS,2019-03-28,225000.0,1632260.7,0.1378456272334438,Market Model,2019-03-28,0.1949905737,0.1872317828,0.1922250767,250.0
1941250921.0,EHC,2019-04-01,217500.0,6513419.52,0.0333925980557751,Market Model,2019-04-01,0.0001651539,-0.016246618,-0.016319632,250.0
1941214800.0,LEA,2019-04-02,320000.0,9669096.58,0.0330951291418375,Market Model,2019-04-02,0.0852553239,0.0719370229,0.0739077131,250.0
1941216718.0,VICI,2019-04-05,558000.0,8507382.56,0.0655900914370071,Market Model,2019-04-05,0.0072992701,0.002817075,0.002798758,243.0
1941218912.0,AOS,2019-04-08,107000.0,6676496.0,0.0160263707190118,Market Model,2019-04-08,-0.017876687,-0.0142581,-0.01440094,250.0
2007005785.0,CAMP,2019-04-15,50000.0,493672.19,0.1012817837682936,Market Model,2019-04-15,0.01003861,0.0083675592,0.0081848099,250.0
1941222563.0,COUP,2019-04-16,215000.0,5561860.0,0.0386561330202486,Market Model,2019-04-16,-0.064499431,-0.071862133,-0.07106738,250.0
1941221859.0,COLD,2019-04-16,1240000.0,4310177.3,0.2876911815205374,Market Model,2019-04-16,-0.02060528,-0.025780447,-0.026002852,250.0
1941225814.0,ELAN,2019-04-26,247150.0,10712812.5,0.0230705055278434,,,,,,
1941225838.0,RGEN,2019-04-26,240000.0,2639850.87,0.0909142265297736,Market Model,2019-04-26,0.2260188646,0.2079446199,0.2116951534,250.0
1941202167.0,PH,2019-04-29,3675000.0,22680648.13,0.1620324066109481,Market Model,2019-04-29,-0.005164268,-0.012252388,-0.012348213,250.0
1941227767.0,HWC,2019-04-30,213106.0,3527733.79,0.0604087532353171,Market Model,2019-04-30,-0.004409376,0.0045568428,0.0041505753,250.0
1941228392.0,SEE,2019-05-01,475000.0,6614388.75,0.0718131361722577,Market Model,2019-05-01,-0.043609023,-0.036062104,-0.037027236,250.0
1941228349.0,PS,2019-05-01,170000.0,1998503.61,0.0850636441932671,Market Model,2019-05-01,0.0017401392,0.016695222,0.0160326214,187.0
1941228837.0,POST,2019-05-02,85000.0,6881479.2,0.0123519954837616,Market Model,2019-05-02,-0.085298812,-0.091442668,-0.0896344,250.0
1941232712.0,MSON,2019-05-02,121000.0,186467.15,0.6489078639320652,Market Model,2019-05-02,-0.002306805,-0.010786856,-0.01194792,250.0
1941230901.0,MPLX,2019-05-08,14000000.0,26808174.56,0.5222287690147002,Market Model,2019-05-08,-0.033574428,-0.015064153,-0.014758781,250.0
1941230963.0,PETQ,2019-05-08,185000.0,662653.0,0.2791808080548945,Market Model,2019-05-08,0.015697467,0.0290585574,0.0287202718,250.0
1941231136.0,MTOR,2019-05-08,175000.0,1877852.72,0.0931915469920346,Market Model,2019-05-08,-0.032300306,-0.006987189,-0.006863266,250.0
1941231934.0,BSX,2019-05-09,465000.0,55158307.86,0.0084302803700983,Market Model,2019-05-09,-0.005167256,-0.007982999,-0.008096071,250.0
1941224476.0,OXY,2019-05-09,55000000.0,49861917.04,1.1030462377906198,Market Model,2019-05-09,-0.079075222,-0.07906826,-0.078260728,250.0
1941232459.0,GTLS,2019-05-09,592000.0,2761893.77,0.2143456806450597,Market Model,2019-05-09,0.0390366397,0.038185551,0.0353254952,250.0
1941233798.0,AEIS,2019-05-15,400000.0,1945729.72,0.2055783986277395,Market Model,2019-05-15,0.1279881532,0.0956608066,0.0969259802,250.0
1941232710.0,GS,2019-05-16,750000.0,72181312.0,0.0103905010759571,Market Model,2019-05-16,0.005858977,0.0007879079,0.0007524827,250.0
1941234781.0,HPE,2019-05-17,1400000.0,21976313.52,0.0637049520942582,Market Model,2019-05-17,0.0228848821,0.0296043771,0.0298669568,250.0
1941235430.0,NRG,2019-05-20,300000.0,11697726.0,0.0256460101732593,Market Model,2019-05-20,0.0251396648,0.0238143152,0.0238602355,250.0
1941246930.0,VAR,2019-05-20,283000.0,12068027.32,0.0234503943764688,Market Model,2019-05-20,-0.022612681,-0.019600366,-0.019475696,250.0
1941237556.0,SHOP,2019-05-23,100000.0,19913531.91,0.0050217108874484,Market Model,2019-05-23,0.0111432865,0.0377116647,0.0370826208,250.0
1941237629.0,GPN,2019-05-28,21500000.0,20858757.05,1.0307421457790074,Market Model,2019-05-28,-0.001959989,0.0131782109,0.0120076777,250.0
1941410182.0,IIIV,2019-06-03,72700.0,207583.74,0.3502201087618905,Market Model,2019-06-03,-0.103461538,-0.119285855,-0.115268571,185.0
1941320643.0,KIDS,2019-06-05,60000.0,653860.35,0.0917627135519075,Market Model,2019-06-05,0.0716080402,0.013884911,0.0141825594,250.0
1939043408.0,STBA,2019-06-05,206000.0,1290834.07,0.1595867391383619,Market Model,2019-06-05,-0.022298912,-0.044764776,-0.045788021,250.0
1939044428.0,CLBK,2019-06-07,137214.0,1810186.18,0.0758010427413604,Market Model,2019-06-07,-0.028104575,-0.037485113,-0.038627234,232.0
1939044656.0,CRM,2019-06-10,15700000.0,118666800.0,0.1323032221312111,Market Model,2019-06-10,-0.05749796,-0.08485774,-0.084953177,250.0
1939047248.0,PB,2019-06-16,2100000.0,4896973.17,0.4288363295239373,Market Model,2019-06-17,-0.057741212,-0.062957608,-0.063805828,250.0
1939047314.0,PFE,2019-06-17,11400000.0,237839326.2,0.0479315182318238,Market Model,2019-06-17,0.0134117647,0.0050315554,0.0050864764,250.0
1939048186.0,MMSI,2019-06-17,50000.0,3316198.5,0.0150775051614069,Market Model,2019-06-17,0.0666196687,0.0530922843,0.0545018588,250.0
1939047822.0,CNTY,2019-06-17,107000.0,263479.05,0.4061043942582911,Market Model,2019-06-17,0.1067538126,0.098854683,0.0974378833,250.0
1939045146.0,CZR,2019-06-24,17300000.0,6088025.5,2.841643813745524,Market Model,2019-06-24,0.1502487562,0.1790428987,0.1793892144,250.0
1939050776.0,FCCY,2019-06-24,53100.0,158601.02,0.334802386516808,Market Model,2019-06-24,-0.062032086,-0.059078897,-0.058466928,250.0
1939050274.0,RAMP,2019-06-24,150000.0,3820635.39,0.0392604854136578,Market Model,2019-06-24,-0.131175795,-0.126048074,-0.120368987,250.0
1939050309.0,NSIT,2019-06-24,474000.0,2084209.36,0.2274243696900008,Market Model,2019-06-24,-0.028337969,-0.019303802,-0.019190168,250.0
1939051772.0,EXTR,2019-06-26,272000.0,916124.68,0.2969028189481807,Market Model,2019-06-26,0.0992907801,0.1054813578,0.1084701311,250.0
1941242366.0,VLY,2019-06-26,740000.0,3440071.21,0.2151118261299015,Market Model,2019-06-26,0.0294406281,0.0349807137,0.0347572819,250.0
1941226707.0,HQY,2019-06-27,2000000.0,4691022.48,0.4263462834652627,Market Model,2019-06-27,0.0109754212,-0.010469494,-0.012502951,250.0
1941246155.0,FUN,2019-07-01,261000.0,3008233.06,0.0867618947050598,Market Model,2019-07-01,0.0432326743,0.0371260315,0.0373196095,250.0
1941244080.0,ACNB,2019-07-02,60000.0,276360.0,0.2171081198436821,Market Model,2019-07-02,-0.038412939,-0.05167691,-0.051580886,250.0
1941249238.0,ALT,2019-07-09,93000.0,36721.23,2.5325949049092307,Market Model,2019-07-09,0.0123966942,0.0094145037,0.0037569699,250.0
1941247811.0,HI,2019-07-12,1900000.0,2690040.6,0.7063090423244913,Market Model,2019-07-12,-0.072629969,-0.06868994,-0.077659027,250.0
1941248359.0,CARO,2019-07-15,100100.0,809567.76,0.1236462282045421,Market Model,2019-07-15,-0.010916403,-0.009470374,-0.010427577,250.0
1941249143.0,ENTG,2019-07-15,165000.0,5504578.68,0.029975046155576,Market Model,2019-07-15,0.0128026719,0.0089218807,0.0088237108,250.0
1941278318.0,MYRG,2019-07-15,79700.0,591482.1,0.1347462585934553,Market Model,2019-07-15,-0.001361285,-0.004359921,-0.004504195,250.0
1943120673.0,NPO,2019-07-19,305000.0,1372027.47,0.2222987561612013,Market Model,2019-07-19,0.009649405,0.0105710681,0.010593864,250.0
1941251126.0,ETSY,2019-07-22,275000.0,8182126.72,0.0336098436764372,Market Model,2019-07-22,0.0401840491,0.0246429796,0.024591796,250.0
1941251771.0,WSBC,2019-07-23,500000.0,2169218.27,0.2304977820420072,Market Model,2019-07-23,-0.052715655,-0.063234191,-0.063560969,250.0
1941312473.0,ISBC,2019-07-24,62270.0,3118832.04,0.0199658074565631,Market Model,2019-07-24,-0.003616637,-0.005252742,-0.006170102,250.0
1941254175.0,CLNY,2019-07-25,325000.0,2438639.57,0.1332710270095387,Market Model,2019-07-25,0.0990291262,0.0916070422,0.094412995,250.0
1941297536.0,SPFI,2019-07-25,76100.0,312748.8,0.2433262733542063,,,,,,
1941234467.0,DISH,2019-07-26,1400000.0,7930258.84,0.1765390043687401,Market Model,2019-07-26,-0.07892204,-0.079541912,-0.078404384,250.0
1941253947.0,EXAS,2019-07-29,2800000.0,12315986.43,0.2273467915797306,Market Model,2019-07-29,0.0161179107,0.0016627509,0.0017187543,250.0
1941279749.0,MRCY,2019-07-30,100000.0,3583288.04,0.0279073294928308,Market Model,2019-07-30,0.1483307508,0.1602317434,0.1604326034,250.0
1941264541.0,CTS,2019-07-31,80000.0,887769.12,0.0901135196051874,Market Model,2019-07-31,0.0078914141,0.0344416271,0.0333167729,250.0
1941256738.0,WMS,2019-08-01,1080000.0,1580980.79,0.683120254737567,Market Model,2019-08-01,0.0081203008,0.0380793967,0.0374472536,250.0
1941256867.0,EVBG,2019-08-01,83000.0,2621238.86,0.0316644168780559,Market Model,2019-08-01,-0.036229778,0.0168179573,0.0162895643,250.0
1941258669.0,FOX,2019-08-06,50000.0,9718012.74,0.0051450848375817,,,,,,
1941391393.0,INGN,2019-08-07,101800.0,1447314.0,0.0703371901328944,Market Model,2019-08-07,-0.196348605,-0.212101855,-0.228538107,250.0
1941301306.0,GKOS,2019-08-07,477383.0,2384032.47,0.200241819693001,Market Model,2019-08-07,-0.14028777,-0.205614073,-0.204339502,250.0
1941259164.0,AVGO,2019-08-08,10700000.0,101537520.0,0.1053797650366091,Market Model,2019-08-08,0.0348671371,0.0190127343,0.0195430884,250.0
1941259971.0,ATRC,2019-08-12,300000.0,1156758.85,0.2593453250865554,Market Model,2019-08-12,-0.076287349,-0.072900845,-0.071113707,250.0
1939060590.0,MKTX,2019-08-13,150000.0,11226920.54,0.0133607429985426,Market Model,2019-08-13,-0.015159464,-0.009941645,-0.010250085,250.0
1939060599.0,STRL,2019-08-14,400000.0,320161.92,1.2493678198831393,Market Model,2019-08-14,-0.021699819,-0.005515032,-0.007552683,250.0
1941262252.0,CNOB,2019-08-16,113000.0,755921.92,0.1494863384832126,Market Model,2019-08-16,0.0226700252,-0.000899755,-0.001221049,250.0
1941264491.0,VMW,2019-08-22,2100000.0,19304443.69,0.1087832435745264,Market Model,2019-08-22,-0.076166736,-0.052117504,-0.054242546,250.0
1941265266.0,ADUS,2019-08-26,130000.0,952076.26,0.1365436840111946,Market Model,2019-08-26,0.0021808999,0.0178100517,0.0174916016,250.0
1941258502.0,PDCE,2019-08-26,1700000.0,2190653.15,0.7760242647267095,Market Model,2019-08-26,0.1045824095,0.156084442,0.1456150065,250.0
1941268728.0,EML,2019-09-03,81700.0,160572.87,0.5088032617216096,Market Model,2019-09-03,0.0374075685,0.0388463463,0.036908231,250.0
1939066838.0,PANW,2019-09-04,75000.0,19625927.75,0.0038214753949657,Market Model,2019-09-04,0.0414006483,0.0239516835,0.0230086709,250.0
1941268976.0,PRU,2019-09-05,3500000.0,40315800.0,0.0868145987429246,Market Model,2019-09-05,0.0448880977,0.0166388319,0.0169442352,250.0
1941347972.0,PWR,2019-09-09,330000.0,5360716.13,0.0615589395142995,Market Model,2019-09-09,0.1141193595,0.1083413086,0.1107742239,250.0
1941348039.0,ALSN,2019-09-09,103000.0,5505111.04,0.0187098860044065,Market Model,2019-09-09,0.0478087649,0.0441265434,0.0443893225,250.0
1941269973.0,FDEF,2019-09-09,572000.0,536384.0,1.0664001909080063,Market Model,2019-09-09,0.0544835414,0.0540033175,0.0545713375,250.0
1941271687.0,ALG,2019-09-11,352000.0,1174377.36,0.2997332986732646,Market Model,2019-09-11,0.0024154589,-0.005794532,-0.007921942,250.0
1941271420.0,FCBC,2019-09-11,91000.0,527770.08,0.1724235674746852,Market Model,2019-09-11,-0.004577357,-0.011579551,-0.012776696,250.0
1941272445.0,ET,2019-09-16,5100000.0,37932850.56,0.1344481082942372,Market Model,2019-09-16,-0.04454023,-0.041438057,-0.041397682,250.0
1941273362.0,FBK,2019-09-17,51900.0,1138425.4,0.0455892849896005,Market Model,2019-09-17,0.0012943308,0.0039988258,0.0038828282,250.0
1941274702.0,FFIN,2019-09-19,190000.0,4143513.6,0.0458548030347963,Market Model,2019-09-19,0.0018072289,0.0046230902,0.0045186229,250.0
1941275795.0,SASR,2019-09-24,460700.0,1265757.1,0.3639718868651813,Market Model,2019-09-24,-0.055508594,-0.049943508,-0.050871733,250.0
1941277161.0,VEEV,2019-09-26,430000.0,22247856.96,0.0193277042716117,Market Model,2019-09-26,-0.011433481,-0.012943906,-0.013603294,250.0
1941239902.0,MCF,2019-09-27,132500.0,49881.45,2.65629808275421,Market Model,2019-09-27,0.287037037,0.293125331,0.3090120892,250.0
1941277334.0,AME,2019-09-27,925000.0,20341644.48,0.0454732163326059,Market Model,2019-09-27,0.0144735388,0.0179023146,0.017936755,250.0
1941278779.0,QTWO,2019-10-01,510000.0,3770977.02,0.1352434653659066,Market Model,2019-10-01,-0.091058973,-0.066743033,-0.064629239,250.0
1941281002.0,UPLD,2019-10-07,84000.0,1163175.36,0.0722161102174653,Market Model,2019-10-07,0.0162590701,0.0240157608,0.0236764397,250.0
1941283729.0,PE,2019-10-14,2270000.0,4258877.1,0.5330043452063926,Market Model,2019-10-14,-0.049848024,-0.067252044,-0.072925831,250.0
1941285626.0,SABR,2019-10-16,110000.0,6768007.48,0.0162529371199808,Market Model,2019-10-16,0.0028116214,-0.009565932,-0.009609317,250.0
2007187239.0,CXP,2019-10-16,100000.0,2446905.37,0.0408679474188247,Market Model,2019-10-16,-0.008906482,-0.014563531,-0.014618678,250.0
1941285217.0,ALXN,2019-10-16,700000.0,24194093.3,0.0289326816806149,Market Model,2019-10-16,-0.013321492,-0.027042541,-0.028860617,250.0
1941286679.0,TER,2019-10-21,165000.0,8905170.4,0.0185285617892275,Market Model,2019-10-21,-0.019233958,-0.019764799,-0.020046998,250.0
1941287806.0,ROKU,2019-10-22,150000.0,10705085.04,0.0140120325471043,Market Model,2019-10-22,-0.009081114,-0.033600857,-0.03438011,250.0
1941289003.0,FFIC,2019-10-25,111600.0,545437.8,0.2046062814128393,Market Model,2019-10-25,-0.011337868,-0.016585861,-0.018605249,250.0
1941291575.0,NWBI,2019-10-29,346000.0,1771340.23,0.1953323218995596,Market Model,2019-10-29,-0.006428989,-0.009806151,-0.01015504,250.0
1941257669.0,RILY,2019-10-31,271400.0,569500.8,0.4765577151076872,Market Model,2019-10-31,0.1875256463,0.1723316765,0.1782206524,250.0
1941292586.0,PFPT,2019-11-03,225000.0,6506362.8,0.0345815330187243,Market Model,2019-11-04,-0.000953454,-0.020547714,-0.021351119,250.0
1941293188.0,WDAY,2019-11-04,540000.0,31712680.0,0.0170278891597934,Market Model,2019-11-04,-0.004810064,-0.031746439,-0.03236153,250.0
1941292858.0,FHN,2019-11-04,3937104.0,4921528.5,0.7999758611577683,Market Model,2019-11-04,0.082028804,0.07023492,0.0723376398,250.0
1941294565.0,ULH,2019-11-05,51250.0,540999.04,0.0947321459202589,Market Model,2019-11-05,0.0768016833,0.0773471409,0.0791788583,250.0
1939068774.0,RP,2019-11-06,580000.0,6009615.78,0.0965119936502829,Market Model,2019-11-06,-0.12739166,-0.135142505,-0.132679722,250.0
1941293982.0,TMHC,2019-11-06,2400000.0,2494181.87,0.9622393735064716,Market Model,2019-11-06,-0.089100705,-0.096242953,-0.093758512,250.0
1941296182.0,NVEE,2019-11-07,318000.0,774500.5,0.4105872107248478,Market Model,2019-11-07,-0.265227021,-0.278511958,-0.271714548,250.0
1941295126.0,DGII,2019-11-07,155000.0,352837.98,0.4392951121645124,Market Model,2019-11-07,0.0418410042,0.0344209932,0.0336433737,250.0
1941295855.0,IPHI,2019-11-11,216000.0,2760946.54,0.0782340392581451,Market Model,2019-11-11,0.0629608622,0.0504838362,0.0517187334,250.0
1939073872.0,CPE,2019-11-14,1037236.0,862989.12,1.2019108653420798,Market Model,2019-11-14,-0.054112554,-0.05691489,-0.058768205,250.0
1941298659.0,UBSI,2019-11-18,1100000.0,3753983.2,0.2930220891771705,Market Model,2019-11-18,-0.039324427,-0.046286561,-0.046284188,250.0
1941300071.0,AVY,2019-11-20,247570.53,9571902.17,0.0258642979841487,Market Model,2019-11-20,0.0030506406,0.0062785293,0.0062739855,250.0
2007215214.0,HMSY,2019-11-21,155000.0,3273116.91,0.0473554731657904,Market Model,2019-11-21,0.0653913043,0.0648796527,0.0660527497,250.0
1941303291.0,CW,2019-11-26,132000.0,5697190.9,0.02316931314343,Market Model,2019-11-26,0.014131947,-0.001429331,-0.001450154,250.0
1941306483.0,CDNS,2019-12-02,160000.0,18747838.76,0.0085343170510604,Market Model,2019-12-02,-0.080112835,-0.062394278,-0.060538127,250.0
1941306669.0,ESI,2019-12-03,68000.0,2666749.35,0.0254992093651396,Market Model,2019-12-03,-0.041916168,-0.026159612,-0.025915432,250.0
1941306171.0,CLF,2019-12-03,3000000.0,2052364.8,1.4617284412595657,Market Model,2019-12-03,-0.006257822,0.0222848817,0.0132744673,250.0
1941308741.0,MRK,2019-12-09,2700000.0,214764255.0,0.012571924503917,Market Model,2019-12-09,0.003943662,-0.001572905,-0.001569501,250.0
1941310305.0,GSBD,2019-12-09,931450.0,834996.6,1.1155135242466856,Market Model,2019-12-09,0.0476419634,0.0438194148,0.0444897708,250.0
1941308712.0,UNH,2019-12-09,303896.0,204206301.88,0.0014881813009795,Market Model,2019-12-09,-0.004973697,-0.007430522,-0.007464593,250.0
1941309399.0,PGTI,2019-12-10,92000.0,986002.38,0.0933060628109234,Market Model,2019-12-10,0.0436649964,0.0465226398,0.0470442789,250.0
1941310820.0,FDBC,2019-12-10,78500.0,233538.5,0.3361330144708474,Market Model,2019-12-10,-0.115463918,-0.118478587,-0.114211148,250.0
1941314304.0,TLRY,2019-12-12,1324741.0,2021568.9,0.6553034131065234,Market Model,2019-12-12,0.0026954178,0.0082657739,0.007176304,250.0
1939074315.0,IFF,2019-12-15,26200000.0,12590908.0,2.0808666062844714,Market Model,2019-12-16,-0.100445765,-0.104608222,-0.105103062,250.0
1941147248.0,WPX,2019-12-16,2500000.0,4287309.25,0.583116321734897,Market Model,2019-12-16,0.1370967742,0.1280551508,0.1304568543,250.0
1941288539.0,CRL,2019-12-16,380000.0,6300495.63,0.0603127154299764,Market Model,2019-12-16,0.0124430543,0.0012268521,0.0011425638,250.0
1941311917.0,HUM,2019-12-16,710000.0,34253166.84,0.0207280104440118,Market Model,2019-12-16,0.0486701438,0.0440184394,0.0443672542,250.0
1941312883.0,LDOS,2019-12-17,1650000.0,12026663.04,0.13719516332271,Market Model,2019-12-17,0.0418118467,0.0316203597,0.0314492658,250.0
1941322835.0,CZNC,2019-12-18,77000.0,341341.73,0.2255803883105649,Market Model,2019-12-18,-0.022263451,-0.025452731,-0.025423633,250.0
1941313362.0,FBMS,2019-12-18,88000.0,536152.44,0.1641324247260723,Market Model,2019-12-18,0.0193265007,0.0184817022,0.0185960768,250.0
1939074453.0,GCO,2019-12-18,67700.0,554363.04,0.1221221385899031,Market Model,2019-12-18,0.0151981926,0.0126401318,0.0121590365,250.0
1941313789.0,SC,2019-12-18,1100000.0,8632475.45,0.1274257895514779,Market Model,2019-12-18,0.0029473684,-0.005237837,-0.00531609,250.0
1941063298.0,XPER,2019-12-19,1206655.0,977345.28,1.23462508561969,Market Model,2019-12-19,-0.142454161,-0.163816481,-0.159590038,250.0
1939074474.0,FFIV,2019-12-19,1000000.0,7845898.99,0.1274551203468909,Market Model,2019-12-19,-0.020535335,-0.026905461,-0.02771025,250.0
1941261663.0,MTCH,2019-12-20,500000.0,5343861.96,0.0935652911214046,Market Model,2019-12-20,0.125491297,0.1060782719,0.1092635739,250.0
1941316609.0,AAP,2019-12-23,200000.0,11132802.65,0.0179649281755659,Market Model,2019-12-23,0.0261375256,0.0226671793,0.0228723894,250.0
1941348273.0,SNAP,2020-01-03,166000.0,16093097.82,0.0103149811090876,Market Model,2020-01-03,0.0275566442,0.01020768,0.010248106,250.0
1941318157.0,YUM,2020-01-06,375000.0,33501888.6,0.0111933988103584,Market Model,2020-01-06,-0.001957522,-0.002075299,-0.002073482,250.0
1941319470.0,ADT,2020-01-06,381000.0,5660173.8,0.0673124206892728,Market Model,2020-01-06,-0.017173052,-0.010677609,-0.010862442,250.0
1941318130.0,ANIK,2020-01-06,100000.0,798635.93,0.1252134999736363,Market Model,2020-01-06,0.0099236641,0.0096495491,0.0083602471,250.0
2007235522.0,ANIP,2020-01-08,77500.0,937537.51,0.0826633592505541,Market Model,2020-01-08,-0.037396122,-0.04699214,-0.048469353,250.0
1941320768.0,LLY,2020-01-10,1100000.0,109084274.67,0.0100839465938395,Market Model,2020-01-10,0.0391145015,0.0325107525,0.0329816757,250.0
1941315236.0,WCC,2020-01-13,4500000.0,2141315.98,2.1015114266321406,Market Model,2020-01-13,-0.036556201,-0.039779757,-0.039512702,250.0
1941321769.0,RCM,2020-01-13,200000.0,1214427.4,0.1646866663252163,Market Model,2020-01-13,0.0496124031,0.0442067296,0.0432641795,250.0
1941322799.0,EQIX,2020-01-14,335000.0,48707953.64,0.006877726838536,Market Model,2020-01-14,-0.013063973,-0.02221713,-0.022257633,250.0
1941323854.0,AAPL,2020-01-15,200000.0,1105306601.4,0.0001809452687124,Market Model,2020-01-15,-0.005426552,-0.019918188,-0.020099833,250.0
1941296817.0,RYN,2020-01-15,656000.0,3488514.0,0.188045683634923,Market Model,2020-01-15,-0.000306466,-0.005954009,-0.005977037,250.0
1941404909.0,BFST,2020-01-22,211200.0,328829.67,0.642277809055369,Market Model,2020-01-22,0.0052567732,0.0075595649,0.0073590267,250.0
1941327898.0,MCO,2020-01-23,700000.0,41209376.0,0.0169864256134332,Market Model,2020-01-23,-0.00280877,0.003124041,0.0031377358,250.0
1941331993.0,CSTR,2020-01-23,85100.0,311718.84,0.2730024274439107,Market Model,2020-01-23,-0.057810578,-0.052651941,-0.052567436,250.0
1941329714.0,SSB,2020-01-27,3221960.0,2735801.36,1.1777024630180022,Market Model,2020-01-27,-0.100719424,-0.09026574,-0.087566956,250.0
1939075994.0,IEX,2020-01-29,125000.0,12297380.8,0.010164766142722,Market Model,2020-01-29,-0.022735305,-0.036844753,-0.037337384,250.0
1941372887.0,QRVO,2020-01-30,105000.0,12047243.8,0.0087156864875599,Market Model,2020-01-30,-0.067805565,-0.050773433,-0.049724242,250.0
1941328977.0,SPG,2020-02-03,81000.0,47167604.31,0.0017172803491914,Market Model,2020-02-03,0.0061561011,0.0056198106,0.0048652854,250.0
1941332632.0,PPBI,2020-02-03,743900.0,1940609.16,0.3833332416095573,Market Model,2020-02-03,-0.005273646,-0.012730967,-0.0124587,250.0
1941333503.0,HII,2020-02-04,350000.0,10635908.85,0.032907389950037,Market Model,2020-02-04,0.0327969349,-0.001073054,-0.0011533,250.0
1941372805.0,PAA,2020-02-04,300000.0,12354652.13,0.0242823510401826,Market Model,2020-02-04,0.0168168168,-0.008141058,-0.00839277,250.0
1941334904.0,SAIC,2020-02-06,1200000.0,4860732.24,0.2468763842050266,Market Model,2020-02-06,0.021473406,0.0143438526,0.0128925637,250.0
1941338745.0,APPS,2020-02-10,66000.0,693385.2,0.0951851871081182,Market Model,2020-02-10,-0.029605263,-0.048029048,-0.054586227,250.0
1941338629.0,FAF,2020-02-13,350000.0,7146816.32,0.0489728550908105,Market Model,2020-02-13,0.0528938907,0.0452641546,0.0455261553,250.0
1941343650.0,FLWS,2020-02-18,245000.0,458170.08,0.5347359216472625,Market Model,2020-02-18,0.0881642512,0.0812962839,0.0824261789,250.0
1941340652.0,BEN,2020-02-18,6500000.0,13139086.6,0.4947071434935211,Market Model,2020-02-18,0.0479140851,0.0468212199,0.0452849733,250.0
1941365646.0,LNTH,2020-02-20,693375.0,804976.48,0.8613605704355487,Market Model,2020-02-20,0.0012084592,0.0156517239,0.0157914516,250.0
1941342429.0,MS,2020-02-20,13000000.0,79424603.86,0.1636772406559913,Market Model,2020-02-20,-0.055835735,-0.045435887,-0.0452185,250.0
1941344248.0,CSOD,2020-02-24,1295000.0,3684914.73,0.3514328267780568,Market Model,2020-02-24,-0.326153846,-0.24121513,-0.22684316,250.0
1941346200.0,GILD,2020-03-01,4900000.0,83651453.52,0.0585763880220978,Market Model,2020-03-02,0.0213322323,0.0211996258,0.0175526218,250.0
1941276548.0,WSC,2020-03-02,2739265.0,1931417.76,1.4182664448524074,Market Model,2020-03-02,-0.052268811,-0.064804401,-0.062317354,250.0
1941351193.0,CODI,2020-03-09,200000.0,1465753.0,0.1364486376626894,Market Model,2020-03-09,-0.050570962,-0.011203426,-0.013837194,250.0
1941352822.0,PEP,2020-03-11,3850000.0,190605320.15,0.0201988066071302,Market Model,2020-03-11,-0.113859865,-0.068522458,-0.068691064,250.0
1941355861.0,COST,2020-03-17,1000000.0,128768039.42,0.0077659021951737,Market Model,2020-03-17,0.0173024118,0.0962750159,0.0925775904,250.0
1941371349.0,APD,2020-03-30,530000.0,51915633.56,0.0102088708864058,Market Model,2020-03-30,-0.001937022,0.0121300157,0.0093156788,250.0
2007378928.0,DKL,2020-03-31,100000.0,809667.72,0.1235074556263648,Market Model,2020-03-31,-0.069428891,-0.060475604,-0.061952938,250.0
1941341335.0,MXL,2020-04-05,150000.0,1549403.9,0.0968114253488067,Market Model,2020-04-06,0.3733944954,0.277695764,0.2936471159,250.0
1939044932.0,VZ,2020-04-16,400000.0,240094800.0,0.0016660085932723,Market Model,2020-04-16,0.005503956,0.0006629326,0.0003432969,250.0
1941375475.0,RPD,2020-04-24,147337.0,2823964.38,0.0521738167249829,Market Model,2020-04-24,0.0437431991,-0.011425481,-0.011855137,250.0
1941428062.0,SUPN,2020-04-28,530000.0,1257663.96,0.4214162263185151,Market Model,2020-04-28,0.2437994723,0.1826363499,0.1880941892,250.0
1941375909.0,ACET,2020-04-29,133391.0,43482.99,3.0676593306946005,,,,,,
1941376910.0,MOH,2020-04-30,925000.0,9355467.0,0.0988726698517562,Market Model,2020-04-30,0.0414788097,0.056951068,0.0573431101,250.0
1941378186.0,CHNG,2020-05-04,212900.0,1989208.78,0.1070274785334498,Market Model,2020-05-04,-0.012027491,-0.005964071,-0.007725894,162.0
1941390256.0,PTCT,2020-05-06,269405.0,3399667.04,0.0792445250756085,Market Model,2020-05-06,-0.026763485,-0.05503287,-0.055634796,250.0
1941384544.0,RVNC,2020-05-19,180020.0,1300212.68,0.1384542719580307,Market Model,2020-05-19,0.0497409326,0.0058995092,0.0015061276,250.0
1941392270.0,CHGG,2020-06-04,115000.0,4161324.6,0.0276354312758971,Market Model,2020-06-04,-0.064258312,-0.091302733,-0.090728776,250.0
2007206735.0,EVA,2020-06-18,175000.0,941612.1,0.1858514774820757,Market Model,2020-06-18,0.0299798213,0.0342604247,0.0340432538,250.0
1941379221.0,MSFT,2020-06-22,180000.0,1253336700.0,0.0001436166354978,Market Model,2020-06-22,0.0284739201,0.0153026701,0.0152717512,250.0
2007316687.0,PLUG,2020-06-22,61080.0,1172583.38,0.0520901123466375,Market Model,2020-06-22,0.1929499072,0.1717028404,0.1771049688,250.0
1941400301.0,MA,2020-06-23,985000.0,267859301.4,0.0036773036995608,Market Model,2020-06-23,-0.008397976,0.0077629673,0.0069258937,250.0
1941401311.0,WM,2020-06-24,4600000.0,40985912.25,0.1122336858562907,Market Model,2020-06-24,-0.012632594,-0.005025758,-0.005088891,250.0
1941708162.0,LQDA,2020-06-29,96737.0,198299.31,0.4878332657839304,Market Model,2020-06-29,-0.263986014,-0.288339428,-0.272590157,250.0
1941405891.0,BDGE,2020-07-01,489000.0,355982.1,1.3736645747075489,Market Model,2020-07-01,-0.087640449,-0.113557721,-0.113554857,250.0
1941403150.0,UBER,2020-07-06,2650000.0,48679406.0,0.0544378047669686,Market Model,2020-07-06,0.0785409136,0.0659339514,0.0672601806,238.0
1941406172.0,RUN,2020-07-06,3200000.0,1518354.72,2.107544408331671,Market Model,2020-07-06,0.3190524194,0.2848923202,0.3028361837,250.0
1941406719.0,ALL,2020-07-07,4000000.0,31517097.3,0.1269152410174524,Market Model,2020-07-07,-0.062387076,-0.080355817,-0.080042203,250.0
1941406247.0,SIRI,2020-07-13,325000.0,25924390.4,0.0125364567878132,Market Model,2020-07-13,0.0053285968,-0.007029315,-0.007228795,250.0
1941408933.0,HPE,2020-07-13,925000.0,13282806.02,0.0696388999889949,Market Model,2020-07-13,0.0590200445,0.0482110818,0.0494079356,250.0
1941408793.0,ADI,2020-07-13,20912762.0,41734054.8,0.5010958580521153,Market Model,2020-07-13,-0.050221328,-0.066263565,-0.066526203,250.0
1941410375.0,QNST,2020-07-14,67500.0,527690.08,0.1279159919019133,Market Model,2020-07-14,0.0914340712,0.0793116807,0.0786198142,250.0
1941412934.0,SYNA,2020-07-20,305000.0,2256586.8,0.1351598795136088,Market Model,2020-07-20,0.1402688486,0.1090045597,0.1138645387,250.0
1941412195.0,CVX,2020-07-20,13000000.0,168121458.95,0.0773250486950999,Market Model,2020-07-20,0.0342915346,0.0181341394,0.0158420145,250.0
1941414663.0,NRG,2020-07-24,3625000.0,8034881.94,0.4511578424013533,Market Model,2020-07-24,0.0044656148,0.0167954073,0.0163281861,250.0
1941415392.0,BKI,2020-07-27,1800000.0,10884192.0,0.1653774575090185,Market Model,2020-07-27,0.0163326928,0.0175983869,0.0175752094,250.0
1941415871.0,ZBRA,2020-07-28,575000.0,11774212.84,0.0488355364230021,Market Model,2020-07-28,0.0143343951,-0.005014905,-0.005024705,250.0
1941331824.0,SE,2020-08-02,21000000.0,3597556.0,5.837296208870689,Market Model,2020-08-03,0.124458255,0.0905474334,0.0932417596,250.0
1941418500.0,MSI,2020-08-03,110000.0,23775530.27,0.0046266055373241,Market Model,2020-08-03,-0.011638767,-0.028733378,-0.028897403,250.0
2008216889.0,EPC,2020-08-04,235000.0,1490617.35,0.1576528007003272,Market Model,2020-08-04,-0.048845768,-0.070863454,-0.072123519,250.0
1941419433.0,TDOC,2020-08-05,18500000.0,12968223.54,1.4265639347546288,Market Model,2020-08-05,-0.103904866,-0.106159768,-0.123825947,250.0
1941420443.0,ICE,2020-08-06,11180000.0,51745273.74,0.2160583796729954,Market Model,2020-08-06,0.0540822719,0.04069294,0.0413334328,250.0
1941421740.0,LGND,2020-08-10,515500.0,1617679.5,0.3186663365641958,Market Model,2020-08-10,-0.030749242,-0.021867001,-0.023260143,250.0
2007222927.0,BBDC,2020-08-10,136425.0,366642.99,0.3720922088269027,Market Model,2020-08-10,0.0234567901,0.0307874823,0.030872874,250.0
1941422500.0,SWN,2020-08-12,204278.0,1673819.01,0.1220430636643325,Market Model,2020-08-12,-0.067092652,-0.070650861,-0.069510124,250.0
1941423453.0,BRBS,2020-08-13,124800.0,80980.29,1.5411157455721634,Market Model,2020-08-13,-0.061880342,-0.055688229,-0.055171018,109.0
1941292018.0,ROP,2020-08-13,5350000.0,41301541.14,0.1295351178752648,Market Model,2020-08-13,0.0235559338,0.0100673007,0.0097005733,250.0
1941725127.0,WMG,2020-08-14,100000.0,2319240.0,0.043117572998051,,,,,,
1941425351.0,JNJ,2020-08-19,6500000.0,386679508.15,0.0168097865622569,Market Model,2020-08-19,0.0163098195,0.0148716926,0.0149562594,250.0
1941427785.0,ACAD,2020-08-24,939500.0,7043358.59,0.1333880687735934,Market Model,2020-08-24,-0.022793837,-0.044891806,-0.045160339,250.0
1941428182.0,HOLX,2020-08-25,80000.0,12949030.9,0.0061780685070417,Market Model,2020-08-25,-0.01258427,-0.034020481,-0.034392402,250.0
1941665736.0,CYRX,2020-08-25,320000.0,945285.81,0.3385219545398655,Market Model,2020-08-25,0.3268933539,0.2996674011,0.3044943085,250.0
1941217619.0,DM,2020-08-26,1731000.0,2270081.44,0.7625277091380475,,,,,,
1941429828.0,EMR,2020-08-27,1600000.0,37915763.5,0.0421988073641191,Market Model,2020-08-27,0.0124677558,-0.010712839,-0.010976862,250.0
2007211831.0,ABCD,2020-08-31,792000.0,534017.0,1.4830988526582487,,,,,,
1941709368.0,UVV,2020-09-08,170000.0,995563.25,0.1707576088209363,Market Model,2020-09-08,0.027673546,0.0438517614,0.044324858,250.0
1941433431.0,PRGS,2020-09-08,220000.0,1693434.28,0.1299135151557225,Market Model,2020-09-08,-0.017833018,-0.001466822,-0.002273498,250.0
1939044617.0,XL,2020-09-18,1000000.0,14451157.65,0.069198608458887,,,,,,
1941439238.0,PD,2020-09-21,100000.0,2367446.4,0.0422396046643336,Market Model,2020-09-21,0.1120797011,0.1236919108,0.1261258492,250.0
1941440797.0,CRWD,2020-09-23,96000.0,16060332.73,0.0059774602191569,Market Model,2020-09-23,-0.030623326,-0.027021385,-0.02783664,250.0
1941440516.0,SSP,2020-09-24,2650000.0,640579.84,4.13687698944756,Market Model,2020-09-24,0.0859813084,0.0982496002,0.0996089691,250.0
2007225803.0,VSTO,2020-09-28,81400.0,870379.36,0.0935224383078201,Market Model,2020-09-28,0.0020986359,-0.029358642,-0.0297587,250.0
2007202053.0,OMCL,2020-10-01,225000.0,2916454.97,0.0771484567100996,Market Model,2020-10-01,0.0186206897,0.0141379283,0.0138140876,250.0
1941444825.0,BMY,2020-10-05,13100000.0,135467250.3,0.0967023392811863,Market Model,2020-10-05,-0.03477098,-0.036037269,-0.03582029,250.0
1941444946.0,CAT,2020-10-05,405000.0,73933247.4,0.0054779143922738,Market Model,2020-10-05,0.0328539295,0.0364125533,0.0366757092,250.0
1941445605.0,AVLR,2020-10-05,377000.0,9709427.82,0.0388282406532169,Market Model,2020-10-05,0.0282108389,0.0269464426,0.0262314419,250.0
1941449316.0,ACA,2020-10-12,87000.0,2029200.99,0.0428740181129125,Market Model,2020-10-12,0.0166952055,-0.008663619,-0.010273719,250.0
1941447852.0,TWLO,2020-10-12,3200000.0,34429105.95,0.0929446150779294,Market Model,2020-10-12,0.1296556336,0.098258589,0.102462048,250.0
1941448516.0,COLD,2020-10-13,1740000.0,8081338.35,0.2153108711256966,Market Model,2020-10-13,-0.028799177,-0.034899256,-0.034704083,250.0
1941450311.0,FCNCA,2020-10-16,2156590.0,3603610.89,0.5984525149439761,Market Model,2020-10-16,0.1813201148,0.1941921418,0.2019208149,250.0
1941449305.0,COP,2020-10-19,9700000.0,40811136.3,0.2376802235717215,Market Model,2020-10-19,-0.067942161,-0.046109152,-0.044764407,250.0
1941712183.0,SWI,2020-10-23,142000.0,6114672.54,0.0232228298524715,Market Model,2020-10-23,-0.012891344,-0.005183487,-0.005017474,250.0
2007079277.0,RPAY,2020-10-27,93000.0,1321734.0,0.0703621152213682,Market Model,2020-10-27,-0.003427592,0.0574927524,0.0540654149,250.0
1941447255.0,AMD,2020-10-27,35000000.0,95450834.1,0.3666809235352716,Market Model,2020-10-27,-0.06783797,-0.014267757,-0.013860432,250.0
1941455410.0,AIZ,2020-10-28,325000.0,7430849.64,0.043736586762641,Market Model,2020-10-28,0.0165638194,0.0449721257,0.0448889925,250.0
1941586449.0,APEI,2020-10-28,329000.0,520558.46,0.6320135494484135,Market Model,2020-10-28,-0.045097369,-0.031766844,-0.032051753,250.0
1941456027.0,MRVL,2020-10-29,8196032.0,22365167.46,0.3664641462961798,Market Model,2020-10-29,-0.095490716,-0.058730024,-0.055606785,250.0
1941456747.0,OCSL,2020-10-29,259064.0,704805.0,0.3675683345038699,Market Model,2020-10-29,-0.033898305,0.000468754,-5.522995e-06,250.0
1941457270.0,COUP,2020-11-02,1500000.0,21036439.08,0.0713048436712892,Market Model,2020-11-02,-0.095782323,-0.120093692,-0.120147026,250.0
1941458835.0,KBAL,2020-11-04,180000.0,427015.8,0.4215300698475326,Market Model,2020-11-04,-0.03286385,-0.105909984,-0.108987252,250.0
1941460745.0,ADBE,2020-11-09,1500000.0,244782642.8,0.0061278854695002,Market Model,2020-11-09,-0.089572381,-0.104404773,-0.102176373,250.0
1941460356.0,CASY,2020-11-09,580000.0,6517294.92,0.0889939778879916,Market Model,2020-11-09,0.0944739519,0.0885186483,0.0899459367,250.0
1941460555.0,CIVI,2020-11-09,376000.0,632558.34,0.5944115763298607,,,,,,
1941460321.0,VFC,2020-11-09,2400000.0,25952420.58,0.0924769230138609,Market Model,2020-11-09,0.0852463606,0.0841450182,0.0816331131,250.0
1941461901.0,PANW,2020-11-11,800000.0,24831313.06,0.0322173860909794,Market Model,2020-11-11,-0.000674255,0.0015528937,5.62132e-05,250.0
1941463044.0,PNC,2020-11-16,11600000.0,47404250.01,0.2447037976036528,Market Model,2020-11-16,0.048677686,0.0196535479,0.020154226,250.0
1941463747.0,HD,2020-11-16,8000000.0,295627111.28,0.0270611175184906,Market Model,2020-11-16,-0.013647553,-0.039877555,-0.040298439,250.0
1941466216.0,KMPR,2020-11-23,370000.0,4711671.72,0.0785283911927548,Market Model,2020-11-23,0.0796447898,0.0597820271,0.0618057382,250.0
1941467257.0,FSK,2020-11-24,3642214.0,2023410.6,1.800037026592625,Market Model,2020-11-24,0.0707188778,0.0423693579,0.0435055665,250.0
1941466788.0,MKC,2020-11-24,800000.0,24562460.44,0.0325700270115122,Market Model,2020-11-24,0.0104535308,-0.008476288,-0.008718365,250.0
1941443625.0,TDG,2020-11-24,945000.0,27498703.8,0.0343652561543646,Market Model,2020-11-24,0.0517652796,0.0194884728,0.0191428914,250.0
1941469972.0,CSX,2020-11-30,700000.0,60821713.5,0.0115090476692998,Market Model,2020-11-30,-0.014764833,-0.025088914,-0.025075321,250.0
1941468836.0,PPG,2020-11-30,1150000.0,30500027.25,0.0377048843456361,Market Model,2020-11-30,0.0164973754,0.0082012433,0.0081903199,250.0
2007239147.0,KALU,2020-11-30,670000.0,961053.36,0.6971517169452485,Market Model,2020-11-30,0.1033135946,0.1006841583,0.0984386124,250.0
1941470409.0,HSTM,2020-11-30,67500.0,642499.76,0.1050584050023614,Market Model,2020-11-30,0.0186046512,0.0178412569,0.0162590825,250.0
1941244830.0,AHCO,2020-12-01,2026000.0,1274861.05,1.589192798697552,Market Model,2020-12-01,0.1939495798,0.1792180938,0.1801311828,250.0
1941467539.0,CRM,2020-12-01,27700000.0,220929800.0,0.1253791928476828,Market Model,2020-12-01,-0.108427896,-0.121264157,-0.118941874,250.0
1941615106.0,ZBH,2020-12-01,250000.0,28753033.5,0.0086947347659856,Market Model,2020-12-01,-0.014464738,-0.019021746,-0.019168443,250.0
1941469353.0,CHD,2020-12-01,530000.0,22337219.84,0.0237272142100205,Market Model,2020-12-01,-0.000115915,-0.00515198,-0.005459745,250.0
1941472391.0,JNPR,2020-12-07,180000.0,7019830.0,0.0256416465925813,Market Model,2020-12-07,0.0050855294,-0.003927014,-0.004217122,250.0
1941548462.0,MRCY,2020-12-07,310000.0,4256076.0,0.0728370452031401,Market Model,2020-12-07,0.1196723587,0.0987116536,0.10308294,250.0
1941709559.0,IR,2020-12-07,184000.0,14751376.83,0.0124734119479476,Market Model,2020-12-07,0.0017993702,-0.015318757,-0.015718985,250.0
1941708593.0,HUN,2020-12-07,250000.0,4692693.75,0.0532743054029468,Market Model,2020-12-07,0.0546558704,0.0373500657,0.0376940256,250.0
1941473365.0,APH,2020-12-09,1700000.0,32278423.86,0.0526667599190513,Market Model,2020-12-09,-0.007702182,-0.004051348,-0.004116458,250.0
1941515128.0,AYTU,2020-12-10,59900.0,151004.4,0.3966771829165243,Market Model,2020-12-10,-0.27816092,-0.282082949,-0.308300036,250.0
1941728742.0,PTC,2020-12-12,715000.0,9769596.25,0.0731862383770465,Market Model,2020-12-14,0.0123380082,0.0029438578,0.0030226726,250.0
1941697217.0,PRIM,2020-12-14,620000.0,849375.36,0.7299481821558845,Market Model,2020-12-14,0.036802974,0.0263308349,0.0264806585,250.0
1941475415.0,GDDY,2020-12-15,365000.0,12538416.68,0.0291105335956979,Market Model,2020-12-15,0.0271973853,0.0134203308,0.0133002599,250.0
1941520088.0,CERN,2020-12-16,375000.0,21983963.04,0.0170578889401189,Market Model,2020-12-16,0.0526599327,0.0375527189,0.038319389,250.0
1941476366.0,IART,2020-12-16,400000.0,4084857.72,0.0979226272781907,Market Model,2020-12-16,0.081203269,0.0648708899,0.066852155,250.0
1941616459.0,SPSC,2020-12-17,100000.0,2900649.48,0.0344750376388118,Market Model,2020-12-17,0.0724682247,0.0591992177,0.0600497387,250.0
1941700453.0,MODN,2020-12-17,60000.0,1208799.53,0.0496360219465009,Market Model,2020-12-17,0.0817941953,0.0696793648,0.0713254359,250.0
1941194409.0,FANG,2020-12-21,2150000.0,4912292.0,0.4376775647701724,Market Model,2020-12-21,-0.070380922,-0.056380114,-0.054798161,250.0
1941477171.0,VSAT,2020-12-21,222000.0,2373784.95,0.0935215298251848,Market Model,2020-12-21,-0.00031211,0.0156917531,0.0139616244,250.0
1941479520.0,CENT,2020-12-31,532000.0,471237.52,1.128942364351633,Market Model,2020-12-31,0.0238347458,0.0253709954,0.0255090233,250.0
1941480480.0,XRAY,2020-12-31,1040000.0,9745100.0,0.106720300458692,Market Model,2020-12-31,0.0487804878,0.058568102,0.0592636888,250.0
1941481635.0,AVY,2021-01-04,87600.0,11212285.08,0.0078128587861413,Market Model,2021-01-04,-0.01271159,-0.01114072,-0.011142952,250.0
1941479913.0,CNC,2021-01-04,2200000.0,37990053.2,0.057909895214361,Market Model,2021-01-04,0.0364901561,0.0361744357,0.0361110354,250.0
1941479578.0,TDY,2021-01-04,8200000.0,12513513.98,0.6552915522455028,Market Model,2021-01-04,-0.039913066,-0.034854966,-0.037516,250.0
2007041228.0,UNH,2021-01-06,13000000.0,309552945.28,0.0419960468741174,Market Model,2021-01-06,0.044434907,0.0045494168,0.0039346873,250.0
1941691997.0,CMRX,2021-01-07,78000.0,176616.6,0.4416345915389607,Market Model,2021-01-07,0.7113821138,0.6655438008,0.6719937057,250.0
1941442184.0,DVN,2021-01-07,2550261.0,3581201.52,0.7121244045490074,Market Model,2021-01-07,0.043202765,0.0009743443,-0.000497843,250.0
1941482591.0,FFIV,2021-01-07,500000.0,7842667.64,0.0637538173171903,Market Model,2021-01-07,0.0789280677,0.0572846178,0.0582263434,250.0
1941484751.0,AVAV,2021-01-13,405000.0,1830698.8,0.2212269981277095,Market Model,2021-01-13,0.3451793,0.3294941608,0.3394812386,250.0
1941701553.0,CADE,2021-01-13,108400.0,1408266.34,0.0769740757987583,Market Model,2021-01-13,0.0685627222,0.0640221415,0.065134444,250.0
2007134769.0,CTLT,2021-01-13,80000.0,14705548.9,0.005440123353709,Market Model,2021-01-13,-0.001386482,-0.011264257,-0.011333808,250.0
2007308102.0,CTXS,2021-01-19,2250000.0,14278690.28,0.1575774777572947,Market Model,2021-01-19,0.0044700356,-0.002835924,-0.003340251,250.0
1941486762.0,TMO,2021-01-19,550000.0,194798652.5,0.0028234281548739,Market Model,2021-01-19,0.0380954298,0.0227270995,0.0231795326,250.0
1941519868.0,MGPI,2021-01-25,475000.0,662092.24,0.7174226962696315,Market Model,2021-01-25,0.1553547395,0.1515986685,0.1571231787,250.0
1941544125.0,SYBT,2021-01-27,189431.0,952156.32,0.1989494750189759,Market Model,2021-01-27,0.0653409091,0.0877083198,0.0882507948,250.0
1941491709.0,WOR,2021-01-29,115000.0,2857458.8,0.04024554964712,Market Model,2021-01-29,0.0048130322,-0.008966717,-0.009353763,250.0
1941515885.0,NMRK,2021-01-31,70000.0,1046779.3,0.0668717847210008,Market Model,2021-02-01,0.1183098592,0.1028647545,0.0995345506,250.0
1941491823.0,GTN,2021-02-01,925000.0,109596.4,8.440058250088507,Market Model,2021-02-01,-0.039544871,-0.053606865,-0.057119876,250.0
1941493875.0,TMUS,2021-02-02,1940000.0,160113123.0,0.0121164334543646,Market Model,2021-02-02,0.0260945431,-0.006467573,-0.007156807,250.0
1941711303.0,TW,2021-02-02,190000.0,5380509.48,0.035312641062385,Market Model,2021-02-02,0.0590557658,0.0325182986,0.0317231255,250.0
1941493686.0,NOG,2021-02-03,295500.0,238732.29,1.237788151741015,Market Model,2021-02-03,0.0135790495,-0.008311055,-0.013233431,250.0
1941494510.0,CORR,2021-02-04,350000.0,75359.04,4.64443283778562,Market Model,2021-02-04,-0.042669584,-0.049641836,-0.05658301,250.0
1941493828.0,MGNI,2021-02-05,1700000.0,1648036.48,1.0315305641778028,Market Model,2021-02-05,0.4207848837,0.3338975535,0.3694758139,250.0
1941495757.0,RAMP,2021-02-08,68000.0,3697073.36,0.0183929268852809,Market Model,2021-02-08,-0.082790581,-0.100308268,-0.10091362,250.0
1941495952.0,CNO,2021-02-09,50000.0,3192929.07,0.0156596024853129,Market Model,2021-02-09,0.0034782609,-0.01205056,-0.012524127,250.0
1941496928.0,ZG,2021-02-10,500000.0,6629167.6,0.0754242508516453,Market Model,2021-02-10,0.1864206293,0.1699141116,0.17230806,250.0
1941512008.0,TYL,2021-02-10,2300000.0,16695588.49,0.1377609421421478,Market Model,2021-02-10,0.0903794862,0.0851782627,0.0863785434,250.0
1941492489.0,HRL,2021-02-11,3350000.0,25469497.6,0.1315298814531779,Market Model,2021-02-11,-0.025060631,-0.027495532,-0.027763397,250.0
1941513361.0,GTLS,2021-02-16,55000.0,3747098.51,0.0146780235035774,Market Model,2021-02-16,0.0299421119,0.0190754328,0.0192253968,250.0
1941544285.0,PGR,2021-02-16,338000.0,52235341.6,0.0064707148387826,Market Model,2021-02-16,-0.001389371,-0.003732409,-0.003900583,250.0
1941499068.0,ET,2021-02-17,7200000.0,17076542.28,0.4216310235376291,Market Model,2021-02-17,-0.005865103,0.0106879351,0.0102380144,250.0
1941419881.0,AHAC,2021-02-17,800000.0,124950.6,6.402530279966642,,,,,,
1941499396.0,CRL,2021-02-17,875000.0,11712486.78,0.0747065944607196,Market Model,2021-02-17,-0.000990437,0.007707901,0.0062489372,250.0
1941512131.0,FSS,2021-02-18,52500.0,1861687.48,0.0282002218761228,Market Model,2021-02-18,0.0036161335,0.0127493961,0.0123345929,250.0
1941500107.0,RDFN,2021-02-19,608000.0,5256387.84,0.1156687859623387,Market Model,2021-02-19,0.0398722326,0.0643806351,0.0570625739,250.0
1941500908.0,KLR,2021-02-19,215000.0,257189.02,0.8359610375279629,Market Model,2021-02-19,0.0849673203,0.091355531,0.0906312441,250.0
1941501566.0,GT,2021-02-22,2500000.0,2499196.48,1.0003215113363155,Market Model,2021-02-22,0.2438756856,0.2564094845,0.2623536385,250.0
1941500980.0,MTB,2021-02-22,7518439.0,16318869.6,0.4607205758908693,Market Model,2021-02-22,0.0861387488,0.1015867666,0.1038684867,250.0
1941502525.0,BEAM,2021-02-23,440000.0,4362521.16,0.1008591096438372,Market Model,2021-02-23,-0.09241418,-0.108067735,-0.112790661,211.0
1941503713.0,LDOS,2021-02-23,380000.0,14794267.95,0.0256856237351034,Market Model,2021-02-23,-0.128951426,-0.131334031,-0.127943858,250.0
1941502168.0,GRSV,2021-02-23,8500000.0,532350.0,15.96693904386212,,,,,,
1941502744.0,ADSK,2021-02-24,1000000.0,61441384.38,0.0162756749394714,Market Model,2021-02-24,-0.04591871,-0.02880245,-0.029323234,250.0
1941502836.0,HPQ,2021-02-24,425000.0,31851395.43,0.0133432144577158,Market Model,2021-02-24,0.0394542773,0.0579858151,0.0588307192,250.0
1941549088.0,APPS,2021-02-26,400000.0,3862310.87,0.1035649416795909,Market Model,2021-02-26,0.1990887229,0.1882377128,0.184669068,250.0
1941720222.0,DNOW,2021-02-27,90000.0,705501.0,0.1275689191085484,Market Model,2021-03-01,-0.02189781,-0.027659018,-0.028776025,250.0
1941505790.0,MMS,2021-03-01,430000.0,4446124.55,0.0967134400227272,Market Model,2021-03-01,-0.002292471,-0.010964974,-0.011457831,250.0
1941721410.0,AMK,2021-03-01,145000.0,1708347.42,0.0848773488942899,Market Model,2021-03-01,-0.014705882,-0.025421052,-0.027116999,250.0
2007033683.0,ABBV,2021-03-02,655000.0,181526036.68,0.0036082978066372,Market Model,2021-03-02,-0.009560052,-0.010645164,-0.010432499,250.0
1941505578.0,A,2021-03-02,695000.0,35921340.0,0.0193478305653408,Market Model,2021-03-02,-0.022691898,-0.02449874,-0.024689735,250.0
1941507117.0,TECH,2021-03-03,320000.0,11699299.18,0.0273520657157858,Market Model,2021-03-03,-0.065889808,-0.040607449,-0.040022823,250.0
1941610228.0,SHBI,2021-03-03,146000.0,171980.15,0.8489351823451718,Market Model,2021-03-03,-0.006480881,0.0592242104,0.0555564232,250.0
1941511053.0,AMGN,2021-03-04,1900000.0,134620759.56,0.0141137221793283,Market Model,2021-03-04,0.0090389472,0.0219767721,0.0218018179,250.0
1941722311.0,DGX,2021-03-08,225000.0,16285123.44,0.0138162907287118,Market Model,2021-03-08,0.0221691678,-0.000584942,-0.000809388,250.0
1941508740.0,CXDO,2021-03-08,50000.0,127896.56,0.3909409291383599,Market Model,2021-03-08,0.1124161074,0.0841819755,0.083577061,115.0
1941683839.0,HQY,2021-03-08,67228.0,5119131.59,0.013132696204045,Market Model,2021-03-08,0.001192053,-0.035427493,-0.037478327,250.0
1941509002.0,DBX,2021-03-09,165000.0,7855910.73,0.0210032936563167,Market Model,2021-03-09,0.0425894378,0.0256407617,0.0255744152,250.0
1941632594.0,WSFS,2021-03-10,976400.0,2226760.36,0.4384845435276205,Market Model,2021-03-10,-0.048842719,-0.100694876,-0.101074553,250.0
1941513472.0,HST,2021-03-15,161000.0,10121485.5,0.0159067559796435,Market Model,2021-03-15,0.0466627289,0.0459657333,0.0458174165,250.0
1941281248.0,DFNS,2021-03-15,863400.0,177675.0,4.859434360489658,Market Model,2021-03-15,0.0,-0.00054679,-0.000812751,200.0
1941514438.0,AME,2021-03-22,1350000.0,28585576.25,0.0472266148561549,Market Model,2021-03-22,0.0,0.0049255223,0.0048019375,250.0
1941603806.0,BANC,2021-03-22,226000.0,845971.0,0.2671486374828452,Market Model,2021-03-22,-0.098874205,-0.0952404,-0.09262101,250.0
1941514331.0,SNX,2021-03-22,7200000.0,4531748.48,1.5887907353587285,Market Model,2021-03-22,0.0518539977,0.0529035794,0.0522737181,250.0
2007079980.0,SBCF,2021-03-23,102200.0,1823019.0,0.0560608529038918,Market Model,2021-03-23,-0.091239927,-0.072322545,-0.069579517,250.0
1941516397.0,MTD,2021-03-24,205000.0,29434177.05,0.0069646927669071,Market Model,2021-03-24,-0.012105724,-0.002436352,-0.002438139,250.0
1941497575.0,COHR,2021-03-25,7017237.0,4295337.9,1.6336868398642164,Market Model,2021-03-25,0.009492077,-0.003554461,-0.003402439,250.0
1941517605.0,PEBO,2021-03-29,292300.0,607057.84,0.481502718093551,Market Model,2021-03-29,-0.013257005,-0.022930536,-0.023616169,250.0
1941520108.0,GHC,2021-04-05,323000.0,2265136.8,0.1425962440767374,Market Model,2021-04-05,0.0692340516,0.0464702844,0.0478512192,250.0
1941520262.0,KELYA,2021-04-05,215000.0,765747.0,0.2807715864378182,Market Model,2021-04-05,0.0480466996,0.0191688729,0.0175732061,250.0
1941520421.0,BCO,2021-04-06,213000.0,3670894.58,0.0580240035114274,Market Model,2021-04-06,0.00908632,-0.002003088,-0.002246717,250.0
1941521366.0,EBC,2021-04-07,641900.0,3031082.34,0.2117725379905054,,,,,,
1941521128.0,PAR,2021-04-08,500000.0,1577824.83,0.3168919581522874,Market Model,2021-04-08,0.288594736,0.2589194714,0.2627031815,250.0
1941523164.0,CDLX,2021-04-13,650000.0,3514386.54,0.1849540432168853,Market Model,2021-04-13,0.0836789901,0.0847548627,0.0772354385,250.0
1941564024.0,CSGP,2021-04-14,156000.0,35461169.94,0.0043991780379482,Market Model,2021-04-14,0.0291496242,0.0167509516,0.0166824763,250.0
2007454287.0,IAU,2021-04-15,50000.0,31508746.5,0.0015868609689058,Market Model,2021-04-15,0.0180614088,0.0153139464,0.0153206462,250.0
1941541685.0,URI,2021-04-15,996000.0,18286562.72,0.0544662228353432,Market Model,2021-04-15,0.0078938477,-0.011534238,-0.011559022,250.0
1941524572.0,KIM,2021-04-15,3872971.0,7071358.65,0.5476982842611158,Market Model,2021-04-15,0.002541942,-0.008172089,-0.008491112,250.0
1941525982.0,WBS,2021-04-19,5115048.0,4343983.84,1.17750161796182,Market Model,2021-04-19,-0.102131439,-0.080519209,-0.079114191,250.0
1941575368.0,BMRC,2021-04-19,134500.0,504630.0,0.2665319144719894,Market Model,2021-04-19,-0.102374266,-0.084699952,-0.082452371,250.0
1941527431.0,DLX,2021-04-21,960000.0,1561808.32,0.6146721000948439,Market Model,2021-04-21,0.028975265,0.0378747408,0.0379916411,250.0
1941581390.0,CBAN,2021-04-22,84000.0,135360.75,0.6205639374781833,Market Model,2021-04-22,-0.003355705,-0.017475072,-0.017480941,250.0
1941487011.0,SMRT,2021-04-22,1577000.0,20609.53,76.51799919745865,,,,,,
1941529367.0,SWKS,2021-04-22,2750000.0,29940893.0,0.0918476279247916,Market Model,2021-04-22,0.0448774081,0.021198212,0.0210331342,250.0
1941566558.0,EFSC,2021-04-26,395153.0,1256514.6,0.3144834130856895,Market Model,2021-04-26,-0.027430911,-0.044081074,-0.045830361,250.0
1941544394.0,EHC,2021-04-26,95000.0,8162372.88,0.0116387723762014,Market Model,2021-04-26,-0.028299725,-0.041260126,-0.041512667,250.0
1941596324.0,FHI,2021-04-26,562000.0,2848622.53,0.1972883364086852,Market Model,2021-04-26,0.0074324324,-0.01295739,-0.013247511,250.0
2007229605.0,BIVI,2021-04-27,190988.0,521989.16,0.3658849927075114,,,,,,
1941469392.0,MRAC,2021-04-28,1207000.0,488818.64,2.469218440606111,,,,,,
1941530880.0,IBM,2021-04-29,2000000.0,106989213.99,0.0186934731587703,Market Model,2021-04-29,-0.000915428,0.0084566851,0.0082678455,250.0
2007134152.0,POWW,2021-04-30,260000.0,539714.76,0.4817359451129333,,,,,,
1941531743.0,COO,2021-05-03,60000.0,19104341.25,0.0031406474169843,Market Model,2021-05-03,0.0098383179,0.0243660393,0.0243340338,250.0
1941530854.0,HZO,2021-05-03,63000.0,995268.78,0.0632994837836669,Market Model,2021-05-03,0.0766309976,0.0857578262,0.0856254726,250.0
1941531832.0,RCM,2021-05-04,300000.0,7620516.54,0.0393674101257183,Market Model,2021-05-04,-0.111070381,-0.108377063,-0.109951614,250.0
1941533431.0,MTZ,2021-05-05,420000.0,6445634.42,0.0651603818387205,Market Model,2021-05-05,0.0334561951,0.0363954083,0.0368140096,250.0
1941532597.0,ZNGA,2021-05-05,250000.0,12660234.93,0.0197468689469256,Market Model,2021-05-05,0.0075258702,0.0072321898,0.00485949,250.0
1941533707.0,BILL,2021-05-06,2375000.0,13956321.75,0.1701737780586779,Market Model,2021-05-06,0.0544920005,0.0440684787,0.026924862,250.0
2007264433.0,EQT,2021-05-06,2925000.0,4864322.35,0.6013170570408436,Market Model,2021-05-06,0.0391762933,0.0245761128,0.013855776,250.0
1941535822.0,GMS,2021-05-11,135000.0,1562124.6,0.0864207631068609,Market Model,2021-05-11,-0.068965517,-0.002965808,-0.003407981,250.0
1941710717.0,MGRC,2021-05-13,260000.0,1855443.2,0.1401282453701627,Market Model,2021-05-13,0.0439000728,0.0403201019,0.0406605634,250.0
1941537851.0,GIS,2021-05-14,1200000.0,33561776.93,0.035754960248465,Market Model,2021-05-14,-0.002700127,-0.011642199,-0.01187001,250.0
1941538121.0,ONDS,2021-05-17,70600.0,289827.72,0.2435929868958014,,,,,,
1941538421.0,FELE,2021-05-17,150000.0,3415889.92,0.0439124220958502,Market Model,2021-05-17,-0.032111693,-0.042853475,-0.042719111,250.0
1941538703.0,PFGC,2021-05-18,2500000.0,7479244.08,0.3342583786889864,Market Model,2021-05-18,-0.094868396,-0.076010455,-0.073673878,250.0
1941539040.0,GBCI,2021-05-18,925388.0,5717644.87,0.1618477574316363,Market Model,2021-05-18,-0.038517559,-0.025110801,-0.024811425,250.0
1941546984.0,HSY,2021-05-18,425000.0,22038489.76,0.0192844430189303,Market Model,2021-05-18,0.0068377067,0.0198072796,0.0197399185,250.0
1941540226.0,MLM,2021-05-24,2300000.0,21226163.86,0.1083568380593854,Market Model,2021-05-24,0.0008564482,-0.007672894,-0.00776386,250.0
1941540615.0,CTRA,2021-05-24,7351544.0,138049.86,53.252817496519015,,,,,,
1941540964.0,HYFM,2021-05-24,125000.0,1957070.0,0.0638709908179063,,,,,,
1941541011.0,ORA,2021-05-24,377000.0,4883397.09,0.0772003572619567,Market Model,2021-05-24,0.0175621372,0.0119577658,0.0116083476,250.0
1941477351.0,AMZN,2021-05-26,8450000.0,1551927884.64,0.0054448406292797,Market Model,2021-05-26,-0.00458553,-0.010282373,-0.010344185,250.0
2007152240.0,VTNR,2021-05-26,75000.0,83314.63,0.9002020413461597,Market Model,2021-05-26,1.2290502793,1.2235347496,1.2160679878,250.0
1941544263.0,ONB,2021-06-01,6500000.0,3397932.72,1.912927811001508,Market Model,2021-06-01,-0.023256601,-0.023597595,-0.023548598,250.0
1941550376.0,FBNC,2021-06-01,314300.0,1326650.25,0.2369124793818114,Market Model,2021-06-01,-0.026935265,-0.030545719,-0.031936642,250.0
1941544266.0,GHM,2021-06-01,84100.0,157626.42,0.5335399991955663,Market Model,2021-06-01,0.0652019844,0.0658512442,0.0660307408,250.0
2007251527.0,SRNE,2021-06-01,488000.0,2649052.35,0.1842168200262256,Market Model,2021-06-01,0.0890322581,0.0563028808,0.0539404745,250.0
1941544755.0,KMI,2021-06-01,1225000.0,35677393.44,0.0343354679780665,Market Model,2021-06-01,0.0279299014,0.0268924492,0.0271253573,250.0
1941562431.0,PS,2021-06-02,2000000.0,2627627.89,0.7611427811416631,,,,,,
1941546003.0,CDK,2021-06-02,360000.0,6560213.28,0.0548762646326645,Market Model,2021-06-02,0.0043943447,0.0096897628,0.0095545952,250.0
1941544869.0,UBSI,2021-06-03,303300.0,4973408.65,0.0609843311387653,Market Model,2021-06-03,-0.059458164,-0.066000226,-0.065573224,250.0
1941545624.0,FFWM,2021-06-03,295000.0,1047958.2,0.2814997773766167,Market Model,2021-06-03,-0.012214342,-0.022921656,-0.022854539,250.0
1941545327.0,SAIC,2021-06-03,250000.0,5606971.2,0.0445873522589165,Market Model,2021-06-03,0.0349619499,0.0295804097,0.0299361941,250.0
1941546550.0,ONEM,2021-06-07,2100000.0,5302588.75,0.3960329754028162,Market Model,2021-06-07,-0.041310934,-0.058941292,-0.058536173,250.0
1941551947.0,VMC,2021-06-07,1294000.0,21280420.85,0.0608070681083358,Market Model,2021-06-07,-0.02180447,-0.034052566,-0.03407901,250.0
1941549087.0,RF,2021-06-08,1000000.0,19943592.24,0.0501414182543475,Market Model,2021-06-08,-0.032258065,-0.035289568,-0.034984839,250.0
1941739185.0,MPW,2021-06-14,760000.0,12342400.0,0.0615763546798029,Market Model,2021-06-14,-0.026989936,-0.027238248,-0.027428637,250.0
1941550984.0,ELAN,2021-06-16,444000.0,13692288.0,0.0324270129287376,Market Model,2021-06-16,0.0669056153,0.074696554,0.0754731077,250.0
1941551550.0,DHR,2021-06-17,9600000.0,161901862.35,0.0592951795653016,Market Model,2021-06-17,0.0484292126,0.0578115541,0.0577052117,250.0
1941552114.0,BRC,2021-06-17,173000.0,2705089.73,0.0639535162480543,Market Model,2021-06-17,-0.079277471,-0.0589054,-0.056854118,250.0
1941554587.0,COLB,2021-06-23,266000.0,3190950.72,0.083360735824839,Market Model,2021-06-23,-0.028144458,-0.046440825,-0.046258477,250.0
1941553717.0,FMNB,2021-06-23,124000.0,472405.01,0.2624866319686152,Market Model,2021-06-23,-0.044006948,-0.055205241,-0.056445353,250.0
1941555010.0,ROK,2021-06-25,2220000.0,30153838.0,0.0736224688877084,Market Model,2021-06-25,-0.008957313,-0.021128471,-0.021168845,250.0
1941555636.0,DORM,2021-06-27,338000.0,3423565.6,0.0987274787432143,Market Model,2021-06-28,0.0477394559,0.0393235503,0.0400066958,250.0
1941555693.0,VTR,2021-06-28,2300000.0,20846026.76,0.1103327759519771,Market Model,2021-06-28,-0.001552795,-0.010322914,-0.010377463,250.0
1941566326.0,FAT,2021-06-28,442500.0,102366.79,4.322690982104645,Market Model,2021-06-28,0.104197901,0.0858529347,0.0828842335,250.0
1941397414.0,SST,2021-06-29,1130000.0,141936.71,7.961294861632344,,,,,,
1941555773.0,BLDR,2021-06-29,450000.0,10309125.89,0.0436506455349921,Market Model,2021-06-29,-0.056403451,-0.067963681,-0.068168693,250.0
1941570796.0,CE,2021-06-30,1150000.0,18070477.25,0.0636397137767902,Market Model,2021-06-30,0.0322885069,0.0231012311,0.0230398353,250.0
1941557903.0,MPB,2021-06-30,124700.0,213008.96,0.5854213832131756,Market Model,2021-06-30,-0.014822849,-0.021673526,-0.021623024,250.0
2007186083.0,MSA,2021-07-01,337000.0,6114692.27,0.0551131578040966,Market Model,2021-07-01,0.0016962501,-0.008595479,-0.008648046,250.0
1941559334.0,KNX,2021-07-05,1350000.0,7750716.71,0.1741774406821275,Market Model,2021-07-06,0.08511567,0.0807939684,0.0821796721,250.0
1941559362.0,HII,2021-07-06,1650000.0,8216767.0,0.2008089069581746,Market Model,2021-07-06,-0.024793778,-0.025669058,-0.025784115,250.0
1941559274.0,PTEN,2021-07-06,295000.0,1171809.6,0.2517473828512754,Market Model,2021-07-06,-0.131578947,-0.146886072,-0.142024473,250.0
1941716631.0,FIG,2021-07-06,507000.0,1754944.0,0.2888981072900332,,,,,,
2007095422.0,MCF,2021-07-08,67000.0,764724.48,0.0876132538610507,Market Model,2021-07-08,0.0308788599,0.0165915705,0.0160541936,250.0
1941565498.0,FTV,2021-07-12,1200000.0,25095158.79,0.0478179879251523,Market Model,2021-07-12,0.0145177519,0.0067642813,0.0067860833,250.0
1941562946.0,ROCC,2021-07-12,370000.0,151334.5,2.4449150722406325,,,,,,
1941561693.0,LBAI,2021-07-12,244400.0,903174.3,0.2706011453160259,Market Model,2021-07-12,-0.014889815,-0.024982708,-0.026082368,250.0
1941562764.0,FNB,2021-07-13,412461.0,4237673.14,0.0973319523175872,Market Model,2021-07-13,-0.03215169,-0.023738034,-0.023944201,250.0
1941582824.0,ACVA,2021-07-13,60000.0,661396.75,0.0907171073943136,,,,,,
1941563390.0,HMN,2021-07-14,185000.0,1662826.7,0.1112563323646414,Market Model,2021-07-14,0.0091264668,0.0222641927,0.0215374309,250.0
1941564009.0,KRG,2021-07-19,2787229.0,1769981.7,1.574721930740866,Market Model,2021-07-19,-0.070316187,-0.064092966,-0.067637759,250.0
1941565199.0,PACB,2021-07-20,816000.0,4832366.28,0.1688613719902043,Market Model,2021-07-20,0.1854229607,0.1332228628,0.1434656808,250.0
1941565499.0,NUE,2021-07-20,370000.0,28581550.41,0.0129454139013587,Market Model,2021-07-20,0.0093437636,-0.009493322,-0.009700389,250.0
1941584292.0,WGO,2021-07-20,320000.0,2808288.0,0.113948426941966,Market Model,2021-07-20,0.0943545829,0.0755992876,0.0772416618,250.0
1941566391.0,VERI,2021-07-22,150000.0,617073.92,0.2430827087944342,Market Model,2021-07-22,0.1802455357,0.1228782402,0.1316506731,250.0
2007089610.0,MYFW,2021-07-22,51400.0,212107.35,0.2423301219877576,Market Model,2021-07-22,0.03,0.0083647877,0.0080165513,250.0
1941567043.0,SSB,2021-07-23,537401.0,6176417.5,0.0870085288114024,Market Model,2021-07-23,-0.068776151,-0.087129529,-0.088494464,250.0
1941574269.0,CVCO,2021-07-26,153000.0,1814400.45,0.0843253759113651,Market Model,2021-07-26,0.0666197843,0.0602998905,0.0611725027,250.0
1941567565.0,OSBC,2021-07-26,328643.0,399133.8,0.8233905522408776,Market Model,2021-07-26,-0.003358522,-0.013693551,-0.013803115,250.0
2007157756.0,RICK,2021-07-26,57000.0,639180.0,0.0891767577208298,Market Model,2021-07-26,0.1187468418,0.0948884632,0.0904958729,250.0
1941568900.0,CFG,2021-07-28,3500000.0,21455099.82,0.1631313780576015,Market Model,2021-07-28,-0.021940737,-0.02822233,-0.028196054,250.0
1941577094.0,GL,2021-08-01,59200.0,10857879.76,0.0054522615196099,Market Model,2021-08-02,-0.019951183,-0.020131291,-0.019969038,250.0
1941579241.0,ROAD,2021-08-02,113000.0,1119464.8,0.1009410925649471,Market Model,2021-08-02,-0.026857654,-0.029851627,-0.029718808,250.0
2008217659.0,HGV,2021-08-02,1400000.0,3841466.67,0.3644441356040712,Market Model,2021-08-02,-0.021057786,-0.024619915,-0.02437668,250.0
2007107003.0,DRH,2021-08-04,108600.0,1991908.8,0.0545205684115658,Market Model,2021-08-04,0.0189349112,0.0016130895,-0.000388184,250.0
1941584110.0,NEX,2021-08-04,268100.0,969597.0,0.2765066311055005,Market Model,2021-08-04,-0.023746702,-0.043307685,-0.046544107,250.0
1941653301.0,EVH,2021-08-04,130000.0,1737160.0,0.0748347878145939,Market Model,2021-08-04,0.054770318,0.0341813787,0.033935144,250.0
1941571483.0,CLH,2021-08-04,1250000.0,5170168.12,0.2417716350778937,Market Model,2021-08-04,0.0474174428,0.0323895395,0.03295592,250.0
1941572090.0,VICI,2021-08-04,17200000.0,16642156.83,1.0335198842132292,Market Model,2021-08-04,-0.001955034,-0.014702598,-0.014932317,250.0
1941585949.0,LEVI,2021-08-05,400000.0,2292285.45,0.1744983374561837,Market Model,2021-08-05,-0.030670471,-0.039534735,-0.039527828,250.0
1941573194.0,MDT,2021-08-06,936221.0,173092573.2,0.0054087878104292,Market Model,2021-08-06,-0.011372488,-0.018404031,-0.018451085,250.0
1941574706.0,DKNG,2021-08-09,1560000.0,19865312.24,0.0785288437026852,Market Model,2021-08-09,0.0297147385,0.0279120645,0.0279693611,250.0
1941574421.0,EFX,2021-08-10,1825000.0,28662273.53,0.0636725484490901,Market Model,2021-08-10,0.0295079384,0.0250920772,0.0252065938,250.0
1941584767.0,VRNT,2021-08-10,50000.0,2988654.02,0.0167299391851319,Market Model,2021-08-10,-0.013059701,-0.016851893,-0.016850291,250.0
1941576344.0,H,2021-08-15,2769000.0,3232332.5,0.8566569188039906,Market Model,2021-08-16,-0.015172414,-0.002963379,-0.002943073,250.0
1941588300.0,HPP,2021-08-17,222000.0,4427392.83,0.0501423769076303,Market Model,2021-08-17,-0.027777778,-0.010215449,-0.010122738,250.0
1941585497.0,KAI,2021-08-23,54000.0,1987132.14,0.0271748410249154,Market Model,2021-08-23,0.0337535584,0.0075603401,0.0075001576,250.0
1941580142.0,KAR,2021-08-23,450000.0,2218250.58,0.2028625638858167,Market Model,2021-08-23,0.0194690265,-0.011875503,-0.012616154,250.0
1941580144.0,NDSN,2021-08-24,180000.0,12927889.6,0.0139233862269368,Market Model,2021-08-24,0.0164402896,0.0025534427,0.002571117,250.0
1941586582.0,ABM,2021-08-25,830000.0,3204218.4,0.2590335290503294,Market Model,2021-08-25,0.0115440115,0.0102560688,0.0103044789,250.0
2007095441.0,ANSS,2021-08-30,411500.0,29332748.64,0.0140286887209353,Market Model,2021-08-30,0.0112092109,-0.003819657,-0.003808104,250.0
1941583542.0,SYNA,2021-08-30,538086.0,5178214.2,0.1039134302323762,Market Model,2021-08-30,0.0742061471,0.0464882813,0.047923886,250.0
1941585324.0,PCTY,2021-09-01,60000.0,10069898.36,0.0059583520960185,Market Model,2021-09-01,0.0133125093,0.0107000796,0.0107518613,250.0
1941583647.0,THO,2021-09-01,750000.0,5984510.94,0.1253235239302612,Market Model,2021-09-01,0.0255769893,0.0267489839,0.026199074,250.0
1941568940.0,BAX,2021-09-02,1250000.0,40896953.16,0.0305646240958259,Market Model,2021-09-02,0.0888966083,0.0864904744,0.0887309155,250.0
1941584874.0,PWR,2021-09-02,3000000.0,12393433.24,0.2420636753274672,Market Model,2021-09-02,0.1361410382,0.1240924008,0.1256794049,250.0
1941585652.0,AVTR,2021-09-07,2900000.0,20467972.08,0.1416847740785075,Market Model,2021-09-07,0.0270469634,0.0291382734,0.0290000458,250.0
1941585066.0,SSTK,2021-09-07,110000.0,3644533.5,0.0301821892980267,Market Model,2021-09-07,-0.005073922,-0.007349964,-0.007467335,250.0
1941588644.0,BCML,2021-09-07,53100.0,195471.36,0.2716510490334748,Market Model,2021-09-07,0.0166570936,0.0219669861,0.0216453009,250.0
1941586019.0,BLD,2021-09-08,1001000.0,6347050.78,0.1577110432382581,Market Model,2021-09-08,0.0174632771,0.0325749721,0.0323035364,250.0
1941590096.0,GPI,2021-09-13,880000.0,2804912.09,0.3137353228064984,Market Model,2021-09-13,0.0306244117,0.041882807,0.0416854284,250.0
2007289545.0,SWK,2021-09-13,375000.0,33104860.05,0.0113276419061617,Market Model,2021-09-13,-0.032723416,-0.022957417,-0.022731376,250.0
1941583371.0,INTU,2021-09-13,12000000.0,133943364.03,0.0895901046453656,Market Model,2021-09-13,0.0009158961,0.0183077723,0.017912602,250.0
1941575290.0,FOXA,2021-09-13,50000.0,12043561.06,0.0041515960064389,Market Model,2021-09-13,-0.029152915,-0.025254663,-0.025366233,250.0
1941588028.0,MLAB,2021-09-14,300000.0,1402326.27,0.2139302432093781,Market Model,2021-09-14,0.1079437334,0.1043552218,0.1054729517,250.0
1941648206.0,FIBK,2021-09-15,1949842.0,1748109.9,1.115400124442977,Market Model,2021-09-15,-0.067158847,-0.070140677,-0.070703898,250.0
1941589161.0,HOMB,2021-09-15,919100.0,4034890.64,0.2277880820085869,Market Model,2021-09-15,0.0569827184,0.0528496046,0.0522993928,250.0
1941592219.0,GABC,2021-09-20,154000.0,954063.24,0.1614148764394276,Market Model,2021-09-20,0.023938444,0.0377660097,0.036391136,250.0
1941591776.0,MTRN,2021-09-20,380000.0,1467084.28,0.2590171574873667,Market Model,2021-09-20,-0.027781735,-0.000401747,-0.000681278,250.0
1941591362.0,SLGN,2021-09-20,485000.0,4546601.44,0.1066730845886504,Market Model,2021-09-20,-0.027232581,-0.011456178,-0.011666664,250.0
1941591807.0,USB,2021-09-21,8000000.0,84866955.66,0.0942651935348095,Market Model,2021-09-21,0.0159621119,0.0198255318,0.0193657343,250.0
1941592502.0,BBDC,2021-09-21,623700.0,697574.88,0.8940975626874638,Market Model,2021-09-21,0.0195348837,0.0196619661,0.0195833741,250.0
1941592176.0,PCOR,2021-09-22,500000.0,12378559.11,0.0403924233472436,,,,,,
1941606984.0,VLY,2021-09-23,1220000.0,5283152.84,0.2309227154594301,Market Model,2021-09-23,0.1169491525,0.0873119008,0.0907116562,250.0
1941593584.0,PRGS,2021-09-23,258000.0,1987789.65,0.1297924053483224,Market Model,2021-09-23,0.1905829596,0.1618450576,0.167390861,250.0
1941592798.0,GE,2021-09-23,1450000.0,113156682.49,0.0128140907641768,Market Model,2021-09-23,0.0729188184,0.0498352648,0.0510588568,250.0
1941584938.0,MGM,2021-09-27,1625000.0,19229011.2,0.084507725493446,Market Model,2021-09-27,0.0051511758,0.0298521488,0.02989217,250.0
1941594324.0,MRK,2021-09-30,11500000.0,192866857.86,0.0596266259926717,Market Model,2021-09-30,0.1102018549,0.1082018039,0.1102703655,250.0
1941597536.0,OPCH,2021-10-01,50000.0,3829389.72,0.0130569108019645,Market Model,2021-10-01,0.0205254516,0.0292406441,0.0293221226,250.0
1941614690.0,ZETA,2021-10-04,61934.0,985559.88,0.0628414379043107,,,,,,
1941600703.0,SWX,2021-10-05,1975000.0,4101830.72,0.4814923225305602,Market Model,2021-10-05,0.0038382049,0.0074205965,0.0044523073,250.0
1941598114.0,NWPX,2021-10-05,87400.0,280138.98,0.3119879996707349,Market Model,2021-10-05,0.0558081852,0.058421566,0.0591935795,250.0
1941599093.0,APP,2021-10-06,1050000.0,14038080.06,0.0747965530551333,,,,,,
1941600206.0,SUPN,2021-10-11,450000.0,1455110.1,0.3092549491615788,Market Model,2021-10-11,0.1193139448,0.1303900117,0.1324010665,250.0
2007117436.0,JPM,2021-10-11,114000.0,463181184.0,0.0002461239876272,Market Model,2021-10-11,-0.027808807,-0.0228831,-0.022745536,250.0
1941601134.0,VRM,2021-10-12,300000.0,5063997.68,0.0592417333018999,Market Model,2021-10-12,0.0023474178,0.0188951668,0.0179077648,250.0
2007588348.0,KOS,2021-10-13,750000.0,914027.52,0.8205442216882047,Market Model,2021-10-13,0.1128526646,0.0600981539,0.0616360765,250.0
1941603043.0,HOLX,2021-10-14,160000.0,19199105.38,0.008333721641357,Market Model,2021-10-14,-0.002291279,-0.019615575,-0.019740911,250.0
1941603514.0,OWL,2021-10-18,1600000.0,3968062.0,0.4032195061468293,Market Model,2021-10-18,0.0628571429,0.0509781945,0.0517081477,160.0
1941604370.0,CART,2021-10-19,350000.0,97051.15,3.606345725939363,,,,,,
1941603666.0,HUBG,2021-10-19,130000.0,2157376.0,0.060258387967605,Market Model,2021-10-19,0.0243031718,0.0136653167,0.013750009,250.0
1941604996.0,RJF,2021-10-20,1100000.0,18610519.74,0.0591063557260975,Market Model,2021-10-20,0.0135498655,-0.003925164,-0.004015421,250.0
1941604799.0,LFUS,2021-10-20,315000.0,6486333.33,0.0485636466666137,Market Model,2021-10-20,0.03640377,0.0179069805,0.0182237167,250.0
1941606406.0,JLL,2021-10-21,300000.0,12817514.74,0.0234054733765026,Market Model,2021-10-21,0.0451512985,0.0329807776,0.0333685902,250.0
1941608004.0,ALLY,2021-10-21,750000.0,19890742.46,0.0377059831481021,Market Model,2021-10-21,-0.072447859,-0.084303164,-0.08407952,250.0
1941605461.0,OLO,2021-10-21,187000.0,1025582.8,0.1823353511778863,Market Model,2021-10-21,0.0280164363,0.0200664047,0.0196221648,100.0
1941606712.0,KNBE,2021-10-21,80000.0,308796.48,0.2590703106460281,,,,,,
1941607413.0,CEQP,2021-10-26,1800000.0,1702128.12,1.0574997139463274,Market Model,2021-10-26,-0.024040067,-0.027674231,-0.028630808,250.0
1941610293.0,LBRT,2021-10-26,90000.0,1818550.8,0.0494899565082262,Market Model,2021-10-26,-0.091938708,-0.086456107,-0.090887683,250.0
1941607900.0,DDD,2021-10-27,400000.0,3596438.0,0.1112211582682643,Market Model,2021-10-27,-0.028213166,-0.057378304,-0.058798374,250.0
1941607895.0,PRCH,2021-10-27,86500.0,1808925.8,0.0478184345648671,Market Model,2021-10-27,0.0650188071,0.0606922527,0.055821025,250.0
1941609020.0,ITGR,2021-10-28,220000.0,3138630.0,0.0700942768022991,Market Model,2021-10-28,-0.025230103,-0.031156895,-0.03119398,250.0
2007744443.0,META,2021-10-29,400000.0,37815.5,10.577673176343032,,,,,,
2007036647.0,MANT,2021-11-01,350000.0,2182918.5,0.1603358073148402,Market Model,2021-11-01,0.0454002389,0.0390222868,0.0394008008,250.0
1941589560.0,BEN,2021-11-01,1750000.0,15457499.95,0.1132136506977637,Market Model,2021-11-01,0.2065321806,0.1835671311,0.1935166149,250.0
2007033596.0,UTZ,2021-11-02,56000.0,1378818.32,0.0406144879189014,Market Model,2021-11-02,0.0269403464,0.0167516745,0.0165505472,250.0
2007034218.0,DGII,2021-11-02,347400.0,695182.18,0.4997251224132356,Market Model,2021-11-02,0.0733178654,0.0490450052,0.0503067756,250.0
1941586088.0,SWN,2021-11-04,1850000.0,2789322.4,0.663243517493711,Market Model,2021-11-04,-0.015841584,-0.03083133,-0.031493794,250.0
1941611743.0,LITE,2021-11-04,918000.0,6306725.0,0.1455589073568294,Market Model,2021-11-04,0.0755934547,0.0583584327,0.0593029538,250.0
1941611760.0,FRME,2021-11-04,323500.0,2245639.44,0.1440569640155589,Market Model,2021-11-04,0.0087656953,-0.008556906,-0.009961886,250.0
1941636297.0,VCTR,2021-11-04,800000.0,556847.46,1.436659152580134,Market Model,2021-11-04,0.1298666667,0.1070994214,0.1083592745,250.0
1941623840.0,CMCO,2021-11-04,74000.0,1250975.95,0.059153815067348,Market Model,2021-11-04,0.0951635413,0.0772379903,0.0799300837,250.0
2007093939.0,NPO,2021-11-05,850000.0,1763686.38,0.4819450950230732,Market Model,2021-11-05,0.1343783784,0.1193588636,0.1229340562,250.0
1941612568.0,ILPT,2021-11-05,4000000.0,1746496.36,2.2902996488352256,Market Model,2021-11-05,-0.083834453,-0.093687373,-0.092095122,250.0
1941612948.0,LMND,2021-11-08,145000.0,4453994.77,0.0325550449624798,Market Model,2021-11-08,-0.118363917,-0.123834327,-0.122815925,250.0
1941627503.0,ADT,2021-11-09,825000.0,6452119.68,0.1278649561565479,Market Model,2021-11-09,-0.009955752,0.0247965909,0.0110460168,250.0
1941669549.0,QCRH,2021-11-09,151600.0,818253.41,0.1852726773237645,Market Model,2021-11-09,-0.031171862,-0.023737409,-0.023931668,250.0
1941615032.0,LZ,2021-11-10,63000.0,6787315.35,0.0092820204677833,,,,,,
1941615494.0,BKNG,2021-11-12,1200000.0,93898061.0,0.0127798166141045,Market Model,2021-11-12,-0.064118329,-0.075042913,-0.073780274,250.0
1941618583.0,KALA,2021-11-15,126123.0,226748.79,0.5562234753270348,Market Model,2021-11-15,0.033492823,0.0351323803,0.0351392418,250.0
1941616356.0,AMT,2021-11-15,10100000.0,136947375.49,0.0737509569925092,Market Model,2021-11-15,-0.049324721,-0.056598149,-0.056302647,250.0
1941675440.0,SPXC,2021-11-15,145000.0,2797871.58,0.0518251091424289,Market Model,2021-11-15,-0.014185479,-0.029797591,-0.029814111,250.0
1941616980.0,NCNO,2021-11-16,931351.0,7179107.48,0.1297307503188404,Market Model,2021-11-16,-0.021686055,-0.017593859,-0.018212958,250.0
1941617060.0,BSY,2021-11-16,700000.0,18143168.24,0.0385820155961911,Market Model,2021-11-16,0.0377457865,0.0320651306,0.0324800378,238.0
2007098316.0,AAON,2021-11-18,180000.0,3401543.64,0.05291715146127,Market Model,2021-11-18,0.0042807109,0.0094100542,0.0092975166,250.0
1941625294.0,SFNC,2021-11-19,581000.0,3016792.24,0.1925886682869483,Market Model,2021-11-19,-0.035928144,-0.030436098,-0.031488133,250.0
1941619924.0,BBY,2021-11-23,85000.0,27565185.48,0.0030835997842884,Market Model,2021-11-23,-0.142804672,-0.139908477,-0.13762561,250.0
1941620344.0,IEX,2021-11-23,120000.0,16299291.06,0.0073622833998278,Market Model,2021-11-23,0.0070386486,0.0094318057,0.0094464379,250.0
1941621472.0,DOV,2021-11-24,631000.0,24031491.19,0.0262572137122548,Market Model,2021-11-24,-0.026492325,-0.013573163,-0.013566707,250.0
2007077177.0,WLK,2021-11-24,1200000.0,11106760.5,0.1080423045045402,Market Model,2021-11-24,0.0126621056,0.0382675255,0.0374162538,250.0
1941622554.0,EPC,2021-11-29,310000.0,2000014.77,0.1549988553334533,Market Model,2021-11-29,-0.048408785,-0.028916537,-0.028740588,250.0
1941622787.0,WERN,2021-11-29,64000.0,3154082.76,0.0202911606542626,Market Model,2021-11-29,-0.031974249,-0.015261462,-0.015081505,250.0
1941622632.0,BPMC,2021-11-29,465000.0,6030779.04,0.0771044664239597,Market Model,2021-11-29,-0.077572155,-0.04228781,-0.040205622,250.0
1941622659.0,PRO,2021-11-30,90000.0,1760071.14,0.0511342967648455,Market Model,2021-11-30,-0.026330853,0.0132715513,0.0111330081,250.0
1941624091.0,SWIM,2021-11-30,90000.0,2163749.73,0.0415944592630867,Market Model,2021-11-30,0.1301903114,0.1656167533,0.1684372069,101.0
1941623994.0,EGHT,2021-12-01,250000.0,2685431.01,0.0930949255702532,Market Model,2021-12-01,-0.146587265,-0.125421575,-0.121211048,250.0
2007097429.0,FIX,2021-12-01,78800.0,2534815.1,0.031087080079332,Market Model,2021-12-01,-0.02585326,-0.001536489,-0.001572437,250.0
1941654261.0,OMCL,2021-12-02,100000.0,6725427.8,0.0148689426120967,Market Model,2021-12-02,-0.011751412,-0.008591799,-0.008431576,250.0
2007035770.0,SCVL,2021-12-03,67000.0,958397.72,0.0699083466100065,Market Model,2021-12-03,0.0318049298,0.0070436646,0.0073158117,250.0
1941625933.0,JACK,2021-12-06,585000.0,2210327.28,0.2646666877314205,Market Model,2021-12-06,0.0245162841,0.0074955624,0.0053466288,250.0
1941627487.0,ABG,2021-12-07,300000.0,3791416.23,0.0791261053392705,Market Model,2021-12-07,0.0127067849,-0.037365904,-0.039335158,250.0
1941626259.0,CMC,2021-12-07,550000.0,3734579.39,0.1472722742145267,Market Model,2021-12-07,0.0380383527,-0.011983938,-0.012401928,250.0
2007161118.0,MTN,2021-12-08,118000.0,13852594.68,0.0085182597719664,Market Model,2021-12-08,-0.004973357,-0.022425324,-0.022758999,250.0
2007140140.0,XMTR,2021-12-08,300000.0,2364602.25,0.1268712317261814,,,,,,
1941627108.0,ALRS,2021-12-08,85300.0,520390.75,0.163915288655688,Market Model,2021-12-08,-0.043367347,-0.065121949,-0.065002771,250.0
1941629839.0,PFE,2021-12-13,6700000.0,241143650.88,0.0277842687358752,Market Model,2021-12-13,0.0664362519,0.0669343739,0.0679295416,250.0
1941630653.0,RUSHA,2021-12-13,205000.0,1942692.88,0.1055236275947024,Market Model,2021-12-13,-0.031634129,-0.022054851,-0.021831798,250.0
1941697528.0,R,2021-12-13,480000.0,4447647.54,0.1079222208331733,Market Model,2021-12-13,-0.005172414,0.0037319869,0.0032302083,250.0
1941628727.0,HAIN,2021-12-13,259000.0,4045961.28,0.0640144534452885,Market Model,2021-12-13,0.0500384911,0.0533630446,0.0538447761,250.0
1941439931.0,NEOG,2021-12-14,5341000.0,4659821.55,1.146181230910012,Market Model,2021-12-14,0.0654228856,0.0689282148,0.0679099455,250.0
1941630301.0,UIS,2021-12-14,87300.0,1745016.0,0.0500281945838892,Market Model,2021-12-14,0.0103252452,0.0052054143,0.0049515599,250.0
1941670670.0,HBCP,2021-12-15,66600.0,330948.09,0.2012400192428969,Market Model,2021-12-15,0.0049455984,0.0063148155,0.005276446,250.0
1941629864.0,ENTG,2021-12-15,5700000.0,16282968.3,0.3500590245575802,Market Model,2021-12-15,-0.062201293,-0.057499748,-0.057042083,250.0
2007043386.0,DCO,2021-12-16,69500.0,602436.8,0.1153647984319682,Market Model,2021-12-16,0.0245454545,0.0281147551,0.0283196411,250.0
1941631113.0,STEM,2021-12-16,695000.0,2672293.75,0.2600761985840815,Market Model,2021-12-16,0.0706150342,0.0664955324,0.0697530785,248.0
1941631824.0,ML,2021-12-16,440000.0,1351530.6,0.3255568168415868,Market Model,2021-12-16,0.0830945559,0.0902608254,0.0905428145,250.0
1941592876.0,BX,2021-12-20,3600000.0,79865042.07,0.0450760421167083,Market Model,2021-12-20,-0.004115226,-0.010826135,-0.011357815,250.0
1941430706.0,MSFT,2021-12-21,1000000.0,2213703430.45,0.000451731693706,Market Model,2021-12-21,0.0290302656,0.0093582219,0.0094805314,250.0
1941633471.0,UFPT,2021-12-21,95000.0,483942.06,0.1963044914922253,Market Model,2021-12-21,-0.007477195,-0.026142474,-0.026668607,250.0
1941453409.0,ZNTE,2021-12-21,2200000.0,232760.0,9.45179584120983,Market Model,2021-12-21,0.000984252,-0.008767961,-0.008692259,189.0
1941631430.0,SON,2021-12-21,1350000.0,5977176.75,0.2258591399359237,Market Model,2021-12-21,-0.057079571,-0.068347116,-0.06896222,250.0
1941632811.0,CROX,2021-12-23,2500000.0,8000535.0,0.3124791029599895,Market Model,2021-12-23,-0.079896351,-0.123408922,-0.128741433,250.0
1941633530.0,LH,2021-12-23,575000.0,26493866.0,0.0217031368694927,Market Model,2021-12-23,0.0139462639,-0.001783015,-0.001942597,250.0
2007245871.0,BHR,2021-12-27,193000.0,283953.33,0.6796891587783105,Market Model,2021-12-27,0.0161616162,-0.013636753,-0.014443462,250.0
1941698313.0,NWSA,2021-12-27,295000.0,9310785.94,0.0316836840521327,Market Model,2021-12-27,0.0399265718,0.0189901079,0.0193109644,250.0
1941633615.0,FDS,2021-12-27,1925000.0,15479599.4,0.1243572233529505,Market Model,2021-12-27,0.0215738433,0.0100212455,0.0101295275,250.0
1941633732.0,DAR,2021-12-28,1100000.0,12014249.1,0.091557948469705,Market Model,2021-12-28,0.0513178295,0.0322374092,0.0329522329,250.0
1941644723.0,CACI,2021-12-29,225000.0,6649739.1,0.033835913953376,Market Model,2021-12-29,0.0101305718,0.0100892178,0.0100773282,250.0
1941636350.0,STRL,2021-12-30,215000.0,654790.5,0.3283492964543621,Market Model,2021-12-30,-0.013503376,-0.00837982,-0.008621475,250.0
1941635826.0,DRVN,2021-12-30,170000.0,5004990.0,0.0339661018303732,Market Model,2021-12-30,0.0181708056,0.021441653,0.021525922,189.0
1941636355.0,SMG,2021-12-30,215000.0,8274730.29,0.0259827199757588,Market Model,2021-12-30,0.0035529514,0.0118147918,0.0115507728,250.0
1941636780.0,SNDR,2021-12-31,262600.0,2277623.75,0.1152956013915819,Market Model,2021-12-31,-0.02103321,-0.022070594,-0.021968949,250.0
1941635255.0,BLKB,2022-01-03,750000.0,3553568.25,0.2110554651651899,Market Model,2022-01-03,-0.024975025,-0.02662879,-0.026532377,250.0
1941646878.0,RPAY,2022-01-03,115000.0,1982851.35,0.0579972875929403,Market Model,2022-01-03,0.0282365477,0.0328843821,0.0305911349,250.0
1941634704.0,GOOGL,2022-01-04,500000.0,853614553.2,0.0005857444652573,Market Model,2022-01-04,-0.048856764,-0.029819072,-0.029463589,250.0
1941688269.0,EEX,2022-01-04,170000.0,296350.08,0.5736458718013506,Market Model,2022-01-04,-0.020151134,0.0063394883,0.0044215148,250.0
1941636334.0,NYT,2022-01-06,550000.0,9148287.0,0.0601205449719712,Market Model,2022-01-06,-0.09416755,-0.07520974,-0.078215704,250.0
1941643398.0,SYK,2022-01-06,3090000.0,102966062.8,0.0300098878792906,Market Model,2022-01-06,-0.051121431,-0.025143038,-0.024535788,250.0
1941647454.0,AYX,2022-01-06,400000.0,4384418.22,0.0912321726461578,Market Model,2022-01-06,-0.032118489,0.0209495559,0.0188542519,250.0
1941638557.0,EXAS,2022-01-09,190000.0,16220123.31,0.0117138443628761,Market Model,2022-01-10,0.064075067,0.0665738255,0.0662628104,250.0
1941637789.0,TTWO,2022-01-10,12700000.0,20858923.0,0.6088521444755322,Market Model,2022-01-10,-0.098353684,-0.095329289,-0.100268765,250.0
1941636978.0,EPD,2022-01-10,3250000.0,52165068.34,0.0623022283574372,Market Model,2022-01-10,0.0279329609,0.0218623591,0.0221287551,250.0
1941639211.0,ACH,2022-01-10,1600000.0,84359.88,18.96636173498587,Market Model,2022-01-10,0.1690566038,0.1450096744,0.1523957181,250.0
1941637547.0,CNVY,2022-01-10,92500.0,542486.59,0.1705111272888791,,,,,,
1941637219.0,CIVB,2022-01-10,50200.0,361621.8,0.1388190645586079,Market Model,2022-01-10,-0.04643841,-0.055073427,-0.054769925,250.0
1941637878.0,PLNT,2022-01-11,800000.0,6585394.96,0.1214809445537037,Market Model,2022-01-11,0.0149024764,0.003981587,0.002379401,250.0
1941639487.0,MNST,2022-01-13,330000.0,45220218.94,0.0072976205718476,Market Model,2022-01-13,-0.049376189,-0.036408723,-0.03632684,250.0
1941640089.0,TTC,2022-01-14,400000.0,10334745.05,0.0387043897130292,Market Model,2022-01-14,-0.000100827,0.0285320217,0.0283091088,250.0
2007003343.0,AFG,2022-01-18,120000.0,12288605.0,0.0097651442128703,Market Model,2022-01-18,-0.036810269,-0.011768708,-0.011543696,250.0
1941642241.0,RILY,2022-01-18,175000.0,2144394.6,0.0816081144766919,Market Model,2022-01-18,-0.211615803,-0.202981391,-0.18794274,250.0
1941646552.0,BFC,2022-01-19,119000.0,556337.6,0.2138988987981398,Market Model,2022-01-19,-0.005583473,0.0257256349,0.0252300183,250.0
1941647006.0,CW,2022-01-21,240000.0,5505030.6,0.0435964879105304,Market Model,2022-01-21,0.0094353317,0.0458813227,0.0456198471,250.0
1941644963.0,CLR,2022-01-25,403000.0,17451416.44,0.0230926814098764,Market Model,2022-01-25,0.1083212285,0.1081348698,0.1096067591,250.0
1941646023.0,BL,2022-01-26,240000.0,7392289.65,0.0324662603013668,Market Model,2022-01-26,-0.068156172,-0.033348394,-0.032837061,250.0
1941646144.0,NOTV,2022-01-27,51300.0,884967.05,0.0579682599482093,Market Model,2022-01-27,0.0290502793,-0.004110489,-0.005529459,250.0
2007101293.0,PLUG,2022-01-31,160000.0,24846707.16,0.0064394850782311,Market Model,2022-01-31,0.2541073384,0.0660680843,0.0703788159,250.0
1941659990.0,CIVI,2022-02-01,294600.0,1708109.13,0.1724714158046799,Market Model,2022-02-01,0.0448354143,-0.001771376,-0.00196259,250.0
2007103251.0,SPB,2022-02-03,450000.0,4468632.08,0.1007019579915829,Market Model,2022-02-03,-0.013004335,-0.005661843,-0.005774567,250.0
1941649864.0,J,2022-02-04,209000.0,19100122.98,0.0109423379220566,Market Model,2022-02-04,-0.027047561,-0.009471793,-0.009160883,250.0
1941650452.0,REZI,2022-02-07,593000.0,3980892.63,0.1489615659390442,Market Model,2022-02-07,0.0202531646,-0.0131243,-0.013503218,250.0
1941651024.0,CARS,2022-02-08,128000.0,917924.15,0.1394450728853794,Market Model,2022-02-08,0.0495436767,-0.000541687,-0.000744184,250.0
1941652629.0,CMI,2022-02-09,325000.0,31547585.76,0.0103018976625487,Market Model,2022-02-09,-0.014655249,-0.020107794,-0.019978712,250.0
1941650992.0,RSG,2022-02-09,2200000.0,42985642.3,0.0511798796594927,Market Model,2022-02-09,-0.005457997,-0.01280801,-0.012881568,250.0
1941651459.0,CVLG,2022-02-09,55000.0,385349.76,0.1427274795759571,Market Model,2022-02-09,0.0454545455,0.0339734411,0.0345961347,250.0
1941651632.0,SGFY,2022-02-10,300000.0,2253282.3,0.1331391099996658,Market Model,2022-02-10,0.041221374,0.0882296669,0.0882187133,200.0
1941652885.0,ZWS,2022-02-14,1563975.0,4155024.0,0.3764057680533253,Market Model,2022-02-14,0.1553142481,0.1542576137,0.157610673,250.0
1941652485.0,COLL,2022-02-14,553257.0,604957.5,0.9145386246141258,Market Model,2022-02-14,0.2376630743,0.2292258836,0.2414808629,250.0
1941654163.0,AKAM,2022-02-15,900000.0,18027156.0,0.0499246802989889,Market Model,2022-02-15,-0.056505309,-0.065139744,-0.065070253,250.0
1941654511.0,MASI,2022-02-15,1025000.0,15546649.66,0.0659306038546185,Market Model,2022-02-15,-0.375946683,-0.390313017,-0.387218069,250.0
1941654409.0,EQ,2022-02-16,330298.0,143428.08,2.3028823923460457,Market Model,2022-02-16,0.1143617021,0.1196776259,0.1242519408,250.0
1941348676.0,ARES,2022-02-17,3800000.0,13524773.66,0.2809658849403621,Market Model,2022-02-17,-0.047884187,-0.017924903,-0.018293496,250.0
1941656482.0,CHDN,2022-02-22,2750000.0,9110529.31,0.3018485431995168,Market Model,2022-02-22,-0.042101491,0.0166510568,0.0160294233,250.0
1941656738.0,NET,2022-02-23,162000.0,41137226.6,0.0039380389343019,Market Model,2022-02-23,0.1304892041,0.1605846537,0.1537088121,250.0
1941657541.0,PATK,2022-02-24,72539.0,1747705.28,0.0415052817143174,Market Model,2022-02-24,0.0335285505,0.0110355436,0.010787559,250.0
1941657365.0,VRSK,2022-02-24,250000.0,36528752.26,0.0068439238827699,Market Model,2022-02-24,-0.037009225,-0.051278735,-0.051600811,250.0
1941656849.0,CVX,2022-02-28,2750000.0,224035666.92,0.0122748312257886,Market Model,2022-02-28,0.1102706711,0.0985746689,0.1025648512,250.0
1941658396.0,PDCE,2022-02-28,1300000.0,4667471.33,0.27852340337782,Market Model,2022-02-28,0.1912655971,0.1636578566,0.171770932,250.0
1941659072.0,TRS,2022-02-28,65000.0,1421138.12,0.0457379892110697,Market Model,2022-02-28,-0.036409291,-0.041259294,-0.042341243,250.0
1941657982.0,HR,2022-02-28,8005809.0,4592982.46,1.7430523782143943,Market Model,2022-02-28,-0.106323729,-0.108967603,-0.110027585,250.0
1941660548.0,FOUR,2022-02-28,300000.0,2703874.56,0.1109518926795183,Market Model,2022-02-28,-0.090536585,-0.096830581,-0.098424979,250.0
1941569849.0,TCBK,2022-03-01,164700.0,1263184.65,0.1303847382882621,Market Model,2022-03-01,-0.012485812,-0.014089867,-0.015654837,250.0
2007244438.0,XHR,2022-03-01,328700.0,1898153.58,0.173168284939304,Market Model,2022-03-01,0.0128686327,0.0123371366,0.0108491726,250.0
1941660160.0,ALE,2022-03-02,165500.0,3401934.12,0.0486487962912109,Market Model,2022-03-02,0.0181124881,0.0227342785,0.0225562801,250.0
1941684158.0,FULT,2022-03-02,136096.0,2645385.6,0.0514465641606274,Market Model,2022-03-02,-0.015538291,-0.010182752,-0.010700307,250.0
1941661050.0,AZZ,2022-03-07,1280000.0,1326704.4,0.964796679652227,Market Model,2022-03-07,-0.017051153,0.0265129156,0.0259652668,250.0
2007336350.0,HPK,2022-03-07,201000.0,1411960.68,0.1423552389575041,Market Model,2022-03-07,0.1679069767,0.2198076326,0.226855327,250.0
1941661340.0,GDRX,2022-03-07,157000.0,2891409.34,0.0542987801236057,Market Model,2022-03-07,-0.093567251,-0.010450027,-0.017720286,250.0
1941694821.0,KTOS,2022-03-09,80000.0,2459902.08,0.032521619722359,Market Model,2022-03-09,-0.052098408,-0.071710129,-0.071119974,250.0
1941664279.0,S,2022-03-15,595745.0,1905600.99,0.3126284060127404,Market Model,2022-03-15,0.065025828,-0.014538903,-0.027877659,126.0
1941665280.0,BAH,2022-03-16,440000.0,11353126.63,0.0387558435961882,Market Model,2022-03-16,0.021679243,-0.013900195,-0.014470077,250.0
1941665684.0,AB,2022-03-17,750000.0,4806422.88,0.1560412012685825,Market Model,2022-03-17,0.0870478413,0.0225896464,0.0235087919,250.0
1941670610.0,HPQ,2022-03-28,3300000.0,42215369.77,0.0781705814251831,Market Model,2022-03-28,0.0308850247,0.0024132406,0.0013770397,250.0
1941675733.0,USDP,2022-03-28,107488.0,156816.0,0.685440261197837,Market Model,2022-03-28,0.0626118068,0.0362074581,0.0371548051,250.0
1941671216.0,UNH,2022-03-29,5386043.0,440249412.93,0.0122340719642399,Market Model,2022-03-29,0.0151842972,0.005671596,0.0055852222,250.0
1941671819.0,SBCF,2022-03-29,146000.0,2238363.04,0.0652262378313752,Market Model,2022-03-29,-0.005833333,-0.019073828,-0.01924526,250.0
1941673776.0,NBHC,2022-04-01,230232.0,1362198.08,0.169015067177308,Market Model,2022-04-01,-0.003919647,-0.005232523,-0.005340394,250.0
1941673886.0,MORN,2022-04-03,650000.0,12300661.76,0.0528426854328852,Market Model,2022-04-04,0.0298349013,0.0310198897,0.0311747026,250.0
1941673995.0,AMD,2022-04-04,1900000.0,147121230.0,0.0129145195428287,Market Model,2022-04-04,-0.023047375,-0.02070885,-0.020734211,250.0
1941521428.0,RVAC,2022-04-04,931300.0,243625.0,3.82267829656234,,,,,,
1941675180.0,PLAY,2022-04-06,835000.0,1714174.2,0.4871150201653951,Market Model,2022-04-06,-0.113340448,-0.077273818,-0.074605257,250.0
1941678096.0,HALO,2022-04-13,960000.0,4758805.78,0.2017312839356936,Market Model,2022-04-13,0.0215079749,0.0302834192,0.0306886683,250.0
1941679354.0,WY,2022-04-14,265000.0,30362839.63,0.0087277739246156,Market Model,2022-04-14,0.0060636685,0.0057730631,0.0059224201,250.0
1941679390.0,DHI,2022-04-14,291000.0,31860390.45,0.0091335980472894,Market Model,2022-04-14,-0.004325984,-0.002795062,-0.003374813,250.0
1941679441.0,SBOW,2022-04-14,369000.0,384153.3,0.9605540288213064,Market Model,2022-04-14,0.0716069942,0.0585533972,0.0557105668,250.0
1941604893.0,TTMI,2022-04-18,330000.0,1419437.43,0.2324864717707211,Market Model,2022-04-18,0.0461876833,0.0457693802,0.0457170918,250.0
1941679424.0,REGN,2022-04-19,250000.0,66237554.04,0.0037742939579113,Market Model,2022-04-19,-0.018280538,-0.028344368,-0.028308789,250.0
1941588378.0,AVNT,2022-04-20,1387066.38,4416270.57,0.3140809327721964,Market Model,2022-04-20,0.1374143836,0.1378344291,0.139636865,250.0
1941682803.0,GRC,2022-04-27,525000.0,960951.06,0.5463337539791048,Market Model,2022-04-27,-0.042989036,-0.041035856,-0.041136883,250.0
1941682785.0,SNPS,2022-04-27,330000.0,45208308.42,0.007299543193127,Market Model,2022-04-27,0.0376048398,0.0460695114,0.0470283618,250.0
1941718303.0,DENN,2022-05-03,82500.0,959278.2,0.0860021628762125,Market Model,2022-05-03,-0.117784711,-0.157694745,-0.161727356,250.0
1941685314.0,UTI,2022-05-03,50000.0,288256.56,0.1734565901986758,Market Model,2022-05-03,0.0579150579,0.0291164684,0.0287057698,250.0
1941685942.0,CNMD,2022-05-04,255000.0,4077031.8,0.0625455018525977,Market Model,2022-05-04,-0.082736497,-0.074695742,-0.077980429,250.0
1941685687.0,ICE,2022-05-04,13100000.0,69225449.48,0.1892367633349168,Market Model,2022-05-04,-0.104423687,-0.10480383,-0.102276744,250.0
1941693718.0,OPK,2022-05-09,300000.0,2201325.75,0.1362815112665628,Market Model,2022-05-09,0.0693430657,0.156855523,0.1372005612,250.0
1941687946.0,CNXC,2022-05-09,111000.0,10017327.46,0.0110807997884896,Market Model,2022-05-09,-0.008542409,0.0290478094,0.0284537145,250.0
1941690114.0,XXII,2022-05-13,56153.0,373128.02,0.150492584287827,Market Model,2022-05-13,0.2066666667,0.1353469428,0.1486075139,250.0
2007110212.0,VRTX,2022-05-23,60000.0,61589813.61,0.000974187068984,Market Model,2022-05-23,0.0510080251,0.047033844,0.0475571022,250.0
1941693551.0,SIRI,2022-05-23,150000.0,24556105.94,0.0061084603709768,Market Model,2022-05-23,0.0164203612,0.0127973785,0.0128545874,250.0
1941693738.0,PSN,2022-05-23,400000.0,3790065.52,0.1055390725804655,Market Model,2022-05-23,0.031834683,0.0287132077,0.0284555862,250.0
2007388059.0,ACA,2022-05-23,75000.0,2792990.7,0.0268529358153609,Market Model,2022-05-23,-0.036775632,-0.04119687,-0.040658958,250.0
1941694345.0,BRKL,2022-05-24,317787.0,1278730.8,0.2485175143978701,Market Model,2022-05-24,-0.041412084,-0.053008381,-0.053712284,250.0
2007035727.0,WHG,2022-05-26,60000.0,122061.87,0.4915539963462791,Market Model,2022-05-26,0.0780802292,0.0473599242,0.0481550049,250.0
1941702266.0,EGP,2022-05-26,415074.0,7856697.03,0.0528305976945632,Market Model,2022-05-26,0.0553451043,0.0096762163,0.0096827332,250.0
1941697068.0,MBCN,2022-05-26,64400.0,149704.8,0.4301799274305166,Market Model,2022-05-26,-0.001015228,-0.021640291,-0.021959235,250.0
1941693033.0,AVGO,2022-05-26,69000000.0,242012645.56,0.285109068744482,Market Model,2022-05-26,0.1127050744,0.0250904528,0.0263029341,250.0
1941698700.0,HTLD,2022-05-31,170000.0,1170961.97,0.145179778981208,Market Model,2022-05-31,0.0049191848,0.0016917163,0.0018018249,250.0
2007029740.0,CMAX,2022-06-01,135000.0,740006.96,0.1824307165975844,Market Model,2022-06-01,0.2721649485,0.257138707,0.2683181241,250.0
1941741453.0,EXR,2022-06-01,180392.0,26037115.24,0.0069282636857891,Market Model,2022-06-01,-0.001110926,-0.009555513,-0.009580304,250.0
1941699508.0,WOR,2022-06-02,80000.0,3131931.66,0.0255433415172283,Market Model,2022-06-02,0.0030017153,0.0080063946,0.0073125497,250.0
1941698817.0,HAYW,2022-06-02,55000.0,4082252.02,0.0134729555477077,Market Model,2022-06-02,0.0496732026,0.0534078662,0.0546746635,250.0
1941698920.0,BMY,2022-06-03,4100000.0,157195258.9,0.0260822115672599,Market Model,2022-06-03,0.00386873,0.0004101891,0.0004256497,250.0
1941698725.0,BDX,2022-06-06,1525000.0,74601458.87,0.0204419594884525,Market Model,2022-06-06,0.0167139704,0.0158489729,0.0156552163,250.0
1941702316.0,CHH,2022-06-13,673155.0,7991662.14,0.0842321644993866,Market Model,2022-06-13,-0.027481281,0.0465105153,0.0444970866,250.0
1941729882.0,CSOD,2022-06-13,200000.0,3298315.14,0.0606370196633181,,,,,,
1941705401.0,MDLZ,2022-06-20,2900000.0,87464941.2,0.0331561418805367,Market Model,2022-06-21,0.0284934312,0.0194191889,0.019623999,250.0
1941706111.0,FBNC,2022-06-21,181100.0,1431302.4,0.1265281187259939,Market Model,2022-06-21,0.0276226859,0.0059146929,0.0059030403,250.0
1941727877.0,ONEW,2022-06-22,125000.0,437327.29,0.285827120461657,Market Model,2022-06-22,0.1066411239,0.0555537481,0.0586059053,250.0
1941708056.0,PRIM,2022-06-27,470000.0,1391338.8,0.3378041351251039,Market Model,2022-06-27,0.0321557971,0.0308212087,0.0278753833,250.0
1941708895.0,ESTE,2022-06-28,627000.0,1024014.97,0.6122957362625275,Market Model,2022-06-28,0.1051073279,0.1318281672,0.1244140685,250.0
1941711492.0,REI,2022-07-05,432580.0,471909.03,0.916659721472166,Market Model,2022-07-05,-0.116541353,-0.149240289,-0.14619344,250.0
1941711571.0,UFS,2022-07-06,2700000.0,2761687.56,0.9776630923448848,,,,,,
1941722014.0,HUBB,2022-07-08,128000.0,10261470.64,0.0124738455617702,Market Model,2022-07-08,0.0107632629,0.0078014542,0.007854936,250.0
1941716626.0,CCF,2022-07-18,250000.0,815943.73,0.3063936774169464,Market Model,2022-07-18,0.0131060079,-0.010180882,-0.011587497,250.0
2007094759.0,RARE,2022-07-18,105000.0,4997897.1,0.0210088358962012,Market Model,2022-07-18,-0.180888958,-0.224499338,-0.217452439,250.0
2007426122.0,KMI,2022-07-19,355000.0,43716879.44,0.0081204332181858,Market Model,2022-07-19,0.0334128878,0.016767863,0.0169984598,250.0
1941718384.0,SONG,2022-07-20,283032.0,223357.5,1.2671703435076056,,,,,,
2007418227.0,AN,2022-07-21,85000.0,7221801.5,0.0117699164121306,Market Model,2022-07-21,-0.056951829,-0.06588655,-0.065818393,250.0
1941711252.0,AMZN,2022-07-21,3900000.0,1167741324.0,0.003339780754389,Market Model,2022-07-21,0.0356145842,0.0289892159,0.0288950166,250.0
1941719996.0,DNA,2022-07-24,300000.0,2603901.37,0.1152117370712854,Market Model,2022-07-25,-0.184375,-0.135263427,-0.124019681,250.0
1941720075.0,MTZ,2022-07-25,1100000.0,5770020.16,0.1906405817479847,Market Model,2022-07-25,-0.021427597,0.0075309732,0.0046701551,250.0
1941719605.0,CDNS,2022-07-25,500000.0,38928898.03,0.0128439289397475,Market Model,2022-07-25,0.0118518519,0.0446558332,0.0443216343,250.0
1941721888.0,FBMS,2022-07-27,207000.0,640013.88,0.3234304856013435,Market Model,2022-07-27,-0.032498307,-0.045319352,-0.047640653,250.0
1941724116.0,NGVT,2022-07-31,325000.0,2640757.71,0.1230707379057505,Market Model,2022-08-01,-0.014479773,-0.018990734,-0.018873795,250.0
1941723279.0,GPN,2022-08-01,4000000.0,34925999.16,0.1145278616561703,Market Model,2022-08-01,0.0321606399,0.0289502769,0.0284695709,250.0
1941724065.0,BWA,2022-08-03,185000.0,9325350.78,0.019838395827079,Market Model,2022-08-03,-0.007503234,-0.016202759,-0.016811165,250.0
1941725334.0,AMGN,2022-08-04,3700000.0,132214500.0,0.0279848276853143,Market Model,2022-08-04,0.0095937026,0.0039099694,0.0038627359,250.0
1941725968.0,WHR,2022-08-08,3000000.0,9816354.42,0.3056124373308844,Market Model,2022-08-08,-0.055469587,-0.047387351,-0.046750185,250.0
2007158966.0,EVRG,2022-08-09,250000.0,15942604.48,0.0156812521011623,Market Model,2022-08-09,0.0256523662,0.0191334899,0.0193020746,250.0
1941727336.0,DVN,2022-08-09,1800000.0,47782548.0,0.0376706574961218,Market Model,2022-08-09,0.0600176523,0.0251592323,0.0262134862,250.0
1941727333.0,SFT,2022-08-09,120958.0,81496.69,1.484207518121288,Market Model,2022-08-09,-0.071428571,-0.077105025,-0.092326721,250.0
1941727930.0,CTLT,2022-08-09,475000.0,17319886.32,0.0274251222683544,Market Model,2022-08-09,0.0206222865,0.0032311243,0.0025163411,250.0
2007115391.0,SAFE,2022-08-11,50328.0,2822077.52,0.0178336702813181,Market Model,2022-08-11,0.0994277539,0.0560820876,0.0587227617,250.0
1941730172.0,NVTS,2022-08-15,271313.0,956131.43,0.2837611979767258,Market Model,2022-08-15,0.447761194,0.3554318954,0.3983259614,250.0
1941733528.0,TOWN,2022-08-18,56000.0,2123540.8,0.0263710497109356,Market Model,2022-08-18,-0.025016036,-0.010150715,-0.010065546,250.0
1941731686.0,DORM,2022-08-18,590000.0,3296379.36,0.1789842538026327,Market Model,2022-08-18,-0.001772884,0.0108245935,0.0105679246,250.0
2007006338.0,TFX,2022-08-22,300000.0,13193439.0,0.022738574832536,Market Model,2022-08-22,-0.064208596,-0.033541791,-0.032451092,250.0
1941732931.0,EBAY,2022-08-22,295000.0,26693266.56,0.0110514761966996,Market Model,2022-08-22,-0.064070869,-0.026725083,-0.026094671,250.0
1941733467.0,ROCK,2022-08-23,54000.0,1518315.9,0.0355657212046584,Market Model,2022-08-23,-0.018296667,0.0089555413,0.0086599707,250.0
2007091949.0,HBT,2022-08-23,120482.0,510727.2,0.2359028459811813,Market Model,2022-08-23,-0.028027499,-0.01924299,-0.018956643,250.0
1941735842.0,FCF,2022-08-30,131373.0,1227064.17,0.1070628604533371,Market Model,2022-08-30,-0.067128028,-0.051294045,-0.050304892,250.0
1941736488.0,HPP,2022-08-31,360000.0,2342925.0,0.1536540862383559,Market Model,2022-08-31,-0.045824095,-0.024938071,-0.024423466,250.0
1941738875.0,WMB,2022-08-31,423000.0,36223676.88,0.011677445152829,Market Model,2022-08-31,-0.047105562,-0.042070921,-0.041399219,250.0
1941737803.0,EQT,2022-09-06,4610663.0,12246423.04,0.3764905870832958,Market Model,2022-09-06,-0.006694019,-0.019097635,-0.019999162,250.0
2007041993.0,CHD,2022-09-06,630000.0,22012046.57,0.0286206917651455,Market Model,2022-09-06,-0.039123262,-0.040739123,-0.04124721,250.0
1941739338.0,XL,2022-09-09,600000.0,171954.31,3.4892989887837067,Market Model,2022-09-09,0.119266055,0.0610767207,0.0632806933,250.0
1941740492.0,AM,2022-09-12,205000.0,4420757.88,0.0463721392495713,Market Model,2022-09-12,0.0224032587,0.0357938946,0.0355109602,250.0
1941742344.0,OXM,2022-09-19,270000.0,1421026.09,0.1900035487736893,Market Model,2022-09-19,0.0736652399,0.0863080578,0.0862905248,250.0
1941742106.0,HEES,2022-09-19,130000.0,1018627.2,0.1276227455932847,Market Model,2022-09-19,0.0045146727,0.0231648538,0.0220097301,250.0
1941741507.0,MCK,2022-09-19,875000.0,46698506.25,0.0187372160324721,Market Model,2022-09-19,0.0133130022,0.0126712492,0.0125894705,250.0
1941742077.0,SMBC,2022-09-20,140000.0,420474.39,0.3329572581102977,Market Model,2022-09-20,-0.000944287,0.0059560781,0.0059061991,250.0
1941743177.0,TALO,2022-09-22,1100000.0,1115873.2,0.9857750862732432,Market Model,2022-09-22,-0.203148807,-0.173216601,-0.159463517,250.0
1941745427.0,PFS,2022-09-27,1300000.0,1695958.64,0.7665281271246096,Market Model,2022-09-27,-0.140832976,-0.150411826,-0.14800217,250.0
2007008382.0,NOG,2022-09-30,180000.0,2101910.94,0.0856363590742812,Market Model,2022-09-30,0.0694896851,0.0727647988,0.0725918067,250.0
2007030334.0,AME,2022-09-30,190300.0,26282176.2,0.0072406485122034,Market Model,2022-09-30,0.0278943687,0.0370721202,0.0371070043,250.0
2007078885.0,LHX,2022-10-01,1960000.0,43221358.75,0.0453479496407548,Market Model,2022-10-03,0.0705517077,0.057372239,0.0582195005,250.0
2008151021.0,IR,2022-10-03,105000.0,18250612.8,0.0057532314750549,Market Model,2022-10-03,0.077363241,0.0289693158,0.0299413288,250.0
2007006855.0,BXC,2022-10-03,67000.0,733042.2,0.091399922132723,Market Model,2022-10-03,0.2180955497,0.11009308,0.1196891223,250.0
2007012350.0,FANG,2022-10-11,1597217.0,21839690.72,0.0731336821788106,Market Model,2022-10-11,-0.008846451,-0.000512501,-0.000705407,250.0
1941527995.0,CCO,2022-10-11,7875000.0,736701.05,10.689546322758735,Market Model,2022-10-11,0.0384615385,0.0715768787,0.0715886045,250.0
2007064335.0,PB,2022-10-11,336280.0,6829764.38,0.0492374233267473,Market Model,2022-10-11,0.0112602858,0.0206428625,0.0203243133,250.0
2007012868.0,LECO,2022-10-14,427000.0,8083754.83,0.0528219879226594,Market Model,2022-10-14,0.0320973538,0.012167327,0.0121484276,250.0
2007015124.0,PGTI,2022-10-17,185000.0,1357165.35,0.1363135302562801,Market Model,2022-10-17,2.220446e-16,-0.01292193,-0.014425255,250.0
2007094238.0,CTO,2022-10-17,93900.0,387947.29,0.2420431909706084,Market Model,2022-10-17,0.0357535754,0.024895581,0.0246889008,250.0
2007013190.0,ESAB,2022-10-17,127000.0,2660106.54,0.0477424486915475,,,,,,
2007015012.0,CHCO,2022-10-18,62100.0,1285254.6,0.0483172750364013,Market Model,2022-10-18,0.063042779,0.0474746855,0.0480672203,250.0
2007014771.0,LLY,2022-10-18,610000.0,286302211.2,0.0021306157484542,Market Model,2022-10-18,-0.006336944,-0.024984938,-0.025173144,250.0
2007135499.0,CZFS,2022-10-18,67400.0,293383.0,0.229733829158472,,,,,,
2007095552.0,PARR,2022-10-20,310000.0,1086368.4,0.2853543972744421,Market Model,2022-10-20,0.1770726714,0.1596534117,0.1673546412,250.0
2007018175.0,PEBO,2022-10-25,211844.0,891921.44,0.2375141918328591,Market Model,2022-10-25,-0.045904888,-0.056491782,-0.058465804,250.0
2007020969.0,VSH,2022-10-28,107500.0,2757253.4,0.0389880741465401,Market Model,2022-10-28,0.0145560408,0.0028741729,0.0026815835,250.0
2007106686.0,WTTR,2022-11-01,101380.0,683833.67,0.1482524251840363,Market Model,2022-11-01,0.0054704595,0.025376439,0.0228239306,250.0
2007022204.0,MYGN,2022-11-01,100000.0,2004586.1,0.0498856098024425,Market Model,2022-11-01,-0.218600192,-0.177543966,-0.166231617,250.0
2007022869.0,JNJ,2022-11-01,18191131.0,445522672.62,0.0408309882256335,Market Model,2022-11-01,-0.02539029,-0.017103589,-0.016937397,250.0
2007029467.0,VOYA,2022-11-01,570000.0,6645462.0,0.0857728176009433,Market Model,2022-11-01,-0.024084075,0.0076782752,0.0074624889,250.0
2007022761.0,NX,2022-11-01,92000.0,841612.68,0.1093139423707351,Market Model,2022-11-01,-0.050763702,-0.023030017,-0.023015623,250.0
2007022979.0,VSCO,2022-11-01,700000.0,3310698.15,0.2114357661993438,Market Model,2022-11-01,-0.023846553,0.0328987733,0.0312030582,250.0
2007485560.0,HST,2022-11-02,315000.0,13154031.2,0.0239470315381341,Market Model,2022-11-02,-0.100105932,-0.061546346,-0.059270908,250.0
2007023403.0,MRO,2022-11-02,3000000.0,17444583.15,0.1719731548873382,Market Model,2022-11-02,0.0318555008,0.0560779279,0.0541507375,250.0
2007030429.0,LPLA,2022-11-03,140000.0,17771958.3,0.00787757869092,Market Model,2022-11-03,0.0278002387,0.0517407024,0.0522426189,250.0
2007061060.0,KRP,2022-11-03,270700.0,1040575.8,0.2601444315733654,Market Model,2022-11-03,-0.051401869,-0.047679197,-0.048808888,250.0
2007026899.0,MLNK,2022-11-04,65000.0,1385150.4,0.0469263121174422,Market Model,2022-11-04,-0.042136499,-0.052353791,-0.051777966,250.0
2007026893.0,FLGT,2022-11-07,100000.0,1456097.26,0.0686767311134147,Market Model,2022-11-07,-0.084191079,-0.111402556,-0.110320761,250.0
2007027911.0,VTRS,2022-11-07,348809.0,12331948.77,0.0282849861368666,Market Model,2022-11-07,0.1478800414,0.1301508758,0.1320727851,250.0
2007027121.0,OUST,2022-11-07,211985.0,263969.28,0.8030669326370098,Market Model,2022-11-07,-0.10619469,-0.128438407,-0.139249399,250.0
2007027545.0,ATKR,2022-11-08,91600.0,3781528.94,0.0242230064752591,Market Model,2022-11-08,0.0108194965,0.0214733566,0.0216842953,250.0
2007028529.0,CBRE,2022-11-09,110000.0,26264959.24,0.0041880894995822,Market Model,2022-11-09,0.085007728,0.0457461528,0.045370327,250.0
2007028352.0,GTLS,2022-11-09,4400000.0,7124912.85,0.6175514132779885,Market Model,2022-11-09,-0.397121264,-0.46996511,-0.446913553,250.0
2007031316.0,WAFD,2022-11-13,654000.0,2079262.92,0.3145345370752824,Market Model,2022-11-14,-0.084828293,-0.095029435,-0.093419103,250.0
1941712940.0,EL,2022-11-15,2800000.0,57451811.84,0.0487364960359794,Market Model,2022-11-15,-0.023267023,-0.009381267,-0.010051775,250.0
2007035123.0,EVH,2022-11-17,810000.0,3525628.2,0.2297462903206866,Market Model,2022-11-17,0.0754716981,0.0880859245,0.0788948954,250.0
2007035183.0,FCBC,2022-11-18,113200.0,516321.52,0.219243234331972,Market Model,2022-11-18,-0.022533023,-0.021806748,-0.021633973,250.0
2007039803.0,BSX,2022-11-29,615000.0,59698303.8,0.0103018002330578,Market Model,2022-11-29,0.0253680634,0.0133477898,0.0136630966,250.0
1941689283.0,CTVA,2022-11-30,1200000.0,44136412.0,0.0271884357070076,Market Model,2022-11-30,0.0203295857,-0.002996616,-0.003284421,250.0
2007042911.0,BY,2022-11-30,129000.0,822087.68,0.1569175686953489,Market Model,2022-11-30,0.0285196922,0.0112458599,0.011304236,250.0
2007039893.0,NXGN,2022-11-30,90500.0,1142719.2,0.0791970590850315,Market Model,2022-11-30,0.0409919028,0.0213354409,0.0208418108,250.0
2007041335.0,IART,2022-12-01,140000.0,3723443.36,0.0375996051139072,Market Model,2022-12-01,0.0515924753,0.0309367102,0.0316957938,250.0
2007041163.0,HI,2022-12-01,59000.0,2819954.2,0.0209223256179125,Market Model,2022-12-01,0.08995687,0.0579170742,0.060032774,250.0
2007042800.0,NBTB,2022-12-05,199373.0,1685286.26,0.1183021571658692,Market Model,2022-12-05,-0.067745415,-0.055139538,-0.054816477,250.0
2007044244.0,NRG,2022-12-06,5200000.0,9554022.61,0.5442733613124661,Market Model,2022-12-06,-0.196606061,-0.184192115,-0.175736158,250.0
2007090454.0,ARKO,2022-12-07,140200.0,1121500.5,0.1250110900530138,Market Model,2022-12-07,0.0098792536,0.0171306487,0.016046708,250.0
2007058145.0,DLHC,2022-12-08,185000.0,156180.05,1.1845302905204602,Market Model,2022-12-08,0.1105769231,0.1101014059,0.1091774159,250.0
2007057409.0,SMMF,2022-12-09,53900.0,348529.28,0.1546498474963136,Market Model,2022-12-09,-0.025519504,-0.03513103,-0.034998534,250.0
2007135438.0,LAMR,2022-12-12,78600.0,7308948.5,0.0107539408712484,Market Model,2022-12-12,0.0677930082,0.0542072997,0.0555562301,250.0
2007058023.0,RICK,2022-12-13,66500.0,603218.88,0.1102419075477213,Market Model,2022-12-13,0.0425684563,0.0175636571,0.0179281015,250.0
2007058819.0,GRI,2022-12-13,94841.0,54323.5,1.7458558450762562,,,,,,
2007059691.0,SHBI,2022-12-14,254400.0,345390.0,0.7365586728046556,Market Model,2022-12-14,-0.114021572,-0.108936909,-0.106778494,250.0
2007059715.0,FRBA,2022-12-14,129700.0,273230.35,0.4746910436560214,Market Model,2022-12-14,-0.087073007,-0.074265759,-0.075757597,250.0
2007060009.0,DBX,2022-12-15,95000.0,5947032.0,0.0159743549387324,Market Model,2022-12-15,-0.010238908,0.0401572348,0.0391561514,250.0
2007062683.0,MPB,2022-12-20,53900.0,470322.0,0.1146023362717457,Market Model,2022-12-20,-0.006670902,-0.012458356,-0.012575491,250.0
2007065556.0,AMPS,2022-12-27,293000.0,1621905.76,0.18065167978687,Market Model,2022-12-27,-0.054054054,-0.046506425,-0.04619705,250.0
2007073155.0,TRN,2022-12-30,80000.0,1946869.92,0.0410915999976002,Market Model,2022-12-30,0.0233757305,0.0109742518,0.0109575389,250.0
2007588329.0,OXY,2022-12-31,400000.0,63769942.32,0.006272547621147,Market Model,2023-01-03,-0.018786127,-0.03163129,-0.0320321,250.0
2007076111.0,ZEUS,2023-01-03,131000.0,266118.3,0.4922622758374753,Market Model,2023-01-03,-0.028715216,-0.034911757,-0.034627191,250.0
2007071059.0,PRGS,2023-01-03,355000.0,1998117.06,0.1776672684031835,Market Model,2023-01-03,0.0190287413,0.0157179226,0.0158421321,250.0
2007076106.0,MSFT,2023-01-09,190000.0,1868538202.18,0.0001016837652975,Market Model,2023-01-09,0.0294183797,-0.006461194,-0.0064408,250.0
2007083787.0,LIVE,2023-01-19,84000.0,76875.0,1.0926829268292684,Market Model,2023-01-19,-0.033333333,-0.031678788,-0.031356721,250.0
2007084856.0,XYL,2023-01-22,7500000.0,19591188.86,0.3828251594936643,Market Model,2023-01-23,-0.046580134,-0.077394019,-0.080177723,250.0
2007088705.0,MQ,2023-01-30,275000.0,3529663.2,0.0779111162787429,Market Model,2023-01-30,-0.058238636,-0.064792432,-0.064320133,250.0
2007091362.0,MGRC,2023-02-01,400000.0,2328481.0,0.1717858122956554,Market Model,2023-02-01,0.0959075289,0.0646130699,0.0656274488,250.0
2007183216.0,HUT,2023-02-07,990000.0,226632.95,4.368296842978922,Market Model,2023-02-07,-0.027149321,0.0153362591,0.0096675203,250.0
2007096616.0,POST,2023-02-08,1200000.0,5608885.88,0.2139462320456411,Market Model,2023-02-08,-0.061139028,-0.06259553,-0.061618331,250.0
1941616525.0,GMED,2023-02-09,3100000.0,5511226.98,0.5624881739129531,Market Model,2023-02-09,-0.225988701,-0.221119131,-0.210828356,250.0
1941486994.0,CPUH,2023-02-09,378120.0,865087.5,0.4370887337986042,Market Model,2023-02-09,0.0029211295,0.0027440191,0.002743068,250.0
1941596128.0,GATE,2023-02-14,750000.0,313736.5,2.390541106948028,Market Model,2023-02-14,-1.11022e-16,-0.000310084,-0.000375912,250.0
2007130936.0,BRDG,2023-02-14,320100.0,446016.75,0.7176860510283526,Market Model,2023-02-14,0.0441075121,0.0287732187,0.0276194548,250.0
1941617078.0,STI,2023-02-16,925000.0,30303207.88,0.0305248211233272,,,,,,
2007110944.0,REPX,2023-02-22,330000.0,512265.6,0.6441970727685014,Market Model,2023-02-22,-0.039859694,-0.029041324,-0.029680305,250.0
2007106455.0,LNKB,2023-02-22,167800.0,137896.2,1.216857317315488,,,,,,
2007110018.0,MO,2023-03-03,3250000.0,83443574.88,0.0389484751183517,Market Model,2023-03-03,0.0225352113,0.0145045117,0.0146172439,250.0
2007113660.0,HNI,2023-03-08,485000.0,1135441.8,0.4271465080816999,Market Model,2023-03-08,-0.067841703,-0.032070597,-0.036734032,250.0
1941704614.0,PFE,2023-03-13,43000000.0,287008795.95,0.1498211922657975,Market Model,2023-03-13,0.0111505322,0.0119336395,0.0119819095,250.0
2007116573.0,TDG,2023-03-14,725000.0,33804937.5,0.0214465712294246,Market Model,2023-03-14,-0.02787539,-0.036797756,-0.038006328,250.0
2007120029.0,AIR,2023-03-20,140000.0,1558744.2,0.0898158915362764,Market Model,2023-03-20,0.006503443,-0.006316808,-0.007097838,250.0
2007626157.0,CF,2023-03-20,1675000.0,16167935.49,0.1036001164796829,Market Model,2023-03-20,0.0223104298,0.0126658649,0.0118131313,250.0
2007121999.0,FMBH,2023-03-21,90300.0,641579.24,0.1407464493396014,Market Model,2023-03-21,0.0044977511,0.0040506557,0.0033556767,250.0
2007122774.0,KNX,2023-03-21,808000.0,8659907.44,0.0933035376646011,Market Model,2023-03-21,0.0428624674,0.0376953673,0.0364347102,250.0
2007124991.0,ET,2023-03-27,1450000.0,38698591.75,0.0374690637159942,Market Model,2023-03-27,0.0316780822,0.0210986523,0.0213316568,250.0
2007126878.0,KYN,2023-03-27,333780.0,1195238.96,0.2792579652858705,Market Model,2023-03-27,0.0338345865,0.0258679158,0.0261722454,250.0
2007129282.0,DSGR,2023-03-30,319200.0,751826.24,0.4245661869955483,Market Model,2023-03-30,0.0967430639,0.0751385429,0.0742999195,250.0
1941664277.0,OVV,2023-04-03,4275000.0,12266625.42,0.3485066066360735,Market Model,2023-04-03,0.1122477977,0.0953038631,0.0938310483,250.0
2007133359.0,LBRT,2023-04-10,78000.0,2759708.85,0.028263851094292,Market Model,2023-04-10,-0.008118081,-0.017696146,-0.017920704,250.0
2007141292.0,ATEC,2023-04-19,55000.0,1437507.2,0.0382606779291262,Market Model,2023-04-19,0.0446713465,0.0469137078,0.0469673255,250.0
2007142380.0,ASRT,2023-04-25,277044.0,224688.0,1.2330164494766076,Market Model,2023-04-25,-0.189627229,-0.176297111,-0.173312497,250.0
2007144119.0,CVLG,2023-04-26,130000.0,369976.08,0.3513740672099666,Market Model,2023-04-26,-0.011650485,-0.015141448,-0.01619725,250.0
2007144177.0,DGX,2023-04-27,450000.0,16658251.49,0.0270136394729144,Market Model,2023-04-27,-0.052491468,-0.066375075,-0.065908718,250.0
2007145743.0,SPXC,2023-05-01,418000.0,3260693.92,0.1281935717535855,Market Model,2023-05-01,0.0004669261,-0.000114171,-0.000182789,250.0
2007147550.0,ITT,2023-05-02,80000.0,7765530.0,0.01030193689291,Market Model,2023-05-02,-0.012434865,0.0070820046,0.0069571176,250.0
2007192515.0,CRGY,2023-05-02,600000.0,559588.38,1.072216688988431,Market Model,2023-05-02,-0.086919105,-0.072031109,-0.070187578,250.0
2007147828.0,AFG,2023-05-02,240000.0,11171744.24,0.0214827689252578,Market Model,2023-05-02,-0.055487656,-0.04628675,-0.04580769,250.0
2007148591.0,CPE,2023-05-03,532945.0,2224700.99,0.2395580360666805,Market Model,2023-05-03,-0.050135911,-0.017928349,-0.019632061,250.0
2007148346.0,VSEC,2023-05-04,124000.0,681095.38,0.1820596698218684,Market Model,2023-05-04,-0.10028222,-0.110737505,-0.109998627,250.0
2007151499.0,COOP,2023-05-10,324000.0,3250653.38,0.0996722695792314,Market Model,2023-05-10,0.050867323,0.0519690736,0.0522286021,250.0
2007153104.0,OKE,2023-05-14,18800000.0,29798423.18,0.6309058666103553,Market Model,2023-05-15,-0.099474773,-0.097894841,-0.097314782,250.0
2007153500.0,TPG,2023-05-14,2700000.0,2332913.5,1.1573510976725023,Market Model,2023-05-15,0.0059018812,0.0090694376,0.00873126,250.0
2007124413.0,HEI,2023-05-15,2050000.0,10857913.28,0.1888023920559439,Market Model,2023-05-15,0.0545918974,0.0573271587,0.0557685755,250.0
2007155172.0,IBM,2023-05-16,60000.0,117210894.64,0.0005118978076592,Market Model,2023-05-16,0.0233637252,0.016326323,0.0164323685,250.0
2007156314.0,REG,2023-05-18,1400000.0,10509745.8,0.1332096919032998,Market Model,2023-05-18,0.0106980007,-0.007299205,-0.007868555,250.0
2007157373.0,USFD,2023-05-19,142000.0,8672211.2,0.0163741399655949,Market Model,2023-05-19,0.0201970443,0.005558665,0.005629287,250.0
2007158316.0,CVX,2023-05-21,7600000.0,306040243.74,0.0248333353389192,Market Model,2023-05-22,0.018440361,0.0253103766,0.0248763646,250.0
2007158303.0,CHRD,2023-05-22,375000.0,5663481.24,0.0662136915633184,Market Model,2023-05-22,0.0309603899,0.03744404,0.037734797,250.0
2007158382.0,GIC,2023-05-22,69200.0,986882.0,0.0701198319555934,Market Model,2023-05-22,0.0449530037,0.0596578953,0.0600071278,250.0
2007159494.0,RYAN,2023-05-23,255000.0,4130537.4,0.0617353083402658,Market Model,2023-05-23,-0.078745487,-0.070581512,-0.069254494,250.0
2007159777.0,GNL,2023-05-23,950000.0,1353486.8,0.701890849618925,Market Model,2023-05-23,-0.09468599,-0.081861574,-0.084112692,250.0
2007160644.0,SR,2023-05-25,175000.0,3659828.9,0.0478164430036606,Market Model,2023-05-25,-0.033955608,-0.041135638,-0.040992988,250.0
2007162663.0,OSK,2023-05-26,800000.0,5365424.0,0.1491028481626056,Market Model,2023-05-26,0.0169583503,-0.001023472,-0.001056662,250.0
2007162724.0,EFC,2023-05-30,58809.0,762640.08,0.0771123909459361,Market Model,2023-05-30,0.021875487,0.0190324554,0.0180632635,250.0
2007168107.0,THS,2023-06-07,100000.0,2741436.88,0.0364772213905577,Market Model,2023-06-07,0.0296405297,0.0201469372,0.0202381592,250.0
2007170158.0,MMSI,2023-06-08,100000.0,4171867.2,0.0239700822691575,Market Model,2023-06-08,-0.00864724,-0.014485795,-0.014578635,250.0
2007171958.0,CWST,2023-06-12,219000.0,4076044.92,0.0537285541004292,Market Model,2023-06-12,-0.056378866,-0.068730879,-0.068413951,250.0
2007171413.0,NDAQ,2023-06-12,10500000.0,26450172.27,0.3969728398294473,Market Model,2023-06-12,-0.114617652,-0.129216627,-0.12973947,250.0
2007172214.0,PTEN,2023-06-15,5400000.0,2629461.28,2.0536526021786488,Market Model,2023-06-15,0.0173761946,0.0165510894,0.0074362821,250.0
2007174802.0,WAB,2023-06-16,320000.0,17604158.72,0.0181775229983838,Market Model,2023-06-16,0.0020657092,-0.003217022,-0.003388704,250.0
2007175538.0,CHRS,2023-06-16,65000.0,599635.6,0.1083991677612203,Market Model,2023-06-16,-0.28358209,-0.301608332,-0.286564116,250.0
2007219409.0,CIVI,2023-06-20,2250000.0,5619512.6,0.4003905961524137,Market Model,2023-06-20,-0.051901113,-0.041430003,-0.042297424,250.0
2007176576.0,MEC,2023-06-20,96000.0,260836.89,0.3680460996142071,Market Model,2023-06-20,0.0665732306,0.0709146596,0.0699509032,250.0
2007181472.0,UNH,2023-06-26,3300000.0,486190527.93,0.0067874625489929,Market Model,2023-06-26,0.0073270014,0.0074027514,0.0074141975,250.0
2007183876.0,ADUS,2023-06-29,106000.0,1784222.44,0.0594096328034076,Market Model,2023-06-29,0.0062961355,-0.007700319,-0.00787931,250.0
2007184839.0,RES,2023-06-30,79500.0,1668501.12,0.047647555669606,Market Model,2023-06-30,0.0084507042,-0.008690715,-0.008732498,250.0
2007145139.0,MOH,2023-06-30,425000.0,16832688.0,0.0252484926946902,Market Model,2023-06-30,0.0326598395,0.0255746936,0.0256118192,250.0
2007209482.0,WEX,2023-07-01,180000.0,8065439.67,0.0223174442268191,Market Model,2023-07-03,0.0186418109,0.0038354092,0.0039397199,250.0
2007187341.0,TMO,2023-07-06,912500.0,220342622.4,0.0041412777521703,Market Model,2023-07-06,-0.010363892,0.0016975231,0.0016715067,250.0
2007188464.0,DOCN,2023-07-06,111000.0,3353708.04,0.0330976932625297,Market Model,2023-07-06,0.1663716814,0.1897731327,0.1935791107,250.0
2007193382.0,PWSC,2023-07-11,300000.0,3323148.9,0.0902758224285406,Market Model,2023-07-11,0.0817708333,0.0553043625,0.057130005,250.0
2007192615.0,REI,2023-07-11,75000.0,308872.17,0.2428188981869101,Market Model,2023-07-11,0.1666666667,0.1436691015,0.1510848119,250.0
2007084849.0,XOM,2023-07-13,4900000.0,481760364.9,0.0101710318178978,Market Model,2023-07-13,-0.047466264,-0.062489766,-0.062167123,250.0
2007253709.0,MIRM,2023-07-17,445000.0,1035991.68,0.4295401291253612,Market Model,2023-07-17,0.0453323089,0.0340159065,0.0343875287,250.0
2007197390.0,JCI,2023-07-17,455000.0,41157246.46,0.0110551613418114,Market Model,2023-07-17,0.0095944178,-7.581e-05,-8.499e-05,250.0
2007269497.0,BRY,2023-07-17,70000.0,574260.9,0.1218958142544616,Market Model,2023-07-17,-0.018617021,-0.02509668,-0.027750954,250.0
2007206602.0,PSA,2023-07-24,2200000.0,52602312.53,0.0418232563206285,Market Model,2023-07-24,0.0162266893,0.0124161104,0.0123890814,250.0
2007206178.0,BANC,2023-07-25,1019600.0,597210.0,1.7072721488253713,Market Model,2023-07-25,0.1501172791,0.146960969,0.1509959186,250.0
2007206542.0,AUB,2023-07-25,416800.0,1826181.24,0.2282358349054117,Market Model,2023-07-25,0.0449400799,0.0450128691,0.0431364054,250.0
2007270530.0,ALXN,2023-07-28,1000000.0,37668268.17,0.0265475438235418,,,,,,
2007209102.0,BIIB,2023-07-28,7300000.0,45140687.54,0.1617166329939333,Market Model,2023-07-28,0.0186239397,0.0067642193,0.006700667,250.0
2007210387.0,RMR,2023-07-31,100000.0,333799.4,0.299581125670088,Market Model,2023-07-31,-0.008857022,-0.014190005,-0.014149493,250.0
2007211922.0,RVMD,2023-08-01,1070000.0,2756696.09,0.3881457966590724,Market Model,2023-08-01,0.2749902762,0.2751657877,0.2885992327,250.0
2007216490.0,SPT,2023-08-02,140000.0,2128482.1,0.0657745724053775,Market Model,2023-08-02,-0.06580329,-0.019181331,-0.019527739,250.0
2007220611.0,ROP,2023-08-07,1400000.0,47807225.14,0.0292842765063272,Market Model,2023-08-07,0.0006314031,0.0014944871,0.0014107095,250.0
2007219460.0,CPB,2023-08-07,2328209.0,15533820.12,0.1498800026017039,Market Model,2023-08-07,-0.050843743,-0.053196025,-0.052350026,250.0
2007221273.0,GBCI,2023-08-08,80600.0,3275824.35,0.0246044938276376,Market Model,2023-08-08,0.0044964029,0.0140842357,0.0139176393,250.0
2007224247.0,ALGM,2023-08-08,420000.0,7008718.35,0.0599253642429503,Market Model,2023-08-08,-0.041872501,-0.041508432,-0.04079517,250.0
2007226212.0,REGN,2023-08-09,213000.0,78221700.0,0.0027230295429529,Market Model,2023-08-09,0.023582105,0.0295889427,0.029762684,250.0
2007224647.0,FWRD,2023-08-10,2100000.0,2549173.8,0.8237963217729604,Market Model,2023-08-10,-0.294090909,-0.300273976,-0.28649482,250.0
2007227919.0,HRMY,2023-08-14,164000.0,2073243.9,0.0791030905722187,Market Model,2023-08-14,0.0258889582,0.0316923145,0.0317977623,250.0
2007233813.0,BRKR,2023-08-17,108000.0,10708136.46,0.0100857885406514,Market Model,2023-08-17,-0.081340419,-0.069596557,-0.067697425,250.0
2007236095.0,PR,2023-08-21,4500000.0,3287442.02,1.368845434420772,Market Model,2023-08-21,0.0701195219,0.061306929,0.0628918853,250.0
2007237661.0,AVAV,2023-08-22,120000.0,2561138.73,0.0468541585015974,Market Model,2023-08-22,0.0426829268,0.0241034265,0.0246141858,250.0
2007237195.0,MTSI,2023-08-22,125000.0,4286355.48,0.029162303636095,Market Model,2023-08-22,0.1127798637,0.089316929,0.0922203783,250.0
2007240857.0,PSN,2023-08-23,200000.0,4909404.74,0.0407381364120327,Market Model,2023-08-23,0.0076909319,0.010113539,0.0101029787,250.0
2007243469.0,BHRB,2023-08-24,371500.0,599439.6,0.6197455089720466,,,,,,
2007245192.0,ELF,2023-08-29,355000.0,5661421.7,0.062705097555266,Market Model,2023-08-29,0.1326648989,0.093488658,0.0969980465,250.0
2007313356.0,WTS,2023-08-30,268000.0,4910143.2,0.0545808928749776,Market Model,2023-08-30,0.0170466767,-0.006469706,-0.006529651,250.0
2007247293.0,ZVRA,2023-08-31,90287.0,210407.22,0.4291059974082638,Market Model,2023-08-31,0.0131826742,0.006423001,0.0037170421,250.0
2007251447.0,WES,2023-09-05,885000.0,10073066.85,0.0878580489118862,Market Model,2023-09-05,-0.030348445,-0.023341918,-0.023695111,250.0
2007255908.0,TCPC,2023-09-06,257630.0,610019.52,0.4223307477111552,Market Model,2023-09-06,-0.021582734,-0.010623586,-0.010530449,250.0
1941620452.0,WNNR,2023-09-06,200000.0,244720.0,0.8172605426610003,,,,,,
2007253125.0,JBSS,2023-09-06,61000.0,1118137.56,0.0545550048421591,Market Model,2023-09-06,0.0524266028,0.0538090806,0.0531152089,250.0
2007255775.0,SUM,2023-09-07,3200000.0,4178027.64,0.7659116395888659,Market Model,2023-09-07,-0.109581498,-0.104355748,-0.101152903,250.0
2007626733.0,SJM,2023-09-11,5600000.0,15478215.4,0.3617988156438241,Market Model,2023-09-11,-0.074675787,-0.077493907,-0.077268503,250.0
2007265181.0,VTLE,2023-09-13,517650.0,839654.55,0.6165035370796239,Market Model,2023-09-13,-0.047019752,-0.042871604,-0.045407348,250.0
2007264530.0,GXO,2023-09-14,181000.0,7528022.88,0.0240434975936204,Market Model,2023-09-14,0.0071906355,0.0104459618,0.0105938862,250.0
2007267750.0,KN,2023-09-18,263000.0,1605529.03,0.1638089346786834,Market Model,2023-09-18,0.0528144545,0.0686605465,0.0681651143,250.0
2007270533.0,EBC,2023-09-19,528000.0,2178255.95,0.242395757027543,Market Model,2023-09-19,-0.078045222,-0.062296859,-0.061205265,250.0
2007270362.0,AJG,2023-09-19,510000.0,45859356.3,0.0111209585381816,Market Model,2023-09-19,0.021943165,0.0281052751,0.0281898146,250.0
2007269605.0,REZI,2023-09-19,87500.0,2481813.18,0.0352564813117802,Market Model,2023-09-19,-0.008104738,0.0139091386,0.0136046981,250.0
2007368426.0,SAIA,2023-09-21,235700.0,9522615.45,0.0247516033003306,Market Model,2023-09-21,-0.018357709,0.0171505844,0.0169365449,250.0
1941652248.0,CSCO,2023-09-21,28000000.0,212392022.96,0.1318316931576722,Market Model,2023-09-21,-0.040651862,-0.018249936,-0.018338686,250.0
2007368416.0,XPO,2023-09-21,870000.0,6895808.64,0.1261635937739711,Market Model,2023-09-21,-0.00694746,0.0349751378,0.0343502811,250.0
2007279140.0,CPK,2023-09-26,923000.0,2160595.5,0.4271970389644892,Market Model,2023-09-26,-0.054606553,-0.048673323,-0.048203175,250.0
2007290004.0,FOUR,2023-10-02,100000.0,3904804.96,0.025609473718759,Market Model,2023-10-02,-0.03553207,-0.011839604,-0.01182806,250.0
2007286348.0,RITM,2023-10-02,712000.0,4709425.5,0.151186169098545,Market Model,2023-10-02,-0.02699784,-0.006707887,-0.00687855,250.0
2007289984.0,DOV,2023-10-04,530000.0,21269938.59,0.0249177964363836,Market Model,2023-10-04,0.004575828,0.0130293994,0.0131607279,250.0
2007292116.0,ABBV,2023-10-05,655000.0,249876392.7,0.0026212960453066,Market Model,2023-10-05,0.0054941328,0.0003617491,0.0003550533,250.0
2007035666.0,BMY,2023-10-08,5800000.0,127584438.31,0.04546008962243,Market Model,2023-10-09,-0.000531726,-0.004435952,-0.004457223,250.0
2007297527.0,CWBC,2023-10-10,99002.0,119726.97,0.8268980664924536,Market Model,2023-10-10,-0.052,-0.054401592,-0.055154801,250.0
2007300607.0,TEAM,2023-10-12,975000.0,27691270.95,0.0352096515093324,Market Model,2023-10-12,-0.085873786,-0.065912374,-0.064829524,250.0
2007302839.0,APH,2023-10-13,134837.0,52714604.52,0.0025578679993481,Market Model,2023-10-13,-0.014886578,-0.012619833,-0.012930587,250.0
2007903039.0,MMU,2023-10-16,102601.0,422838.0,0.2426484847624858,Market Model,2023-10-16,-0.01880531,-0.019168771,-0.019056942,250.0
2007304595.0,TBRG,2023-10-16,67500.0,263676.0,0.2559959950848769,,,,,,
2007312694.0,SHOO,2023-10-23,52000.0,2636778.15,0.0197210372059553,Market Model,2023-10-23,0.0116801438,0.0210413539,0.0209494163,250.0
2007313476.0,ORA,2023-10-23,271000.0,4606317.9,0.0588322399546066,Market Model,2023-10-23,-0.044259617,-0.036705688,-0.036034387,250.0
2007313353.0,AMN,2023-10-23,300000.0,3590251.2,0.0835596127647001,Market Model,2023-10-23,0.0099536406,0.0179379542,0.0178946079,250.0
2007318207.0,SHEN,2023-10-24,450000.0,1140992.8,0.3943933739108607,Market Model,2023-10-24,0.1253418414,0.1360685172,0.1380579253,250.0
2007317267.0,UCTT,2023-10-25,120000.0,1512583.04,0.0793344873151559,Market Model,2023-10-25,0.0271201033,0.0622467764,0.0597167793,250.0
2007318911.0,ONB,2023-10-26,344400.0,4675572.22,0.0736594332832271,Market Model,2023-10-26,0.0088954781,0.0383588176,0.0377855371,250.0
2007321462.0,UTHR,2023-10-30,136553.0,10706355.96,0.0127543863206281,Market Model,2023-10-30,-0.006862745,-0.010732159,-0.011049912,250.0
2007322394.0,IEX,2023-10-30,206000.0,16549277.8,0.0124476730942301,Market Model,2023-10-30,-0.009316288,-0.02010128,-0.020130768,250.0
2007322375.0,INST,2023-10-30,835000.0,3673062.4,0.2273307417810272,Market Model,2023-10-30,0.0065386187,-0.001820887,-0.001967329,250.0
2007322436.0,HUBB,2023-10-30,1100000.0,16122014.91,0.0682296850698049,Market Model,2023-10-30,-0.041688842,-0.056364297,-0.056657496,250.0
2007321408.0,OMC,2023-10-30,950000.0,15536983.44,0.061144430234393,Market Model,2023-10-30,0.0084814216,-0.003439688,-0.003449806,250.0
2007323765.0,AME,2023-10-31,1900000.0,35596863.75,0.053375488732487,Market Model,2023-10-31,0.0228415458,-0.003203861,-0.003263734,250.0
2007326891.0,COO,2023-11-01,300000.0,18420936.64,0.0162858168323844,Market Model,2023-11-01,0.0575692964,0.0182363825,0.0186978674,250.0
2007328933.0,FOXF,2023-11-02,572000.0,4447792.64,0.128603117612965,Market Model,2023-11-02,-0.257027127,-0.309435293,-0.316107387,250.0
2007330130.0,TRV,2023-11-03,435000.0,36843636.06,0.0118066522883789,Market Model,2023-11-03,0.0015949905,-0.013853855,-0.013937018,250.0
2007455892.0,BBAI,2023-11-06,70000.0,201156.8,0.3479872417934666,Market Model,2023-11-06,0.1908396947,0.143493976,0.1525780808,250.0
2007332473.0,KMI,2023-11-06,1815000.0,38391282.95,0.047276357040837,Market Model,2023-11-06,-0.020710059,-0.031210073,-0.031108955,250.0
2007333109.0,SEAT,2023-11-07,240000.0,687217.92,0.3492341992478892,Market Model,2023-11-07,0.1803542673,0.1754131825,0.1784992486,250.0
2007395625.0,GLP,2023-11-08,305800.0,1059655.32,0.2885844049742514,Market Model,2023-11-08,-0.011758581,-0.011173563,-0.011273434,250.0
2007339749.0,MNR,2023-11-13,815000.0,2068206.0,0.394061326579654,,,,,,
2007342570.0,ABNB,2023-11-14,200000.0,56573575.71,0.0035352193579775,Market Model,2023-11-14,0.0863309353,0.0473431991,0.0487372446,250.0
2007350630.0,NAPA,2023-11-16,400000.0,1355857.44,0.2950162666069081,Market Model,2023-11-16,-0.064102564,-0.061827676,-0.06082586,250.0
2007345134.0,STRL,2023-11-16,50000.0,2468829.98,0.0202525084372152,Market Model,2023-11-16,-0.011940299,-0.028720537,-0.029114416,250.0
2007349323.0,OMF,2023-11-21,1015000.0,4798657.3,0.2115175009476088,Market Model,2023-11-21,-0.001295337,-0.015746192,-0.016049322,250.0
2007350925.0,NOG,2023-11-21,162600.0,3831617.37,0.0424363876396144,Market Model,2023-11-21,0.0045600858,-0.011144523,-0.011181145,250.0
2007595896.0,APLE,2023-11-22,78600.0,3697391.84,0.0212582283407646,Market Model,2023-11-22,-0.007859734,-0.010263184,-0.010483501,250.0
2007359729.0,BUSE,2023-11-27,180489.0,1111148.1,0.162434692549085,Market Model,2023-11-27,0.0160832545,0.0188001705,0.0184890224,250.0
2007364112.0,NVRO,2023-11-30,75000.0,724928.4,0.1034584932801639,Market Model,2023-11-30,0.1289742052,0.1205158238,0.1240908418,250.0
2007367168.0,NSIT,2023-12-01,800000.0,5336305.73,0.1499164479093666,Market Model,2023-12-01,0.1193006052,0.1046427748,0.1087594517,250.0
2007367472.0,NEU,2023-12-01,700000.0,4414104.37,0.1585825665467896,Market Model,2023-12-01,0.0274898948,0.0180957449,0.0182890733,250.0
2007365759.0,ALK,2023-12-03,1900000.0,4853595.6,0.3914623624596989,Market Model,2023-12-04,-0.059243586,-0.046957035,-0.058440839,250.0
2007371719.0,GVA,2023-12-05,150000.0,1636020.0,0.0916859207100157,Market Model,2023-12-05,0.017278157,0.022952319,0.0228893102,250.0
2007134259.0,HON,2023-12-08,4950000.0,124744992.68,0.0396809514647045,Market Model,2023-12-08,0.0131452551,0.0004900124,-4.1442e-05,250.0
2007289303.0,LAB,2023-12-12,507287.0,230463.0,2.2011646121069326,Market Model,2023-12-12,0.0044642857,-0.046004782,-0.047259882,250.0
2007382553.0,ORRF,2023-12-12,207000.0,222979.13,0.928338001856945,Market Model,2023-12-12,0.0630557801,0.0515771098,0.0502127752,250.0
2007381474.0,IART,2023-12-13,280000.0,3007047.12,0.09311460340535,Market Model,2023-12-13,0.0461538462,0.0213582907,0.0210690611,250.0
2007437661.0,WTI,2023-12-15,72000.0,556627.8,0.1293503486530856,Market Model,2023-12-15,0.0483870968,0.0431395061,0.0419617626,250.0
2007387357.0,CRM,2023-12-18,419000.0,196555730.0,0.0021317109402,Market Model,2023-12-18,0.0277205396,0.0111722064,0.0113095662,250.0
2007388814.0,KGS,2023-12-19,854000.0,1345212.0,0.6348441732604229,,,,,,
2007388930.0,OKTA,2023-12-19,130000.0,12605995.84,0.0103125529827241,Market Model,2023-12-19,0.025249489,0.0282407581,0.028292712,250.0
2007390405.0,HUBG,2023-12-20,262000.0,2466738.01,0.1062131442163166,Market Model,2023-12-20,0.0556002298,0.0523720191,0.0531172402,250.0
2007395248.0,WMB,2023-12-27,1950000.0,42805854.99,0.0455545158589997,Market Model,2023-12-27,-0.005976096,-0.01179333,-0.011791065,250.0
2007397040.0,KAI,2023-12-28,156000.0,2725625.04,0.0572345783850004,Market Model,2023-12-28,-0.013618129,-0.012803733,-0.012811956,250.0
2007399443.0,MYE,2023-12-29,350000.0,641966.4,0.5451998733890122,Market Model,2023-12-29,-0.01554664,-0.006148045,-0.00615527,250.0
2007407834.0,ITGR,2023-12-31,140000.0,2482445.24,0.0563960073495921,Market Model,2024-01-02,-0.037125749,-0.022625483,-0.0222488,250.0
2007401349.0,APA,2024-01-03,4500000.0,13284266.8,0.338746584041808,Market Model,2024-01-03,-0.051003344,-0.025447256,-0.027289208,250.0
2007401102.0,CR,2024-01-03,103000.0,4768932.0,0.0215981272117111,Market Model,2024-01-03,-0.023023531,-0.002529296,-0.002936688,136.0
2007695177.0,MCK,2024-01-04,50000.0,61084974.62,0.0008185318944804,Market Model,2024-01-04,0.01007562,0.0081116974,0.0079525002,250.0
2007505678.0,FWRG,2024-01-08,75000.0,1052392.0,0.0712662201917156,Market Model,2024-01-08,0.0160771704,0.0037631365,0.0034472371,250.0
2007592661.0,BSX,2024-01-08,3700000.0,74616804.08,0.0495866855411425,Market Model,2024-01-08,0.0182224514,0.0083632411,0.008412912,250.0
2007404132.0,VCYT,2024-01-08,95000.0,1566451.24,0.0606466371720577,Market Model,2024-01-08,0.1076742365,0.0752360373,0.0723203739,250.0
2007404176.0,HPE,2024-01-09,14000000.0,19422576.1,0.7208106652752412,Market Model,2024-01-09,-0.043098427,-0.0612788,-0.065275282,250.0
2007412529.0,TTGT,2024-01-10,350000.0,710451.52,0.4926444523617881,Market Model,2024-01-10,0.1337907376,0.1421766728,0.1431498113,250.0
2007407041.0,SE,2024-01-11,950000.0,1986109.3,0.4783221144979281,Market Model,2024-01-11,-0.058993183,-0.067213224,-0.066506652,250.0
2007407725.0,PATK,2024-01-11,315000.0,1587893.16,0.1983760670648647,Market Model,2024-01-11,0.0112824759,0.0019343414,0.0016340243,250.0
2007594108.0,BLK,2024-01-12,12511320.0,90644837.36,0.1380257316840973,Market Model,2024-01-12,-0.001236812,0.0073362208,0.0072295541,250.0
2007392174.0,SNPS,2024-01-15,35000000.0,71379760.32,0.4903350731789064,Market Model,2024-01-16,0.0188781447,0.0275021603,0.0271627497,250.0
1941745284.0,TALO,2024-01-15,1290000.0,1922868.0,0.6708728836300776,Market Model,2024-01-16,-0.046423135,-0.026273092,-0.027808451,250.0
2007417879.0,SUN,2024-01-22,7300000.0,4475620.6,1.6310587184266694,Market Model,2024-01-22,-0.076210944,-0.088131169,-0.08644321,250.0
2007416945.0,NTRA,2024-01-22,52500.0,5178551.2,0.0101379706354935,Market Model,2024-01-22,-0.015393724,-0.036054258,-0.036139186,250.0
2007925033.0,WTTR,2024-01-30,90000.0,781463.4,0.1151685414825569,Market Model,2024-01-30,0.0064766839,0.0176486965,0.0176029114,250.0
2007426100.0,CAH,2024-01-31,1200000.0,25078837.2,0.0478491084108157,Market Model,2024-01-31,-0.011102747,-0.011572183,-0.012414272,250.0
2007430551.0,CBRE,2024-02-05,1100000.0,23810429.16,0.046198243324733,Market Model,2024-02-05,-0.023204548,-0.033484569,-0.033501886,250.0
2007431711.0,CLH,2024-02-06,400000.0,8885637.59,0.0450164657233111,Market Model,2024-02-06,0.0233123156,0.0144966581,0.0142413888,250.0
2007432077.0,GLPI,2024-02-06,175000.0,11946295.84,0.0146488922042298,Market Model,2024-02-06,-0.00461437,-0.007206186,-0.007422463,250.0
2007433048.0,CRC,2024-02-07,2100000.0,3528095.92,0.5952219122205725,Market Model,2024-02-07,0.161220515,0.1466515377,0.150157762,250.0
2007436481.0,GILD,2024-02-12,4300000.0,92842589.42,0.0463149512186451,Market Model,2024-02-12,-0.003658537,0.002571878,0.0024661356,250.0
2007436359.0,MLM,2024-02-12,2050000.0,28429840.0,0.0721073351098704,Market Model,2024-02-12,0.003502027,0.0118806549,0.0119417694,250.0
2007375724.0,FANG,2024-02-12,26000000.0,27561900.15,0.9433311875632784,Market Model,2024-02-12,0.0789679437,0.0862515414,0.0850696236,250.0
2007442780.0,DKNG,2024-02-15,750000.0,18183438.0,0.0412463253648732,Market Model,2024-02-15,0.0440384165,0.0057342822,0.006073494,250.0
2007441906.0,GES,2024-02-16,69300.0,1201420.54,0.0576817173443696,Market Model,2024-02-16,0.0274089936,0.0338362045,0.0321986653,250.0
2007443106.0,COF,2024-02-19,35300000.0,43919276.04,0.8037473105852225,Market Model,2024-02-20,-0.009900264,0.0069680955,0.0067779056,250.0
2007444002.0,CDRE,2024-02-20,106500.0,1247855.2,0.0853464408370458,Market Model,2024-02-20,0.0031055901,0.0067036881,0.0065592714,250.0
2007438088.0,WMT,2024-02-20,2300000.0,419157261.72,0.0054872006524759,Market Model,2024-02-20,0.0260499734,0.0313672024,0.0310881981,250.0
2007713739.0,MDRX,2024-02-27,140000.0,1079488.8,0.1296910167108727,Market Model,2024-02-27,-0.275695284,-0.282627216,-0.265903192,250.0
2007451098.0,AESI,2024-02-27,450000.0,1675435.5,0.2685868838281151,Market Model,2024-02-27,0.0534934498,0.0575489286,0.0555019416,191.0
2007454893.0,FBIN,2024-02-29,92000.0,10056076.25,0.0091486975349853,Market Model,2024-02-29,0.0178001473,0.0014391822,0.0013352275,250.0
2007454171.0,FA,2024-02-29,2200000.0,2353846.4,0.9346404251356418,Market Model,2024-02-29,-0.074897601,-0.088671181,-0.088472986,250.0
2007457312.0,URI,2024-03-04,1150000.0,38515197.63,0.0298583434790491,Market Model,2024-03-04,-0.020049908,-0.013837995,-0.014703814,250.0
2007458809.0,HAE,2024-03-05,160000.0,4455655.02,0.0359094228080521,Market Model,2024-03-05,0.0443635383,0.0492323408,0.049842667,250.0
2007366666.0,EQT,2024-03-11,35000000.0,16128327.72,2.1700947926918737,Market Model,2024-03-11,-0.073537305,-0.074532161,-0.074792885,250.0
2007469485.0,PAR,2024-03-11,190000.0,1248895.97,0.1521343687256833,Market Model,2024-03-11,0.0442708333,0.0378900786,0.0370966973,250.0
2007471463.0,MARA,2024-03-15,87300.0,5568068.97,0.0156786851007702,Market Model,2024-03-15,-0.014720812,-0.017035742,-0.021164017,250.0
2007525587.0,CSL,2024-03-18,410000.0,14681332.31,0.0279266207822796,Market Model,2024-03-18,0.0246278308,0.017630897,0.0175625412,250.0
2007280794.0,PFIS,2024-03-22,126416.0,325857.48,0.3879487437268588,Market Model,2024-03-22,-0.030754445,-0.027555018,-0.028102722,250.0
2007481151.0,NUVB,2024-03-24,501287.0,348120.96,1.4399793680909072,Market Model,2024-03-25,0.2857142857,0.3040712986,0.3043922153,250.0
2007481692.0,IR,2024-03-25,2325000.0,30881963.13,0.0752866645884114,Market Model,2024-03-25,-0.006834911,0.000420581,0.0004155048,250.0
2007486700.0,VIVK,2024-03-25,169000.0,26221.0,6.4452156668319285,Market Model,2024-03-25,-0.136,-0.134137321,-0.128497241,250.0
2007481512.0,GBTG,2024-03-25,540000.0,2806808.23,0.1923893461007843,Market Model,2024-03-25,0.0626086957,0.0718379122,0.0714486893,250.0
2007264509.0,TTWO,2024-03-27,460000.0,27566440.0,0.0166869570390663,Market Model,2024-03-27,0.0160804708,0.0040203548,0.0040807652,250.0
2007486162.0,HD,2024-03-28,18250000.0,356731758.66,0.0511588877551942,Market Model,2024-03-28,-0.031321559,-0.037957466,-0.038423549,250.0
2007693638.0,LH,2024-03-28,237500.0,18828273.0,0.0126140087303811,Market Model,2024-03-28,0.0132540277,0.0090552855,0.0089633845,250.0
2007682174.0,CBNK,2024-03-28,66000.0,319115.16,0.2068218883740904,Market Model,2024-03-28,0.0495,0.0439213963,0.0446391769,250.0
2007488525.0,ALTI,2024-04-01,76000.0,437754.24,0.1736133954978939,Market Model,2024-04-01,-0.062146893,-0.048778613,-0.056692826,250.0
2007487472.0,NUE,2024-04-01,115000.0,41559082.95,0.002767144793314,Market Model,2024-04-01,-0.00095689,0.0120132261,0.0119003412,250.0
2007509192.0,MRK,2024-04-05,208000.0,303677316.32,0.0006849375597774,Market Model,2024-04-05,-0.025712086,-0.026746599,-0.026622818,250.0
2007485107.0,JNJ,2024-04-05,13100000.0,384707256.99,0.034051866092925,Market Model,2024-04-05,-0.01730844,-0.016475927,-0.01639322,250.0
2007498489.0,OWL,2024-04-09,205000.0,7232736.63,0.0283433519685618,Market Model,2024-04-09,-0.018153527,-0.006324038,-0.00657159,250.0
2007500871.0,VRTX,2024-04-10,4600000.0,110852658.15,0.0414965240957553,Market Model,2024-04-10,-0.009870862,-0.011705514,-0.011801011,250.0
2007530515.0,SHO,2024-04-10,230000.0,2214686.32,0.1038521789397245,Market Model,2024-04-10,-0.001823154,0.0016539378,0.0013196518,250.0
2007505551.0,TRNS,2024-04-15,50000.0,971543.16,0.0514645175413514,Market Model,2024-04-15,-0.011924267,0.011381092,0.0111990881,250.0
2007505488.0,APG,2024-04-15,570000.0,7686341.12,0.074157520607152,Market Model,2024-04-15,-0.006856272,0.0295745465,0.0288407928,250.0
2007510446.0,LYTS,2024-04-18,50000.0,389538.0,0.1283571820977671,Market Model,2024-04-18,0.0366713681,0.0518091284,0.0510438839,250.0
2007513416.0,CSGP,2024-04-22,1600000.0,34741553.0,0.0460543603217737,Market Model,2024-04-22,0.0052268947,-0.009219656,-0.00922341,250.0
2007513387.0,MLI,2024-04-22,600000.0,5561344.8,0.1078875742428342,Market Model,2024-04-22,0.0978593272,0.0800407691,0.0817805435,250.0
2007514943.0,INCY,2024-04-23,750000.0,12878811.36,0.0582351879405119,Market Model,2024-04-23,-0.01165234,-0.017713516,-0.017695422,250.0
2007518812.0,BFST,2024-04-25,85700.0,568645.36,0.1507090464960445,Market Model,2024-04-25,-0.05834093,-0.06582261,-0.065361962,250.0
2007753045.0,PAHC,2024-04-28,350000.0,243039.1,1.4400974987152273,Market Model,2024-04-29,0.3424437299,0.3446360812,0.3506042267,250.0
2007520230.0,UMBF,2024-04-29,2000000.0,3883348.92,0.5150193920766718,Market Model,2024-04-29,-0.047812575,-0.038000825,-0.038830113,250.0
2007522786.0,HST,2024-04-29,530000.0,13663912.0,0.0387883060136804,Market Model,2024-04-29,-0.001058761,0.0034218714,0.003386798,250.0
2007522821.0,SMPL,2024-04-29,280000.0,3546355.89,0.0789542867904326,Market Model,2024-04-29,0.0528596187,0.0564493937,0.055850896,250.0
2007525490.0,HOPE,2024-04-29,78600.0,1312988.11,0.0598634514672033,Market Model,2024-04-29,-0.086599818,-0.077089007,-0.077403733,250.0
2007526270.0,FRSH,2024-04-30,230000.0,4517658.69,0.0509113272565528,Market Model,2024-04-30,-0.010303688,0.0158033271,0.0151916407,250.0
2007523886.0,MASS,2024-04-30,76200.0,251046.68,0.3035292081934722,Market Model,2024-04-30,0.0017636684,0.0386125347,0.0384491224,250.0
2007527725.0,AM,2024-05-01,70000.0,5953238.33,0.0117583063401394,Market Model,2024-05-01,-0.01551481,-0.00816486,-0.008475105,250.0
2007528826.0,KELYA,2024-05-03,485000.0,754740.87,0.6426046597953546,Market Model,2024-05-03,0.0132705479,-0.016042824,-0.016369364,250.0
2007530752.0,DOCU,2024-05-06,165000.0,10295045.64,0.0160271266169928,Market Model,2024-05-06,-0.007658271,-0.040890916,-0.041499683,250.0
2007595341.0,KNTK,2024-05-09,765000.0,1893336.52,0.4040486157209918,Market Model,2024-05-09,0.0173425147,0.0116810826,0.011482859,250.0
2007537208.0,UBSI,2024-05-10,267000.0,4597712.43,0.058072357518019,Market Model,2024-05-10,0.0076696165,0.0037544091,0.0037042052,250.0
2007541222.0,RPHM,2024-05-13,170000.0,55144.65,3.082801323428474,Market Model,2024-05-13,-0.129032258,-0.138511684,-0.138007565,250.0
2007545110.0,PANW,2024-05-15,500000.0,96749064.0,0.0051680086538098,Market Model,2024-05-15,0.0480727874,0.0262919544,0.0266014542,250.0
2007544613.0,ALRS,2024-05-15,128800.0,432064.82,0.2981034188342388,Market Model,2024-05-15,-0.038948393,-0.05725536,-0.057640871,250.0
2007549130.0,SSB,2024-05-20,2000000.0,6368362.94,0.3140524525444211,Market Model,2024-05-20,-0.011192638,-0.015480495,-0.015522616,250.0
2007551026.0,MBC,2024-05-21,520000.0,2288594.06,0.2272137331336078,Market Model,2024-05-21,0.0012262416,-0.003233842,-0.003269129,250.0
2007586181.0,ET,2024-05-28,3250000.0,50651080.32,0.0641644754557527,Market Model,2024-05-28,0.0012978585,-0.00057149,-0.000569916,250.0
2007558360.0,NDSN,2024-05-28,815000.0,15108982.56,0.0539414217180749,Market Model,2024-05-28,-0.03320723,-0.032954264,-0.032628973,250.0
2007558448.0,TDG,2024-05-28,655000.0,65943155.4,0.009932797362014,Market Model,2024-05-28,-0.013849645,-0.017279121,-0.01755797,250.0
2007536131.0,TMUS,2024-05-28,4300000.0,193293322.48,0.0222459831763972,Market Model,2024-05-28,0.023701279,0.022687044,0.022872389,250.0
2007561604.0,COP,2024-05-29,22500000.0,141474826.08,0.1590388949287478,Market Model,2024-05-29,-0.03130064,-0.025206709,-0.025421321,250.0
2007556140.0,WM,2024-06-03,7200000.0,85082552.28,0.0846236955410712,Market Model,2024-06-03,-0.01270303,-0.016230138,-0.017487151,250.0
2007567276.0,BDX,2024-06-03,4200000.0,68721118.74,0.0611165836209726,Market Model,2024-06-03,0.0516800423,0.0487362105,0.0493401886,250.0
2007568327.0,CTRE,2024-06-03,80900.0,3156867.57,0.0256266689071154,Market Model,2024-06-03,0.0282907662,0.0216287579,0.0218611522,250.0
2007574421.0,FRT,2024-06-03,215000.0,8390289.0,0.0256248622663653,Market Model,2024-06-03,0.0277215702,0.0225884809,0.0227356948,250.0
2007569227.0,FTDR,2024-06-04,585000.0,2481605.78,0.2357344606120316,Market Model,2024-06-04,0.0613514278,0.0505037793,0.0515145317,250.0
2007576689.0,YEXT,2024-06-10,220000.0,749400.92,0.2935678274854533,Market Model,2024-06-10,0.0656779661,0.0713507904,0.0692881719,250.0
2007582205.0,SLP,2024-06-12,100000.0,796602.1,0.1255331865180872,Market Model,2024-06-12,0.0464916057,0.0366247598,0.0352515091,250.0
2007587180.0,WK,2024-06-17,100000.0,4102348.7,0.0243762798613389,Market Model,2024-06-17,-0.053256033,-0.060959906,-0.060321613,250.0
2007589092.0,CPAY,2024-06-19,725000.0,22049118.44,0.0328811331833001,Market Model,2024-06-20,0.0596985323,0.058952048,0.0597494294,250.0
2007592146.0,NXT,2024-06-20,119000.0,7178015.27,0.0165783988364237,Market Model,2024-06-20,-0.052731674,-0.051297319,-0.0506665,250.0
2007592887.0,AXP,2024-06-21,400000.0,159135580.8,0.0025135799171318,Market Model,2024-06-21,0.009419563,0.0161755459,0.016186321,250.0
2007593379.0,RXO,2024-06-23,1025000.0,2503491.1,0.4094282580033937,Market Model,2024-06-24,0.2282178218,0.2297599369,0.2295155471,250.0
2007594913.0,ANIP,2024-06-24,381000.0,1404820.8,0.2712089684321302,Market Model,2024-06-24,0.0808216872,0.0751778895,0.0753692417,250.0
2007594911.0,ABM,2024-06-24,119000.0,2727842.1,0.0436242259036914,Market Model,2024-06-24,-0.011679969,-0.008292265,-0.00890852,250.0
2007456528.0,BA,2024-07-01,8300000.0,103851078.35,0.0799221359264778,Market Model,2024-07-01,0.0159443318,0.0162909057,0.0160738658,250.0
2007608814.0,UFPT,2024-07-01,110000.0,1730582.1,0.0635624279252628,Market Model,2024-07-01,0.1008654481,0.0905285802,0.0905378625,250.0
2007602358.0,BDC,2024-07-01,290000.0,3382610.38,0.0857326051249213,Market Model,2024-07-01,-0.002822099,-0.006970201,-0.007404568,250.0
2007607327.0,LLY,2024-07-08,3200000.0,708976698.54,0.00451354749259,Market Model,2024-07-08,0.0383030843,0.0273058438,0.0276893952,250.0
2007506441.0,VCTR,2024-07-09,1068320.0,3234843.42,0.3302540065447742,Market Model,2024-07-09,0.0098884915,-0.006092217,-0.006245825,250.0
2007609378.0,ESE,2024-07-09,550000.0,2690215.44,0.2044445927349223,Market Model,2024-07-09,0.0642558569,0.0541875714,0.0550535452,250.0
2007609303.0,UTL,2024-07-09,71200.0,821080.4,0.0867150159716393,Market Model,2024-07-09,0.0287896592,0.0243046238,0.0245665396,250.0
2007812452.0,PNTG,2024-07-11,80000.0,631524.98,0.1266774910471474,Market Model,2024-07-11,0.0746644295,0.0603587791,0.0613758642,250.0
2007616963.0,EVFM,2024-07-15,84000.0,15901.54,5.282507228859594,,,,,,
2007618835.0,KBR,2024-07-16,737000.0,8855320.32,0.0832268030254607,Market Model,2024-07-16,0.0300199112,0.0312621183,0.0312262419,250.0
2007618618.0,PRDO,2024-07-16,144000.0,1203159.02,0.1196849274337817,Market Model,2024-07-16,0.0755760369,0.0706521271,0.0718317947,250.0
2007621552.0,PWR,2024-07-17,1740000.0,37165995.0,0.0468169895626364,Market Model,2024-07-17,0.0290390297,0.0530766324,0.0489005511,250.0
2007620863.0,DRI,2024-07-17,605000.0,17648421.74,0.0342806857696953,Market Model,2024-07-17,-0.002791931,0.0081342857,0.0074840231,250.0
2007626129.0,NVDA,2024-07-17,100000.0,2110955743.78,4.737190739059938e-05,Market Model,2024-07-17,-0.057225164,-0.030353921,-0.030946074,250.0
2007624399.0,TEX,2024-07-22,2000000.0,4070977.0,0.4912825594445756,Market Model,2024-07-22,0.1405302374,0.1333092651,0.1354816765,250.0
2007626663.0,MOH,2024-07-23,350000.0,20182426.0,0.0173418200567166,Market Model,2024-07-23,0.0012484395,0.0035575235,0.003510253,250.0
2007627897.0,HRI,2024-07-23,264000.0,4301024.09,0.0613807303739142,Market Model,2024-07-23,0.0084335684,0.0377563103,0.035673993,250.0
2007629188.0,RIOT,2024-07-23,92500.0,2988924.75,0.030947584076849,Market Model,2024-07-23,-0.059019119,-0.016075483,-0.014235361,250.0
2007630472.0,COOP,2024-07-25,1300000.0,5434622.37,0.239207052761607,Market Model,2024-07-25,0.0652394366,0.074254608,0.0737737088,250.0
2007630154.0,ASTH,2024-07-25,59000.0,1767200.49,0.0333861383209553,Market Model,2024-07-25,0.0189342182,0.0458199022,0.0456616178,250.0
2007630593.0,COFS,2024-07-25,180400.0,191924.85,0.9399512361218466,Market Model,2024-07-25,-0.121744792,-0.104707049,-0.109301314,250.0
2007632166.0,WSBC,2024-07-26,959000.0,1684642.05,0.569260395702458,Market Model,2024-07-26,-0.035114046,-0.045860294,-0.046758314,250.0
2007632545.0,CASY,2024-07-26,1145000.0,12349056.18,0.0927196364896608,Market Model,2024-07-26,0.0371261326,0.0299718515,0.0294268138,250.0
2007633951.0,GABC,2024-07-29,330200.0,968594.9,0.340906193084436,Market Model,2024-07-29,-0.010682204,-0.016168227,-0.016530223,250.0
2007777959.0,CTS,2024-07-29,125000.0,1573317.9,0.0794499318923403,Market Model,2024-07-29,-0.077619414,-0.084711434,-0.084402905,250.0
2007635044.0,RNST,2024-07-29,1200000.0,1741040.49,0.6892430169731435,Market Model,2024-07-29,-0.057951112,-0.066029419,-0.065931639,250.0
2007633121.0,COLL,2024-07-29,550000.0,1089082.35,0.5050123161026344,Market Model,2024-07-29,0.0897797854,0.0857193606,0.0835168054,250.0
2007636526.0,CBZ,2024-07-31,2300000.0,3877165.44,0.5932168837242086,Market Model,2024-07-31,-0.137238691,-0.122262484,-0.1346112,250.0
2007639036.0,ITT,2024-08-01,475000.0,11441456.0,0.0415156952052256,Market Model,2024-08-01,-0.078753018,-0.055842819,-0.054740763,250.0
2007643413.0,SPSC,2024-08-01,206000.0,7261604.88,0.0283683845932415,Market Model,2024-08-01,-0.034469478,0.0045349646,0.0037657165,250.0
2007652619.0,HCAT,2024-08-01,65000.0,410293.25,0.1584232740850599,Market Model,2024-08-01,-0.120576671,-0.073661222,-0.068025899,250.0
2007644579.0,DKL,2024-08-06,230000.0,1861135.43,0.1235804747427757,Market Model,2024-08-06,-0.013749079,0.0024840691,0.0021945945,250.0
2007649539.0,SOUN,2024-08-08,80000.0,1499961.1,0.053334716480314,Market Model,2024-08-08,0.0919282511,0.0348783714,0.0176316196,250.0
2007654340.0,FLS,2024-08-13,305000.0,6462894.86,0.0471924743643439,Market Model,2024-08-13,0.0234906696,0.0031447195,0.0029313513,250.0
2007659853.0,AMD,2024-08-19,4900000.0,268582897.38,0.0182439017815319,Market Model,2024-08-19,0.0613463626,0.0409479797,0.0417897453,250.0
2007621344.0,H,2024-08-20,335000.0,6579345.84,0.0509169160805202,Market Model,2024-08-20,0.015234102,0.0022720609,0.0016409464,250.0
2007662416.0,CNR,2024-08-21,2271626.0,3096503.8,0.7336099506805063,,,,,,
2007749131.0,EPD,2024-08-21,950000.0,61563669.3,0.0154311789859478,Market Model,2024-08-21,-0.011888587,-0.010796907,-0.010791702,250.0
2007672005.0,OKE,2024-08-28,2600000.0,45582830.7,0.0570390201765157,Market Model,2024-08-28,0.0174943567,0.0183811577,0.0182958697,250.0
2007654911.0,VRTV,2024-09-03,956871.91,2289847.98,0.4178757360128335,,,,,,
2007367622.0,VZ,2024-09-05,20000000.0,173295028.35,0.1154101199003035,Market Model,2024-09-05,-0.041462846,-0.036104346,-0.03582194,250.0
2007681192.0,CNOB,2024-09-05,284000.0,681944.07,0.4164564404819885,Market Model,2024-09-05,0.0008190008,0.039841193,0.0382334975,250.0
2007753080.0,PRGS,2024-09-09,875000.0,2350113.44,0.3723224526557322,Market Model,2024-09-09,-0.001040222,0.0047156882,0.0042322849,250.0
2007685466.0,NBTB,2024-09-09,236000.0,1743570.02,0.1353544723142234,Market Model,2024-09-09,-0.046072187,-0.044423224,-0.04357934,250.0
2007687201.0,CAC,2024-09-10,86600.0,470783.61,0.1839486298174229,Market Model,2024-09-10,0.0037056644,-0.021488377,-0.021694931,250.0
2007688981.0,VOYA,2024-09-11,210000.0,7164876.15,0.0293096482902917,Market Model,2024-09-11,0.070322489,0.0546618142,0.0552321543,250.0
2007690415.0,MA,2024-09-12,2650000.0,403682096.7,0.0065645715320622,Market Model,2024-09-12,0.0109421745,-0.007010766,-0.007092703,250.0
2007690465.0,GEVO,2024-09-12,210000.0,137795.63,1.5239960802820816,Market Model,2024-09-12,0.6839378238,0.5285114935,0.6318866092,250.0
2007690067.0,SSNC,2024-09-12,670000.0,15253488.0,0.0439243797877573,Market Model,2024-09-12,0.0178401198,-0.004199766,-0.004405933,250.0
2007694671.0,EVER,2024-09-16,261000.0,675875.6,0.3861657381920578,Market Model,2024-09-16,0.0045085663,-0.022100159,-0.023273211,250.0
2007753914.0,MMSI,2024-09-17,210000.0,4977161.76,0.0421927214999739,Market Model,2024-09-17,0.0265183028,0.0273171097,0.0269592631,250.0
2007748575.0,OGN,2024-09-18,1486000.0,5179423.94,0.286904493089245,Market Model,2024-09-18,-0.033524904,-0.052027601,-0.051978246,250.0
2007704228.0,TOWN,2024-09-24,120000.0,2224529.66,0.0539439874224918,Market Model,2024-09-24,-0.035682948,-0.038645258,-0.038209509,250.0
2007670564.0,CIFR,2024-09-24,67500.0,1537922.88,0.0438903672465032,Market Model,2024-09-24,0.3310344828,0.299952899,0.3274463274,250.0
2007706495.0,APOG,2024-09-25,242000.0,1368180.54,0.1768772416540875,Market Model,2024-09-25,0.0332196352,0.0279450979,0.0279424198,250.0
2007712117.0,ULH,2024-09-30,193600.0,1141894.63,0.1695427887247355,Market Model,2024-09-30,0.0170737491,0.0235611476,0.0236279092,250.0
2007715784.0,ULBI,2024-09-30,50000.0,185346.45,0.2697650804749699,Market Model,2024-09-30,-0.013874066,-0.016097531,-0.016768177,250.0
2007719181.0,SMLP,2024-10-01,450000.0,344447.1,1.3064415406603802,,,,,,
2007720578.0,VLTO,2024-10-07,350000.0,24588429.67,0.0142343372349243,Market Model,2024-10-07,0.0078160093,-0.00128252,-0.001246608,203.0
2007723269.0,ZETA,2024-10-08,250000.0,4058431.65,0.0616001503930711,Market Model,2024-10-08,0.0673324742,0.0487240947,0.0489199035,250.0
2007729656.0,HOLX,2024-10-14,350000.0,19325030.4,0.0181112263606064,Market Model,2024-10-14,0.0217717718,0.0186087557,0.018595427,250.0
2007731018.0,CXT,2024-10-15,399763.27,3338501.88,0.1197433113322075,Market Model,2024-10-15,0.0098074827,0.0051147627,0.0051194139,250.0
2007749107.0,ADP,2024-10-15,1200000.0,107462138.4,0.0111667236281238,Market Model,2024-10-15,0.0081148564,0.005556614,0.0055506314,250.0
2007731700.0,VSEC,2024-10-15,200000.0,1448364.6,0.1380867773211248,Market Model,2024-10-15,0.1817267955,0.1708567193,0.1714076376,250.0
2007734669.0,CIM,2024-10-17,50000.0,1098456.45,0.0455184181402913,Market Model,2024-10-17,0.0394311571,0.0311042734,0.0310890978,250.0
2007735315.0,XRX,2024-10-17,400000.0,1228400.16,0.3256267892378002,Market Model,2024-10-17,0.0415057915,0.0389631084,0.0378870183,250.0
2007735122.0,PIXY,2024-10-17,150000.0,7769.4,19.30651015522434,Market Model,2024-10-17,0.2014705882,0.3088169993,0.1989299269,250.0
2007739222.0,ROAD,2024-10-21,908200.0,2551907.6,0.3558906286418834,Market Model,2024-10-21,0.1108312343,0.1092702611,0.1066772837,250.0
2007679981.0,AUB,2024-10-21,1300000.0,3304323.27,0.3934239763411526,Market Model,2024-10-21,-0.07863464,-0.079583156,-0.078850934,250.0
2007738409.0,PSN,2024-10-21,230000.0,9737445.9,0.0236201569037728,Market Model,2024-10-21,-0.007850744,-0.012641025,-0.012626436,250.0
2007753060.0,LYEL,2024-10-24,61130.0,350724.11,0.1742965432288074,Market Model,2024-10-24,-0.193913043,-0.182185282,-0.174317279,250.0
2007747465.0,ABBV,2024-10-28,1400000.0,341518871.2,0.0040993342332176,Market Model,2024-10-28,-0.001054574,-0.005156132,-0.005254295,250.0
2007750279.0,AKR,2024-10-29,275000.0,2250608.46,0.1221891790098398,Market Model,2024-10-29,0.0241566014,0.0189188076,0.0188101499,250.0
2007749872.0,SXI,2024-10-29,462000.0,2028403.89,0.2277652898802122,Market Model,2024-10-29,0.0694585735,0.0669990898,0.0683424431,250.0
2007750218.0,THRY,2024-10-29,80000.0,644378.25,0.1241506832361272,Market Model,2024-10-29,-0.186006826,-0.174336118,-0.1833658,250.0
2007753662.0,NRIM,2024-10-31,56000.0,353613.54,0.1583649766352272,Market Model,2024-10-31,-0.022252293,-0.007258768,-0.007055972,250.0
2007752853.0,WCC,2024-10-31,185000.0,8020658.4,0.0230654381191449,Market Model,2024-10-31,0.0582049263,0.0962084464,0.0947229075,250.0
2007753654.0,CELH,2024-11-01,75000.0,9621047.04,0.007795409344553,Market Model,2024-11-01,0.0123818833,0.0455530835,0.0442889273,250.0
2007755118.0,MPB,2024-11-01,127000.0,466987.12,0.2719561087680534,Market Model,2024-11-01,-0.027289837,-0.011290571,-0.011608313,250.0
2007753980.0,CECO,2024-11-01,125000.0,962825.94,0.1298261656722709,Market Model,2024-11-01,-0.074827166,-0.061257724,-0.059235346,250.0
2007763426.0,BWXT,2024-11-04,100000.0,9203972.21,0.0108648741780588,Market Model,2024-11-04,-0.039425051,-0.054313585,-0.054117631,250.0
2007757248.0,TDY,2024-11-04,57300.0,19544016.0,0.0029318436906723,Market Model,2024-11-04,0.0088948432,-0.000923314,-0.00090491,250.0
2007758661.0,TEM,2024-11-04,600000.0,9632715.75,0.0622877302281031,,,,,,
2007755569.0,KEQU,2024-11-04,55000.0,151612.88,0.3627660130194743,Market Model,2024-11-04,0.1226355612,0.1056409743,0.0993667007,250.0
2007761155.0,YELP,2024-11-07,80000.0,2342141.76,0.0341567711085088,Market Model,2024-11-07,0.0315819696,-0.003144654,-0.00429875,250.0
2007764430.0,CTRA,2024-11-13,3950000.0,17683434.08,0.223372902691308,Market Model,2024-11-13,0.0090515545,0.0193626102,0.0192157707,250.0
2007765606.0,GIS,2024-11-14,1450000.0,41068382.68,0.0353069662201754,Market Model,2024-11-14,-0.016339869,-0.021355085,-0.021646265,250.0
2007769381.0,AVAV,2024-11-19,4100000.0,5103029.52,0.8034443038064182,Market Model,2024-11-19,-0.008597421,-0.022195744,-0.02254707,250.0
2007769417.0,LB,2024-11-19,245000.0,614405.5,0.3987594512093397,,,,,,
2007769275.0,HOOD,2024-11-19,300000.0,14998830.26,0.0200015597749687,Market Model,2024-11-19,0.1163366337,0.0896574923,0.0922119609,250.0
2007773269.0,AIT,2024-11-22,273000.0,7749285.18,0.0352290557978923,Market Model,2024-11-22,0.0482050124,0.0287276393,0.0292172926,250.0
2007774905.0,SNDR,2024-11-25,390000.0,2555395.92,0.152618229115745,Market Model,2024-11-25,0.0595351799,0.0523564227,0.0531899756,250.0
2007760837.0,ONB,2024-11-25,1401000.0,5983877.2,0.2341291362062042,Market Model,2024-11-25,0.0935727788,0.0764443778,0.0784827791,250.0
2007780292.0,THS,2024-12-02,205000.0,2172534.0,0.0943598581195967,Market Model,2024-12-02,-0.009229882,-0.010933938,-0.011410059,250.0
2007782310.0,UCB,2024-12-03,80000.0,3521256.62,0.0227191621154836,Market Model,2024-12-03,0.0056196392,-0.006087743,-0.00612192,250.0
2007944863.0,IPG,2024-12-05,100000.0,11725951.02,0.0085280929307514,Market Model,2024-12-05,-0.021404682,-0.027018894,-0.027089033,250.0
2007786857.0,AJG,2024-12-09,13450000.0,60907609.0,0.220826268192534,Market Model,2024-12-09,-0.063463429,-0.064894557,-0.063534702,250.0
2007788291.0,ON,2024-12-09,115000.0,31407061.92,0.0036615968820301,Market Model,2024-12-09,0.0091268634,0.0332776469,0.0328443941,250.0
2007787612.0,INDB,2024-12-09,562000.0,2509895.64,0.2239136922840345,Market Model,2024-12-09,-0.011759765,-0.0043118,-0.00435414,250.0
2007786809.0,OMC,2024-12-09,13300000.0,20149890.51,0.6600532143536694,Market Model,2024-12-09,-0.103548575,-0.099944333,-0.099821103,250.0
2007789455.0,GEN,2024-12-10,1479794.0,16921520.0,0.0874504181657439,Market Model,2024-12-10,-0.039486356,-0.041213949,-0.040841139,250.0
2007816967.0,SGU,2024-12-12,68000.0,419398.1,0.1621371198391218,Market Model,2024-12-12,-0.001702128,-0.002333607,-0.002327794,250.0
2007792872.0,UPBD,2024-12-12,460000.0,1628846.88,0.282408374690198,Market Model,2024-12-12,-0.055176505,-0.056190547,-0.055929235,250.0
2007793383.0,VIAV,2024-12-13,325000.0,2009508.0,0.1617311302069959,Market Model,2024-12-13,0.0608365019,0.0660888585,0.0663185595,250.0
2007794079.0,BBT,2024-12-16,1100000.0,40545398.88,0.0271300820903405,,,,,,
2007796349.0,NWBI,2024-12-17,270400.0,1654926.0,0.1633909915005263,Market Model,2024-12-17,-0.070481507,-0.044862458,-0.044198032,250.0
2007798574.0,FCF,2024-12-18,54600.0,1672611.42,0.0326435652340577,Market Model,2024-12-18,-0.086009799,-0.055968999,-0.054106325,250.0
2007800102.0,TRIP,2024-12-19,435000.0,1821640.15,0.2387957907054255,Market Model,2024-12-19,0.0222386953,0.0586491916,0.0560414227,250.0
2007803130.0,SPXC,2024-12-23,350000.0,7596083.6,0.046076375462745,Market Model,2024-12-23,0.024160324,-0.023029183,-0.02360275,250.0
2007806470.0,BAC,2024-12-27,906000.0,326988574.78,0.0027707390101001,Market Model,2024-12-27,-0.010590356,0.0062646496,0.0061950186,250.0
2007807390.0,WAB,2024-12-30,69000.0,33244477.91,0.0020755326700211,Market Model,2024-12-30,-0.022026204,-0.004017764,-0.003957625,250.0
2007812130.0,SYK,2025-01-06,4900000.0,139481071.5,0.0351302147833012,Market Model,2025-01-06,-0.009868421,-0.015993465,-0.016084666,250.0
2007812941.0,PSX,2025-01-06,2200000.0,55012523.67,0.0399908939498394,Market Model,2025-01-06,0.0068175859,0.0025028514,0.0024279516,250.0
2007810945.0,PAYX,2025-01-07,4100000.0,50900374.14,0.0805495061533942,Market Model,2025-01-07,0.0041526455,0.0059416831,0.0053293188,250.0
2007840848.0,ITGR,2025-01-07,152000.0,4242677.43,0.0358264333095905,Market Model,2025-01-07,-0.00575099,-0.006070352,-0.006075409,250.0
2007813426.0,RYAN,2025-01-07,525000.0,8369278.08,0.0627294248060162,Market Model,2025-01-07,-0.026131294,-0.029755243,-0.029694984,250.0
2007825003.0,KRP,2025-01-07,230000.0,1298758.8,0.1770921590675651,Market Model,2025-01-07,-0.063221884,-0.060779319,-0.060248028,250.0
2007815078.0,FLO,2025-01-08,795000.0,4694207.13,0.1693576738272305,Market Model,2025-01-08,-0.056603774,-0.053469683,-0.05298813,250.0
2007535884.0,CEG,2025-01-10,29100000.0,82678098.49,0.3519674560914058,Market Model,2025-01-10,0.0923600516,0.1341194921,0.1061740007,250.0
2007816862.0,CCNE,2025-01-10,214000.0,529074.0,0.4044802806412713,Market Model,2025-01-10,-0.033167496,-0.01953955,-0.019583131,250.0
2007819309.0,GBCI,2025-01-13,245400.0,5901075.8,0.0415856376561033,Market Model,2025-01-13,0.0327568667,0.0477198999,0.0464327492,250.0
2007820216.0,EME,2025-01-14,865000.0,20379311.03,0.042445007033194,Market Model,2025-01-14,0.0748972251,0.0409644695,0.041882208,250.0
2007829485.0,CADE,2025-01-22,103600.0,6211627.44,0.0166783988577396,Market Model,2025-01-22,-0.039831697,-0.06877816,-0.069396881,250.0
2007831886.0,CARS,2025-01-23,113000.0,1109796.2,0.1018204964118637,Market Model,2025-01-23,-0.003399433,-0.006369533,-0.007328412,250.0
2007833711.0,CNX,2025-01-27,505000.0,5696181.36,0.0886558850717491,Market Model,2025-01-27,-0.024912281,-0.023614086,-0.02346956,250.0
2007835287.0,ZBH,2025-01-28,1283720.0,21790640.04,0.0589115325499177,Market Model,2025-01-28,0.0021658695,0.0084966003,0.0083513013,250.0
2007844086.0,PLBC,2025-01-29,62423.0,268549.38,0.2324451465871937,Market Model,2025-01-29,-0.019709544,-0.030993027,-0.030919305,250.0
2007836456.0,WELL,2025-01-29,1886749.0,84660932.4,0.0222859463806236,Market Model,2025-01-29,-0.009172987,-0.017971478,-0.018263064,250.0
2007974521.0,WMB,2025-01-31,325000.0,67748184.98,0.0047971764866607,Market Model,2025-01-31,0.0157238388,0.0156358256,0.0152089964,250.0
2007838335.0,BMI,2025-01-31,185000.0,6460126.15,0.0286372116742642,Market Model,2025-01-31,0.0344827586,0.0421415026,0.0424294383,250.0
2007845176.0,GMED,2025-02-06,250000.0,9443747.43,0.0264725419493774,Market Model,2025-02-06,-0.049468431,-0.052329091,-0.052233306,250.0
2007846993.0,FDS,2025-02-07,246500.0,18453916.53,0.0133575980794793,Market Model,2025-02-07,-0.017405401,-0.016285959,-0.016206182,250.0
2008563004.0,CMCO,2025-02-10,2700000.0,1105425.7,2.4424979444570543,Market Model,2025-02-10,-0.398023776,-0.378714024,-0.38867496,250.0
2007847905.0,LZ,2025-02-10,85106.0,1353196.26,0.062892577016138,Market Model,2025-02-10,0.0075839653,0.0211019714,0.0209658213,250.0
2007857988.0,ROCK,2025-02-11,120000.0,2238862.39,0.0535986492675862,Market Model,2025-02-11,-0.016036462,-0.015283645,-0.015839902,250.0
2007850379.0,FSS,2025-02-12,93100.0,5975187.12,0.0155811020023754,Market Model,2025-02-12,-0.004102564,-0.013464623,-0.013805792,250.0
2007858206.0,PDFS,2025-02-19,130000.0,1224451.34,0.1061700010063282,Market Model,2025-02-19,0.0687554395,0.0854462075,0.0806371682,250.0
2007857379.0,CAL,2025-02-19,120200.0,1142976.47,0.1051640196932488,Market Model,2025-02-19,-0.03000577,-0.022885842,-0.024201514,250.0
2007859000.0,VVV,2025-02-20,625000.0,4992425.97,0.1251896380148026,Market Model,2025-02-20,-0.044560944,-0.017522088,-0.017412236,250.0
2007862034.0,APO,2025-02-24,1500000.0,100630375.6,0.0149060359862156,Market Model,2025-02-24,-0.073282735,-0.035889235,-0.034581987,250.0
2007863788.0,FLYW,2025-02-24,340000.0,2631019.68,0.129227463627334,Market Model,2025-02-24,-0.058697972,-0.023504638,-0.024113048,250.0
2007744284.0,TMO,2025-02-25,4000000.0,205490475.0,0.0194656224333512,Market Model,2025-02-25,0.0013895409,0.0094913765,0.0093644737,250.0
2007869996.0,OSBC,2025-02-25,197000.0,830677.56,0.2371557984544568,Market Model,2025-02-25,-0.010365521,-0.00035612,-0.000424926,250.0
2007864898.0,SKYT,2025-02-26,93000.0,434146.16,0.214213572682527,Market Model,2025-02-26,-0.014038877,0.0764938535,0.0580504281,250.0
2007864622.0,REI,2025-02-26,100000.0,283420.28,0.3528329024302706,Market Model,2025-02-26,-0.037313433,-0.00779023,-0.008724468,250.0
2007866981.0,SBCF,2025-02-27,111200.0,2533325.65,0.0438948699706253,Market Model,2025-02-27,0.0110833035,0.0131753454,0.0136197489,250.0
2007869496.0,JAMF,2025-03-03,215000.0,1902270.45,0.113022835422797,Market Model,2025-03-03,-0.05227427,-0.024844644,-0.025849205,250.0
2007870307.0,HON,2025-03-04,2160000.0,153458292.0,0.014075485735238,Market Model,2025-03-04,-0.015360045,-0.003809399,-0.003868066,250.0
2007871013.0,RGEN,2025-03-04,70000.0,9015864.84,0.007764091547761,Market Model,2025-03-04,-0.009983674,0.0214350953,0.0211442927,250.0
2007875821.0,NOW,2025-03-10,2850000.0,224797500.0,0.0126780769359089,Market Model,2025-03-10,-0.067686169,-0.026697541,-0.028181577,250.0
2007876574.0,RKT,2025-03-10,2400000.0,1723769.7,1.3922973585160476,Market Model,2025-03-10,-0.112457912,-0.062506016,-0.070871755,250.0
2007877563.0,BMY,2025-03-10,286000.0,116275387.41,0.0024596778937534,Market Model,2025-03-10,0.0221003656,0.0247919201,0.0240609654,250.0
2007879277.0,ASGI,2025-03-11,81151.0,519255.36,0.1562834132323641,Market Model,2025-03-11,-0.011055832,-0.004068295,-0.004060966,250.0
2007880086.0,CWAN,2025-03-12,560000.0,5621520.16,0.0996171825522724,Market Model,2025-03-12,-0.043478261,-0.03736501,-0.037250958,250.0
2007880900.0,NRG,2025-03-12,560000.0,18844714.98,0.0297165545137897,Market Model,2025-03-12,0.0719170007,0.0823118177,0.0828141484,250.0
2007886015.0,MCBS,2025-03-17,206000.0,817210.32,0.2520770907543115,Market Model,2025-03-17,-0.003307607,-0.028210612,-0.028301793,250.0
2007884663.0,PEP,2025-03-17,1950000.0,208158171.08,0.0093678763119539,Market Model,2025-03-17,0.0043818255,0.0054552447,0.0051721981,250.0
2007615619.0,GOOGL,2025-03-18,32000000.0,1104565500.0,0.0289706676516693,Market Model,2025-03-18,-0.009668258,-0.020144967,-0.02040323,250.0
2007890691.0,PRTK,2025-03-19,330000.0,125447.58,2.6305808370316908,,,,,,
2007870650.0,ROP,2025-03-24,1650000.0,54411830.0,0.0303242879351788,Market Model,2025-03-24,0.006290729,-0.008691163,-0.008728993,250.0
2007904083.0,BRZE,2025-03-27,325000.0,3638668.8,0.0893183792929985,Market Model,2025-03-27,-0.041645376,0.0364063362,0.0340838247,250.0
2007906124.0,LPLA,2025-03-28,2700000.0,24980823.99,0.1080829039538819,Market Model,2025-03-28,-0.03541206,-0.022209184,-0.022173912,250.0
2007911433.0,FBK,2025-03-31,381000.0,2447888.52,0.1556443428232589,Market Model,2025-03-31,-0.037546934,-0.021795453,-0.021051936,250.0
2007915018.0,RES,2025-04-02,245000.0,1506953.72,0.162579644449864,Market Model,2025-04-02,-0.105454545,-0.070440314,-0.075310752,250.0
2007916777.0,AVAH,2025-04-03,75000.0,956463.75,0.0784138447484287,Market Model,2025-04-03,-0.078754579,0.2111152998,0.1935769434,250.0
2008201484.0,FBM,2025-04-04,600000.0,655002.96,0.9160263947509488,,,,,,
2007923029.0,CALM,2025-04-08,258000.0,4719874.5,0.0546624703686506,Market Model,2025-04-08,0.0031422689,-0.028820188,-0.029755351,250.0
2007927086.0,PSEC,2025-04-11,115000.0,1865121.0,0.0616581980472044,Market Model,2025-04-11,-0.038978495,-0.0294573,-0.03071406,250.0
2007932767.0,LOW,2025-04-14,1325000.0,149067600.0,0.0088885847763028,Market Model,2025-04-14,-0.003119349,-0.020850959,-0.021197409,250.0
2007932014.0,SNEX,2025-04-14,1058420.0,3534321.84,0.2994690489194385,Market Model,2025-04-14,0.0698837524,0.0385014966,0.0393450639,250.0
2007935231.0,WGS,2025-04-16,51000.0,1960629.66,0.0260120516589553,Market Model,2025-04-16,-0.055126683,-0.068787085,-0.068238444,250.0
2007938288.0,FIS,2025-04-17,13500000.0,43892001.62,0.3075731227041726,Market Model,2025-04-17,0.0897545662,0.1093005801,0.1089927051,250.0
2007098440.0,GPN,2025-04-17,24250000.0,28007174.75,0.8658495623518756,Market Model,2025-04-17,-0.210138141,-0.176313818,-0.168731282,250.0
2007942041.0,EQT,2025-04-22,1800000.0,30687458.12,0.0586558845298067,Market Model,2025-04-22,-0.043742644,-0.062856084,-0.063862305,250.0
2007943562.0,LMT,2025-04-23,360000.0,104603184.54,0.0034415778217759,Market Model,2025-04-23,0.0185019527,0.0199708516,0.020076179,250.0
2007943454.0,COLB,2025-04-23,2000000.0,5826145.71,0.3432801202632469,Market Model,2025-04-23,0.0571169538,-0.035054684,-0.037355959,250.0
2007945036.0,EBC,2025-04-24,490000.0,3731752.42,0.1313056025297626,Market Model,2025-04-24,-0.022501655,-0.077384824,-0.080812154,250.0
2007953875.0,ASTE,2025-04-29,245000.0,752303.96,0.32566623735438,Market Model,2025-04-29,0.0234463277,0.0183892881,0.0157989271,250.0
2007957419.0,QTRX,2025-04-29,69140.0,312534.56,0.2212235344468784,Market Model,2025-04-29,-0.020408163,-0.016895566,-0.01904152,250.0
2007956805.0,DDOG,2025-05-01,220000.0,41443281.91,0.0053084598965342,Market Model,2025-05-01,0.02629264,-0.000180481,-0.000864227,250.0
2007962113.0,DASH,2025-05-06,1200000.0,78873330.9,0.0152142680714401,Market Model,2025-05-06,-0.137013019,-0.135801679,-0.130837881,250.0
2007962208.0,TPG,2025-05-06,960000.0,6065526.04,0.1582715157216603,Market Model,2025-05-06,-0.026924695,-0.012256387,-0.012107497,250.0
2007965233.0,PR,2025-05-07,608000.0,9883547.3,0.0615163747938961,Market Model,2025-05-07,0.0951178451,0.0934945367,0.0935694173,250.0
2007964046.0,ORA,2025-05-07,88000.0,4150536.51,0.0212020782826459,Market Model,2025-05-07,0.0413095405,0.0382033444,0.0386889282,250.0
2007970463.0,MPLX,2025-05-09,237000.0,53854402.32,0.0044007544377107,Market Model,2025-05-09,0.0134697333,-0.008447035,-0.008530027,250.0
2007970128.0,CHD,2025-05-12,880000.0,26795431.26,0.0328414195487742,Market Model,2025-05-12,0.0208288132,0.0231770554,0.0225478413,250.0
2007974216.0,ANET,2025-05-14,1000000.0,108469189.23,0.0092192078423263,Market Model,2025-05-14,0.0406195841,0.0138873113,0.0128322173,250.0
2007974857.0,DKS,2025-05-15,2500000.0,12282596.48,0.2035400254393116,Market Model,2025-05-15,-0.132144878,-0.143682975,-0.146384211,250.0
2007978444.0,BMRN,2025-05-16,270000.0,13581414.63,0.0198801087630147,Market Model,2025-05-16,0.0120954003,0.0095345038,0.0094326482,250.0
2007984698.0,RHP,2025-05-19,865000.0,5761470.54,0.1501352812610233,Market Model,2025-05-19,-0.01151651,-0.01186352,-0.012058495,250.0
2007983918.0,SANM,2025-05-19,3000000.0,4110229.5,0.729886250877232,Market Model,2025-05-19,-0.021398003,-0.027170686,-0.02769244,250.0
2007838642.0,MSI,2025-05-21,5000000.0,69390702.79,0.0720557625008023,Market Model,2025-05-21,-0.008394272,0.0013136027,0.0012343385,250.0
2008006703.0,STRW,2025-05-22,59000.0,136256.4,0.4330071835157835,Market Model,2025-05-22,-0.060721063,-0.05892899,-0.058033257,250.0
2007996516.0,WULF,2025-05-27,52400.0,1145582.62,0.0457409174032336,Market Model,2025-05-27,-0.073349633,-0.121387859,-0.116281727,250.0
2007503248.0,CRM,2025-05-27,8000000.0,260055180.0,0.0307627019773265,Market Model,2025-05-27,-0.026074377,-0.034403658,-0.034512077,250.0
2008000379.0,LDOS,2025-05-28,300000.0,17648519.85,0.0169985926610157,Market Model,2025-05-28,-0.032723457,-0.041910983,-0.041651857,250.0
2007848512.0,EOG,2025-05-30,5684000.0,67894709.82,0.0837178627770737,Market Model,2025-05-30,0.0080579448,0.0057234257,0.0053487573,250.0
2008003164.0,MOD,2025-05-30,112000.0,4365744.96,0.0256542700103122,Market Model,2025-05-30,-0.022244246,-0.04254756,-0.04269831,250.0
2008020595.0,FORM,2025-06-02,55000.0,2514989.88,0.0218688752735657,Market Model,2025-06-02,0.0070648683,-0.009692352,-0.01159722,250.0
2008007687.0,POST,2025-06-03,880000.0,6322030.26,0.1391957905623818,Market Model,2025-06-03,-0.006781807,-0.009134043,-0.009175962,250.0
2008008140.0,VNOM,2025-06-03,4100000.0,5807973.99,0.7059260263663818,Market Model,2025-06-03,0.0113378685,0.0014498422,0.0003095117,250.0
2008013816.0,NBBK,2025-06-05,211800.0,797109.15,0.2657101602710243,Market Model,2025-06-05,-0.047421458,-0.05601084,-0.055558859,250.0
2008022447.0,CR,2025-06-09,1150000.0,8958105.86,0.1283753527779811,Market Model,2025-06-09,0.0673566242,0.0403843365,0.0411865448,250.0
2008022752.0,BRO,2025-06-10,9825000.0,35141042.8,0.2795876051805725,Market Model,2025-06-10,-0.055078231,-0.061152476,-0.060180721,250.0
2007737094.0,ALSN,2025-06-11,2700000.0,8214859.08,0.328672710475759,Market Model,2025-06-11,0.0061343623,-0.001033364,-0.001071606,250.0
2008031931.0,BKR,2025-06-16,540000.0,44486522.0,0.0121385079283114,Market Model,2025-06-16,0.0251100181,0.0310163917,0.0312476232,250.0
2008031379.0,SUPN,2025-06-16,795000.0,1837558.98,0.432639174389929,Market Model,2025-06-16,-0.013579493,-0.008405968,-0.008655301,250.0
2008038154.0,WOR,2025-06-19,93000.0,2286510.36,0.0406733341894851,Market Model,2025-06-20,0.0022007787,-0.001395923,-0.001514934,250.0
2008042183.0,ILMN,2025-06-23,425000.0,11177700.0,0.0380221333548046,Market Model,2025-06-23,0.0139596721,0.000819456,0.0008556711,250.0
2008043308.0,FFBC,2025-06-23,325000.0,2115633.0,0.1536183260518246,Market Model,2025-06-23,0.0452391211,0.0228855043,0.0232227454,250.0
2008057494.0,ONTO,2025-06-30,495000.0,5935556.9,0.083395713045898,Market Model,2025-06-30,-9.9761e-05,-0.016208262,-0.016565104,250.0
2008094462.0,HD,2025-06-30,5500000.0,351996671.52,0.0156251477499766,Market Model,2025-06-30,0.0265749656,0.0203614382,0.0204245211,250.0
2008057734.0,PH,2025-06-30,1000000.0,73170711.25,0.0136666704876399,Market Model,2025-06-30,0.0167266629,0.0040004679,0.0039986313,250.0
2008058775.0,TDG,2025-06-30,765000.0,76327198.2,0.0100226396100047,Market Model,2025-06-30,0.0278219396,0.0188600328,0.0189363932,250.0
2008064170.0,LMB,2025-07-01,66100.0,989985.0,0.0667686884144709,Market Model,2025-07-01,0.0457708587,0.0227866605,0.0207168958,250.0
2008061541.0,ISTR,2025-07-01,83617.0,157970.79,0.5293193760694619,Market Model,2025-07-01,0.1088546718,0.0990330612,0.1005785179,250.0
2008061533.0,PKG,2025-07-01,1800000.0,16769438.74,0.1073381183418187,Market Model,2025-07-01,0.0661527902,0.0589956194,0.0583163614,250.0
2008081888.0,NWFL,2025-07-07,54900.0,230919.46,0.2377452294406023,Market Model,2025-07-07,-0.01240791,-0.012089524,-0.013273588,250.0
2008495676.0,BFST,2025-07-07,79892.0,687549.0,0.1161982636873881,Market Model,2025-07-07,0.005787037,0.0047363874,0.0046474684,250.0
2008083431.0,BLD,2025-07-08,810000.0,8653303.05,0.0936058745798807,Market Model,2025-07-08,0.0896642982,0.0941928004,0.0954364894,250.0
2008376197.0,CIVB,2025-07-10,70400.0,326830.14,0.2154024105610333,Market Model,2025-07-10,-0.140393101,-0.148198086,-0.147634327,250.0
2008246171.0,MNR,2025-07-10,770700.0,1661423.4,0.4638793458669235,Market Model,2025-07-10,0.0225102319,0.0221996235,0.0220404087,250.0
2008100828.0,HBAN,2025-07-14,1900000.0,21327727.68,0.0890859086587887,Market Model,2025-07-14,-0.056947608,-0.05064986,-0.04963545,250.0
2008547865.0,WAT,2025-07-14,18800000.0,20248457.02,0.9284658076134238,Market Model,2025-07-14,-0.180366848,-0.181616513,-0.174789265,250.0
2008100667.0,FCCO,2025-07-14,50000.0,182831.6,0.2734757011370026,Market Model,2025-07-14,-0.02605606,-0.023430315,-0.023499452,250.0
2008102467.0,CVCO,2025-07-14,190000.0,3987743.76,0.0476459901726484,Market Model,2025-07-14,-0.034763413,-0.030460409,-0.03082335,250.0
2008108922.0,STWD,2025-07-16,2200000.0,6457646.16,0.340681410144033,Market Model,2025-07-16,-0.056486357,-0.060543224,-0.060559216,250.0
2008109807.0,VRT,2025-07-17,200000.0,36204975.0,0.0055241026958311,Market Model,2025-07-17,0.0132684306,-0.009964599,-0.011274142,250.0
2008112119.0,PB,2025-07-18,327582.0,6670315.26,0.0491104224060318,Market Model,2025-07-18,0.0011049724,-0.004340049,-0.004649346,250.0
2008112285.0,BFC,2025-07-18,174300.0,1142909.6,0.1525054999975501,Market Model,2025-07-18,0.048754331,0.0399211787,0.0403303048,250.0
2008277425.0,HUBG,2025-07-22,51800.0,1920205.5,0.0269762793617662,Market Model,2025-07-22,0.0605255388,0.0544801341,0.0553188798,250.0
2008120624.0,MBWM,2025-07-22,95800.0,703300.2,0.1362149477563066,Market Model,2025-07-22,0.0067929189,-0.003155083,-0.003564432,250.0
2008122068.0,LH,2025-07-22,195000.0,20581830.0,0.009474376185208,Market Model,2025-07-22,0.0278598392,0.0207426259,0.0204136694,250.0
2008125003.0,CBAN,2025-07-23,86100.0,277089.7,0.3107297023310502,Market Model,2025-07-23,-0.049943246,-0.060319375,-0.060930031,250.0
2008124971.0,WAY,2025-07-23,1250000.0,7003312.36,0.1784869695573595,Market Model,2025-07-23,0.0002704896,-0.015975619,-0.016166719,228.0
2008144325.0,PWR,2025-07-25,1566000.0,49340776.56,0.0317384546652947,Market Model,2025-07-25,0.0169830416,0.0100526675,0.0092870957,250.0
2008135100.0,SR,2025-07-27,2480000.0,4188659.34,0.5920748857079411,Market Model,2025-07-28,-0.050827577,-0.053903773,-0.053376873,250.0
2008144922.0,IEX,2025-07-29,102000.0,14237777.68,0.0071640393811796,Market Model,2025-07-29,-0.115299693,-0.109246615,-0.108974392,250.0
2008144155.0,EEFT,2025-07-31,248000.0,4803654.6,0.0516273588862946,Market Model,2025-07-31,-0.072042692,-0.050209214,-0.048576878,250.0
2008145191.0,MIR,2025-07-31,81000.0,3880109.85,0.0208756976300555,Market Model,2025-07-31,-0.10941704,-0.085402405,-0.085717899,250.0
2008036925.0,APH,2025-08-04,10500000.0,104376297.71,0.1005975516507904,Market Model,2025-08-04,0.0133320815,0.020630681,0.0201608169,250.0
2008153561.0,XOMA,2025-08-04,97775.0,318322.2,0.307157339324747,Market Model,2025-08-04,0.1430868167,0.143700431,0.1476387686,250.0
2008154525.0,FLOC,2025-08-04,71000.0,483316.38,0.1469017044280601,,,,,,
2008152113.0,HNI,2025-08-04,2200000.0,2217242.88,0.9922232786694076,Market Model,2025-08-04,-0.141912908,-0.141703181,-0.136684949,250.0
2008157141.0,ZBRA,2025-08-05,1300000.0,14641883.68,0.0887863903587574,Market Model,2025-08-05,-0.080330509,-0.102063531,-0.105975006,250.0
2008157409.0,S,2025-08-05,250000.0,6119885.2,0.0408504394821,Market Model,2025-08-05,-0.035117057,-0.058484352,-0.060537936,250.0
2008161154.0,GVA,2025-08-05,540000.0,3775377.84,0.143032041529385,Market Model,2025-08-05,0.0114867794,-0.007375808,-0.00762009,250.0
2008157453.0,TRNS,2025-08-05,84000.0,842073.24,0.099753793387378,Market Model,2025-08-05,0.0452045607,0.0341383153,0.0346289993,250.0
2008162042.0,WES,2025-08-06,2000000.0,14753309.49,0.1355628038139936,Market Model,2025-08-06,-0.03996004,-0.041416318,-0.041832508,250.0
2008164061.0,CRMD,2025-08-07,325000.0,838317.0,0.3876815095005827,Market Model,2025-08-07,-0.143094152,-0.171269826,-0.166014686,250.0
2008164471.0,HRZN,2025-08-07,133465.0,301451.85,0.4427406897652146,Market Model,2025-08-07,-0.05408971,-0.056061737,-0.056232047,250.0
2008172131.0,HUBB,2025-08-12,825000.0,21265266.62,0.038795657479511,Market Model,2025-08-12,0.0604323421,0.0431282418,0.0439085572,250.0
2008471668.0,WKHS,2025-08-15,105000.0,8705.69,12.061077295424026,Market Model,2025-08-15,-0.120218579,-0.079619508,-0.075685924,250.0
2008196673.0,DGII,2025-08-18,145500.0,1243597.85,0.1169992373338374,Market Model,2025-08-18,0.0629945222,0.0734366709,0.0735165256,250.0
2008195535.0,LII,2025-08-18,550000.0,19925182.35,0.0276032605543507,Market Model,2025-08-18,0.0238834368,0.0328061307,0.0326502128,250.0
2008196919.0,NXST,2025-08-19,6200000.0,4965841.79,1.2485295066156346,Market Model,2025-08-19,-0.018802093,-0.011290906,-0.011466494,250.0
2008199701.0,SPN,2025-08-20,625000.0,16114.98,38.78378998919018,,,,,,
2008200594.0,RBCN,2025-08-20,56250.0,5147.67,10.927273892848609,,,,,,
2008208659.0,AVY,2025-08-25,390000.0,13864513.6,0.0281293676252732,Market Model,2025-08-25,-0.015123948,-0.02219621,-0.022386473,250.0
2008204108.0,CRGY,2025-08-25,2900000.0,2414627.16,1.201013575942714,Market Model,2025-08-25,-0.038379531,-0.058503889,-0.061695219,250.0
2008492731.0,EQBK,2025-09-02,122477.0,677830.5,0.1806897152016617,Market Model,2025-09-02,0.0528645193,0.058928691,0.0583106568,250.0
2008220266.0,VRNS,2025-09-02,150000.0,5563791.75,0.0269600313491244,Market Model,2025-09-02,-0.063049358,-0.05864277,-0.057566268,250.0
2008361546.0,WKC,2025-09-03,220000.0,1574230.6,0.1397508090618998,Market Model,2025-09-03,-0.001118985,-0.007283651,-0.007543896,250.0
2008223081.0,TEAM,2025-09-04,610000.0,31849321.3,0.019152684424707,Market Model,2025-09-04,-0.001447765,-0.019949557,-0.0205137,250.0
2008226987.0,NXT,2025-09-08,53000.0,8509267.48,0.0062285032318669,Market Model,2025-09-08,-0.065649964,-0.068841989,-0.069967698,250.0
2008226462.0,PNC,2025-09-08,4100000.0,72194933.17,0.0567906890410935,Market Model,2025-09-08,-0.03351659,-0.037843647,-0.037513108,250.0
2008228438.0,SOUN,2025-09-09,60000.0,3662454.08,0.0163824579610838,Market Model,2025-09-09,-0.014726508,-0.049494436,-0.054308203,250.0
2008287984.0,BSX,2025-09-09,88000.0,154720462.68,0.0005687676890031,Market Model,2025-09-09,-0.01855997,-0.027141592,-0.027385812,250.0
2008231392.0,ATLC,2025-09-11,162000.0,828148.5,0.1956170904131324,Market Model,2025-09-11,0.0589875275,0.0341070876,0.0336057078,250.0
2008231373.0,FFIV,2025-09-11,180000.0,17031415.44,0.0105687046760219,Market Model,2025-09-11,-0.011493193,-0.026910699,-0.027968695,250.0
2008247021.0,NVDA,2025-09-14,900000.0,3834943338.25,0.0002346840410973,Market Model,2025-09-15,-0.012925439,-0.019823892,-0.019836912,250.0
2008239624.0,CRC,2025-09-15,717000.0,4173390.0,0.1718027790357479,Market Model,2025-09-15,0.0696299122,0.0677670105,0.0681498027,250.0
2008241685.0,NBHC,2025-09-15,369100.0,1500522.66,0.245980957061988,Market Model,2025-09-15,-0.023840373,-0.025875859,-0.025700835,250.0
2008241493.0,CRWD,2025-09-16,260000.0,128138396.8,0.0020290561337817,Market Model,2025-09-16,0.0215546893,0.0141908648,0.0142347792,250.0
2008242344.0,RITM,2025-09-17,1600000.0,6149415.2,0.2601873426923587,Market Model,2025-09-17,-0.008870968,-0.012676269,-0.0135993,250.0
2008395241.0,BIIB,2025-09-18,85000.0,19711836.0,0.0043121300319259,Market Model,2025-09-18,-0.008212695,-0.006413473,-0.00647897,250.0
2008245714.0,CMC,2025-09-18,675000.0,5815934.76,0.1160604490687237,Market Model,2025-09-18,-0.000515464,-0.010592081,-0.011144329,250.0
2008259684.0,CIEN,2025-09-22,270000.0,11090241.15,0.0243457284966251,Market Model,2025-09-22,0.0104317589,0.0010728528,0.0011804281,250.0
2008259619.0,COMP,2025-09-22,1457430.0,3523622.96,0.4136168984436405,Market Model,2025-09-22,-0.180598555,-0.195194465,-0.190935371,250.0
2008262813.0,PRVA,2025-09-23,113000.0,2511116.31,0.0449999068342636,Market Model,2025-09-23,0.0433616451,0.0441770062,0.0444946731,250.0
2008262588.0,WMS,2025-09-23,1000000.0,9334777.43,0.1071262820671237,Market Model,2025-09-23,-0.034364741,-0.024376647,-0.024692521,250.0
2008262513.0,MORN,2025-09-23,375000.0,12394976.76,0.0302541914568301,Market Model,2025-09-23,0.0082922266,0.013408385,0.0134042159,250.0
2008267972.0,FRME,2025-09-25,241300.0,2298898.08,0.1049633309537585,Market Model,2025-09-25,-0.034116755,-0.033251151,-0.032908408,250.0
2008267185.0,HFWA,2025-09-25,176600.0,842713.46,0.2095611478663222,Market Model,2025-09-25,0.0130452507,0.0122051681,0.01225564,250.0
2008501237.0,AIR,2025-09-25,146000.0,2649672.56,0.0551011480452513,Market Model,2025-09-25,0.1019783025,0.1031834109,0.1062122835,250.0
2007941068.0,ARES,2025-09-29,1100000.0,39376787.58,0.0279352397085511,Market Model,2025-09-29,-0.021001714,-0.041263976,-0.041408771,250.0
2008277326.0,META,2025-09-30,2000000.0,1530400440.0,0.0013068475071792,Market Model,2025-09-30,-0.035509244,-0.051626054,-0.051411214,250.0
2008278233.0,HALO,2025-10-01,900000.0,6577366.32,0.1368328835910115,Market Model,2025-10-01,-0.021831082,-0.02662381,-0.027595673,250.0
2008444946.0,PNTG,2025-10-01,146500.0,801547.6,0.1827714286712355,Market Model,2025-10-01,0.0154884829,0.0117946372,0.0118609512,250.0
2008288065.0,FITB,2025-10-06,10900000.0,28504539.9,0.3823952268038538,Market Model,2025-10-06,-0.012211669,-0.01106975,-0.011084601,250.0
2008291800.0,KAI,2025-10-07,175000.0,4067194.88,0.0430271981459614,Market Model,2025-10-07,-0.015354201,-0.021069872,-0.021196558,250.0
2008306164.0,NPO,2025-10-08,280000.0,4452908.04,0.0628802565615076,Market Model,2025-10-08,-0.061282172,-0.060807477,-0.05997268,250.0
2008309044.0,RYN,2025-10-14,8200000.0,3648297.34,2.2476238189511166,Market Model,2025-10-14,-0.049528302,-0.055708577,-0.056909501,250.0
2008309465.0,BCRX,2025-10-14,700000.0,1668864.0,0.4194470010737843,Market Model,2025-10-14,-0.056786704,-0.070012603,-0.074604424,250.0
2008320051.0,HBT,2025-10-20,170200.0,754305.25,0.2256380954527361,Market Model,2025-10-20,0.0707506471,0.0562388871,0.0575444138,250.0
2008556986.0,TCBX,2025-10-22,123000.0,509668.97,0.241333114707768,Market Model,2025-10-22,-0.041268244,-0.046320563,-0.04597592,250.0
2008606114.0,FMNB,2025-10-22,299000.0,515763.9,0.5797226211450627,Market Model,2025-10-22,-0.035226456,-0.033829814,-0.034347941,250.0
2008324980.0,NIC,2025-10-23,864000.0,1997213.55,0.4326027129147006,Market Model,2025-10-23,-0.039644513,-0.049968443,-0.049817728,250.0
2008336548.0,FSUN,2025-10-27,785000.0,1010688.85,0.7766979916717197,Market Model,2025-10-27,-0.154428463,-0.162627136,-0.164971433,250.0
2008336026.0,JCAP,2025-10-27,196700.0,1099479.42,0.1789028484043839,,,,,,
2008336942.0,PRK,2025-10-27,317300.0,2751012.81,0.1153393393322657,Market Model,2025-10-27,0.0118403463,-0.009677948,-0.010012475,250.0
2008336490.0,VSEC,2025-10-27,350000.0,3387142.32,0.1033319438434461,Market Model,2025-10-27,0.0294647887,-0.004254047,-0.004985393,250.0
2007960314.0,ESI,2025-10-28,500000.0,6048049.76,0.0826712774929285,Market Model,2025-10-28,0.0095492743,-0.004957182,-0.005045838,250.0
2008339251.0,RYI,2025-10-28,438041.0,701616.21,0.6243313563123064,Market Model,2025-10-28,-0.04993598,-0.065166129,-0.066297266,250.0
2008340193.0,LFUS,2025-10-28,350000.0,6211360.48,0.0563483637967828,Market Model,2025-10-28,-0.062669389,-0.080577585,-0.079924776,250.0
2008340029.0,CDRE,2025-10-29,200000.0,1205975.6,0.1658408345906832,Market Model,2025-10-29,-0.005593102,0.0048611149,0.0047747141,250.0
2008344740.0,FIG,2025-10-30,200000.0,28297138.21,0.0070678525339117,,,,,,
2008345384.0,TEX,2025-10-30,3104565.0,3336416.0,0.9305089653088824,Market Model,2025-10-30,-0.193763139,-0.187320635,-0.179933002,250.0
2008343109.0,FMBH,2025-10-30,94100.0,917885.25,0.1025182614057694,Market Model,2025-10-30,-0.02894415,-0.020629296,-0.020821666,250.0
2008345304.0,PLMR,2025-10-30,300000.0,3236993.38,0.0926785954687371,Market Model,2025-10-30,0.0110854913,0.0156009375,0.0156075208,250.0
2008352125.0,SM,2025-11-03,12800000.0,2966855.04,4.314332795983184,Market Model,2025-11-03,-0.09006816,-0.071798282,-0.070989761,250.0
2008359424.0,JBL,2025-11-04,783000.0,22519818.96,0.0347693736521938,Market Model,2025-11-04,-0.012404364,-0.007311132,-0.009292958,250.0
2008355732.0,CBRE,2025-11-04,1315000.0,48920853.14,0.0268801526464957,Market Model,2025-11-04,-0.015482517,-0.011846101,-0.011781506,250.0
2008358052.0,SNDA,2025-11-05,1800000.0,491621.9,3.661350318201854,Market Model,2025-11-05,0.2170179547,0.2320428301,0.2412119172,250.0
2008494728.0,GOLD,2025-11-06,53000.0,32251504.05,0.0016433342121915,,,,,,
2008360962.0,SCHW,2025-11-06,600000.0,176682162.8,0.0033959285447461,,,,,,
2008437005.0,AXSM,2025-11-06,81800.0,6045506.15,0.0135307115682944,Market Model,2025-11-06,0.0238642259,0.0249274164,0.024816053,250.0
2008378412.0,PFE,2025-11-07,9081499.0,142532125.62,0.0637154533442648,Market Model,2025-11-07,0.0085045082,0.0079772004,0.0079979354,250.0
2008378177.0,IESC,2025-11-07,192000.0,7064847.36,0.0271768079643266,Market Model,2025-11-07,-0.016744776,-0.032056807,-0.031958669,250.0
2008377552.0,BBAI,2025-11-10,250000.0,1502535.24,0.1663854486367987,Market Model,2025-11-10,0.0706713781,0.0063916068,0.0059556075,250.0
2008440350.0,RNGR,2025-11-10,90500.0,308641.59,0.2932203660563049,Market Model,2025-11-10,0.0145137881,-0.007188014,-0.007357304,250.0
2008448323.0,MOVE,2025-11-10,222282.0,5126.7,43.357715489496165,Market Model,2025-11-10,1.5094339623,1.5051099492,1.5010797739,250.0
2008380366.0,AOS,2025-11-12,470000.0,8041618.8,0.0584459437445604,Market Model,2025-11-12,-0.001209007,0.0101023749,0.0100368706,250.0
2008384478.0,DAWN,2025-11-13,285000.0,766191.36,0.3719697387347203,Market Model,2025-11-13,-0.150579151,-0.125490926,-0.124501237,250.0
2008399970.0,PDYN,2025-11-17,56000.0,286092.18,0.1957411069397283,Market Model,2025-11-17,-0.093397746,-0.093523505,-0.09130333,250.0
2008399069.0,JNJ,2025-11-17,3050000.0,429719927.77,0.0070976461711416,Market Model,2025-11-17,0.0243277849,0.0237042806,0.0238157901,250.0
2008399751.0,GGG,2025-11-17,69000.0,14228143.78,0.0048495433464055,Market Model,2025-11-17,-0.025129342,-0.010432052,-0.010310905,250.0
2008562377.0,TPST,2025-11-19,76401.0,48840.0,1.564312039312039,Market Model,2025-11-19,-0.607675906,-0.688740861,-0.570509335,250.0
2008415774.0,PANW,2025-11-19,3350000.0,132141195.0,0.025351670234252,Market Model,2025-11-19,-0.087875801,-0.065292879,-0.064201419,250.0
2008411015.0,ADBE,2025-11-19,1900000.0,148705200.0,0.0127769573626208,Market Model,2025-11-19,-0.038976221,-0.013898663,-0.013613359,250.0
2008419758.0,SOLV,2025-11-20,850000.0,12348693.36,0.0688331935387858,Market Model,2025-11-20,0.0781636104,0.0789060604,0.0806741632,250.0
2008639915.0,ABT,2025-11-20,23000000.0,225145776.24,0.1021560358986373,Market Model,2025-11-20,-0.014538462,-0.014532483,-0.015559998,250.0
2008426575.0,ATMU,2025-11-24,450000.0,3809388.24,0.1181292038639779,Market Model,2025-11-24,0.0296573876,-0.015806792,-0.016524689,250.0
2008426795.0,FULT,2025-11-24,243000.0,3536459.68,0.0687127867947302,Market Model,2025-11-24,0.0590619572,0.0148488881,0.0145994904,250.0
2008659203.0,SPFI,2025-12-01,105900.0,660034.05,0.1604462678857249,Market Model,2025-12-01,0.0007907222,-0.002287997,-0.002327682,250.0
2008449136.0,PRG,2025-12-01,420000.0,1427933.84,0.294131274317303,Market Model,2025-12-01,0.0222908093,0.0236307548,0.0234381617,250.0
2008448237.0,ASB,2025-12-01,604000.0,4403264.4,0.137170958891317,Market Model,2025-12-01,-0.025237317,-0.029242634,-0.029045641,250.0
2008448177.0,GS,2025-12-01,2000000.0,243481527.51,0.0082141755083159,Market Model,2025-12-01,0.0039215206,-0.003074584,-0.003320763,250.0
2008449513.0,MRVL,2025-12-02,3250000.0,64019546.0,0.0507657458239394,Market Model,2025-12-02,0.1208053691,0.1156690831,0.1192587299,250.0
2008454062.0,CBSH,2025-12-03,585000.0,7846213.2,0.0745582595181074,Market Model,2025-12-03,0.0198027931,0.0147964117,0.0141581945,250.0
2008456301.0,NTRA,2025-12-05,450000.0,22496319.68,0.0200032719307445,Market Model,2025-12-05,0.0039041182,0.0019868148,0.0015782455,250.0
2008294809.0,IBM,2025-12-08,11000000.0,262166707.36,0.0419580354453439,Market Model,2025-12-08,0.0080846781,0.0080200122,0.0080394764,250.0
2008459402.0,HOMB,2025-12-08,146000.0,5630547.03,0.0259299849947261,Market Model,2025-12-08,-0.02454418,-0.021968001,-0.021879205,250.0
2008458636.0,BWMN,2025-12-08,59700.0,722299.37,0.0826527094991097,Market Model,2025-12-08,-0.054663285,-0.058384149,-0.059073171,250.0
2008463968.0,AM,2025-12-08,1100000.0,9349909.54,0.1176481970541075,Market Model,2025-12-08,0.0197585071,0.0183919696,0.0184153566,250.0
2008459831.0,MIRM,2025-12-08,820000.0,3696009.66,0.2218608919977768,Market Model,2025-12-08,-0.085698308,-0.093184443,-0.090959255,250.0
2008459218.0,NOG,2025-12-08,800000.0,2629209.3,0.3042739883812217,Market Model,2025-12-08,-0.011363636,-0.002273758,-0.002723329,250.0
2008464129.0,TCS,2025-12-10,700000.0,32120.26,21.79309881053267,,,,,,
2008556985.0,QUBT,2025-12-15,110000.0,3734421.84,0.0294556974848883,Market Model,2025-12-15,-0.121590023,-0.153391092,-0.152801621,250.0
2008475755.0,CVBF,2025-12-17,811000.0,2626441.0,0.3087828738585789,Market Model,2025-12-17,-0.026250619,-0.020203745,-0.020334169,250.0
2008638879.0,CWBC,2025-12-17,191900.0,400005.1,0.4797438832654884,Market Model,2025-12-17,-0.03677686,-0.032778969,-0.032747875,250.0
2008593254.0,APLE,2025-12-22,98200.0,2718275.3,0.0361258478859738,Market Model,2025-12-22,-0.025347506,-0.042845566,-0.042818674,250.0
2008482370.0,HWM,2025-12-22,1805000.0,76122282.58,0.0237118480794772,Market Model,2025-12-22,0.0584343434,0.027573648,0.0282719763,250.0
2008632791.0,FLGT,2025-12-22,56900.0,700077.26,0.0812767436554074,Market Model,2025-12-22,-0.032074127,-0.045694254,-0.045508042,250.0
2008504990.0,JBI,2026-01-08,97200.0,1397253.52,0.0695650421406703,,,,,,
2008566281.0,BGS,2026-01-15,110000.0,364018.2,0.302182693063149,,,,,,
2008519542.0,PSN,2026-01-15,375000.0,9075354.12,0.0413207016543394,,,,,,
2008523128.0,INVH,2026-01-16,96500.0,17532028.8,0.0055042118114704,,,,,,
2008658948.0,CLX,2026-01-22,2250000.0,14626933.31,0.1538258192824152,,,,,,
2008534931.0,COF,2026-01-22,5150000.0,137413017.79,0.0374782541190561,,,,,,
2008545460.0,WERN,2026-01-27,245000.0,1690197.5,0.1449534743720778,,,,,,
2008546786.0,GHM,2026-01-28,60000.0,678426.56,0.088439933719576,,,,,,
2008671449.0,TYL,2026-02-02,258000.0,22074435.5,0.0116877280961499,,,,,,
2008561263.0,ORN,2026-02-04,60000.0,340528.95,0.1761964731632949,,,,,,
2008563386.0,KGS,2026-02-05,675000.0,3055611.0,0.2209050824859578,,,,,,
2008565147.0,BR,2026-02-06,173000.0,27019317.72,0.0064028263701101,,,,,,
2008571699.0,QXO,2026-02-11,2250000.0,12797583.0,0.1758144487126983,,,,,,
2008590531.0,GILD,2026-02-23,7800000.0,152902620.0,0.0510128603420922,,,,,,
2008593777.0,ADT,2026-02-24,170000.0,6654836.39,0.0255453312504351,,,,,,
2008599225.0,LYTS,2026-02-25,325000.0,687897.96,0.472453792420027,,,,,,
2008605807.0,MTZ,2026-03-02,276000.0,16192710.68,0.0170447064394779,,,,,,
2008611726.0,ESPR,2026-03-03,255000.0,656180.16,0.3886127858544214,,,,,,
2008614294.0,NFLX,2026-03-05,600000.0,524817505.92,0.0011432545470224,,,,,,
2008620515.0,SPXX,2026-03-05,1529146.0,313222.4,4.8819816207269975,,,,,,
2008613532.0,EPR,2026-03-05,331000.0,4213075.95,0.0785649259420542,,,,,,
2008618575.0,ONDS,2026-03-09,175000.0,2814115.29,0.0621865069358974,,,,,,
2008620896.0,VEEV,2026-03-10,100000.0,46862936.28,0.0021338825079699,,,,,,
2008631475.0,AVAV,2026-03-16,200000.0,18177245.28,0.0110027673016029,,,,,,
2008659884.0,ACA,2026-03-31,60000.0,4593554.7,0.0130617798020343,,,,,,
2008658521.0,MMSI,2026-04-01,140000.0,4933520.9,0.0283772994657831,,,,,,
2008661561.0,MKTY,2026-04-01,53000.0,99568.0,0.5322995339868231,,,,,,
2008673692.0,PPG,2026-04-15,65000.0,23059769.0,0.0028187619745887,,,,,,
2008684764.0,LSF,2026-04-21,53000.0,52365.15,1.0121235210822466,,,,,,
