Deal Number,Acquiror ticker symbol,Announced date,Deal value th USD,DlyCap_Minus_50,Relative_Size
1909565183.0,KWR,2017-04-05,862500.0,1669984.29,0.5164719244155285
1941018982.0,D,2018-01-03,13400000.0,51374750.7,0.26082851629292675
1941019078.0,ENR,2018-01-15,2000000.0,2661295.95,0.751513562405564
1941070569.0,CNP,2018-04-23,8481622.0,11362056.24,0.7464865356096847
1909545396.0,DTE,2018-04-29,59000000.0,18159649.7,3.248961349733525
1941079617.0,CADE,2018-05-13,1400000.0,2291325.0,0.6110001854821991
1941083372.0,FITB,2018-05-21,4700000.0,23130683.94,0.20319329995566052
1941040317.0,WAB,2018-05-21,11100000.0,7917898.4,1.4018871472258345
1941085082.0,IBTX,2018-05-22,1036351.0,2108942.4,0.4914079208611862
1941041290.0,FTV,2018-06-06,2800000.0,26457392.64,0.10583053432736145
1941097973.0,DIS,2018-06-20,85100000.0,149916397.5,0.5676497129008186
1941099582.0,GTN,2018-06-23,3647000.0,969667.2,3.7610842152854094
1941730241.0,GDEN,2018-07-16,190000.0,757278.2,0.25089854692766805
1941112505.0,VBTX,2018-07-24,1000000.0,708773.15,1.41088866021519
1941112288.0,SNV,2018-07-24,2900000.0,6414656.08,0.45208970891546224
1941118434.0,SWK,2018-08-07,690000.0,22586354.7,0.030549418406149446
1941119291.0,WSFS,2018-08-08,1500000.0,1663735.0,0.9015858895797708
1941124397.0,MOFG,2018-08-21,152900.0,412011.95,0.37110574098639615
1941134579.0,BUSE,2018-08-22,264300.0,1586453.44,0.16659801878585231
1941124168.0,HIG,2018-08-22,2200000.0,18931227.54,0.11621010815868098
1941056297.0,HCA,2018-08-31,1500000.0,37650939.21,0.0398396436177508
1941130121.0,SAIC,2018-09-10,2500000.0,3475122.03,0.7193991976160906
1941132203.0,PRK,2018-09-13,141800.0,1715548.12,0.08265579866101336
1941133072.0,UNVR,2018-09-17,2000000.0,3721868.34,0.5373645216047594
1941134857.0,IBCP,2018-09-20,726500.0,627718.0,1.1573668430728448
1941135605.0,SIRI,2018-09-24,3500000.0,31893853.14,0.10973901411775297
1941139645.0,AMNB,2018-10-01,84200.0,353980.2,0.23786641173715364
1941139226.0,CLDR,2018-10-03,1794207.0,2175576.0,0.8247043541572439
1941152135.0,AM,2018-10-09,7200000.0,5936427.42,1.2128506744212835
1941112138.0,TDG,2018-10-09,4000000.0,19399100.0,0.20619513276389112
1941141997.0,FRME,2018-10-10,290900.0,2354105.6,0.1235713470117908
1941141641.0,AMED,2018-10-10,340000.0,2974755.84,0.11429509455135653
1941142565.0,FIBK,2018-10-11,181300.0,1475773.15,0.12285085956469666
1941143573.0,TWLO,2018-10-15,3000000.0,4472600.25,0.6707507562295557
1941149081.0,VLO,2018-10-18,950000.0,50292906.62,0.01888934372351852
1941222285.0,WEX,2018-10-22,310000.0,7902714.69,0.03922702668138459
1941228621.0,ORRF,2018-10-23,58500.0,214225.5,0.27307673456241205
1941239205.0,MMLP,2018-10-24,145000.0,488150.0,0.29703984431015057
2008235525.0,CRL,2018-10-25,83000.0,5756147.68,0.014419365974293418
1941148883.0,OCFC,2018-10-25,80000.0,1403067.6,0.057017922728740934
1941148354.0,IBM,2018-10-28,34000000.0,132661701.12,0.2562909996853205
1941149005.0,SSP,2018-10-29,521000.0,1031676.45,0.5050032885794766
1941178399.0,HBNC,2018-10-29,135300.0,802170.33,0.16866742004780955
1941156664.0,MKSI,2018-10-30,1000000.0,4870919.9,0.20530002967201327
1941150683.0,RTIX,2018-11-01,300000.0,294707.7,1.0179577934339685
1941150553.0,EFSC,2018-11-01,213000.0,1339285.35,0.15904004325889176
1941151249.0,HUBG,2018-11-05,255000.0,1729784.7,0.1474171901277656
1941153165.0,WES,2018-11-08,4015000.0,7796436.18,0.5149788835955046
1941153160.0,COHR,2018-11-09,3200000.0,4616081.03,0.693228732165475
1941259305.0,NGHC,2018-11-13,52800.0,2923753.98,0.018058974989407284
1941154951.0,PENN,2018-11-14,300000.0,3116213.51,0.0962706820432211
1941156205.0,XEC,2018-11-19,1600000.0,7970808.04,0.20073247178588433
1941160084.0,FORR,2018-11-26,245000.0,850381.7,0.2881059176132318
1941158700.0,CSFL,2018-11-26,850400.0,2796007.5,0.30414796812955613
1941063904.0,STXB,2018-11-27,63700.0,212965.12,0.29911001388396374
1941159687.0,PBCT,2018-11-27,327000.0,6223305.6,0.052544422693945804
1941160584.0,KHC,2018-11-29,200000.0,69619060.8,0.002872776473881992
1941219247.0,HXL,2018-11-30,160000.0,5911908.45,0.027064018557323904
1941143890.0,NXST,2018-12-03,7200000.0,3760565.25,1.9146057896482451
1941162976.0,CATC,2018-12-05,67000.0,359182.08,0.18653491844582
1941164314.0,TVTY,2018-12-09,1400000.0,1300227.5,1.076734648359614
1941164722.0,CSL,2018-12-10,197000.0,7324353.57,0.026896571570069628
1941164369.0,BCML,2018-12-10,63900.0,274985.7,0.2323757199010712
1941178455.0,KAI,2018-12-10,179000.0,1205242.8,0.1485177924315333
1941164490.0,HMN,2018-12-10,405000.0,1855928.75,0.2182195841300481
1941165187.0,BBT,2018-12-11,176000.0,37870458.3,0.004647421972181414
1941181603.0,AMAG,2018-12-13,415000.0,696674.14,0.5956873898032156
1941166676.0,CNMD,2018-12-13,365000.0,2223404.38,0.16416267022016032
1941167370.0,ABCB,2018-12-17,750700.0,2220484.75,0.3380793315513651
1941168663.0,MMM,2018-12-19,1000000.0,125060025.47,0.007996160213799772
1941186916.0,TDY,2018-12-19,225000.0,8571355.71,0.0262502231400218
1941168877.0,GEF,2018-12-20,1800000.0,1126809.6,1.597430479825518
1941172231.0,CUB,2019-01-02,87000.0,1886383.44,0.04611999774552728
1941170843.0,OHI,2019-01-02,600000.0,6635128.32,0.09042779145528265
1941172705.0,BLKB,2019-01-02,157000.0,3650781.39,0.04300449225199978
1941172470.0,LMNX,2019-01-02,75000.0,1234944.63,0.06073146777438921
1941171410.0,BMY,2019-01-03,74000000.0,91352474.46,0.8100492125410568
1941713348.0,GOOGL,2019-01-03,60000.0,327693197.7,0.00018309809425745061
1941172578.0,LLY,2019-01-05,8000000.0,120318875.64,0.06648998303421978
1941174066.0,MSI,2019-01-07,445000.0,19962086.34,0.02229225905652505
1941173310.0,HEES,2019-01-08,100000.0,855829.3,0.1168457308016914
1941236782.0,GBCI,2019-01-16,85028.0,3583732.8,0.02372609922257597
1941177239.0,FISV,2019-01-16,39000000.0,31598750.3,1.2342260257045672
1941208921.0,LOPE,2019-01-22,365800.0,6034434.21,0.06061877340444151
1941197722.0,CBU,2019-01-22,93400.0,3121913.85,0.02991754561068365
1941203577.0,MANT,2019-01-28,115000.0,1603788.48,0.07170521638863499
1941182172.0,TCF,2019-01-28,3500000.0,3736611.2,0.9366775970697727
1941183829.0,CACI,2019-01-30,750000.0,4466104.56,0.1679315810734176
1941199663.0,NWLI,2019-02-01,205500.0,989945.96,0.20758708889523628
1941167024.0,CSCO,2019-02-06,660000.0,200025349.38,0.0032995817882370444
1941188243.0,KRP,2019-02-07,151300.0,505771.05,0.2991472129533709
1941188440.0,CARB,2019-02-07,618500.0,927191.14,0.6670684967934444
1941190343.0,EW,2019-02-12,100000.0,32302251.48,0.003095759441471601
1941192325.0,TTC,2019-02-15,700000.0,6520976.06,0.10734589324653955
1941194206.0,TAST,2019-02-20,238000.0,393525.03,0.6047899926467193
1941194957.0,GABC,2019-02-21,68200.0,732047.47,0.09316335728883812
1941195661.0,DHR,2019-02-25,21400000.0,71295853.16,0.30015770976153083
1941198001.0,MIDD,2019-02-27,105000.0,6095141.58,0.01722683527886156
1941198628.0,ACIW,2019-02-28,750000.0,3234682.2,0.2318620357820623
1941200781.0,PCRX,2019-03-05,220000.0,1800382.06,0.12219628538178168
1941206481.0,FIS,2019-03-18,43000000.0,33217107.84,1.2945136646791222
1941207944.0,JLL,2019-03-19,1800000.0,5554161.63,0.32408131414065455
1941386198.0,KLXE,2019-03-20,96500.0,544067.46,0.17736771098201684
1941210137.0,TMO,2019-03-24,1700000.0,95164940.64,0.017863721540382606
1941210413.0,CUZ,2019-03-25,1589433.0,3514418.6,0.4522605815937805
1941212348.0,ON,2019-03-27,936000.0,7651790.66,0.12232430833386129
1941213202.0,PRGS,2019-03-28,225000.0,1632260.7,0.1378456272334438
1941250921.0,EHC,2019-04-01,217500.0,6513419.52,0.033392598055775165
1941214800.0,LEA,2019-04-02,320000.0,9669096.58,0.03309512914183757
1941216718.0,VICI,2019-04-05,558000.0,8507382.56,0.06559009143700716
1941218912.0,AOS,2019-04-08,107000.0,6676496.0,0.01602637071901189
2007005785.0,CAMP,2019-04-15,50000.0,493672.19,0.10128178376829369
1941222563.0,COUP,2019-04-16,215000.0,5561860.0,0.038656133020248624
1941221859.0,COLD,2019-04-16,1240000.0,4310177.3,0.28769118152053746
1941225814.0,ELAN,2019-04-26,247150.0,10712812.5,0.023070505527843413
1941225838.0,RGEN,2019-04-26,240000.0,2639850.87,0.09091422652977363
1941202167.0,PH,2019-04-29,3675000.0,22680648.13,0.16203240661094812
1941227767.0,HWC,2019-04-30,213106.0,3527733.79,0.060408753235317116
1941228349.0,PS,2019-05-01,170000.0,1998503.61,0.08506364419326717
1941228392.0,SEE,2019-05-01,475000.0,6614388.75,0.07181313617225779
1941228837.0,POST,2019-05-02,85000.0,6881479.2,0.012351995483761688
1941232712.0,MSON,2019-05-02,121000.0,186467.15,0.6489078639320652
1941230901.0,MPLX,2019-05-08,14000000.0,26808174.56,0.5222287690147002
1941230963.0,PETQ,2019-05-08,185000.0,662653.0,0.2791808080548945
1941231136.0,MTOR,2019-05-08,175000.0,1877852.72,0.09319154699203461
1941231934.0,BSX,2019-05-09,465000.0,55158307.86,0.008430280370098358
1941224476.0,OXY,2019-05-09,55000000.0,49861917.04,1.1030462377906198
1941232459.0,GTLS,2019-05-09,592000.0,2761893.77,0.2143456806450597
1941233798.0,AEIS,2019-05-15,400000.0,1945729.72,0.20557839862773952
1941232710.0,GS,2019-05-16,750000.0,72181312.0,0.010390501075957168
1941234781.0,HPE,2019-05-17,1400000.0,21976313.52,0.06370495209425825
1941235430.0,NRG,2019-05-20,300000.0,11697726.0,0.025646010173259317
1941246930.0,VAR,2019-05-20,283000.0,12068027.32,0.023450394376468814
1941237556.0,SHOP,2019-05-23,100000.0,19913531.91,0.005021710887448494
1941237629.0,GPN,2019-05-28,21500000.0,20858757.05,1.0307421457790074
1941410182.0,IIIV,2019-06-03,72700.0,207583.74,0.3502201087618905
1941320643.0,KIDS,2019-06-05,60000.0,653860.35,0.09176271355190753
1939043408.0,STBA,2019-06-05,206000.0,1290834.07,0.1595867391383619
1939044428.0,CLBK,2019-06-07,137214.0,1810186.18,0.07580104274136046
1939044656.0,CRM,2019-06-10,15700000.0,118666800.0,0.1323032221312111
1939047248.0,PB,2019-06-16,2100000.0,4896973.17,0.42883632952393735
1939047822.0,CNTY,2019-06-17,107000.0,263479.05,0.40610439425829115
1939047314.0,PFE,2019-06-17,11400000.0,237839326.2,0.04793151823182385
1939048186.0,MMSI,2019-06-17,50000.0,3316198.5,0.015077505161406955
1939045146.0,CZR,2019-06-24,17300000.0,6088025.5,2.8416438137455238
1939050776.0,FCCY,2019-06-24,53100.0,158601.02,0.33480238651680805
1939050274.0,RAMP,2019-06-24,150000.0,3820635.39,0.039260485413657856
1939050309.0,NSIT,2019-06-24,474000.0,2084209.36,0.2274243696900008
1939051772.0,EXTR,2019-06-26,272000.0,916124.68,0.2969028189481807
1941242366.0,VLY,2019-06-26,740000.0,3440071.21,0.21511182612990154
1941226707.0,HQY,2019-06-27,2000000.0,4691022.48,0.42634628346526277
1941246155.0,FUN,2019-07-01,261000.0,3008233.06,0.08676189470505985
1941244080.0,ACNB,2019-07-02,60000.0,276360.0,0.21710811984368214
1941249238.0,ALT,2019-07-09,93000.0,36721.23,2.5325949049092307
1941247811.0,HI,2019-07-12,1900000.0,2690040.6,0.7063090423244913
1941248359.0,CARO,2019-07-15,100100.0,809567.76,0.12364622820454213
1941249143.0,ENTG,2019-07-15,165000.0,5504578.68,0.02997504615557607
1941278318.0,MYRG,2019-07-15,79700.0,591482.1,0.13474625859345532
1943120673.0,NPO,2019-07-19,305000.0,1372027.47,0.22229875616120134
1941251126.0,ETSY,2019-07-22,275000.0,8182126.72,0.03360984367643722
1941251771.0,WSBC,2019-07-23,500000.0,2169218.27,0.23049778204200724
1941312473.0,ISBC,2019-07-24,62270.0,3118832.04,0.01996580745656313
1941254175.0,CLNY,2019-07-25,325000.0,2438639.57,0.13327102700953877
1941297536.0,SPFI,2019-07-25,76100.0,312748.8,0.2433262733542063
1941234467.0,DISH,2019-07-26,1400000.0,7930258.84,0.17653900436874012
1941253947.0,EXAS,2019-07-29,2800000.0,12315986.43,0.2273467915797306
1941279749.0,MRCY,2019-07-30,100000.0,3583288.04,0.027907329492830837
1941264541.0,CTS,2019-07-31,80000.0,887769.12,0.09011351960518744
1941256738.0,WMS,2019-08-01,1080000.0,1580980.79,0.683120254737567
1941256867.0,EVBG,2019-08-01,83000.0,2621238.86,0.0316644168780559
1941258669.0,FOX,2019-08-06,50000.0,9718012.74,0.005145084837581721
1941391393.0,INGN,2019-08-07,101800.0,1447314.0,0.07033719013289445
1941301306.0,GKOS,2019-08-07,477383.0,2384032.47,0.20024181969300106
1941259164.0,AVGO,2019-08-08,10700000.0,101537520.0,0.10537976503660913
1941259971.0,ATRC,2019-08-12,300000.0,1156758.85,0.2593453250865554
1939060590.0,MKTX,2019-08-13,150000.0,11226920.54,0.013360742998542681
1939060599.0,STRL,2019-08-14,400000.0,320161.92,1.2493678198831393
1941262252.0,CNOB,2019-08-16,113000.0,755921.92,0.14948633848321266
1941264491.0,VMW,2019-08-22,2100000.0,19304443.69,0.10878324357452643
1941265266.0,ADUS,2019-08-26,130000.0,952076.26,0.13654368401119465
1941258502.0,PDCE,2019-08-26,1700000.0,2190653.15,0.7760242647267095
1941268728.0,EML,2019-09-03,81700.0,160572.87,0.5088032617216096
1939066838.0,PANW,2019-09-04,75000.0,19625927.75,0.0038214753949657233
1941268976.0,PRU,2019-09-05,3500000.0,40315800.0,0.0868145987429246
1941347972.0,PWR,2019-09-09,330000.0,5360716.13,0.06155893951429956
1941348039.0,ALSN,2019-09-09,103000.0,5505111.04,0.018709886004406553
1941269973.0,FDEF,2019-09-09,572000.0,536384.0,1.0664001909080063
1941271687.0,ALG,2019-09-11,352000.0,1174377.36,0.2997332986732646
1941271420.0,FCBC,2019-09-11,91000.0,527770.08,0.1724235674746852
1941272445.0,ET,2019-09-16,5100000.0,37932850.56,0.13444810829423728
1941273362.0,FBK,2019-09-17,51900.0,1138425.4,0.045589284989600555
1941274702.0,FFIN,2019-09-19,190000.0,4143513.6,0.04585480303479636
1941275795.0,SASR,2019-09-24,460700.0,1265757.1,0.3639718868651813
1941277161.0,VEEV,2019-09-26,430000.0,22247856.96,0.019327704271611786
1941239902.0,MCF,2019-09-27,132500.0,49881.45,2.65629808275421
1941277334.0,AME,2019-09-27,925000.0,20341644.48,0.04547321633260597
1941278779.0,QTWO,2019-10-01,510000.0,3770977.02,0.13524346536590667
1941281002.0,UPLD,2019-10-07,84000.0,1163175.36,0.07221611021746539
1941283729.0,PE,2019-10-14,2270000.0,4258877.1,0.5330043452063926
1941285626.0,SABR,2019-10-16,110000.0,6768007.48,0.01625293711998084
2007187239.0,CXP,2019-10-16,100000.0,2446905.37,0.04086794741882478
1941285217.0,ALXN,2019-10-16,700000.0,24194093.3,0.028932681680614993
1941286679.0,TER,2019-10-21,165000.0,8905170.4,0.018528561789227526
1941287806.0,ROKU,2019-10-22,150000.0,10705085.04,0.014012032547104362
1941289003.0,FFIC,2019-10-25,111600.0,545437.8,0.20460628141283935
1941291575.0,NWBI,2019-10-29,346000.0,1771340.23,0.19533232189955962
1941257669.0,RILY,2019-10-31,271400.0,569500.8,0.47655771510768724
1941292586.0,PFPT,2019-11-03,225000.0,6506362.8,0.03458153301872438
1941293188.0,WDAY,2019-11-04,540000.0,31712680.0,0.017027889159793495
1941292858.0,FHN,2019-11-04,3937104.0,4921528.5,0.7999758611577683
1941294565.0,ULH,2019-11-05,51250.0,540999.04,0.09473214592025893
1939068774.0,RP,2019-11-06,580000.0,6009615.78,0.09651199365028292
1941293982.0,TMHC,2019-11-06,2400000.0,2494181.87,0.9622393735064716
1941296182.0,NVEE,2019-11-07,318000.0,774500.5,0.41058721072484783
1941295126.0,DGII,2019-11-07,155000.0,352837.98,0.43929511216451245
1941295855.0,IPHI,2019-11-11,216000.0,2760946.54,0.07823403925814514
1939073872.0,CPE,2019-11-14,1037236.0,862989.12,1.2019108653420798
1941298659.0,UBSI,2019-11-18,1100000.0,3753983.2,0.29302208917717054
1941300071.0,AVY,2019-11-20,247570.53,9571902.17,0.025864297984148747
2007215214.0,HMSY,2019-11-21,155000.0,3273116.91,0.04735547316579046
1941303291.0,CW,2019-11-26,132000.0,5697190.9,0.023169313143430036
1941306483.0,CDNS,2019-12-02,160000.0,18747838.76,0.008534317051060449
1941306669.0,ESI,2019-12-03,68000.0,2666749.35,0.025499209365139622
1941306171.0,CLF,2019-12-03,3000000.0,2052364.8,1.4617284412595655
1941308741.0,MRK,2019-12-09,2700000.0,214764255.0,0.012571924503917097
1941310305.0,GSBD,2019-12-09,931450.0,834996.6,1.1155135242466856
1941308712.0,UNH,2019-12-09,303896.0,204206301.88,0.0014881813009795446
1941310820.0,FDBC,2019-12-10,78500.0,233538.5,0.3361330144708474
1941309399.0,PGTI,2019-12-10,92000.0,986002.38,0.09330606281092343
1941314304.0,TLRY,2019-12-12,1324741.0,2021568.9,0.6553034131065234
1939074315.0,IFF,2019-12-15,26200000.0,12590908.0,2.0808666062844714
1941147248.0,WPX,2019-12-16,2500000.0,4287309.25,0.583116321734897
1941288539.0,CRL,2019-12-16,380000.0,6300495.63,0.06031271542997642
1941311917.0,HUM,2019-12-16,710000.0,34253166.84,0.020728010444011836
1941312883.0,LDOS,2019-12-17,1650000.0,12026663.04,0.13719516332271
1941322835.0,CZNC,2019-12-18,77000.0,341341.73,0.2255803883105649
1941313362.0,FBMS,2019-12-18,88000.0,536152.44,0.1641324247260723
1939074453.0,GCO,2019-12-18,67700.0,554363.04,0.1221221385899031
1941313789.0,SC,2019-12-18,1100000.0,8632475.45,0.12742578955147796
1939074474.0,FFIV,2019-12-19,1000000.0,7845898.99,0.12745512034689094
1941063298.0,XPER,2019-12-19,1206655.0,977345.28,1.23462508561969
1941261663.0,MTCH,2019-12-20,500000.0,5343861.96,0.09356529112140465
1941316609.0,AAP,2019-12-23,200000.0,11132802.65,0.017964928175565924
1941348273.0,SNAP,2020-01-03,166000.0,16093097.82,0.010314981109087672
1941318157.0,YUM,2020-01-06,375000.0,33501888.6,0.01119339881035841
1941319470.0,ADT,2020-01-06,381000.0,5660173.8,0.06731242068927283
1941318130.0,ANIK,2020-01-06,100000.0,798635.93,0.1252134999736363
2007235522.0,ANIP,2020-01-08,77500.0,937537.51,0.08266335925055414
1941320768.0,LLY,2020-01-10,1100000.0,109084274.67,0.010083946593839509
1941315236.0,WCC,2020-01-13,4500000.0,2141315.98,2.1015114266321406
1941321769.0,RCM,2020-01-13,200000.0,1214427.4,0.16468666632521634
1941322799.0,EQIX,2020-01-14,335000.0,48707953.64,0.006877726838536097
1941323854.0,AAPL,2020-01-15,200000.0,1105306601.4,0.00018094526871247906
1941296817.0,RYN,2020-01-15,656000.0,3488514.0,0.18804568363492308
1941404909.0,BFST,2020-01-22,211200.0,328829.67,0.642277809055369
1941327898.0,MCO,2020-01-23,700000.0,41209376.0,0.016986425613433213
1941331993.0,CSTR,2020-01-23,85100.0,311718.84,0.2730024274439107
1941329714.0,SSB,2020-01-27,3221960.0,2735801.36,1.1777024630180022
1939075994.0,IEX,2020-01-29,125000.0,12297380.8,0.010164766142722033
1941372887.0,QRVO,2020-01-30,105000.0,12047243.8,0.008715686487559918
1941328977.0,SPG,2020-02-03,81000.0,47167604.31,0.00171728034919143
1941332632.0,PPBI,2020-02-03,743900.0,1940609.16,0.3833332416095573
1941333503.0,HII,2020-02-04,350000.0,10635908.85,0.03290738995003704
1941372805.0,PAA,2020-02-04,300000.0,12354652.13,0.024282351040182625
1941334904.0,SAIC,2020-02-06,1200000.0,4860732.24,0.24687638420502667
1941338745.0,APPS,2020-02-10,66000.0,693385.2,0.09518518710811827
1941338629.0,FAF,2020-02-13,350000.0,7146816.32,0.048972855090810556
1941343650.0,FLWS,2020-02-18,245000.0,458170.08,0.5347359216472625
1941340652.0,BEN,2020-02-18,6500000.0,13139086.6,0.4947071434935211
1941365646.0,LNTH,2020-02-20,693375.0,804976.48,0.8613605704355487
1941342429.0,MS,2020-02-20,13000000.0,79424603.86,0.16367724065599135
1941344248.0,CSOD,2020-02-24,1295000.0,3684914.73,0.3514328267780568
1941346200.0,GILD,2020-03-01,4900000.0,83651453.52,0.05857638802209782
1941276548.0,WSC,2020-03-02,2739265.0,1931417.76,1.4182664448524074
1941351193.0,CODI,2020-03-09,200000.0,1465753.0,0.13644863766268941
1941352822.0,PEP,2020-03-11,3850000.0,190605320.15,0.020198806607130266
1941355861.0,COST,2020-03-17,1000000.0,128768039.42,0.007765902195173766
1941371349.0,APD,2020-03-30,530000.0,51915633.56,0.01020887088640588
2007378928.0,DKL,2020-03-31,100000.0,809667.72,0.12350745562636485
1941341335.0,MXL,2020-04-05,150000.0,1549403.9,0.09681142534880673
1939044932.0,VZ,2020-04-16,400000.0,240094800.0,0.0016660085932723241
1941375475.0,RPD,2020-04-24,147337.0,2823964.38,0.05217381672498291
1941428062.0,SUPN,2020-04-28,530000.0,1257663.96,0.42141622631851516
1941375909.0,ACET,2020-04-29,133391.0,43482.99,3.0676593306946005
1941376910.0,MOH,2020-04-30,925000.0,9355467.0,0.0988726698517562
1941378186.0,CHNG,2020-05-04,212900.0,1989208.78,0.10702747853344986
1941390256.0,PTCT,2020-05-06,269405.0,3399667.04,0.07924452507560859
1941384544.0,RVNC,2020-05-19,180020.0,1300212.68,0.13845427195803076
1941392270.0,CHGG,2020-06-04,115000.0,4161324.6,0.027635431275897102
2007206735.0,EVA,2020-06-18,175000.0,941612.1,0.1858514774820757
1941379221.0,MSFT,2020-06-22,180000.0,1253336700.0,0.0001436166354978674
2007316687.0,PLUG,2020-06-22,61080.0,1172583.38,0.05209011234663757
1941400301.0,MA,2020-06-23,985000.0,267859301.4,0.0036773036995608323
1941401311.0,WM,2020-06-24,4600000.0,40985912.25,0.11223368585629077
1941708162.0,LQDA,2020-06-29,96737.0,198299.31,0.4878332657839304
1941405891.0,BDGE,2020-07-01,489000.0,355982.1,1.3736645747075487
1941403150.0,UBER,2020-07-06,2650000.0,48679406.0,0.054437804766968606
1941406172.0,RUN,2020-07-06,3200000.0,1518354.72,2.107544408331671
1941406719.0,ALL,2020-07-07,4000000.0,31517097.3,0.12691524101745244
1941408793.0,ADI,2020-07-13,20912762.0,41734054.8,0.5010958580521153
1941406247.0,SIRI,2020-07-13,325000.0,25924390.4,0.012536456787813226
1941408933.0,HPE,2020-07-13,925000.0,13282806.02,0.06963889998899495
1941410375.0,QNST,2020-07-14,67500.0,527690.08,0.12791599190191336
1941412934.0,SYNA,2020-07-20,305000.0,2256586.8,0.1351598795136088
1941412195.0,CVX,2020-07-20,13000000.0,168121458.95,0.07732504869509997
1941414663.0,NRG,2020-07-24,3625000.0,8034881.94,0.4511578424013533
1941415392.0,BKI,2020-07-27,1800000.0,10884192.0,0.16537745750901858
1941415871.0,ZBRA,2020-07-28,575000.0,11774212.84,0.04883553642300219
1941331824.0,SE,2020-08-02,21000000.0,3597556.0,5.837296208870689
1941418500.0,MSI,2020-08-03,110000.0,23775530.27,0.004626605537324153
2008216889.0,EPC,2020-08-04,235000.0,1490617.35,0.15765280070032728
1941419433.0,TDOC,2020-08-05,18500000.0,12968223.54,1.4265639347546288
1941420443.0,ICE,2020-08-06,11180000.0,51745273.74,0.2160583796729954
2007222927.0,BBDC,2020-08-10,136425.0,366642.99,0.3720922088269027
1941421740.0,LGND,2020-08-10,515500.0,1617679.5,0.3186663365641958
1941422500.0,SWN,2020-08-12,204278.0,1673819.01,0.1220430636643325
1941423453.0,BRBS,2020-08-13,124800.0,80980.29,1.5411157455721634
1941292018.0,ROP,2020-08-13,5350000.0,41301541.14,0.12953511787526484
1941725127.0,WMG,2020-08-14,100000.0,2319240.0,0.043117572998051086
1941425351.0,JNJ,2020-08-19,6500000.0,386679508.15,0.01680978656225696
1941427785.0,ACAD,2020-08-24,939500.0,7043358.59,0.13338806877359344
1941428182.0,HOLX,2020-08-25,80000.0,12949030.9,0.0061780685070417125
1941665736.0,CYRX,2020-08-25,320000.0,945285.81,0.33852195453986555
1941217619.0,DM,2020-08-26,1731000.0,2270081.44,0.7625277091380475
1941429828.0,EMR,2020-08-27,1600000.0,37915763.5,0.04219880736411915
2007211831.0,ABCD,2020-08-31,792000.0,534017.0,1.4830988526582487
1941433431.0,PRGS,2020-09-08,220000.0,1693434.28,0.1299135151557225
1941709368.0,UVV,2020-09-08,170000.0,995563.25,0.1707576088209363
1939044617.0,XL,2020-09-18,1000000.0,14451157.65,0.06919860845888702
1941439238.0,PD,2020-09-21,100000.0,2367446.4,0.04223960466433369
1941440797.0,CRWD,2020-09-23,96000.0,16060332.73,0.005977460219156991
1941440516.0,SSP,2020-09-24,2650000.0,640579.84,4.13687698944756
2007225803.0,VSTO,2020-09-28,81400.0,870379.36,0.09352243830782017
2007202053.0,OMCL,2020-10-01,225000.0,2916454.97,0.07714845671009965
1941444825.0,BMY,2020-10-05,13100000.0,135467250.3,0.09670233928118639
1941444946.0,CAT,2020-10-05,405000.0,73933247.4,0.005477914392273806
1941445605.0,AVLR,2020-10-05,377000.0,9709427.82,0.03882824065321699
1941447852.0,TWLO,2020-10-12,3200000.0,34429105.95,0.09294461507792942
1941449316.0,ACA,2020-10-12,87000.0,2029200.99,0.04287401811291251
1941448516.0,COLD,2020-10-13,1740000.0,8081338.35,0.21531087112569666
1941450311.0,FCNCA,2020-10-16,2156590.0,3603610.89,0.5984525149439761
1941449305.0,COP,2020-10-19,9700000.0,40811136.3,0.23768022357172156
1941712183.0,SWI,2020-10-23,142000.0,6114672.54,0.023222829852471545
2007079277.0,RPAY,2020-10-27,93000.0,1321734.0,0.07036211522136829
1941447255.0,AMD,2020-10-27,35000000.0,95450834.1,0.36668092353527165
1941455410.0,AIZ,2020-10-28,325000.0,7430849.64,0.04373658676264105
1941586449.0,APEI,2020-10-28,329000.0,520558.46,0.6320135494484135
1941456027.0,MRVL,2020-10-29,8196032.0,22365167.46,0.3664641462961798
1941456747.0,OCSL,2020-10-29,259064.0,704805.0,0.3675683345038699
1941457270.0,COUP,2020-11-02,1500000.0,21036439.08,0.07130484367128927
1941458835.0,KBAL,2020-11-04,180000.0,427015.8,0.4215300698475326
1941460555.0,CIVI,2020-11-09,376000.0,632558.34,0.5944115763298607
1941460321.0,VFC,2020-11-09,2400000.0,25952420.58,0.09247692301386093
1941460356.0,CASY,2020-11-09,580000.0,6517294.92,0.0889939778879916
1941460745.0,ADBE,2020-11-09,1500000.0,244782642.8,0.006127885469500291
1941461901.0,PANW,2020-11-11,800000.0,24831313.06,0.03221738609097944
1941463044.0,PNC,2020-11-16,11600000.0,47404250.01,0.24470379760365288
1941463747.0,HD,2020-11-16,8000000.0,295627111.28,0.027061117518490677
1941466216.0,KMPR,2020-11-23,370000.0,4711671.72,0.07852839119275483
1941467257.0,FSK,2020-11-24,3642214.0,2023410.6,1.8000370265926253
1941466788.0,MKC,2020-11-24,800000.0,24562460.44,0.0325700270115122
1941443625.0,TDG,2020-11-24,945000.0,27498703.8,0.03436525615436463
2007239147.0,KALU,2020-11-30,670000.0,961053.36,0.6971517169452485
1941470409.0,HSTM,2020-11-30,67500.0,642499.76,0.1050584050023614
1941468836.0,PPG,2020-11-30,1150000.0,30500027.25,0.03770488434563612
1941469972.0,CSX,2020-11-30,700000.0,60821713.5,0.011509047669299879
1941244830.0,AHCO,2020-12-01,2026000.0,1274861.05,1.589192798697552
1941467539.0,CRM,2020-12-01,27700000.0,220929800.0,0.12537919284768284
1941615106.0,ZBH,2020-12-01,250000.0,28753033.5,0.008694734765985647
1941469353.0,CHD,2020-12-01,530000.0,22337219.84,0.023727214210020508
1941548462.0,MRCY,2020-12-07,310000.0,4256076.0,0.07283704520314017
1941709559.0,IR,2020-12-07,184000.0,14751376.83,0.01247341194794764
1941708593.0,HUN,2020-12-07,250000.0,4692693.75,0.05327430540294687
1941472391.0,JNPR,2020-12-07,180000.0,7019830.0,0.0256416465925813
1941473365.0,APH,2020-12-09,1700000.0,32278423.86,0.05266675991905139
1941515128.0,AYTU,2020-12-10,59900.0,151004.4,0.3966771829165243
1941728742.0,PTC,2020-12-12,715000.0,9769596.25,0.07318623837704655
1941697217.0,PRIM,2020-12-14,620000.0,849375.36,0.7299481821558845
1941475415.0,GDDY,2020-12-15,365000.0,12538416.68,0.029110533595697985
1941520088.0,CERN,2020-12-16,375000.0,21983963.04,0.017057888940118962
1941476366.0,IART,2020-12-16,400000.0,4084857.72,0.09792262727819073
1941616459.0,SPSC,2020-12-17,100000.0,2900649.48,0.034475037638811844
1941700453.0,MODN,2020-12-17,60000.0,1208799.53,0.04963602194650092
1941477171.0,VSAT,2020-12-21,222000.0,2373784.95,0.09352152982518487
1941194409.0,FANG,2020-12-21,2150000.0,4912292.0,0.43767756477017244
1941480480.0,XRAY,2020-12-31,1040000.0,9745100.0,0.10672030045869206
1941479520.0,CENT,2020-12-31,532000.0,471237.52,1.128942364351633
1941481635.0,AVY,2021-01-04,87600.0,11212285.08,0.007812858786141389
1941479913.0,CNC,2021-01-04,2200000.0,37990053.2,0.057909895214361004
1941479578.0,TDY,2021-01-04,8200000.0,12513513.98,0.6552915522455028
2007041228.0,UNH,2021-01-06,13000000.0,309552945.28,0.041996046874117475
1941691997.0,CMRX,2021-01-07,78000.0,176616.6,0.4416345915389607
1941442184.0,DVN,2021-01-07,2550261.0,3581201.52,0.7121244045490074
1941482591.0,FFIV,2021-01-07,500000.0,7842667.64,0.0637538173171903
1941484751.0,AVAV,2021-01-13,405000.0,1830698.8,0.2212269981277095
1941701553.0,CADE,2021-01-13,108400.0,1408266.34,0.07697407579875834
2007134769.0,CTLT,2021-01-13,80000.0,14705548.9,0.00544012335370902
1941486762.0,TMO,2021-01-19,550000.0,194798652.5,0.002823428154873915
2007308102.0,CTXS,2021-01-19,2250000.0,14278690.28,0.1575774777572947
1941519868.0,MGPI,2021-01-25,475000.0,662092.24,0.7174226962696315
1941544125.0,SYBT,2021-01-27,189431.0,952156.32,0.1989494750189759
1941491709.0,WOR,2021-01-29,115000.0,2857458.8,0.04024554964712002
1941515885.0,NMRK,2021-01-31,70000.0,1046779.3,0.06687178472100087
1941491823.0,GTN,2021-02-01,925000.0,109596.4,8.440058250088507
1941493875.0,TMUS,2021-02-02,1940000.0,160113123.0,0.012116433454364637
1941711303.0,TW,2021-02-02,190000.0,5380509.48,0.03531264106238504
1941493686.0,NOG,2021-02-03,295500.0,238732.29,1.237788151741015
1941494510.0,CORR,2021-02-04,350000.0,75359.04,4.64443283778562
1941493828.0,MGNI,2021-02-05,1700000.0,1648036.48,1.0315305641778028
1941495757.0,RAMP,2021-02-08,68000.0,3697073.36,0.018392926885280957
1941495952.0,CNO,2021-02-09,50000.0,3192929.07,0.01565960248531296
1941496928.0,ZG,2021-02-10,500000.0,6629167.6,0.07542425085164539
1941512008.0,TYL,2021-02-10,2300000.0,16695588.49,0.13776094214214787
1941492489.0,HRL,2021-02-11,3350000.0,25469497.6,0.13152988145317793
1941513361.0,GTLS,2021-02-16,55000.0,3747098.51,0.01467802350357744
1941544285.0,PGR,2021-02-16,338000.0,52235341.6,0.006470714838782638
1941499068.0,ET,2021-02-17,7200000.0,17076542.28,0.42163102353762916
1941419881.0,AHAC,2021-02-17,800000.0,124950.6,6.402530279966642
1941499396.0,CRL,2021-02-17,875000.0,11712486.78,0.07470659446071964
1941512131.0,FSS,2021-02-18,52500.0,1861687.48,0.02820022187612284
1941500908.0,KLR,2021-02-19,215000.0,257189.02,0.8359610375279629
1941500107.0,RDFN,2021-02-19,608000.0,5256387.84,0.11566878596233873
1941501566.0,GT,2021-02-22,2500000.0,2499196.48,1.0003215113363155
1941500980.0,MTB,2021-02-22,7518439.0,16318869.6,0.4607205758908693
1941502525.0,BEAM,2021-02-23,440000.0,4362521.16,0.10085910964383724
1941503713.0,LDOS,2021-02-23,380000.0,14794267.95,0.025685623735103434
1941502168.0,GRSV,2021-02-23,8500000.0,532350.0,15.966939043862121
1941502744.0,ADSK,2021-02-24,1000000.0,61441384.38,0.016275674939471473
1941502836.0,HPQ,2021-02-24,425000.0,31851395.43,0.013343214457715833
1941549088.0,APPS,2021-02-26,400000.0,3862310.87,0.1035649416795909
1941720222.0,DNOW,2021-02-27,90000.0,705501.0,0.1275689191085484
1941505790.0,MMS,2021-03-01,430000.0,4446124.55,0.0967134400227272
1941721410.0,AMK,2021-03-01,145000.0,1708347.42,0.0848773488942899
1941505578.0,A,2021-03-02,695000.0,35921340.0,0.019347830565340826
2007033683.0,ABBV,2021-03-02,655000.0,181526036.68,0.0036082978066372664
1941507117.0,TECH,2021-03-03,320000.0,11699299.18,0.027352065715785894
1941610228.0,SHBI,2021-03-03,146000.0,171980.15,0.8489351823451718
1941511053.0,AMGN,2021-03-04,1900000.0,134620759.56,0.014113722179328343
1941722311.0,DGX,2021-03-08,225000.0,16285123.44,0.013816290728711848
1941508740.0,CXDO,2021-03-08,50000.0,127896.56,0.3909409291383599
1941683839.0,HQY,2021-03-08,67228.0,5119131.59,0.01313269620404503
1941509002.0,DBX,2021-03-09,165000.0,7855910.73,0.02100329365631679
1941632594.0,WSFS,2021-03-10,976400.0,2226760.36,0.43848454352762056
1941513472.0,HST,2021-03-15,161000.0,10121485.5,0.015906755979643503
1941281248.0,DFNS,2021-03-15,863400.0,177675.0,4.859434360489658
1941603806.0,BANC,2021-03-22,226000.0,845971.0,0.2671486374828452
1941514331.0,SNX,2021-03-22,7200000.0,4531748.48,1.5887907353587283
1941514438.0,AME,2021-03-22,1350000.0,28585576.25,0.047226614856154946
2007079980.0,SBCF,2021-03-23,102200.0,1823019.0,0.05606085290389184
1941516397.0,MTD,2021-03-24,205000.0,29434177.05,0.0069646927669071695
1941497575.0,COHR,2021-03-25,7017237.0,4295337.9,1.6336868398642164
1941517605.0,PEBO,2021-03-29,292300.0,607057.84,0.48150271809355105
1941520108.0,GHC,2021-04-05,323000.0,2265136.8,0.14259624407673746
1941520262.0,KELYA,2021-04-05,215000.0,765747.0,0.28077158643781824
1941520421.0,BCO,2021-04-06,213000.0,3670894.58,0.058024003511427454
1941521366.0,EBC,2021-04-07,641900.0,3031082.34,0.2117725379905054
1941521128.0,PAR,2021-04-08,500000.0,1577824.83,0.3168919581522874
1941523164.0,CDLX,2021-04-13,650000.0,3514386.54,0.1849540432168853
1941564024.0,CSGP,2021-04-14,156000.0,35461169.94,0.004399178037948288
2007454287.0,IAU,2021-04-15,50000.0,31508746.5,0.0015868609689058879
1941541685.0,URI,2021-04-15,996000.0,18286562.72,0.05446622283534322
1941524572.0,KIM,2021-04-15,3872971.0,7071358.65,0.5476982842611158
1941525982.0,WBS,2021-04-19,5115048.0,4343983.84,1.17750161796182
1941575368.0,BMRC,2021-04-19,134500.0,504630.0,0.2665319144719894
1941527431.0,DLX,2021-04-21,960000.0,1561808.32,0.6146721000948439
1941581390.0,CBAN,2021-04-22,84000.0,135360.75,0.6205639374781833
1941487011.0,SMRT,2021-04-22,1577000.0,20609.53,76.51799919745865
1941529367.0,SWKS,2021-04-22,2750000.0,29940893.0,0.09184762792479169
1941544394.0,EHC,2021-04-26,95000.0,8162372.88,0.011638772376201466
1941596324.0,FHI,2021-04-26,562000.0,2848622.53,0.19728833640868523
1941566558.0,EFSC,2021-04-26,395153.0,1256514.6,0.31448341308568956
2007229605.0,BIVI,2021-04-27,190988.0,521989.16,0.3658849927075114
1941469392.0,MRAC,2021-04-28,1207000.0,488818.64,2.469218440606111
1941530880.0,IBM,2021-04-29,2000000.0,106989213.99,0.01869347315877033
2007134152.0,POWW,2021-04-30,260000.0,539714.76,0.48173594511293333
1941531743.0,COO,2021-05-03,60000.0,19104341.25,0.0031406474169843462
1941530854.0,HZO,2021-05-03,63000.0,995268.78,0.06329948378366695
1941531832.0,RCM,2021-05-04,300000.0,7620516.54,0.03936741012571833
1941533431.0,MTZ,2021-05-05,420000.0,6445634.42,0.06516038183872054
1941532597.0,ZNGA,2021-05-05,250000.0,12660234.93,0.019746868946925615
1941533707.0,BILL,2021-05-06,2375000.0,13956321.75,0.17017377805867795
2007264433.0,EQT,2021-05-06,2925000.0,4864322.35,0.6013170570408436
1941535822.0,GMS,2021-05-11,135000.0,1562124.6,0.08642076310686099
1941710717.0,MGRC,2021-05-13,260000.0,1855443.2,0.14012824537016277
1941537851.0,GIS,2021-05-14,1200000.0,33561776.93,0.03575496024846501
1941538121.0,ONDS,2021-05-17,70600.0,289827.72,0.24359298689580144
1941538421.0,FELE,2021-05-17,150000.0,3415889.92,0.04391242209585021
1941538703.0,PFGC,2021-05-18,2500000.0,7479244.08,0.33425837868898645
1941539040.0,GBCI,2021-05-18,925388.0,5717644.87,0.16184775743163635
1941546984.0,HSY,2021-05-18,425000.0,22038489.76,0.01928444301893035
1941540226.0,MLM,2021-05-24,2300000.0,21226163.86,0.10835683805938545
1941540615.0,CTRA,2021-05-24,7351544.0,138049.86,53.252817496519015
1941540964.0,HYFM,2021-05-24,125000.0,1957070.0,0.06387099081790636
1941541011.0,ORA,2021-05-24,377000.0,4883397.09,0.07720035726195676
2007152240.0,VTNR,2021-05-26,75000.0,83314.63,0.9002020413461597
1941477351.0,AMZN,2021-05-26,8450000.0,1551927884.64,0.005444840629279718
1941544263.0,ONB,2021-06-01,6500000.0,3397932.72,1.912927811001508
1941550376.0,FBNC,2021-06-01,314300.0,1326650.25,0.23691247938181145
1941544266.0,GHM,2021-06-01,84100.0,157626.42,0.5335399991955663
2007251527.0,SRNE,2021-06-01,488000.0,2649052.35,0.1842168200262256
1941544755.0,KMI,2021-06-01,1225000.0,35677393.44,0.034335467978066504
1941562431.0,PS,2021-06-02,2000000.0,2627627.89,0.7611427811416631
1941546003.0,CDK,2021-06-02,360000.0,6560213.28,0.054876264632664505
1941544869.0,UBSI,2021-06-03,303300.0,4973408.65,0.060984331138765356
1941545624.0,FFWM,2021-06-03,295000.0,1047958.2,0.28149977737661674
1941545327.0,SAIC,2021-06-03,250000.0,5606971.2,0.044587352258916545
1941551947.0,VMC,2021-06-07,1294000.0,21280420.85,0.06080706810833583
1941546550.0,ONEM,2021-06-07,2100000.0,5302588.75,0.39603297540281623
1941549087.0,RF,2021-06-08,1000000.0,19943592.24,0.05014141825434755
1941739185.0,MPW,2021-06-14,760000.0,12342400.0,0.06157635467980296
1941550984.0,ELAN,2021-06-16,444000.0,13692288.0,0.032427012928737696
1941551550.0,DHR,2021-06-17,9600000.0,161901862.35,0.05929517956530165
1941552114.0,BRC,2021-06-17,173000.0,2705089.73,0.06395351624805437
1941554587.0,COLB,2021-06-23,266000.0,3190950.72,0.08336073582483906
1941553717.0,FMNB,2021-06-23,124000.0,472405.01,0.2624866319686152
1941555010.0,ROK,2021-06-25,2220000.0,30153838.0,0.07362246888770842
1941555636.0,DORM,2021-06-27,338000.0,3423565.6,0.09872747874321439
1941566326.0,FAT,2021-06-28,442500.0,102366.79,4.322690982104645
1941555693.0,VTR,2021-06-28,2300000.0,20846026.76,0.11033277595197713
1941397414.0,SST,2021-06-29,1130000.0,141936.71,7.961294861632344
1941555773.0,BLDR,2021-06-29,450000.0,10309125.89,0.0436506455349921
1941570796.0,CE,2021-06-30,1150000.0,18070477.25,0.06363971377679026
1941557903.0,MPB,2021-06-30,124700.0,213008.96,0.5854213832131756
2007186083.0,MSA,2021-07-01,337000.0,6114692.27,0.05511315780409666
1941559334.0,KNX,2021-07-05,1350000.0,7750716.71,0.17417744068212757
1941559362.0,HII,2021-07-06,1650000.0,8216767.0,0.20080890695817466
1941559274.0,PTEN,2021-07-06,295000.0,1171809.6,0.25174738285127546
1941716631.0,FIG,2021-07-06,507000.0,1754944.0,0.2888981072900332
2007095422.0,MCF,2021-07-08,67000.0,764724.48,0.08761325386105072
1941561693.0,LBAI,2021-07-12,244400.0,903174.3,0.2706011453160259
1941562946.0,ROCC,2021-07-12,370000.0,151334.5,2.4449150722406325
1941565498.0,FTV,2021-07-12,1200000.0,25095158.79,0.047817987925152315
1941562764.0,FNB,2021-07-13,412461.0,4237673.14,0.0973319523175872
1941582824.0,ACVA,2021-07-13,60000.0,661396.75,0.09071710739431363
1941563390.0,HMN,2021-07-14,185000.0,1662826.7,0.11125633236464148
1941564009.0,KRG,2021-07-19,2787229.0,1769981.7,1.574721930740866
1941565199.0,PACB,2021-07-20,816000.0,4832366.28,0.16886137199020435
1941565499.0,NUE,2021-07-20,370000.0,28581550.41,0.012945413901358754
1941584292.0,WGO,2021-07-20,320000.0,2808288.0,0.11394842694196607
1941566391.0,VERI,2021-07-22,150000.0,617073.92,0.2430827087944342
2007089610.0,MYFW,2021-07-22,51400.0,212107.35,0.2423301219877576
1941567043.0,SSB,2021-07-23,537401.0,6176417.5,0.0870085288114024
1941567565.0,OSBC,2021-07-26,328643.0,399133.8,0.8233905522408776
2007157756.0,RICK,2021-07-26,57000.0,639180.0,0.08917675772082981
1941574269.0,CVCO,2021-07-26,153000.0,1814400.45,0.0843253759113651
1941568900.0,CFG,2021-07-28,3500000.0,21455099.82,0.16313137805760158
1941577094.0,GL,2021-08-01,59200.0,10857879.76,0.005452261519609976
1941579241.0,ROAD,2021-08-02,113000.0,1119464.8,0.1009410925649471
2008217659.0,HGV,2021-08-02,1400000.0,3841466.67,0.36444413560407124
1941584110.0,NEX,2021-08-04,268100.0,969597.0,0.27650663110550056
1941653301.0,EVH,2021-08-04,130000.0,1737160.0,0.07483478781459393
1941571483.0,CLH,2021-08-04,1250000.0,5170168.12,0.24177163507789376
2007107003.0,DRH,2021-08-04,108600.0,1991908.8,0.05452056841156583
1941572090.0,VICI,2021-08-04,17200000.0,16642156.83,1.0335198842132292
1941585949.0,LEVI,2021-08-05,400000.0,2292285.45,0.17449833745618373
1941573194.0,MDT,2021-08-06,936221.0,173092573.2,0.005408787810429293
1941574706.0,DKNG,2021-08-09,1560000.0,19865312.24,0.07852884370268524
1941574421.0,EFX,2021-08-10,1825000.0,28662273.53,0.06367254844909018
1941584767.0,VRNT,2021-08-10,50000.0,2988654.02,0.01672993918513191
1941576344.0,H,2021-08-15,2769000.0,3232332.5,0.8566569188039906
1941588300.0,HPP,2021-08-17,222000.0,4427392.83,0.05014237690763031
1941585497.0,KAI,2021-08-23,54000.0,1987132.14,0.027174841024915436
1941580142.0,KAR,2021-08-23,450000.0,2218250.58,0.20286256388581672
1941580144.0,NDSN,2021-08-24,180000.0,12927889.6,0.013923386226936839
1941586582.0,ABM,2021-08-25,830000.0,3204218.4,0.2590335290503294
1941583542.0,SYNA,2021-08-30,538086.0,5178214.2,0.10391343023237624
2007095441.0,ANSS,2021-08-30,411500.0,29332748.64,0.01402868872093536
1941585324.0,PCTY,2021-09-01,60000.0,10069898.36,0.005958352096018574
1941583647.0,THO,2021-09-01,750000.0,5984510.94,0.1253235239302612
1941568940.0,BAX,2021-09-02,1250000.0,40896953.16,0.030564624095825922
1941584874.0,PWR,2021-09-02,3000000.0,12393433.24,0.2420636753274672
1941585652.0,AVTR,2021-09-07,2900000.0,20467972.08,0.14168477407850755
1941585066.0,SSTK,2021-09-07,110000.0,3644533.5,0.030182189298026758
1941588644.0,BCML,2021-09-07,53100.0,195471.36,0.2716510490334748
1941586019.0,BLD,2021-09-08,1001000.0,6347050.78,0.15771104323825813
2007289545.0,SWK,2021-09-13,375000.0,33104860.05,0.011327641906161751
1941583371.0,INTU,2021-09-13,12000000.0,133943364.03,0.08959010464536561
1941590096.0,GPI,2021-09-13,880000.0,2804912.09,0.3137353228064984
1941575290.0,FOXA,2021-09-13,50000.0,12043561.06,0.004151596006438979
1941588028.0,MLAB,2021-09-14,300000.0,1402326.27,0.2139302432093781
1941648206.0,FIBK,2021-09-15,1949842.0,1748109.9,1.115400124442977
1941589161.0,HOMB,2021-09-15,919100.0,4034890.64,0.22778808200858697
1941592219.0,GABC,2021-09-20,154000.0,954063.24,0.16141487643942765
1941591776.0,MTRN,2021-09-20,380000.0,1467084.28,0.2590171574873667
1941591362.0,SLGN,2021-09-20,485000.0,4546601.44,0.10667308458865045
1941591807.0,USB,2021-09-21,8000000.0,84866955.66,0.09426519353480954
1941592502.0,BBDC,2021-09-21,623700.0,697574.88,0.8940975626874638
1941592176.0,PCOR,2021-09-22,500000.0,12378559.11,0.04039242334724369
1941592798.0,GE,2021-09-23,1450000.0,113156682.49,0.01281409076417684
1941606984.0,VLY,2021-09-23,1220000.0,5283152.84,0.2309227154594301
1941593584.0,PRGS,2021-09-23,258000.0,1987789.65,0.12979240534832245
1941584938.0,MGM,2021-09-27,1625000.0,19229011.2,0.08450772549344607
1941594324.0,MRK,2021-09-30,11500000.0,192866857.86,0.059626625992671725
1941597536.0,OPCH,2021-10-01,50000.0,3829389.72,0.013056910801964548
1941614690.0,ZETA,2021-10-04,61934.0,985559.88,0.06284143790431079
1941600703.0,SWX,2021-10-05,1975000.0,4101830.72,0.4814923225305602
1941598114.0,NWPX,2021-10-05,87400.0,280138.98,0.3119879996707349
1941599093.0,APP,2021-10-06,1050000.0,14038080.06,0.07479655305513337
2007117436.0,JPM,2021-10-11,114000.0,463181184.0,0.0002461239876272694
1941600206.0,SUPN,2021-10-11,450000.0,1455110.1,0.30925494916157886
1941601134.0,VRM,2021-10-12,300000.0,5063997.68,0.05924173330189993
2007588348.0,KOS,2021-10-13,750000.0,914027.52,0.8205442216882047
1941603043.0,HOLX,2021-10-14,160000.0,19199105.38,0.00833372164135702
1941603514.0,OWL,2021-10-18,1600000.0,3968062.0,0.40321950614682933
1941604370.0,CART,2021-10-19,350000.0,97051.15,3.606345725939363
1941603666.0,HUBG,2021-10-19,130000.0,2157376.0,0.06025838796760509
1941604996.0,RJF,2021-10-20,1100000.0,18610519.74,0.05910635572609753
1941604799.0,LFUS,2021-10-20,315000.0,6486333.33,0.048563646666613725
1941606406.0,JLL,2021-10-21,300000.0,12817514.74,0.023405473376502627
1941608004.0,ALLY,2021-10-21,750000.0,19890742.46,0.037705983148102154
1941605461.0,OLO,2021-10-21,187000.0,1025582.8,0.18233535117788635
1941606712.0,KNBE,2021-10-21,80000.0,308796.48,0.2590703106460281
1941610293.0,LBRT,2021-10-26,90000.0,1818550.8,0.04948995650822622
1941607413.0,CEQP,2021-10-26,1800000.0,1702128.12,1.0574997139463274
1941607900.0,DDD,2021-10-27,400000.0,3596438.0,0.11122115826826433
1941607895.0,PRCH,2021-10-27,86500.0,1808925.8,0.04781843456486717
1941609020.0,ITGR,2021-10-28,220000.0,3138630.0,0.0700942768022991
2007744443.0,META,2021-10-29,400000.0,37815.5,10.577673176343033
2007036647.0,MANT,2021-11-01,350000.0,2182918.5,0.1603358073148402
1941589560.0,BEN,2021-11-01,1750000.0,15457499.95,0.11321365069776372
2007033596.0,UTZ,2021-11-02,56000.0,1378818.32,0.04061448791890145
2007034218.0,DGII,2021-11-02,347400.0,695182.18,0.4997251224132356
1941636297.0,VCTR,2021-11-04,800000.0,556847.46,1.436659152580134
1941623840.0,CMCO,2021-11-04,74000.0,1250975.95,0.05915381506734802
1941611743.0,LITE,2021-11-04,918000.0,6306725.0,0.14555890735682941
1941586088.0,SWN,2021-11-04,1850000.0,2789322.4,0.663243517493711
1941611760.0,FRME,2021-11-04,323500.0,2245639.44,0.14405696401555898
2007093939.0,NPO,2021-11-05,850000.0,1763686.38,0.48194509502307326
1941612568.0,ILPT,2021-11-05,4000000.0,1746496.36,2.2902996488352256
1941612948.0,LMND,2021-11-08,145000.0,4453994.77,0.03255504496247983
1941627503.0,ADT,2021-11-09,825000.0,6452119.68,0.12786495615654792
1941669549.0,QCRH,2021-11-09,151600.0,818253.41,0.1852726773237645
1941615032.0,LZ,2021-11-10,63000.0,6787315.35,0.009282020467783335
1941615494.0,BKNG,2021-11-12,1200000.0,93898061.0,0.012779816614104524
1941675440.0,SPXC,2021-11-15,145000.0,2797871.58,0.0518251091424289
1941618583.0,KALA,2021-11-15,126123.0,226748.79,0.5562234753270348
1941616356.0,AMT,2021-11-15,10100000.0,136947375.49,0.0737509569925092
1941617060.0,BSY,2021-11-16,700000.0,18143168.24,0.038582015596191156
1941616980.0,NCNO,2021-11-16,931351.0,7179107.48,0.12973075031884046
2007098316.0,AAON,2021-11-18,180000.0,3401543.64,0.052917151461270094
1941625294.0,SFNC,2021-11-19,581000.0,3016792.24,0.19258866828694837
1941619924.0,BBY,2021-11-23,85000.0,27565185.48,0.003083599784288482
1941620344.0,IEX,2021-11-23,120000.0,16299291.06,0.00736228339982782
1941621472.0,DOV,2021-11-24,631000.0,24031491.19,0.026257213712254864
2007077177.0,WLK,2021-11-24,1200000.0,11106760.5,0.10804230450454028
1941622787.0,WERN,2021-11-29,64000.0,3154082.76,0.020291160654262605
1941622632.0,BPMC,2021-11-29,465000.0,6030779.04,0.07710446642395971
1941622554.0,EPC,2021-11-29,310000.0,2000014.77,0.15499885533345337
1941624091.0,SWIM,2021-11-30,90000.0,2163749.73,0.041594459263086775
1941622659.0,PRO,2021-11-30,90000.0,1760071.14,0.051134296764845544
1941623994.0,EGHT,2021-12-01,250000.0,2685431.01,0.09309492557025326
2007097429.0,FIX,2021-12-01,78800.0,2534815.1,0.03108708007933202
1941654261.0,OMCL,2021-12-02,100000.0,6725427.8,0.014868942612096736
2007035770.0,SCVL,2021-12-03,67000.0,958397.72,0.06990834661000654
1941625933.0,JACK,2021-12-06,585000.0,2210327.28,0.2646666877314205
1941627487.0,ABG,2021-12-07,300000.0,3791416.23,0.07912610533927054
1941626259.0,CMC,2021-12-07,550000.0,3734579.39,0.14727227421452674
2007161118.0,MTN,2021-12-08,118000.0,13852594.68,0.008518259771966416
2007140140.0,XMTR,2021-12-08,300000.0,2364602.25,0.12687123172618142
1941627108.0,ALRS,2021-12-08,85300.0,520390.75,0.16391528865568805
1941628727.0,HAIN,2021-12-13,259000.0,4045961.28,0.06401445344528854
1941697528.0,R,2021-12-13,480000.0,4447647.54,0.10792222083317331
1941630653.0,RUSHA,2021-12-13,205000.0,1942692.88,0.10552362759470246
1941629839.0,PFE,2021-12-13,6700000.0,241143650.88,0.02778426873587525
1941439931.0,NEOG,2021-12-14,5341000.0,4659821.55,1.1461812309100121
1941630301.0,UIS,2021-12-14,87300.0,1745016.0,0.0500281945838892
1941670670.0,HBCP,2021-12-15,66600.0,330948.09,0.20124001924289697
1941629864.0,ENTG,2021-12-15,5700000.0,16282968.3,0.3500590245575802
2007043386.0,DCO,2021-12-16,69500.0,602436.8,0.11536479843196829
1941631113.0,STEM,2021-12-16,695000.0,2672293.75,0.26007619858408154
1941631824.0,ML,2021-12-16,440000.0,1351530.6,0.3255568168415868
1941592876.0,BX,2021-12-20,3600000.0,79865042.07,0.0450760421167083
1941453409.0,ZNTE,2021-12-21,2200000.0,232760.0,9.45179584120983
1941631430.0,SON,2021-12-21,1350000.0,5977176.75,0.22585913993592377
1941430706.0,MSFT,2021-12-21,1000000.0,2213703430.45,0.00045173169370601773
1941633471.0,UFPT,2021-12-21,95000.0,483942.06,0.19630449149222534
1941632811.0,CROX,2021-12-23,2500000.0,8000535.0,0.31247910295998954
1941633530.0,LH,2021-12-23,575000.0,26493866.0,0.021703136869492736
2007245871.0,BHR,2021-12-27,193000.0,283953.33,0.6796891587783105
1941698313.0,NWSA,2021-12-27,295000.0,9310785.94,0.03168368405213277
1941633615.0,FDS,2021-12-27,1925000.0,15479599.4,0.12435722335295059
1941633732.0,DAR,2021-12-28,1100000.0,12014249.1,0.09155794846970502
1941644723.0,CACI,2021-12-29,225000.0,6649739.1,0.033835913953376005
1941636355.0,SMG,2021-12-30,215000.0,8274730.29,0.02598271997575887
1941636350.0,STRL,2021-12-30,215000.0,654790.5,0.3283492964543621
1941635826.0,DRVN,2021-12-30,170000.0,5004990.0,0.03396610183037329
1941636780.0,SNDR,2021-12-31,262600.0,2277623.75,0.1152956013915819
1941635255.0,BLKB,2022-01-03,750000.0,3553568.25,0.21105546516518994
1941646878.0,RPAY,2022-01-03,115000.0,1982851.35,0.05799728759294034
1941634704.0,GOOGL,2022-01-04,500000.0,853614553.2,0.0005857444652573198
1941688269.0,EEX,2022-01-04,170000.0,296350.08,0.5736458718013506
1941636334.0,NYT,2022-01-06,550000.0,9148287.0,0.06012054497197126
1941643398.0,SYK,2022-01-06,3090000.0,102966062.8,0.030009887879290653
1941647454.0,AYX,2022-01-06,400000.0,4384418.22,0.09123217264615784
1941638557.0,EXAS,2022-01-09,190000.0,16220123.31,0.011713844362876178
1941639211.0,ACH,2022-01-10,1600000.0,84359.88,18.96636173498587
1941637547.0,CNVY,2022-01-10,92500.0,542486.59,0.17051112728887918
1941637789.0,TTWO,2022-01-10,12700000.0,20858923.0,0.6088521444755322
1941637219.0,CIVB,2022-01-10,50200.0,361621.8,0.13881906455860793
1941636978.0,EPD,2022-01-10,3250000.0,52165068.34,0.06230222835743724
1941637878.0,PLNT,2022-01-11,800000.0,6585394.96,0.12148094455370373
1941639487.0,MNST,2022-01-13,330000.0,45220218.94,0.007297620571847678
1941640089.0,TTC,2022-01-14,400000.0,10334745.05,0.03870438971302925
2007003343.0,AFG,2022-01-18,120000.0,12288605.0,0.00976514421287038
1941642241.0,RILY,2022-01-18,175000.0,2144394.6,0.08160811447669193
1941646552.0,BFC,2022-01-19,119000.0,556337.6,0.21389889879813984
1941647006.0,CW,2022-01-21,240000.0,5505030.6,0.04359648791053042
1941644963.0,CLR,2022-01-25,403000.0,17451416.44,0.02309268140987643
1941646023.0,BL,2022-01-26,240000.0,7392289.65,0.032466260301366845
1941646144.0,NOTV,2022-01-27,51300.0,884967.05,0.057968259948209366
2007101293.0,PLUG,2022-01-31,160000.0,24846707.16,0.006439485078231187
1941659990.0,CIVI,2022-02-01,294600.0,1708109.13,0.1724714158046799
2007103251.0,SPB,2022-02-03,450000.0,4468632.08,0.10070195799158296
1941649864.0,J,2022-02-04,209000.0,19100122.98,0.010942337922056667
1941650452.0,REZI,2022-02-07,593000.0,3980892.63,0.1489615659390442
1941651024.0,CARS,2022-02-08,128000.0,917924.15,0.13944507288537947
1941652629.0,CMI,2022-02-09,325000.0,31547585.76,0.010301897662548742
1941650992.0,RSG,2022-02-09,2200000.0,42985642.3,0.05117987965949273
1941651459.0,CVLG,2022-02-09,55000.0,385349.76,0.14272747957595716
1941651632.0,SGFY,2022-02-10,300000.0,2253282.3,0.13313910999966583
1941652885.0,ZWS,2022-02-14,1563975.0,4155024.0,0.3764057680533253
1941652485.0,COLL,2022-02-14,553257.0,604957.5,0.9145386246141258
1941654511.0,MASI,2022-02-15,1025000.0,15546649.66,0.06593060385461853
1941654163.0,AKAM,2022-02-15,900000.0,18027156.0,0.04992468029898892
1941654409.0,EQ,2022-02-16,330298.0,143428.08,2.3028823923460457
1941348676.0,ARES,2022-02-17,3800000.0,13524773.66,0.2809658849403621
1941656482.0,CHDN,2022-02-22,2750000.0,9110529.31,0.30184854319951687
1941656738.0,NET,2022-02-23,162000.0,41137226.6,0.003938038934301905
1941657541.0,PATK,2022-02-24,72539.0,1747705.28,0.041505281714317416
1941657365.0,VRSK,2022-02-24,250000.0,36528752.26,0.006843923882769929
1941657982.0,HR,2022-02-28,8005809.0,4592982.46,1.7430523782143945
1941660548.0,FOUR,2022-02-28,300000.0,2703874.56,0.11095189267951838
1941658396.0,PDCE,2022-02-28,1300000.0,4667471.33,0.27852340337782
1941656849.0,CVX,2022-02-28,2750000.0,224035666.92,0.012274831225788645
1941659072.0,TRS,2022-02-28,65000.0,1421138.12,0.045737989211069786
1941569849.0,TCBK,2022-03-01,164700.0,1263184.65,0.13038473828826214
2007244438.0,XHR,2022-03-01,328700.0,1898153.58,0.173168284939304
1941660160.0,ALE,2022-03-02,165500.0,3401934.12,0.04864879629121095
1941684158.0,FULT,2022-03-02,136096.0,2645385.6,0.05144656416062747
1941661050.0,AZZ,2022-03-07,1280000.0,1326704.4,0.964796679652227
2007336350.0,HPK,2022-03-07,201000.0,1411960.68,0.14235523895750413
1941661340.0,GDRX,2022-03-07,157000.0,2891409.34,0.05429878012360575
1941694821.0,KTOS,2022-03-09,80000.0,2459902.08,0.03252161972235903
1941664279.0,S,2022-03-15,595745.0,1905600.99,0.3126284060127404
1941665280.0,BAH,2022-03-16,440000.0,11353126.63,0.038755843596188264
1941665684.0,AB,2022-03-17,750000.0,4806422.88,0.1560412012685825
1941675733.0,USDP,2022-03-28,107488.0,156816.0,0.685440261197837
1941670610.0,HPQ,2022-03-28,3300000.0,42215369.77,0.07817058142518314
1941671216.0,UNH,2022-03-29,5386043.0,440249412.93,0.012234071964239927
1941671819.0,SBCF,2022-03-29,146000.0,2238363.04,0.0652262378313752
1941673776.0,NBHC,2022-04-01,230232.0,1362198.08,0.16901506717730802
1941673886.0,MORN,2022-04-03,650000.0,12300661.76,0.0528426854328852
1941673995.0,AMD,2022-04-04,1900000.0,147121230.0,0.012914519542828727
1941521428.0,RVAC,2022-04-04,931300.0,243625.0,3.82267829656234
1941675180.0,PLAY,2022-04-06,835000.0,1714174.2,0.4871150201653951
1941678096.0,HALO,2022-04-13,960000.0,4758805.78,0.20173128393569362
1941679390.0,DHI,2022-04-14,291000.0,31860390.45,0.009133598047289467
1941679441.0,SBOW,2022-04-14,369000.0,384153.3,0.9605540288213065
1941679354.0,WY,2022-04-14,265000.0,30362839.63,0.008727773924615628
1941604893.0,TTMI,2022-04-18,330000.0,1419437.43,0.23248647177072118
1941679424.0,REGN,2022-04-19,250000.0,66237554.04,0.0037742939579113724
1941588378.0,AVNT,2022-04-20,1387066.38,4416270.57,0.31408093277219645
1941682803.0,GRC,2022-04-27,525000.0,960951.06,0.5463337539791048
1941682785.0,SNPS,2022-04-27,330000.0,45208308.42,0.007299543193127065
1941718303.0,DENN,2022-05-03,82500.0,959278.2,0.08600216287621255
1941685314.0,UTI,2022-05-03,50000.0,288256.56,0.1734565901986758
1941685942.0,CNMD,2022-05-04,255000.0,4077031.8,0.06254550185259777
1941685687.0,ICE,2022-05-04,13100000.0,69225449.48,0.1892367633349168
1941693718.0,OPK,2022-05-09,300000.0,2201325.75,0.13628151126656288
1941687946.0,CNXC,2022-05-09,111000.0,10017327.46,0.011080799788489692
1941690114.0,XXII,2022-05-13,56153.0,373128.02,0.150492584287827
1941693738.0,PSN,2022-05-23,400000.0,3790065.52,0.10553907258046558
2007388059.0,ACA,2022-05-23,75000.0,2792990.7,0.02685293581536093
2007110212.0,VRTX,2022-05-23,60000.0,61589813.61,0.0009741870689840525
1941693551.0,SIRI,2022-05-23,150000.0,24556105.94,0.006108460370976881
1941694345.0,BRKL,2022-05-24,317787.0,1278730.8,0.24851751439787012
2007035727.0,WHG,2022-05-26,60000.0,122061.87,0.49155399634627917
1941702266.0,EGP,2022-05-26,415074.0,7856697.03,0.052830597694563254
1941697068.0,MBCN,2022-05-26,64400.0,149704.8,0.43017992743051664
1941693033.0,AVGO,2022-05-26,69000000.0,242012645.56,0.285109068744482
1941698700.0,HTLD,2022-05-31,170000.0,1170961.97,0.14517977898120807
2007029740.0,CMAX,2022-06-01,135000.0,740006.96,0.18243071659758445
1941741453.0,EXR,2022-06-01,180392.0,26037115.24,0.006928263685789179
1941698817.0,HAYW,2022-06-02,55000.0,4082252.02,0.013472955547707709
1941699508.0,WOR,2022-06-02,80000.0,3131931.66,0.02554334151722838
1941698920.0,BMY,2022-06-03,4100000.0,157195258.9,0.02608221156725993
1941698725.0,BDX,2022-06-06,1525000.0,74601458.87,0.02044195948845256
1941702316.0,CHH,2022-06-13,673155.0,7991662.14,0.08423216449938661
1941729882.0,CSOD,2022-06-13,200000.0,3298315.14,0.06063701966331816
1941705401.0,MDLZ,2022-06-20,2900000.0,87464941.2,0.0331561418805367
1941706111.0,FBNC,2022-06-21,181100.0,1431302.4,0.1265281187259939
1941727877.0,ONEW,2022-06-22,125000.0,437327.29,0.285827120461657
1941708056.0,PRIM,2022-06-27,470000.0,1391338.8,0.33780413512510393
1941708895.0,ESTE,2022-06-28,627000.0,1024014.97,0.6122957362625275
1941711492.0,REI,2022-07-05,432580.0,471909.03,0.9166597214721659
1941711571.0,UFS,2022-07-06,2700000.0,2761687.56,0.9776630923448849
1941722014.0,HUBB,2022-07-08,128000.0,10261470.64,0.012473845561770275
1941716626.0,CCF,2022-07-18,250000.0,815943.73,0.3063936774169464
2007094759.0,RARE,2022-07-18,105000.0,4997897.1,0.021008835896201224
2007426122.0,KMI,2022-07-19,355000.0,43716879.44,0.008120433218185804
1941718384.0,SONG,2022-07-20,283032.0,223357.5,1.2671703435076056
2007418227.0,AN,2022-07-21,85000.0,7221801.5,0.011769916412130686
1941711252.0,AMZN,2022-07-21,3900000.0,1167741324.0,0.0033397807543890604
1941719996.0,DNA,2022-07-24,300000.0,2603901.37,0.11521173707128546
1941720075.0,MTZ,2022-07-25,1100000.0,5770020.16,0.19064058174798473
1941719605.0,CDNS,2022-07-25,500000.0,38928898.03,0.012843928939747591
1941721888.0,FBMS,2022-07-27,207000.0,640013.88,0.3234304856013435
1941724116.0,NGVT,2022-07-31,325000.0,2640757.71,0.12307073790575054
1941723279.0,GPN,2022-08-01,4000000.0,34925999.16,0.11452786165617031
1941724065.0,BWA,2022-08-03,185000.0,9325350.78,0.01983839582707901
1941725334.0,AMGN,2022-08-04,3700000.0,132214500.0,0.027984827685314396
1941725968.0,WHR,2022-08-08,3000000.0,9816354.42,0.3056124373308844
2007158966.0,EVRG,2022-08-09,250000.0,15942604.48,0.01568125210116233
1941727336.0,DVN,2022-08-09,1800000.0,47782548.0,0.03767065749612181
1941727333.0,SFT,2022-08-09,120958.0,81496.69,1.4842075181212881
1941727930.0,CTLT,2022-08-09,475000.0,17319886.32,0.027425122268354474
2007115391.0,SAFE,2022-08-11,50328.0,2822077.52,0.017833670281318142
1941730172.0,NVTS,2022-08-15,271313.0,956131.43,0.28376119797672583
1941731686.0,DORM,2022-08-18,590000.0,3296379.36,0.17898425380263272
1941733528.0,TOWN,2022-08-18,56000.0,2123540.8,0.026371049710935623
2007006338.0,TFX,2022-08-22,300000.0,13193439.0,0.022738574832536083
1941732931.0,EBAY,2022-08-22,295000.0,26693266.56,0.011051476196699698
1941733467.0,ROCK,2022-08-23,54000.0,1518315.9,0.0355657212046584
2007091949.0,HBT,2022-08-23,120482.0,510727.2,0.23590284598118133
1941735842.0,FCF,2022-08-30,131373.0,1227064.17,0.10706286045333718
1941736488.0,HPP,2022-08-31,360000.0,2342925.0,0.1536540862383559
1941738875.0,WMB,2022-08-31,423000.0,36223676.88,0.011677445152829001
1941737803.0,EQT,2022-09-06,4610663.0,12246423.04,0.3764905870832958
2007041993.0,CHD,2022-09-06,630000.0,22012046.57,0.02862069176514558
1941739338.0,XL,2022-09-09,600000.0,171954.31,3.4892989887837067
1941740492.0,AM,2022-09-12,205000.0,4420757.88,0.04637213924957139
1941742344.0,OXM,2022-09-19,270000.0,1421026.09,0.1900035487736893
1941742106.0,HEES,2022-09-19,130000.0,1018627.2,0.12762274559328476
1941741507.0,MCK,2022-09-19,875000.0,46698506.25,0.01873721603247213
1941742077.0,SMBC,2022-09-20,140000.0,420474.39,0.33295725811029775
1941743177.0,TALO,2022-09-22,1100000.0,1115873.2,0.9857750862732433
1941745427.0,PFS,2022-09-27,1300000.0,1695958.64,0.7665281271246096
2007008382.0,NOG,2022-09-30,180000.0,2101910.94,0.08563635907428124
2007030334.0,AME,2022-09-30,190300.0,26282176.2,0.007240648512203491
2007078885.0,LHX,2022-10-01,1960000.0,43221358.75,0.04534794964075487
2008151021.0,IR,2022-10-03,105000.0,18250612.8,0.005753231475054909
2007006855.0,BXC,2022-10-03,67000.0,733042.2,0.09139992213272306
1941527995.0,CCO,2022-10-11,7875000.0,736701.05,10.689546322758735
2007064335.0,PB,2022-10-11,336280.0,6829764.38,0.049237423326747326
2007012350.0,FANG,2022-10-11,1597217.0,21839690.72,0.07313368217881064
2007012868.0,LECO,2022-10-14,427000.0,8083754.83,0.05282198792265945
2007015124.0,PGTI,2022-10-17,185000.0,1357165.35,0.13631353025628012
2007094238.0,CTO,2022-10-17,93900.0,387947.29,0.24204319097060842
2007013190.0,ESAB,2022-10-17,127000.0,2660106.54,0.04774244869154752
2007015012.0,CHCO,2022-10-18,62100.0,1285254.6,0.04831727503640135
2007014771.0,LLY,2022-10-18,610000.0,286302211.2,0.0021306157484542684
2007135499.0,CZFS,2022-10-18,67400.0,293383.0,0.22973382915847204
2007095552.0,PARR,2022-10-20,310000.0,1086368.4,0.2853543972744421
2007018175.0,PEBO,2022-10-25,211844.0,891921.44,0.23751419183285918
2007020969.0,VSH,2022-10-28,107500.0,2757253.4,0.03898807414654018
2007106686.0,WTTR,2022-11-01,101380.0,683833.67,0.14825242518403633
2007022204.0,MYGN,2022-11-01,100000.0,2004586.1,0.049885609802442506
2007022869.0,JNJ,2022-11-01,18191131.0,445522672.62,0.040830988225633524
2007029467.0,VOYA,2022-11-01,570000.0,6645462.0,0.08577281760094332
2007022761.0,NX,2022-11-01,92000.0,841612.68,0.10931394237073519
2007022979.0,VSCO,2022-11-01,700000.0,3310698.15,0.2114357661993438
2007485560.0,HST,2022-11-02,315000.0,13154031.2,0.023947031538134107
2007023403.0,MRO,2022-11-02,3000000.0,17444583.15,0.17197315488733822
2007030429.0,LPLA,2022-11-03,140000.0,17771958.3,0.007877578690920066
2007061060.0,KRP,2022-11-03,270700.0,1040575.8,0.2601444315733654
2007026899.0,MLNK,2022-11-04,65000.0,1385150.4,0.04692631211744227
2007027121.0,OUST,2022-11-07,211985.0,263969.28,0.8030669326370098
2007026893.0,FLGT,2022-11-07,100000.0,1456097.26,0.06867673111341477
2007027911.0,VTRS,2022-11-07,348809.0,12331948.77,0.028284986136866672
2007027545.0,ATKR,2022-11-08,91600.0,3781528.94,0.024223006475259184
2007028529.0,CBRE,2022-11-09,110000.0,26264959.24,0.004188089499582258
2007028352.0,GTLS,2022-11-09,4400000.0,7124912.85,0.6175514132779885
2007031316.0,WAFD,2022-11-13,654000.0,2079262.92,0.31453453707528245
1941712940.0,EL,2022-11-15,2800000.0,57451811.84,0.048736496035979494
2007035123.0,EVH,2022-11-17,810000.0,3525628.2,0.22974629032068666
2007035183.0,FCBC,2022-11-18,113200.0,516321.52,0.21924323433197204
2007039803.0,BSX,2022-11-29,615000.0,59698303.8,0.010301800233057878
2007039893.0,NXGN,2022-11-30,90500.0,1142719.2,0.07919705908503157
1941689283.0,CTVA,2022-11-30,1200000.0,44136412.0,0.02718843570700763
2007042911.0,BY,2022-11-30,129000.0,822087.68,0.1569175686953489
2007041335.0,IART,2022-12-01,140000.0,3723443.36,0.03759960511390725
2007041163.0,HI,2022-12-01,59000.0,2819954.2,0.020922325617912515
2007042800.0,NBTB,2022-12-05,199373.0,1685286.26,0.11830215716586925
2007044244.0,NRG,2022-12-06,5200000.0,9554022.61,0.5442733613124661
2007090454.0,ARKO,2022-12-07,140200.0,1121500.5,0.1250110900530138
2007058145.0,DLHC,2022-12-08,185000.0,156180.05,1.1845302905204602
2007057409.0,SMMF,2022-12-09,53900.0,348529.28,0.15464984749631364
2007135438.0,LAMR,2022-12-12,78600.0,7308948.5,0.010753940871248443
2007058819.0,GRI,2022-12-13,94841.0,54323.5,1.7458558450762562
2007058023.0,RICK,2022-12-13,66500.0,603218.88,0.11024190754772131
2007059715.0,FRBA,2022-12-14,129700.0,273230.35,0.47469104365602144
2007059691.0,SHBI,2022-12-14,254400.0,345390.0,0.7365586728046556
2007060009.0,DBX,2022-12-15,95000.0,5947032.0,0.015974354938732463
2007062683.0,MPB,2022-12-20,53900.0,470322.0,0.11460233627174574
2007065556.0,AMPS,2022-12-27,293000.0,1621905.76,0.18065167978687
2007073155.0,TRN,2022-12-30,80000.0,1946869.92,0.04109159999760025
2007588329.0,OXY,2022-12-31,400000.0,63769942.32,0.006272547621147041
2007076111.0,ZEUS,2023-01-03,131000.0,266118.3,0.4922622758374753
2007071059.0,PRGS,2023-01-03,355000.0,1998117.06,0.17766726840318353
2007076106.0,MSFT,2023-01-09,190000.0,1868538202.18,0.00010168376529756223
2007083787.0,LIVE,2023-01-19,84000.0,76875.0,1.0926829268292684
2007084856.0,XYL,2023-01-22,7500000.0,19591188.86,0.38282515949366436
2007088705.0,MQ,2023-01-30,275000.0,3529663.2,0.07791111627874296
2007091362.0,MGRC,2023-02-01,400000.0,2328481.0,0.1717858122956554
2007183216.0,HUT,2023-02-07,990000.0,226632.95,4.368296842978922
2007096616.0,POST,2023-02-08,1200000.0,5608885.88,0.21394623204564112
1941616525.0,GMED,2023-02-09,3100000.0,5511226.98,0.5624881739129531
1941486994.0,CPUH,2023-02-09,378120.0,865087.5,0.4370887337986042
1941596128.0,GATE,2023-02-14,750000.0,313736.5,2.390541106948028
2007130936.0,BRDG,2023-02-14,320100.0,446016.75,0.7176860510283526
1941617078.0,STI,2023-02-16,925000.0,30303207.88,0.030524821123327224
2007110944.0,REPX,2023-02-22,330000.0,512265.6,0.6441970727685014
2007106455.0,LNKB,2023-02-22,167800.0,137896.2,1.216857317315488
2007110018.0,MO,2023-03-03,3250000.0,83443574.88,0.03894847511835174
2007113660.0,HNI,2023-03-08,485000.0,1135441.8,0.42714650808169996
1941704614.0,PFE,2023-03-13,43000000.0,287008795.95,0.14982119226579754
2007116573.0,TDG,2023-03-14,725000.0,33804937.5,0.021446571229424696
2007120029.0,AIR,2023-03-20,140000.0,1558744.2,0.08981589153627645
2007626157.0,CF,2023-03-20,1675000.0,16167935.49,0.10360011647968295
2007121999.0,FMBH,2023-03-21,90300.0,641579.24,0.14074644933960145
2007122774.0,KNX,2023-03-21,808000.0,8659907.44,0.09330353766460119
2007124991.0,ET,2023-03-27,1450000.0,38698591.75,0.03746906371599427
2007126878.0,KYN,2023-03-27,333780.0,1195238.96,0.27925796528587055
2007129282.0,DSGR,2023-03-30,319200.0,751826.24,0.4245661869955483
1941664277.0,OVV,2023-04-03,4275000.0,12266625.42,0.3485066066360735
2007133359.0,LBRT,2023-04-10,78000.0,2759708.85,0.028263851094292067
2007141292.0,ATEC,2023-04-19,55000.0,1437507.2,0.0382606779291262
2007142380.0,ASRT,2023-04-25,277044.0,224688.0,1.2330164494766076
2007144119.0,CVLG,2023-04-26,130000.0,369976.08,0.35137406720996667
2007144177.0,DGX,2023-04-27,450000.0,16658251.49,0.027013639472914453
2007145743.0,SPXC,2023-05-01,418000.0,3260693.92,0.1281935717535855
2007147550.0,ITT,2023-05-02,80000.0,7765530.0,0.010301936892910079
2007192515.0,CRGY,2023-05-02,600000.0,559588.38,1.072216688988431
2007147828.0,AFG,2023-05-02,240000.0,11171744.24,0.021482768925257818
2007148591.0,CPE,2023-05-03,532945.0,2224700.99,0.23955803606668055
2007148346.0,VSEC,2023-05-04,124000.0,681095.38,0.18205966982186841
2007151499.0,COOP,2023-05-10,324000.0,3250653.38,0.09967226957923149
2007153104.0,OKE,2023-05-14,18800000.0,29798423.18,0.6309058666103553
2007153500.0,TPG,2023-05-14,2700000.0,2332913.5,1.1573510976725025
2007124413.0,HEI,2023-05-15,2050000.0,10857913.28,0.18880239205594393
2007155172.0,IBM,2023-05-16,60000.0,117210894.64,0.0005118978076592898
2007156314.0,REG,2023-05-18,1400000.0,10509745.8,0.13320969190329987
2007157373.0,USFD,2023-05-19,142000.0,8672211.2,0.016374139965594937
2007158316.0,CVX,2023-05-21,7600000.0,306040243.74,0.02483333533891924
2007158303.0,CHRD,2023-05-22,375000.0,5663481.24,0.0662136915633184
2007158382.0,GIC,2023-05-22,69200.0,986882.0,0.07011983195559347
2007159494.0,RYAN,2023-05-23,255000.0,4130537.4,0.061735308340265846
2007159777.0,GNL,2023-05-23,950000.0,1353486.8,0.701890849618925
2007160644.0,SR,2023-05-25,175000.0,3659828.9,0.047816443003660634
2007162663.0,OSK,2023-05-26,800000.0,5365424.0,0.1491028481626056
2007162724.0,EFC,2023-05-30,58809.0,762640.08,0.07711239094593612
2007168107.0,THS,2023-06-07,100000.0,2741436.88,0.036477221390557785
2007170158.0,MMSI,2023-06-08,100000.0,4171867.2,0.02397008226915756
2007171958.0,CWST,2023-06-12,219000.0,4076044.92,0.053728554100429295
2007171413.0,NDAQ,2023-06-12,10500000.0,26450172.27,0.39697283982944737
2007172214.0,PTEN,2023-06-15,5400000.0,2629461.28,2.0536526021786488
2007174802.0,WAB,2023-06-16,320000.0,17604158.72,0.018177522998383874
2007175538.0,CHRS,2023-06-16,65000.0,599635.6,0.10839916776122031
2007219409.0,CIVI,2023-06-20,2250000.0,5619512.6,0.4003905961524137
2007176576.0,MEC,2023-06-20,96000.0,260836.89,0.36804609961420715
2007181472.0,UNH,2023-06-26,3300000.0,486190527.93,0.006787462548992979
2007183876.0,ADUS,2023-06-29,106000.0,1784222.44,0.05940963280340763
2007145139.0,MOH,2023-06-30,425000.0,16832688.0,0.025248492694690237
2007184839.0,RES,2023-06-30,79500.0,1668501.12,0.04764755566960602
2007209482.0,WEX,2023-07-01,180000.0,8065439.67,0.022317444226819194
2007188464.0,DOCN,2023-07-06,111000.0,3353708.04,0.033097693262529794
2007187341.0,TMO,2023-07-06,912500.0,220342622.4,0.0041412777521703855
2007193382.0,PWSC,2023-07-11,300000.0,3323148.9,0.0902758224285406
2007192615.0,REI,2023-07-11,75000.0,308872.17,0.24281889818691016
2007084849.0,XOM,2023-07-13,4900000.0,481760364.9,0.010171031817897896
2007253709.0,MIRM,2023-07-17,445000.0,1035991.68,0.42954012912536127
2007197390.0,JCI,2023-07-17,455000.0,41157246.46,0.011055161341811495
2007269497.0,BRY,2023-07-17,70000.0,574260.9,0.12189581425446169
2007206602.0,PSA,2023-07-24,2200000.0,52602312.53,0.041823256320628534
2007206178.0,BANC,2023-07-25,1019600.0,597210.0,1.7072721488253713
2007206542.0,AUB,2023-07-25,416800.0,1826181.24,0.2282358349054117
2007209102.0,BIIB,2023-07-28,7300000.0,45140687.54,0.16171663299393335
2007270530.0,ALXN,2023-07-28,1000000.0,37668268.17,0.026547543823541808
2007210387.0,RMR,2023-07-31,100000.0,333799.4,0.29958112567008804
2007211922.0,RVMD,2023-08-01,1070000.0,2756696.09,0.38814579665907245
2007216490.0,SPT,2023-08-02,140000.0,2128482.1,0.06577457240537751
2007220611.0,ROP,2023-08-07,1400000.0,47807225.14,0.02928427650632726
2007219460.0,CPB,2023-08-07,2328209.0,15533820.12,0.1498800026017039
2007221273.0,GBCI,2023-08-08,80600.0,3275824.35,0.024604493827637613
2007224247.0,ALGM,2023-08-08,420000.0,7008718.35,0.059925364242950356
2007226212.0,REGN,2023-08-09,213000.0,78221700.0,0.0027230295429529145
2007224647.0,FWRD,2023-08-10,2100000.0,2549173.8,0.8237963217729604
2007227919.0,HRMY,2023-08-14,164000.0,2073243.9,0.07910309057221873
2007233813.0,BRKR,2023-08-17,108000.0,10708136.46,0.01008578854065145
2007236095.0,PR,2023-08-21,4500000.0,3287442.02,1.368845434420772
2007237661.0,AVAV,2023-08-22,120000.0,2561138.73,0.04685415850159745
2007237195.0,MTSI,2023-08-22,125000.0,4286355.48,0.02916230363609506
2007240857.0,PSN,2023-08-23,200000.0,4909404.74,0.040738136412032715
2007243469.0,BHRB,2023-08-24,371500.0,599439.6,0.6197455089720466
2007245192.0,ELF,2023-08-29,355000.0,5661421.7,0.06270509755526602
2007313356.0,WTS,2023-08-30,268000.0,4910143.2,0.05458089287497766
2007247293.0,ZVRA,2023-08-31,90287.0,210407.22,0.42910599740826383
2007251447.0,WES,2023-09-05,885000.0,10073066.85,0.08785804891188626
2007255908.0,TCPC,2023-09-06,257630.0,610019.52,0.4223307477111552
1941620452.0,WNNR,2023-09-06,200000.0,244720.0,0.8172605426610003
2007253125.0,JBSS,2023-09-06,61000.0,1118137.56,0.05455500484215913
2007255775.0,SUM,2023-09-07,3200000.0,4178027.64,0.7659116395888659
2007626733.0,SJM,2023-09-11,5600000.0,15478215.4,0.36179881564382416
2007265181.0,VTLE,2023-09-13,517650.0,839654.55,0.6165035370796239
2007264530.0,GXO,2023-09-14,181000.0,7528022.88,0.02404349759362049
2007267750.0,KN,2023-09-18,263000.0,1605529.03,0.16380893467868346
2007270533.0,EBC,2023-09-19,528000.0,2178255.95,0.24239575702754304
2007270362.0,AJG,2023-09-19,510000.0,45859356.3,0.011120958538181663
2007269605.0,REZI,2023-09-19,87500.0,2481813.18,0.03525648131178028
2007368426.0,SAIA,2023-09-21,235700.0,9522615.45,0.02475160330033069
1941652248.0,CSCO,2023-09-21,28000000.0,212392022.96,0.13183169315767224
2007368416.0,XPO,2023-09-21,870000.0,6895808.64,0.1261635937739711
2007279140.0,CPK,2023-09-26,923000.0,2160595.5,0.4271970389644892
2007286348.0,RITM,2023-10-02,712000.0,4709425.5,0.15118616909854504
2007290004.0,FOUR,2023-10-02,100000.0,3904804.96,0.025609473718759053
2007289984.0,DOV,2023-10-04,530000.0,21269938.59,0.0249177964363836
2007292116.0,ABBV,2023-10-05,655000.0,249876392.7,0.0026212960453066442
2007035666.0,BMY,2023-10-08,5800000.0,127584438.31,0.04546008962243007
2007297527.0,CWBC,2023-10-10,99002.0,119726.97,0.8268980664924536
2007300607.0,TEAM,2023-10-12,975000.0,27691270.95,0.035209651509332404
2007302839.0,APH,2023-10-13,134837.0,52714604.52,0.0025578679993481243
2007903039.0,MMU,2023-10-16,102601.0,422838.0,0.24264848476248588
2007304595.0,TBRG,2023-10-16,67500.0,263676.0,0.2559959950848769
2007312694.0,SHOO,2023-10-23,52000.0,2636778.15,0.019721037205955305
2007313476.0,ORA,2023-10-23,271000.0,4606317.9,0.05883223995460669
2007313353.0,AMN,2023-10-23,300000.0,3590251.2,0.08355961276470014
2007318207.0,SHEN,2023-10-24,450000.0,1140992.8,0.39439337391086077
2007317267.0,UCTT,2023-10-25,120000.0,1512583.04,0.07933448731515594
2007318911.0,ONB,2023-10-26,344400.0,4675572.22,0.0736594332832271
2007321462.0,UTHR,2023-10-30,136553.0,10706355.96,0.01275438632062818
2007322394.0,IEX,2023-10-30,206000.0,16549277.8,0.01244767309423013
2007322375.0,INST,2023-10-30,835000.0,3673062.4,0.2273307417810272
2007322436.0,HUBB,2023-10-30,1100000.0,16122014.91,0.06822968506980497
2007321408.0,OMC,2023-10-30,950000.0,15536983.44,0.061144430234393046
2007323765.0,AME,2023-10-31,1900000.0,35596863.75,0.053375488732487
2007326891.0,COO,2023-11-01,300000.0,18420936.64,0.01628581683238448
2007328933.0,FOXF,2023-11-02,572000.0,4447792.64,0.128603117612965
2007330130.0,TRV,2023-11-03,435000.0,36843636.06,0.011806652288378943
2007332473.0,KMI,2023-11-06,1815000.0,38391282.95,0.04727635704083705
2007455892.0,BBAI,2023-11-06,70000.0,201156.8,0.34798724179346663
2007333109.0,SEAT,2023-11-07,240000.0,687217.92,0.34923419924788923
2007395625.0,GLP,2023-11-08,305800.0,1059655.32,0.2885844049742514
2007339749.0,MNR,2023-11-13,815000.0,2068206.0,0.39406132657965404
2007342570.0,ABNB,2023-11-14,200000.0,56573575.71,0.003535219357977541
2007350630.0,NAPA,2023-11-16,400000.0,1355857.44,0.29501626660690816
2007345134.0,STRL,2023-11-16,50000.0,2468829.98,0.020252508437215266
2007349323.0,OMF,2023-11-21,1015000.0,4798657.3,0.21151750094760882
2007350925.0,NOG,2023-11-21,162600.0,3831617.37,0.042436387639614444
2007595896.0,APLE,2023-11-22,78600.0,3697391.84,0.021258228340764664
2007359729.0,BUSE,2023-11-27,180489.0,1111148.1,0.16243469254908502
2007364112.0,NVRO,2023-11-30,75000.0,724928.4,0.10345849328016395
2007367168.0,NSIT,2023-12-01,800000.0,5336305.73,0.14991644790936667
2007367472.0,NEU,2023-12-01,700000.0,4414104.37,0.15858256654678965
2007365759.0,ALK,2023-12-03,1900000.0,4853595.6,0.39146236245969895
2007371719.0,GVA,2023-12-05,150000.0,1636020.0,0.09168592071001577
2007134259.0,HON,2023-12-08,4950000.0,124744992.68,0.03968095146470451
2007289303.0,LAB,2023-12-12,507287.0,230463.0,2.2011646121069326
2007382553.0,ORRF,2023-12-12,207000.0,222979.13,0.928338001856945
2007381474.0,IART,2023-12-13,280000.0,3007047.12,0.09311460340535002
2007437661.0,WTI,2023-12-15,72000.0,556627.8,0.1293503486530856
2007387357.0,CRM,2023-12-18,419000.0,196555730.0,0.0021317109402000135
2007388930.0,OKTA,2023-12-19,130000.0,12605995.84,0.010312552982724132
2007388814.0,KGS,2023-12-19,854000.0,1345212.0,0.6348441732604229
2007390405.0,HUBG,2023-12-20,262000.0,2466738.01,0.10621314421631668
2007395248.0,WMB,2023-12-27,1950000.0,42805854.99,0.04555451585899978
2007397040.0,KAI,2023-12-28,156000.0,2725625.04,0.057234578385000456
2007399443.0,MYE,2023-12-29,350000.0,641966.4,0.5451998733890122
2007407834.0,ITGR,2023-12-31,140000.0,2482445.24,0.056396007349592124
2007401349.0,APA,2024-01-03,4500000.0,13284266.8,0.338746584041808
2007401102.0,CR,2024-01-03,103000.0,4768932.0,0.021598127211711133
2007695177.0,MCK,2024-01-04,50000.0,61084974.62,0.0008185318944804696
2007505678.0,FWRG,2024-01-08,75000.0,1052392.0,0.07126622019171563
2007592661.0,BSX,2024-01-08,3700000.0,74616804.08,0.04958668554114252
2007404132.0,VCYT,2024-01-08,95000.0,1566451.24,0.06064663717205778
2007404176.0,HPE,2024-01-09,14000000.0,19422576.1,0.7208106652752412
2007412529.0,TTGT,2024-01-10,350000.0,710451.52,0.49264445236178817
2007407041.0,SE,2024-01-11,950000.0,1986109.3,0.47832211449792816
2007407725.0,PATK,2024-01-11,315000.0,1587893.16,0.19837606706486474
2007594108.0,BLK,2024-01-12,12511320.0,90644837.36,0.13802573168409732
2007392174.0,SNPS,2024-01-15,35000000.0,71379760.32,0.49033507317890646
1941745284.0,TALO,2024-01-15,1290000.0,1922868.0,0.6708728836300776
2007417879.0,SUN,2024-01-22,7300000.0,4475620.6,1.6310587184266694
2007416945.0,NTRA,2024-01-22,52500.0,5178551.2,0.010137970635493572
2007925033.0,WTTR,2024-01-30,90000.0,781463.4,0.11516854148255695
2007426100.0,CAH,2024-01-31,1200000.0,25078837.2,0.04784910841081579
2007430551.0,CBRE,2024-02-05,1100000.0,23810429.16,0.04619824332473309
2007432077.0,GLPI,2024-02-06,175000.0,11946295.84,0.014648892204229894
2007431711.0,CLH,2024-02-06,400000.0,8885637.59,0.04501646572331114
2007433048.0,CRC,2024-02-07,2100000.0,3528095.92,0.5952219122205725
2007436481.0,GILD,2024-02-12,4300000.0,92842589.42,0.046314951218645144
2007436359.0,MLM,2024-02-12,2050000.0,28429840.0,0.07210733510987047
2007375724.0,FANG,2024-02-12,26000000.0,27561900.15,0.9433311875632784
2007442780.0,DKNG,2024-02-15,750000.0,18183438.0,0.04124632536487324
2007441906.0,GES,2024-02-16,69300.0,1201420.54,0.057681717344369686
2007443106.0,COF,2024-02-19,35300000.0,43919276.04,0.8037473105852225
2007444002.0,CDRE,2024-02-20,106500.0,1247855.2,0.08534644083704584
2007438088.0,WMT,2024-02-20,2300000.0,419157261.72,0.00548720065247591
2007451098.0,AESI,2024-02-27,450000.0,1675435.5,0.26858688382811513
2007713739.0,MDRX,2024-02-27,140000.0,1079488.8,0.12969101671087277
2007454893.0,FBIN,2024-02-29,92000.0,10056076.25,0.009148697534985378
2007454171.0,FA,2024-02-29,2200000.0,2353846.4,0.9346404251356418
2007457312.0,URI,2024-03-04,1150000.0,38515197.63,0.029858343479049154
2007458809.0,HAE,2024-03-05,160000.0,4455655.02,0.03590942280805214
2007366666.0,EQT,2024-03-11,35000000.0,16128327.72,2.1700947926918737
2007469485.0,PAR,2024-03-11,190000.0,1248895.97,0.15213436872568337
2007471463.0,MARA,2024-03-15,87300.0,5568068.97,0.015678685100770223
2007525587.0,CSL,2024-03-18,410000.0,14681332.31,0.02792662078227967
2007280794.0,PFIS,2024-03-22,126416.0,325857.48,0.3879487437268588
2007481151.0,NUVB,2024-03-24,501287.0,348120.96,1.4399793680909072
2007481512.0,GBTG,2024-03-25,540000.0,2806808.23,0.19238934610078437
2007486700.0,VIVK,2024-03-25,169000.0,26221.0,6.4452156668319285
2007481692.0,IR,2024-03-25,2325000.0,30881963.13,0.07528666458841149
2007264509.0,TTWO,2024-03-27,460000.0,27566440.0,0.016686957039066343
2007486162.0,HD,2024-03-28,18250000.0,356731758.66,0.05115888775519429
2007693638.0,LH,2024-03-28,237500.0,18828273.0,0.012614008730381166
2007682174.0,CBNK,2024-03-28,66000.0,319115.16,0.20682188837409043
2007488525.0,ALTI,2024-04-01,76000.0,437754.24,0.17361339549789398
2007487472.0,NUE,2024-04-01,115000.0,41559082.95,0.002767144793314069
2007509192.0,MRK,2024-04-05,208000.0,303677316.32,0.0006849375597774975
2007485107.0,JNJ,2024-04-05,13100000.0,384707256.99,0.03405186609292509
2007498489.0,OWL,2024-04-09,205000.0,7232736.63,0.028343351968561865
2007530515.0,SHO,2024-04-10,230000.0,2214686.32,0.10385217893972452
2007500871.0,VRTX,2024-04-10,4600000.0,110852658.15,0.0414965240957553
2007505551.0,TRNS,2024-04-15,50000.0,971543.16,0.05146451754135143
2007505488.0,APG,2024-04-15,570000.0,7686341.12,0.07415752060715203
2007510446.0,LYTS,2024-04-18,50000.0,389538.0,0.1283571820977671
2007513416.0,CSGP,2024-04-22,1600000.0,34741553.0,0.046054360321773756
2007513387.0,MLI,2024-04-22,600000.0,5561344.8,0.10788757424283422
2007514943.0,INCY,2024-04-23,750000.0,12878811.36,0.058235187940511926
2007518812.0,BFST,2024-04-25,85700.0,568645.36,0.15070904649604458
2007753045.0,PAHC,2024-04-28,350000.0,243039.1,1.4400974987152273
2007522821.0,SMPL,2024-04-29,280000.0,3546355.89,0.07895428679043263
2007525490.0,HOPE,2024-04-29,78600.0,1312988.11,0.0598634514672033
2007520230.0,UMBF,2024-04-29,2000000.0,3883348.92,0.5150193920766718
2007522786.0,HST,2024-04-29,530000.0,13663912.0,0.03878830601368041
2007526270.0,FRSH,2024-04-30,230000.0,4517658.69,0.05091132725655288
2007523886.0,MASS,2024-04-30,76200.0,251046.68,0.30352920819347223
2007527725.0,AM,2024-05-01,70000.0,5953238.33,0.011758306340139418
2007528826.0,KELYA,2024-05-03,485000.0,754740.87,0.6426046597953546
2007530752.0,DOCU,2024-05-06,165000.0,10295045.64,0.01602712661699283
2007595341.0,KNTK,2024-05-09,765000.0,1893336.52,0.4040486157209918
2007537208.0,UBSI,2024-05-10,267000.0,4597712.43,0.05807235751801902
2007541222.0,RPHM,2024-05-13,170000.0,55144.65,3.082801323428474
2007545110.0,PANW,2024-05-15,500000.0,96749064.0,0.005168008653809819
2007544613.0,ALRS,2024-05-15,128800.0,432064.82,0.2981034188342388
2007549130.0,SSB,2024-05-20,2000000.0,6368362.94,0.3140524525444211
2007551026.0,MBC,2024-05-21,520000.0,2288594.06,0.2272137331336078
2007586181.0,ET,2024-05-28,3250000.0,50651080.32,0.06416447545575273
2007558360.0,NDSN,2024-05-28,815000.0,15108982.56,0.05394142171807497
2007558448.0,TDG,2024-05-28,655000.0,65943155.4,0.009932797362014011
2007536131.0,TMUS,2024-05-28,4300000.0,193293322.48,0.022245983176397206
2007561604.0,COP,2024-05-29,22500000.0,141474826.08,0.15903889492874787
2007556140.0,WM,2024-06-03,7200000.0,85082552.28,0.08462369554107128
2007567276.0,BDX,2024-06-03,4200000.0,68721118.74,0.06111658362097264
2007568327.0,CTRE,2024-06-03,80900.0,3156867.57,0.02562666890711542
2007574421.0,FRT,2024-06-03,215000.0,8390289.0,0.025624862266365317
2007569227.0,FTDR,2024-06-04,585000.0,2481605.78,0.23573446061203163
2007576689.0,YEXT,2024-06-10,220000.0,749400.92,0.2935678274854533
2007582205.0,SLP,2024-06-12,100000.0,796602.1,0.12553318651808726
2007587180.0,WK,2024-06-17,100000.0,4102348.7,0.024376279861338945
2007589092.0,CPAY,2024-06-19,725000.0,22049118.44,0.03288113318330018
2007592146.0,NXT,2024-06-20,119000.0,7178015.27,0.016578398836423765
2007592887.0,AXP,2024-06-21,400000.0,159135580.8,0.002513579917131895
2007593379.0,RXO,2024-06-23,1025000.0,2503491.1,0.4094282580033937
2007594913.0,ANIP,2024-06-24,381000.0,1404820.8,0.27120896843213027
2007594911.0,ABM,2024-06-24,119000.0,2727842.1,0.043624225903691416
2007456528.0,BA,2024-07-01,8300000.0,103851078.35,0.07992213592647784
2007608814.0,UFPT,2024-07-01,110000.0,1730582.1,0.06356242792526283
2007602358.0,BDC,2024-07-01,290000.0,3382610.38,0.08573260512492131
2007607327.0,LLY,2024-07-08,3200000.0,708976698.54,0.0045135474925900665
2007609303.0,UTL,2024-07-09,71200.0,821080.4,0.08671501597163932
2007506441.0,VCTR,2024-07-09,1068320.0,3234843.42,0.33025400654477427
2007609378.0,ESE,2024-07-09,550000.0,2690215.44,0.20444459273492238
2007812452.0,PNTG,2024-07-11,80000.0,631524.98,0.12667749104714748
2007616963.0,EVFM,2024-07-15,84000.0,15901.54,5.282507228859594
2007618835.0,KBR,2024-07-16,737000.0,8855320.32,0.08322680302546075
2007618618.0,PRDO,2024-07-16,144000.0,1203159.02,0.11968492743378177
2007621552.0,PWR,2024-07-17,1740000.0,37165995.0,0.04681698956263649
2007620863.0,DRI,2024-07-17,605000.0,17648421.74,0.03428068576969535
2007626129.0,NVDA,2024-07-17,100000.0,2110955743.78,4.737190739059938e-05
2007624399.0,TEX,2024-07-22,2000000.0,4070977.0,0.4912825594445756
2007627897.0,HRI,2024-07-23,264000.0,4301024.09,0.061380730373914276
2007629188.0,RIOT,2024-07-23,92500.0,2988924.75,0.03094758407684904
2007626663.0,MOH,2024-07-23,350000.0,20182426.0,0.01734182005671667
2007630154.0,ASTH,2024-07-25,59000.0,1767200.49,0.03338613832095531
2007630593.0,COFS,2024-07-25,180400.0,191924.85,0.9399512361218466
2007630472.0,COOP,2024-07-25,1300000.0,5434622.37,0.23920705276160706
2007632166.0,WSBC,2024-07-26,959000.0,1684642.05,0.569260395702458
2007632545.0,CASY,2024-07-26,1145000.0,12349056.18,0.09271963648966086
2007633951.0,GABC,2024-07-29,330200.0,968594.9,0.34090619308443604
2007777959.0,CTS,2024-07-29,125000.0,1573317.9,0.07944993189234038
2007635044.0,RNST,2024-07-29,1200000.0,1741040.49,0.6892430169731435
2007633121.0,COLL,2024-07-29,550000.0,1089082.35,0.5050123161026344
2007636526.0,CBZ,2024-07-31,2300000.0,3877165.44,0.5932168837242086
2007652619.0,HCAT,2024-08-01,65000.0,410293.25,0.1584232740850599
2007643413.0,SPSC,2024-08-01,206000.0,7261604.88,0.028368384593241598
2007639036.0,ITT,2024-08-01,475000.0,11441456.0,0.041515695205225626
2007644579.0,DKL,2024-08-06,230000.0,1861135.43,0.12358047474277571
2007649539.0,SOUN,2024-08-08,80000.0,1499961.1,0.05333471648031405
2007654340.0,FLS,2024-08-13,305000.0,6462894.86,0.04719247436434391
2007659853.0,AMD,2024-08-19,4900000.0,268582897.38,0.01824390178153197
2007621344.0,H,2024-08-20,335000.0,6579345.84,0.05091691608052025
2007662416.0,CNR,2024-08-21,2271626.0,3096503.8,0.7336099506805063
2007749131.0,EPD,2024-08-21,950000.0,61563669.3,0.015431178985947806
2007672005.0,OKE,2024-08-28,2600000.0,45582830.7,0.057039020176515715
2007654911.0,VRTV,2024-09-03,956871.91,2289847.98,0.4178757360128335
2007367622.0,VZ,2024-09-05,20000000.0,173295028.35,0.11541011990030353
2007681192.0,CNOB,2024-09-05,284000.0,681944.07,0.41645644048198854
2007685466.0,NBTB,2024-09-09,236000.0,1743570.02,0.13535447231422343
2007753080.0,PRGS,2024-09-09,875000.0,2350113.44,0.3723224526557322
2007687201.0,CAC,2024-09-10,86600.0,470783.61,0.1839486298174229
2007688981.0,VOYA,2024-09-11,210000.0,7164876.15,0.029309648290291798
2007690415.0,MA,2024-09-12,2650000.0,403682096.7,0.0065645715320622
2007690465.0,GEVO,2024-09-12,210000.0,137795.63,1.5239960802820816
2007690067.0,SSNC,2024-09-12,670000.0,15253488.0,0.043924379787757394
2007694671.0,EVER,2024-09-16,261000.0,675875.6,0.38616573819205785
2007753914.0,MMSI,2024-09-17,210000.0,4977161.76,0.04219272149997391
2007748575.0,OGN,2024-09-18,1486000.0,5179423.94,0.286904493089245
2007704228.0,TOWN,2024-09-24,120000.0,2224529.66,0.05394398742249181
2007670564.0,CIFR,2024-09-24,67500.0,1537922.88,0.04389036724650329
2007706495.0,APOG,2024-09-25,242000.0,1368180.54,0.17687724165408755
2007715784.0,ULBI,2024-09-30,50000.0,185346.45,0.26976508047496994
2007712117.0,ULH,2024-09-30,193600.0,1141894.63,0.1695427887247355
2007719181.0,SMLP,2024-10-01,450000.0,344447.1,1.3064415406603802
2007720578.0,VLTO,2024-10-07,350000.0,24588429.67,0.014234337234924363
2007723269.0,ZETA,2024-10-08,250000.0,4058431.65,0.06160015039307118
2007729656.0,HOLX,2024-10-14,350000.0,19325030.4,0.0181112263606064
2007731018.0,CXT,2024-10-15,399763.27,3338501.88,0.1197433113322075
2007749107.0,ADP,2024-10-15,1200000.0,107462138.4,0.011166723628123893
2007731700.0,VSEC,2024-10-15,200000.0,1448364.6,0.1380867773211248
2007734669.0,CIM,2024-10-17,50000.0,1098456.45,0.04551841814029132
2007735315.0,XRX,2024-10-17,400000.0,1228400.16,0.3256267892378002
2007735122.0,PIXY,2024-10-17,150000.0,7769.4,19.30651015522434
2007679981.0,AUB,2024-10-21,1300000.0,3304323.27,0.3934239763411526
2007738409.0,PSN,2024-10-21,230000.0,9737445.9,0.023620156903772886
2007739222.0,ROAD,2024-10-21,908200.0,2551907.6,0.3558906286418834
2007753060.0,LYEL,2024-10-24,61130.0,350724.11,0.17429654322880742
2007747465.0,ABBV,2024-10-28,1400000.0,341518871.2,0.004099334233217623
2007750279.0,AKR,2024-10-29,275000.0,2250608.46,0.12218917900983986
2007749872.0,SXI,2024-10-29,462000.0,2028403.89,0.2277652898802122
2007750218.0,THRY,2024-10-29,80000.0,644378.25,0.12415068323612723
2007753662.0,NRIM,2024-10-31,56000.0,353613.54,0.15836497663522728
2007752853.0,WCC,2024-10-31,185000.0,8020658.4,0.02306543811914493
2007755118.0,MPB,2024-11-01,127000.0,466987.12,0.2719561087680534
2007753980.0,CECO,2024-11-01,125000.0,962825.94,0.12982616567227095
2007753654.0,CELH,2024-11-01,75000.0,9621047.04,0.007795409344553003
2007763426.0,BWXT,2024-11-04,100000.0,9203972.21,0.010864874178058823
2007757248.0,TDY,2024-11-04,57300.0,19544016.0,0.0029318436906723777
2007758661.0,TEM,2024-11-04,600000.0,9632715.75,0.06228773022810312
2007755569.0,KEQU,2024-11-04,55000.0,151612.88,0.3627660130194743
2007761155.0,YELP,2024-11-07,80000.0,2342141.76,0.03415677110850882
2007764430.0,CTRA,2024-11-13,3950000.0,17683434.08,0.22337290269130805
2007765606.0,GIS,2024-11-14,1450000.0,41068382.68,0.035306966220175484
2007769417.0,LB,2024-11-19,245000.0,614405.5,0.39875945120933975
2007769381.0,AVAV,2024-11-19,4100000.0,5103029.52,0.8034443038064182
2007769275.0,HOOD,2024-11-19,300000.0,14998830.26,0.020001559774968744
2007773269.0,AIT,2024-11-22,273000.0,7749285.18,0.03522905579789232
2007760837.0,ONB,2024-11-25,1401000.0,5983877.2,0.23412913620620424
2007774905.0,SNDR,2024-11-25,390000.0,2555395.92,0.15261822911574502
2007780292.0,THS,2024-12-02,205000.0,2172534.0,0.09435985811959675
2007782310.0,UCB,2024-12-03,80000.0,3521256.62,0.022719162115483648
2007944863.0,IPG,2024-12-05,100000.0,11725951.02,0.008528092930751472
2007786857.0,AJG,2024-12-09,13450000.0,60907609.0,0.22082626819253404
2007788291.0,ON,2024-12-09,115000.0,31407061.92,0.0036615968820301542
2007787612.0,INDB,2024-12-09,562000.0,2509895.64,0.22391369228403454
2007786809.0,OMC,2024-12-09,13300000.0,20149890.51,0.6600532143536694
2007789455.0,GEN,2024-12-10,1479794.0,16921520.0,0.08745041816574398
2007816967.0,SGU,2024-12-12,68000.0,419398.1,0.16213711983912182
2007792872.0,UPBD,2024-12-12,460000.0,1628846.88,0.282408374690198
2007793383.0,VIAV,2024-12-13,325000.0,2009508.0,0.16173113020699595
2007794079.0,BBT,2024-12-16,1100000.0,40545398.88,0.027130082090340502
2007796349.0,NWBI,2024-12-17,270400.0,1654926.0,0.1633909915005263
2007798574.0,FCF,2024-12-18,54600.0,1672611.42,0.03264356523405777
2007800102.0,TRIP,2024-12-19,435000.0,1821640.15,0.23879579070542556
2007803130.0,SPXC,2024-12-23,350000.0,7596083.6,0.04607637546274504
2007806470.0,BAC,2024-12-27,906000.0,326988574.78,0.0027707390101001624
2007807390.0,WAB,2024-12-30,69000.0,33244477.91,0.0020755326700211065
2007812130.0,SYK,2025-01-06,4900000.0,139481071.5,0.03513021478330126
2007812941.0,PSX,2025-01-06,2200000.0,55012523.67,0.0399908939498394
2007813426.0,RYAN,2025-01-07,525000.0,8369278.08,0.06272942480601625
2007825003.0,KRP,2025-01-07,230000.0,1298758.8,0.17709215906756512
2007840848.0,ITGR,2025-01-07,152000.0,4242677.43,0.035826433309590545
2007810945.0,PAYX,2025-01-07,4100000.0,50900374.14,0.08054950615339426
2007815078.0,FLO,2025-01-08,795000.0,4694207.13,0.16935767382723055
2007535884.0,CEG,2025-01-10,29100000.0,82678098.49,0.35196745609140584
2007816862.0,CCNE,2025-01-10,214000.0,529074.0,0.40448028064127134
2007819309.0,GBCI,2025-01-13,245400.0,5901075.8,0.04158563765610332
2007820216.0,EME,2025-01-14,865000.0,20379311.03,0.04244500703319409
2007829485.0,CADE,2025-01-22,103600.0,6211627.44,0.016678398857739606
2007831886.0,CARS,2025-01-23,113000.0,1109796.2,0.10182049641186373
2007833711.0,CNX,2025-01-27,505000.0,5696181.36,0.08865588507174918
2007835287.0,ZBH,2025-01-28,1283720.0,21790640.04,0.058911532549917704
2007836456.0,WELL,2025-01-29,1886749.0,84660932.4,0.022285946380623606
2007844086.0,PLBC,2025-01-29,62423.0,268549.38,0.23244514658719376
2007974521.0,WMB,2025-01-31,325000.0,67748184.98,0.004797176486660765
2007838335.0,BMI,2025-01-31,185000.0,6460126.15,0.028637211674264286
2007845176.0,GMED,2025-02-06,250000.0,9443747.43,0.0264725419493774
2007846993.0,FDS,2025-02-07,246500.0,18453916.53,0.013357598079479336
2008563004.0,CMCO,2025-02-10,2700000.0,1105425.7,2.4424979444570543
2007847905.0,LZ,2025-02-10,85106.0,1353196.26,0.06289257701613807
2007857988.0,ROCK,2025-02-11,120000.0,2238862.39,0.05359864926758629
2007850379.0,FSS,2025-02-12,93100.0,5975187.12,0.01558110200237545
2007857379.0,CAL,2025-02-19,120200.0,1142976.47,0.1051640196932488
2007858206.0,PDFS,2025-02-19,130000.0,1224451.34,0.10617000100632826
2007859000.0,VVV,2025-02-20,625000.0,4992425.97,0.12518963801480265
2007863788.0,FLYW,2025-02-24,340000.0,2631019.68,0.129227463627334
2007862034.0,APO,2025-02-24,1500000.0,100630375.6,0.014906035986215678
2007744284.0,TMO,2025-02-25,4000000.0,205490475.0,0.01946562243335123
2007869996.0,OSBC,2025-02-25,197000.0,830677.56,0.23715579845445686
2007864898.0,SKYT,2025-02-26,93000.0,434146.16,0.21421357268252703
2007864622.0,REI,2025-02-26,100000.0,283420.28,0.35283290243027066
2007866981.0,SBCF,2025-02-27,111200.0,2533325.65,0.043894869970625375
2007869496.0,JAMF,2025-03-03,215000.0,1902270.45,0.11302283542279701
2007870307.0,HON,2025-03-04,2160000.0,153458292.0,0.014075485735238081
2007871013.0,RGEN,2025-03-04,70000.0,9015864.84,0.0077640915477610465
2007877563.0,BMY,2025-03-10,286000.0,116275387.41,0.0024596778937534913
2007875821.0,NOW,2025-03-10,2850000.0,224797500.0,0.012678076935908984
2007876574.0,RKT,2025-03-10,2400000.0,1723769.7,1.3922973585160476
2007879277.0,ASGI,2025-03-11,81151.0,519255.36,0.15628341323236414
2007880086.0,CWAN,2025-03-12,560000.0,5621520.16,0.09961718255227248
2007880900.0,NRG,2025-03-12,560000.0,18844714.98,0.029716554513789732
2007886015.0,MCBS,2025-03-17,206000.0,817210.32,0.25207709075431156
2007884663.0,PEP,2025-03-17,1950000.0,208158171.08,0.009367876311953998
2007615619.0,GOOGL,2025-03-18,32000000.0,1104565500.0,0.028970667651669366
2007890691.0,PRTK,2025-03-19,330000.0,125447.58,2.6305808370316908
2007870650.0,ROP,2025-03-24,1650000.0,54411830.0,0.0303242879351788
2007904083.0,BRZE,2025-03-27,325000.0,3638668.8,0.08931837929299859
2007906124.0,LPLA,2025-03-28,2700000.0,24980823.99,0.10808290395388195
2007911433.0,FBK,2025-03-31,381000.0,2447888.52,0.15564434282325895
2007915018.0,RES,2025-04-02,245000.0,1506953.72,0.16257964444986406
2007916777.0,AVAH,2025-04-03,75000.0,956463.75,0.07841384474842879
2008201484.0,FBM,2025-04-04,600000.0,655002.96,0.9160263947509489
2007923029.0,CALM,2025-04-08,258000.0,4719874.5,0.05466247036865069
2007927086.0,PSEC,2025-04-11,115000.0,1865121.0,0.061658198047204446
2007932767.0,LOW,2025-04-14,1325000.0,149067600.0,0.008888584776302833
2007932014.0,SNEX,2025-04-14,1058420.0,3534321.84,0.29946904891943854
2007935231.0,WGS,2025-04-16,51000.0,1960629.66,0.02601205165895532
2007938288.0,FIS,2025-04-17,13500000.0,43892001.62,0.3075731227041726
2007098440.0,GPN,2025-04-17,24250000.0,28007174.75,0.8658495623518756
2007942041.0,EQT,2025-04-22,1800000.0,30687458.12,0.05865588452980673
2007943454.0,COLB,2025-04-23,2000000.0,5826145.71,0.3432801202632469
2007943562.0,LMT,2025-04-23,360000.0,104603184.54,0.003441577821775941
2007945036.0,EBC,2025-04-24,490000.0,3731752.42,0.13130560252976267
2007953875.0,ASTE,2025-04-29,245000.0,752303.96,0.32566623735438
2007957419.0,QTRX,2025-04-29,69140.0,312534.56,0.22122353444687845
2007956805.0,DDOG,2025-05-01,220000.0,41443281.91,0.00530845989653429
2007962113.0,DASH,2025-05-06,1200000.0,78873330.9,0.015214268071440102
2007962208.0,TPG,2025-05-06,960000.0,6065526.04,0.15827151572166032
2007965233.0,PR,2025-05-07,608000.0,9883547.3,0.06151637479389611
2007964046.0,ORA,2025-05-07,88000.0,4150536.51,0.021202078282645923
2007970463.0,MPLX,2025-05-09,237000.0,53854402.32,0.004400754437710748
2007970128.0,CHD,2025-05-12,880000.0,26795431.26,0.032841419548774224
2007974216.0,ANET,2025-05-14,1000000.0,108469189.23,0.009219207842326379
2007974857.0,DKS,2025-05-15,2500000.0,12282596.48,0.20354002543931166
2007978444.0,BMRN,2025-05-16,270000.0,13581414.63,0.01988010876301477
2007984698.0,RHP,2025-05-19,865000.0,5761470.54,0.15013528126102332
2007983918.0,SANM,2025-05-19,3000000.0,4110229.5,0.729886250877232
2007838642.0,MSI,2025-05-21,5000000.0,69390702.79,0.0720557625008023
2008006703.0,STRW,2025-05-22,59000.0,136256.4,0.4330071835157835
2007996516.0,WULF,2025-05-27,52400.0,1145582.62,0.04574091740323365
2007503248.0,CRM,2025-05-27,8000000.0,260055180.0,0.030762701977326504
2008000379.0,LDOS,2025-05-28,300000.0,17648519.85,0.016998592661015704
2007848512.0,EOG,2025-05-30,5684000.0,67894709.82,0.08371786277707373
2008003164.0,MOD,2025-05-30,112000.0,4365744.96,0.025654270010312282
2008020595.0,FORM,2025-06-02,55000.0,2514989.88,0.021868875273565715
2008008140.0,VNOM,2025-06-03,4100000.0,5807973.99,0.7059260263663818
2008007687.0,POST,2025-06-03,880000.0,6322030.26,0.1391957905623818
2008013816.0,NBBK,2025-06-05,211800.0,797109.15,0.26571016027102434
2008022447.0,CR,2025-06-09,1150000.0,8958105.86,0.12837535277798112
2008022752.0,BRO,2025-06-10,9825000.0,35141042.8,0.2795876051805725
2007737094.0,ALSN,2025-06-11,2700000.0,8214859.08,0.328672710475759
2008031931.0,BKR,2025-06-16,540000.0,44486522.0,0.01213850792831141
2008031379.0,SUPN,2025-06-16,795000.0,1837558.98,0.432639174389929
2008038154.0,WOR,2025-06-19,93000.0,2286510.36,0.040673334189485155
2008042183.0,ILMN,2025-06-23,425000.0,11177700.0,0.03802213335480466
2008043308.0,FFBC,2025-06-23,325000.0,2115633.0,0.15361832605182468
2008057734.0,PH,2025-06-30,1000000.0,73170711.25,0.013666670487639957
2008058775.0,TDG,2025-06-30,765000.0,76327198.2,0.010022639610004706
2008094462.0,HD,2025-06-30,5500000.0,351996671.52,0.015625147749976656
2008057494.0,ONTO,2025-06-30,495000.0,5935556.9,0.08339571304589802
2008064170.0,LMB,2025-07-01,66100.0,989985.0,0.06676868841447092
2008061541.0,ISTR,2025-07-01,83617.0,157970.79,0.5293193760694619
2008061533.0,PKG,2025-07-01,1800000.0,16769438.74,0.10733811834181875
2008081888.0,NWFL,2025-07-07,54900.0,230919.46,0.23774522944060236
2008495676.0,BFST,2025-07-07,79892.0,687549.0,0.1161982636873881
2008083431.0,BLD,2025-07-08,810000.0,8653303.05,0.09360587457988079
2008376197.0,CIVB,2025-07-10,70400.0,326830.14,0.21540241056103332
2008246171.0,MNR,2025-07-10,770700.0,1661423.4,0.46387934586692353
2008100667.0,FCCO,2025-07-14,50000.0,182831.6,0.2734757011370026
2008100828.0,HBAN,2025-07-14,1900000.0,21327727.68,0.08908590865878872
2008102467.0,CVCO,2025-07-14,190000.0,3987743.76,0.04764599017264841
2008547865.0,WAT,2025-07-14,18800000.0,20248457.02,0.9284658076134238
2008108922.0,STWD,2025-07-16,2200000.0,6457646.16,0.340681410144033
2008109807.0,VRT,2025-07-17,200000.0,36204975.0,0.0055241026958311665
2008112119.0,PB,2025-07-18,327582.0,6670315.26,0.04911042240603183
2008112285.0,BFC,2025-07-18,174300.0,1142909.6,0.1525054999975501
2008120624.0,MBWM,2025-07-22,95800.0,703300.2,0.13621494775630663
2008277425.0,HUBG,2025-07-22,51800.0,1920205.5,0.026976279361766227
2008122068.0,LH,2025-07-22,195000.0,20581830.0,0.00947437618520802
2008124971.0,WAY,2025-07-23,1250000.0,7003312.36,0.17848696955735957
2008125003.0,CBAN,2025-07-23,86100.0,277089.7,0.3107297023310502
2008144325.0,PWR,2025-07-25,1566000.0,49340776.56,0.03173845466529479
2008135100.0,SR,2025-07-27,2480000.0,4188659.34,0.5920748857079411
2008144922.0,IEX,2025-07-29,102000.0,14237777.68,0.007164039381179606
2008144155.0,EEFT,2025-07-31,248000.0,4803654.6,0.05162735888629462
2008145191.0,MIR,2025-07-31,81000.0,3880109.85,0.0208756976300555
2008036925.0,APH,2025-08-04,10500000.0,104376297.71,0.1005975516507904
2008153561.0,XOMA,2025-08-04,97775.0,318322.2,0.30715733932474704
2008154525.0,FLOC,2025-08-04,71000.0,483316.38,0.14690170442806014
2008152113.0,HNI,2025-08-04,2200000.0,2217242.88,0.9922232786694077
2008157141.0,ZBRA,2025-08-05,1300000.0,14641883.68,0.08878639035875745
2008157409.0,S,2025-08-05,250000.0,6119885.2,0.04085043948210009
2008161154.0,GVA,2025-08-05,540000.0,3775377.84,0.14303204152938506
2008157453.0,TRNS,2025-08-05,84000.0,842073.24,0.09975379338737804
2008162042.0,WES,2025-08-06,2000000.0,14753309.49,0.1355628038139936
2008164061.0,CRMD,2025-08-07,325000.0,838317.0,0.3876815095005827
2008164471.0,HRZN,2025-08-07,133465.0,301451.85,0.44274068976521463
2008172131.0,HUBB,2025-08-12,825000.0,21265266.62,0.03879565747951107
2008471668.0,WKHS,2025-08-15,105000.0,8705.69,12.061077295424026
2008196673.0,DGII,2025-08-18,145500.0,1243597.85,0.11699923733383745
2008195535.0,LII,2025-08-18,550000.0,19925182.35,0.02760326055435071
2008196919.0,NXST,2025-08-19,6200000.0,4965841.79,1.2485295066156346
2008199701.0,SPN,2025-08-20,625000.0,16114.98,38.78378998919018
2008200594.0,RBCN,2025-08-20,56250.0,5147.67,10.927273892848609
2008208659.0,AVY,2025-08-25,390000.0,13864513.6,0.0281293676252732
2008204108.0,CRGY,2025-08-25,2900000.0,2414627.16,1.201013575942714
2008220266.0,VRNS,2025-09-02,150000.0,5563791.75,0.026960031349124454
2008492731.0,EQBK,2025-09-02,122477.0,677830.5,0.18068971520166177
2008361546.0,WKC,2025-09-03,220000.0,1574230.6,0.13975080906189982
2008223081.0,TEAM,2025-09-04,610000.0,31849321.3,0.019152684424707033
2008226987.0,NXT,2025-09-08,53000.0,8509267.48,0.00622850323186691
2008226462.0,PNC,2025-09-08,4100000.0,72194933.17,0.056790689041093544
2008228438.0,SOUN,2025-09-09,60000.0,3662454.08,0.01638245796108384
2008287984.0,BSX,2025-09-09,88000.0,154720462.68,0.0005687676890031389
2008231392.0,ATLC,2025-09-11,162000.0,828148.5,0.19561709041313244
2008231373.0,FFIV,2025-09-11,180000.0,17031415.44,0.010568704676021924
2008247021.0,NVDA,2025-09-14,900000.0,3834943338.25,0.00023468404109738348
2008239624.0,CRC,2025-09-15,717000.0,4173390.0,0.17180277903574792
2008241685.0,NBHC,2025-09-15,369100.0,1500522.66,0.245980957061988
2008241493.0,CRWD,2025-09-16,260000.0,128138396.8,0.0020290561337817517
2008242344.0,RITM,2025-09-17,1600000.0,6149415.2,0.26018734269235877
2008395241.0,BIIB,2025-09-18,85000.0,19711836.0,0.0043121300319259965
2008245714.0,CMC,2025-09-18,675000.0,5815934.76,0.11606044906872375
2008259684.0,CIEN,2025-09-22,270000.0,11090241.15,0.02434572849662516
2008259619.0,COMP,2025-09-22,1457430.0,3523622.96,0.4136168984436405
2008262813.0,PRVA,2025-09-23,113000.0,2511116.31,0.04499990683426368
2008262588.0,WMS,2025-09-23,1000000.0,9334777.43,0.1071262820671237
2008262513.0,MORN,2025-09-23,375000.0,12394976.76,0.03025419145683013
2008267972.0,FRME,2025-09-25,241300.0,2298898.08,0.10496333095375851
2008267185.0,HFWA,2025-09-25,176600.0,842713.46,0.2095611478663222
2008501237.0,AIR,2025-09-25,146000.0,2649672.56,0.0551011480452513
2007941068.0,ARES,2025-09-29,1100000.0,39376787.58,0.02793523970855116
2008277326.0,META,2025-09-30,2000000.0,1530400440.0,0.001306847507179232
2008278233.0,HALO,2025-10-01,900000.0,6577366.32,0.13683288359101153
2008444946.0,PNTG,2025-10-01,146500.0,801547.6,0.1827714286712355
2008288065.0,FITB,2025-10-06,10900000.0,28504539.9,0.3823952268038538
2008291800.0,KAI,2025-10-07,175000.0,4067194.88,0.043027198145961475
2008306164.0,NPO,2025-10-08,280000.0,4452908.04,0.06288025656150761
2008309044.0,RYN,2025-10-14,8200000.0,3648297.34,2.2476238189511166
2008309465.0,BCRX,2025-10-14,700000.0,1668864.0,0.4194470010737843
2008320051.0,HBT,2025-10-20,170200.0,754305.25,0.22563809545273614
2008556986.0,TCBX,2025-10-22,123000.0,509668.97,0.24133311470776808
2008606114.0,FMNB,2025-10-22,299000.0,515763.9,0.5797226211450627
2008324980.0,NIC,2025-10-23,864000.0,1997213.55,0.4326027129147006
2008336548.0,FSUN,2025-10-27,785000.0,1010688.85,0.7766979916717197
2008336026.0,JCAP,2025-10-27,196700.0,1099479.42,0.17890284840438397
2008336942.0,PRK,2025-10-27,317300.0,2751012.81,0.11533933933226577
2008336490.0,VSEC,2025-10-27,350000.0,3387142.32,0.10333194384344618
2007960314.0,ESI,2025-10-28,500000.0,6048049.76,0.08267127749292856
2008339251.0,RYI,2025-10-28,438041.0,701616.21,0.6243313563123064
2008340193.0,LFUS,2025-10-28,350000.0,6211360.48,0.05634836379678289
2008340029.0,CDRE,2025-10-29,200000.0,1205975.6,0.16584083459068324
2008344740.0,FIG,2025-10-30,200000.0,28297138.21,0.0070678525339117676
2008345384.0,TEX,2025-10-30,3104565.0,3336416.0,0.9305089653088824
2008343109.0,FMBH,2025-10-30,94100.0,917885.25,0.1025182614057694
2008345304.0,PLMR,2025-10-30,300000.0,3236993.38,0.09267859546873711
2008352125.0,SM,2025-11-03,12800000.0,2966855.04,4.314332795983184
2008359424.0,JBL,2025-11-04,783000.0,22519818.96,0.03476937365219387
2008355732.0,CBRE,2025-11-04,1315000.0,48920853.14,0.02688015264649573
2008358052.0,SNDA,2025-11-05,1800000.0,491621.9,3.661350318201854
2008494728.0,GOLD,2025-11-06,53000.0,32251504.05,0.0016433342121915705
2008360962.0,SCHW,2025-11-06,600000.0,176682162.8,0.003395928544746114
2008437005.0,AXSM,2025-11-06,81800.0,6045506.15,0.013530711568294409
2008378412.0,PFE,2025-11-07,9081499.0,142532125.62,0.0637154533442648
2008378177.0,IESC,2025-11-07,192000.0,7064847.36,0.027176807964326633
2008377552.0,BBAI,2025-11-10,250000.0,1502535.24,0.1663854486367987
2008440350.0,RNGR,2025-11-10,90500.0,308641.59,0.29322036605630497
2008448323.0,MOVE,2025-11-10,222282.0,5126.7,43.357715489496165
2008380366.0,AOS,2025-11-12,470000.0,8041618.8,0.05844594374456049
2008384478.0,DAWN,2025-11-13,285000.0,766191.36,0.3719697387347203
2008399970.0,PDYN,2025-11-17,56000.0,286092.18,0.19574110693972832
2008399069.0,JNJ,2025-11-17,3050000.0,429719927.77,0.007097646171141634
2008399751.0,GGG,2025-11-17,69000.0,14228143.78,0.004849543346405514
2008562377.0,TPST,2025-11-19,76401.0,48840.0,1.5643120393120393
2008415774.0,PANW,2025-11-19,3350000.0,132141195.0,0.025351670234252083
2008411015.0,ADBE,2025-11-19,1900000.0,148705200.0,0.01277695736262081
2008419758.0,SOLV,2025-11-20,850000.0,12348693.36,0.06883319353878588
2008639915.0,ABT,2025-11-20,23000000.0,225145776.24,0.1021560358986373
2008426575.0,ATMU,2025-11-24,450000.0,3809388.24,0.1181292038639779
2008426795.0,FULT,2025-11-24,243000.0,3536459.68,0.06871278679473025
2008448237.0,ASB,2025-12-01,604000.0,4403264.4,0.13717095889131709
2008448177.0,GS,2025-12-01,2000000.0,243481527.51,0.008214175508315958
2008449136.0,PRG,2025-12-01,420000.0,1427933.84,0.29413127431730307
2008659203.0,SPFI,2025-12-01,105900.0,660034.05,0.16044626788572497
2008449513.0,MRVL,2025-12-02,3250000.0,64019546.0,0.05076574582393946
2008454062.0,CBSH,2025-12-03,585000.0,7846213.2,0.0745582595181074
2008456301.0,NTRA,2025-12-05,450000.0,22496319.68,0.02000327193074454
2008294809.0,IBM,2025-12-08,11000000.0,262166707.36,0.04195803544534397
2008459402.0,HOMB,2025-12-08,146000.0,5630547.03,0.02592998499472617
2008458636.0,BWMN,2025-12-08,59700.0,722299.37,0.08265270949910977
2008463968.0,AM,2025-12-08,1100000.0,9349909.54,0.11764819705410755
2008459831.0,MIRM,2025-12-08,820000.0,3696009.66,0.22186089199777687
2008459218.0,NOG,2025-12-08,800000.0,2629209.3,0.3042739883812217
2008464129.0,TCS,2025-12-10,700000.0,32120.26,21.79309881053267
2008556985.0,QUBT,2025-12-15,110000.0,3734421.84,0.029455697484888316
2008475755.0,CVBF,2025-12-17,811000.0,2626441.0,0.30878287385857894
2008638879.0,CWBC,2025-12-17,191900.0,400005.1,0.4797438832654884
2008593254.0,APLE,2025-12-22,98200.0,2718275.3,0.03612584788597388
2008482370.0,HWM,2025-12-22,1805000.0,76122282.58,0.023711848079477283
2008632791.0,FLGT,2025-12-22,56900.0,700077.26,0.08127674365540741
2008504990.0,JBI,2026-01-08,97200.0,1397253.52,0.06956504214067036
2008566281.0,BGS,2026-01-15,110000.0,364018.2,0.30218269306314904
2008519542.0,PSN,2026-01-15,375000.0,9075354.12,0.04132070165433942
2008523128.0,INVH,2026-01-16,96500.0,17532028.8,0.005504211811470444
2008534931.0,COF,2026-01-22,5150000.0,137413017.79,0.03747825411905613
2008658948.0,CLX,2026-01-22,2250000.0,14626933.31,0.15382581928241526
2008545460.0,WERN,2026-01-27,245000.0,1690197.5,0.1449534743720778
2008546786.0,GHM,2026-01-28,60000.0,678426.56,0.08843993371957606
2008671449.0,TYL,2026-02-02,258000.0,22074435.5,0.011687728096149956
2008561263.0,ORN,2026-02-04,60000.0,340528.95,0.17619647316329493
2008563386.0,KGS,2026-02-05,675000.0,3055611.0,0.2209050824859578
2008565147.0,BR,2026-02-06,173000.0,27019317.72,0.006402826370110134
2008571699.0,QXO,2026-02-11,2250000.0,12797583.0,0.17581444871269833
2008590531.0,GILD,2026-02-23,7800000.0,152902620.0,0.051012860342092244
2008593777.0,ADT,2026-02-24,170000.0,6654836.39,0.025545331250435146
2008599225.0,LYTS,2026-02-25,325000.0,687897.96,0.472453792420027
2008605807.0,MTZ,2026-03-02,276000.0,16192710.68,0.01704470643947799
2008611726.0,ESPR,2026-03-03,255000.0,656180.16,0.38861278585442144
2008614294.0,NFLX,2026-03-05,600000.0,524817505.92,0.001143254547022409
2008620515.0,SPXX,2026-03-05,1529146.0,313222.4,4.8819816207269975
2008613532.0,EPR,2026-03-05,331000.0,4213075.95,0.07856492594205428
2008618575.0,ONDS,2026-03-09,175000.0,2814115.29,0.062186506935897425
2008620896.0,VEEV,2026-03-10,100000.0,46862936.28,0.0021338825079699
2008631475.0,AVAV,2026-03-16,200000.0,18177245.28,0.011002767301602918
2008659884.0,ACA,2026-03-31,60000.0,4593554.7,0.013061779802034358
2008658521.0,MMSI,2026-04-01,140000.0,4933520.9,0.028377299465783146
2008661561.0,MKTY,2026-04-01,53000.0,99568.0,0.5322995339868231
2008673692.0,PPG,2026-04-15,65000.0,23059769.0,0.002818761974588731
2008684764.0,LSF,2026-04-21,53000.0,52365.15,1.0121235210822466
