Model,ticker,evtdate,cret,car,bhar,nrets_est
Market Model,MSFT,2023-01-09,-0.016450464,-0.039415318,-0.041923343,250
Market Model,MSFT,2021-12-21,-0.00338084,-0.010297221,-0.011738658,250
Market Model,MSFT,2020-06-22,0.0818295808,-0.007180884,-0.006495847,250
Market Model,HON,2025-03-04,-0.062680243,-0.015919183,-0.017789423,250
Market Model,HON,2023-12-08,0.1082003547,0.0459525741,0.0489887849,250
Market Model,RGEN,2025-03-04,-0.114794537,0.07546095,0.0512138155,250
Market Model,RGEN,2019-04-26,0.1772901428,0.0655182169,0.0499655964,250
Market Model,BWXT,2024-11-04,0.0747600034,0.0056032092,0.0023628953,250
Market Model,INDB,2024-12-09,0.015153661,-0.009437656,-0.011562052,250
Market Model,DLHC,2022-12-08,-0.03756574,-0.101066937,-0.114338758,250
Market Model,XOMA,2025-08-04,0.0100148368,0.0160952886,0.0017235589,250
Market Model,AMAG,2018-12-13,-0.124026696,0.0121796414,0.0085654116,250
Market Model,TCF,2019-01-28,0.1751559252,0.0428909996,0.0476135615,250
Market Model,ASTE,2025-04-29,0.0887810448,0.1029652561,0.1111343339,250
Market Model,WERN,2021-11-29,-0.030284043,-0.01239538,-0.015819348,250
Market Model,PRG,2025-12-01,-0.002224932,0.0325676148,0.0276197852,250
Market Model,WTS,2023-08-30,-0.027483338,-0.016460702,-0.017076821,250
Market Model,FNB,2021-07-13,-0.128933231,-0.147236508,-0.146425973,250
Market Model,EHC,2019-04-01,-0.049569971,-0.104988306,-0.10704779,250
Market Model,EHC,2021-04-26,0.0266410246,-0.027477603,-0.030416757,250
Market Model,FISV,2019-01-16,0.0853434714,0.0557187789,0.0540655931,250
Market Model,FCNCA,2020-10-16,0.4010766381,0.3230013712,0.3731884298,250
Market Model,HTLD,2022-05-31,0.0652173913,0.0875488267,0.0862805662,250
Market Model,CAL,2025-02-19,-0.162025316,-0.136754739,-0.130131535,250
Market Model,UIS,2021-12-14,-0.057294174,-0.076887947,-0.079848727,250
Market Model,WSFS,2018-08-08,-0.073981617,-0.076739848,-0.078787341,250
Market Model,WSFS,2021-03-10,0.0868937418,0.107175365,0.0965570023,250
Market Model,CERN,2020-12-16,0.032288068,0.0049323707,0.0034231461,250
Market Model,WBS,2021-04-19,-0.115226337,-0.184234793,-0.188219399,250
Market Model,FBNC,2021-06-01,-0.018396226,-0.022583356,-0.027760729,250
Market Model,FBNC,2022-06-21,-0.023875625,0.0012764799,0.0014217681,250
Market Model,WSBC,2019-07-23,0.0181768108,0.0108646832,0.0078442082,250
Market Model,WSBC,2024-07-26,0.138795361,0.204501946,0.2066948018,250
Market Model,UBSI,2021-06-03,-0.061523195,-0.082355081,-0.084183099,250
Market Model,UBSI,2024-05-10,0.0532330827,0.0504940026,0.0511048254,250
Market Model,UBSI,2019-11-18,-0.010911925,-0.054538415,-0.056964484,250
Market Model,CDNS,2019-12-02,0.0104055088,-0.078993547,-0.085562812,250
Market Model,CDNS,2022-07-25,0.224943731,0.0693601886,0.081963478,250
Market Model,CHCO,2022-10-18,0.1641653539,0.1398555565,0.1498143304,250
Market Model,CECO,2024-11-01,-0.050719152,-0.192168031,-0.226665214,250
Market Model,CNMD,2022-05-04,-0.236210785,-0.067652747,-0.064509298,250
Market Model,CNMD,2018-12-13,-0.126430915,-0.093501205,-0.088445194,250
Market Model,HBNC,2018-10-29,-0.133246799,-0.105468448,-0.100450544,250
Market Model,XRAY,2020-12-31,0.15180261,0.1165188547,0.1213795781,250
Market Model,CLH,2021-08-04,0.1307103825,0.1057678673,0.1120348336,250
Market Model,CLH,2024-02-06,0.0897996357,0.0189256949,0.0184992937,250
Market Model,XOM,2023-07-13,-0.028284157,-0.101602635,-0.106432847,250
Market Model,MGM,2021-09-27,0.0603287831,0.0708845442,0.0678068963,250
Market Model,WM,2024-06-03,-0.022666837,-0.059609716,-0.061990213,250
Market Model,WM,2020-06-24,0.0395705156,-0.004488889,-0.007946283,250
Market Model,GE,2021-09-23,-0.001555083,-0.009646606,-0.014113775,250
Market Model,LH,2025-07-22,-0.000610967,-0.03446983,-0.039385642,250
Market Model,LH,2021-12-23,0.0989821972,0.0582156871,0.0581858969,250
Market Model,LH,2024-03-28,-0.016480447,-0.035474493,-0.036617451,250
Market Model,ONB,2021-06-01,0.0174758711,0.0228665487,0.0203966768,250
Market Model,ONB,2024-11-25,0.2324959914,0.1691958963,0.1767667852,250
Market Model,ONB,2023-10-26,-0.015352408,-0.005261355,-0.00825313,250
Market Model,PBCT,2018-11-27,0.0857316477,0.0708380114,0.0733098529,250
Market Model,RP,2019-11-06,-0.107254999,-0.208328764,-0.21541516,250
Market Model,MGPI,2021-01-25,0.265537934,0.237275071,0.2585728779,250
Market Model,EFC,2023-05-30,0.0303256119,0.0115210822,0.0078618147,250
Market Model,HRZN,2025-08-07,-0.097530147,-0.095773338,-0.095036435,250
Market Model,PACB,2021-07-20,0.0295025729,-0.24129924,-0.2991071,250
Market Model,BAH,2022-03-16,0.1557917395,0.1540237221,0.1593900154,250
Market Model,IPHI,2019-11-11,0.1443379928,0.0120123921,-0.00807623,250
Market Model,LPLA,2022-11-03,0.0056128678,-0.100579014,-0.10472507,250
Market Model,LPLA,2025-03-28,-0.215911345,-0.143541313,-0.13461117,250
Market Model,CPAY,2024-06-20,-0.034774503,-0.073415499,-0.075616791,250
Market Model,KNX,2021-07-06,0.0576271186,0.0293860911,0.0272273094,250
Market Model,KNX,2023-03-21,-0.073632112,-0.053343472,-0.055696951,250
Market Model,ACNB,2019-07-02,0.0460652591,-0.021000702,-0.030139236,250
Market Model,IBM,2025-12-08,-0.00666588,-0.032875978,-0.03554903,250
Market Model,IBM,2023-05-16,0.0165548062,0.0097906393,0.0093798945,250
Market Model,IBM,2018-10-29,-0.206004894,-0.15482217,-0.138409566,250
Market Model,IBM,2021-04-29,0.101692399,0.0690780292,0.0709217128,250
Market Model,KMI,2021-06-01,0.1026392962,0.1372770062,0.1408711655,250
Market Model,KMI,2023-11-06,0.0337841599,0.023848568,0.0231227885,250
Market Model,KMI,2022-07-19,0.0778443114,0.0232436173,0.0209224157,250
Market Model,ITT,2024-08-01,0.0477091712,0.0743161525,0.0703672698,250
Market Model,ITT,2023-05-02,-0.046349942,-0.047738673,-0.047991428,250
Market Model,LAB,2023-12-12,-0.036697248,-0.249199743,-0.288729469,250
Market Model,GEVO,2024-09-12,1.0352781547,0.8111099724,1.0085167206,250
Market Model,PCRX,2019-03-05,-0.042536933,-0.08378422,-0.090242108,249
Market Model,APO,2025-02-24,-0.145846161,-0.105998969,-0.097800815,250
Market Model,HCA,2018-08-31,0.0523881579,0.0236310062,0.0231071334,250
Market Model,HII,2020-02-04,0.0173434535,-0.006977569,-0.008528489,250
Market Model,HII,2021-07-06,-0.088143982,-0.083636853,-0.081543105,250
Market Model,CSOD,2020-02-24,-0.339759036,-0.26422712,-0.243202635,250
Market Model,SR,2023-05-25,-0.031633407,-0.077411845,-0.080172816,250
Market Model,SR,2025-07-28,0.0302660152,-0.008680541,-0.010843271,250
Market Model,KOS,2021-10-13,0.719665272,0.4711679486,0.6184648164,250
Market Model,ZG,2021-02-10,0.2537683393,0.0932277461,0.0827752216,250
Market Model,CARB,2019-02-07,-0.088649852,-0.203902323,-0.231862742,250
Market Model,FBIN,2024-02-29,0.013534961,-0.046020615,-0.049531067,250
Market Model,FMNB,2025-10-22,-0.11430527,-0.149173132,-0.146935393,250
Market Model,FMNB,2021-06-23,-0.110463103,-0.134754527,-0.132160974,250
Market Model,XYL,2023-01-23,-0.066395789,-0.11530798,-0.120013988,250
Market Model,CIVI,2022-02-01,0.064325097,0.0543079547,0.0444445387,250
Market Model,CIVI,2023-06-20,-0.024987751,-0.117299194,-0.129233156,250
Market Model,VTLE,2023-09-13,-0.068725455,0.0430847868,0.0326564301,250
Market Model,WPX,2019-12-16,0.3353233831,0.2754934743,0.3079575656,250
Market Model,TRIP,2024-12-19,0.0833953835,0.1035561554,0.1010695941,250
Market Model,ZNGA,2021-05-05,-0.056925996,-0.095933571,-0.102106241,250
Market Model,POST,2019-05-02,0.0007385524,-0.030057688,-0.034253563,250
Market Model,POST,2025-06-03,-0.016917626,-0.031654184,-0.032931225,250
Market Model,POST,2023-02-08,-0.047518256,-0.119406516,-0.123282371,250
Market Model,CZR,2019-06-24,0.3233995585,0.2465313544,0.2772391086,250
Market Model,ALSN,2019-09-09,0.072388147,0.0516727526,0.0504679217,250
Market Model,ALSN,2025-06-11,-0.10490301,-0.15142272,-0.148556524,250
Market Model,ZWS,2022-02-14,-0.03159339,0.0612387984,0.0480490543,250
Market Model,YELP,2024-11-07,0.0689553991,0.0693584572,0.0682773924,250
Market Model,MTSI,2023-08-22,0.2375967228,0.234628306,0.2475301486,250
Market Model,PSX,2025-01-06,-0.102067381,-0.07678405,-0.074970501,250
Market Model,PFPT,2019-11-04,-0.096746642,-0.159823677,-0.165215443,250
Market Model,TCPC,2023-09-06,-0.018081761,0.0049570188,0.0041417334,250
Market Model,META,2025-09-30,-0.034020216,-0.113660814,-0.117714275,250
Market Model,SUPN,2021-10-11,0.1538172245,0.1436525061,0.1482047037,250
Market Model,SUPN,2025-06-16,-0.024938424,-0.044665464,-0.046765742,250
Market Model,SUPN,2020-04-28,0.3795892968,0.2136018166,0.2430213789,250
Market Model,NOW,2025-03-10,-0.17626307,-0.097002966,-0.090101112,250
Market Model,PANW,2019-09-04,-0.000559362,-0.060938888,-0.067987964,250
Market Model,PANW,2020-11-11,0.1044588489,0.0810400657,0.0764348003,250
Market Model,PANW,2024-05-15,0.1220274889,-0.00515371,-0.009298795,250
Market Model,PANW,2025-11-19,-0.135494403,-0.136928913,-0.1305781,250
Market Model,GMED,2025-02-06,0.0023829382,-0.039608579,-0.043498408,250
Market Model,GMED,2023-02-09,-0.171686747,-0.218197805,-0.224659833,250
Market Model,NBHC,2022-04-01,-0.104089219,-0.143431539,-0.140492681,250
Market Model,NBHC,2025-09-15,0.0419408839,0.0155895102,0.0110692081,250
Market Model,SUN,2024-01-22,0.0246490928,-0.007007088,-0.014643481,250
Market Model,MPLX,2019-05-08,-0.027150314,-0.015065585,-0.015927576,250
Market Model,MPLX,2025-05-09,0.1003631387,0.0301580706,0.0292386179,250
Market Model,SSTK,2021-09-07,0.0970198982,0.0284513071,0.0253618123,250
Market Model,WDAY,2019-11-04,-0.056993329,-0.177742724,-0.195100257,250
Market Model,FANG,2022-10-11,0.032612652,0.0839635338,0.0728967472,250
Market Model,FANG,2024-02-12,0.1761675144,0.1337252479,0.1402651049,250
Market Model,FANG,2020-12-21,0.19168357,0.2168411232,0.2033058608,250
Market Model,DKL,2024-08-06,-0.029381273,0.0004791594,0.0002323022,250
Market Model,DKL,2020-03-31,-0.625465068,-0.698544775,-0.567403538,250
Market Model,ABBV,2021-03-02,0.0420569867,0.0098034507,0.008995293,250
Market Model,ABBV,2023-10-05,0.028638143,0.0496019751,0.0488569604,250
Market Model,ABBV,2024-10-28,0.0374739901,0.0204426926,0.0182094817,250
Market Model,WES,2023-09-05,-0.05785124,-0.057654514,-0.05773386,250
Market Model,WES,2025-08-06,0.0059480396,-0.032732434,-0.036174457,250
Market Model,MODN,2020-12-17,0.1698966408,0.0845126243,0.0871507974,250
Market Model,PEP,2020-03-11,-0.164106855,0.0006000415,-0.022691618,250
Market Model,PEP,2025-03-17,0.0218211279,0.0266839877,0.0239961244,250
Market Model,TMHC,2019-11-06,-0.117966628,-0.178600754,-0.1796504,250
Market Model,CMRX,2021-01-07,0.7841409692,0.6888832096,0.7057723092,250
Market Model,IBTX,2018-05-22,0.0387441438,0.0165372522,0.0151847696,250
Market Model,TPST,2025-11-19,-0.69486692,-0.867914283,-0.650376297,250
Market Model,MO,2023-03-03,-0.019562474,-0.016124955,-0.016893278,250
Market Model,VOYA,2022-11-01,0.088005111,0.0470215382,0.0461749072,250
Market Model,VOYA,2024-09-11,0.1924458238,0.1433140534,0.1566863193,250
Market Model,RITM,2023-10-02,-0.074606214,-0.029321938,-0.028724949,250
Market Model,RITM,2025-09-17,-0.045751634,-0.072096376,-0.073477414,250
Market Model,COP,2020-10-19,-0.143962351,-0.153860201,-0.150799188,250
Market Model,COP,2024-05-29,-0.132636571,-0.162480863,-0.15550985,250
Market Model,NWSA,2021-12-27,0.0359417652,0.0174414316,0.0161171372,250
Market Model,PTCT,2020-05-06,0.0135676157,-0.124200116,-0.141719547,250
Market Model,AMGN,2022-08-04,0.0126401631,-0.030415523,-0.031979289,250
Market Model,AMGN,2021-03-04,-0.031556318,-0.045337669,-0.04505393,250
Market Model,FOXF,2023-11-02,-0.42320998,-0.530018703,-0.452969048,250
Market Model,REI,2022-07-05,-0.469432314,-0.567781861,-0.436417561,250
Market Model,REI,2023-07-11,0.1666666667,0.1293743229,0.1245025253,250
Market Model,REI,2025-02-26,-0.124087591,-0.052305148,-0.055041353,250
Market Model,SAIC,2021-06-03,0.0338553154,0.0313436775,0.0314801683,250
Market Model,SAIC,2020-02-06,0.0708626903,0.0175701162,0.0151032199,250
Market Model,SAIC,2018-09-10,-0.100346021,-0.116796122,-0.117857681,250
Market Model,NVEE,2019-11-07,-0.24771706,-0.353657246,-0.361100342,250
Market Model,CXP,2019-10-16,-0.038081805,-0.02873491,-0.029253046,250
Market Model,OMF,2023-11-21,0.1807722344,0.0358154293,0.0378610374,250
Market Model,VEEV,2019-09-26,-0.088366685,-0.18215412,-0.189109807,250
Market Model,GLPI,2024-02-06,-0.068299772,-0.099304815,-0.098206958,250
Market Model,SRNE,2021-06-01,0.0558930741,-0.233710848,-0.305482718,250
Market Model,VCYT,2024-01-08,0.0362008564,-0.060809358,-0.080563792,250
Market Model,BHR,2021-12-27,0.0918367347,0.041836551,0.0320773849,250
Market Model,CHGG,2020-06-04,-0.018991713,-0.072329484,-0.079711935,250
Market Model,FRBA,2022-12-14,-0.06981383,-0.075208313,-0.082078126,250
Market Model,ESI,2019-12-03,-0.053461876,-0.059696388,-0.060642614,250
Market Model,ESI,2025-10-28,0.0820656525,0.0867678332,0.0844993415,250
Market Model,SC,2019-12-18,-0.012189996,-0.07807175,-0.081090546,250
Market Model,RARE,2022-07-18,0.0043383948,0.0039641113,-0.015327942,250
Market Model,INGN,2019-08-07,-0.321372115,-0.224103161,-0.209224394,250
Market Model,NGHC,2018-11-13,0.0272136474,0.0447756871,0.0288154366,250
Market Model,RVNC,2020-05-19,0.3704164077,0.2029326735,0.2264230179,250
Market Model,VRNS,2025-09-02,0.0480540837,0.0108472634,0.005716235,250
Market Model,KN,2023-09-18,-0.106473079,-0.085810933,-0.083622778,250
Market Model,QTWO,2019-10-01,-0.179988883,-0.198204734,-0.184516261,250
Market Model,XXII,2022-05-13,-0.197309417,0.1915969927,0.1525411812,250
Market Model,APOG,2024-09-25,0.0254400237,-0.009361473,-0.013379702,250
Market Model,CVX,2020-07-20,-0.009788993,-0.044782248,-0.049833649,250
Market Model,CVX,2023-05-22,-0.085730405,-0.131066307,-0.131024839,250
Market Model,CVX,2022-02-28,0.2096758143,0.2049840075,0.2223728478,250
Market Model,PCTY,2021-09-01,0.3124109118,0.2680082409,0.3005388102,250
Market Model,ALLY,2021-10-21,-0.081448831,-0.182808174,-0.19086397,250
Market Model,FSK,2020-11-24,0.2183984116,0.1168214281,0.1291154568,250
Market Model,MGNI,2021-02-05,1.2592456975,0.7800229303,1.1368276477,250
Market Model,AAPL,2020-01-15,0.1602035253,0.0755105983,0.0831259321,250
Market Model,PAHC,2024-04-29,0.2722351121,0.3395223557,0.3215034532,250
Market Model,PFIS,2024-03-22,0.0290352707,0.0303448838,0.0214440961,250
Market Model,SABR,2019-10-16,-0.079089135,-0.063234641,-0.060778951,250
Market Model,ARES,2022-02-17,0.0656329368,0.0586586945,0.0540007368,250
Market Model,ARES,2025-09-29,-0.162138881,-0.247166118,-0.24081063,250
Market Model,DNOW,2021-03-01,0.4344059406,0.4545224821,0.5057374065,250
Market Model,PE,2019-10-14,-0.154860377,-0.08977133,-0.091328463,250
Market Model,CTRE,2024-06-03,0.004741209,-0.037146874,-0.038844812,250
Market Model,FMBH,2023-03-21,-0.158302354,-0.136300879,-0.129987151,250
Market Model,FMBH,2025-10-30,-0.023255814,-0.015969405,-0.019229565,250
Market Model,CLNY,2019-07-25,0.1218598659,0.1081622575,0.1112020728,250
Market Model,ANET,2025-05-14,0.2560130453,0.0330412647,0.0379925043,250
Market Model,WMS,2019-08-01,0.0329770992,0.0446066881,0.0443679857,250
Market Model,WMS,2025-09-23,-0.057142976,-0.051452148,-0.056588954,250
Market Model,CTLT,2022-08-09,-0.014170954,-0.123903673,-0.136093115,250
Market Model,CTLT,2021-01-13,0.2420455739,0.104153436,0.1195736692,250
Market Model,PARR,2022-10-20,0.4043982896,0.3218730349,0.3653915903,250
Market Model,CARO,2019-07-15,-0.0375,-0.043099668,-0.044368763,250
Market Model,HQY,2021-03-08,-0.029525653,-0.057587773,-0.062773208,250
Market Model,HQY,2019-06-27,-0.037086685,-0.184298309,-0.203163593,250
Market Model,ISTR,2025-07-01,0.1776296229,0.1081238986,0.1123258348,250
Market Model,MARA,2024-03-15,-0.290377423,-0.495970541,-0.557583639,250
Market Model,RYI,2025-10-28,-0.085031001,-0.090384432,-0.095655804,250
Market Model,LMB,2025-07-01,0.136250195,-0.065904053,-0.084102442,250
Market Model,CFG,2021-07-28,-0.075958528,-0.127314173,-0.130176999,250
Market Model,CDK,2021-06-02,-0.023268597,-0.012597207,-0.013381295,250
Market Model,MBCN,2022-05-26,-0.01939635,-0.037501322,-0.03926132,250
Market Model,USDP,2022-03-28,0.1176470588,0.0483482127,0.0493040764,250
Market Model,PLAY,2022-04-06,0.2694329184,0.1399347439,0.1450174152,250
Market Model,VBTX,2018-07-24,-0.036573929,-0.043450255,-0.045080785,250
Market Model,AM,2018-10-09,0.1332665331,0.1798506838,0.1750464216,250
Market Model,NVRO,2023-11-30,0.3506583507,0.2860918325,0.3199256359,250
Market Model,CHRS,2023-06-16,-0.241035857,-0.265823248,-0.289961835,250
Market Model,FFWM,2021-06-03,0.0250078456,-0.01619412,-0.017878574,250
Market Model,MRO,2022-11-02,0.1558490566,0.0706688842,0.0712217695,250
Market Model,UPLD,2019-10-07,0.1025641026,0.0806530736,0.0801429162,250
Market Model,WK,2024-06-17,-0.151233843,-0.158188575,-0.149190907,250
Market Model,VNOM,2025-06-03,-0.007581504,-0.07678717,-0.084023066,250
Market Model,VSTO,2020-09-28,0.1480908153,0.0990190427,0.0798938705,250
Market Model,VMC,2021-06-07,-0.100086403,-0.139876894,-0.136512475,250
Market Model,XHR,2022-03-01,0.0931343284,0.1526419251,0.1506844705,250
Market Model,GSBD,2019-12-09,0.0535279805,0.0313466687,0.0312243941,250
Market Model,SUM,2023-09-07,-0.166497976,-0.190364074,-0.181578241,250
Market Model,BPMC,2021-11-29,-0.158122298,-0.149114184,-0.138391516,250
Market Model,ETSY,2019-07-22,0.0042132791,-0.113649844,-0.127223047,250
Market Model,ZVRA,2023-08-31,0.0935550936,0.1010919365,0.0904716386,250
Market Model,EVA,2020-06-18,0.1041860465,0.0487785532,0.0511005117,250
Market Model,GDDY,2020-12-15,0.157394844,0.0740192547,0.0791022618,250
Market Model,ASB,2025-12-01,0.0660170085,0.0498162218,0.0500784152,250
Market Model,APLE,2025-12-22,0.0644841616,0.0221812391,0.0218240255,250
Market Model,APLE,2023-11-22,0.0800788206,0.0216501882,0.0172138986,250
Market Model,COLL,2022-02-14,0.2221609702,0.277093349,0.2822599251,250
Market Model,COLL,2024-07-29,0.0641183724,0.0685243035,0.0602216864,250
Market Model,BLD,2025-07-08,0.1851987118,0.1525401057,0.1583476914,250
Market Model,BLD,2021-09-08,0.0205180108,0.0011851373,-0.000627209,250
Market Model,ENR,2018-01-16,0.1398005816,0.1023241482,0.0971528401,250
Market Model,KHC,2018-11-29,-0.117357756,-0.058698935,-0.058603656,250
Market Model,LNTH,2020-02-20,-0.164529915,-0.030451553,-0.023942697,250
Market Model,EVH,2021-08-04,0.1514572384,0.053280178,0.0552986269,250
Market Model,EVH,2022-11-17,-0.143699565,-0.278409521,-0.306264162,250
Market Model,GKOS,2019-08-07,-0.218188864,-0.23732581,-0.221505376,250
Market Model,GNL,2023-05-23,-0.146406389,-0.178586199,-0.177679829,250
Market Model,UNVR,2018-09-17,0.1149215615,0.1106180983,0.113525501,250
Market Model,LITE,2021-11-04,0.1137446549,0.0732995825,0.0746640836,250
Market Model,CYRX,2020-08-25,0.6400353774,0.4335363724,0.5186501197,250
Market Model,NTRA,2025-12-05,0.1602140856,0.1195994157,0.1272523196,250
Market Model,NTRA,2024-01-22,0.1204656656,0.0901235124,0.0870799831,250
Market Model,RILY,2022-01-18,-0.243365696,-0.254827586,-0.236188212,250
Market Model,RILY,2019-10-31,0.252,0.1914006782,0.2037010333,250
Market Model,RPD,2020-04-24,0.0464951617,-0.198150079,-0.225779566,250
Market Model,TDOC,2020-08-05,-0.148071435,-0.294150166,-0.335999572,250
Market Model,PLNT,2022-01-11,-0.063132749,0.0166215949,0.0098628709,250
Market Model,RUN,2020-07-06,0.6456111567,0.4975799924,0.6085740478,250
Market Model,HPE,2024-01-09,-0.059588214,-0.113834075,-0.120627789,250
Market Model,HPE,2020-07-13,-0.020512821,-0.089618413,-0.096916444,250
Market Model,HPE,2019-05-17,-0.131563066,-0.109197294,-0.102656034,250
Market Model,PFGC,2021-05-18,-0.124161074,-0.136701574,-0.133488931,250
Market Model,WSC,2020-03-02,-0.365866388,-0.195210257,-0.14527323,250
Market Model,AXSM,2025-11-06,0.1574425069,0.1389033797,0.1451912956,250
Market Model,EQBK,2025-09-02,0.1441466083,0.0855963341,0.089206702,250
Market Model,MTCH,2019-12-20,0.1775223499,0.0852929968,0.0900487338,250
Market Model,RMR,2023-07-31,0.0144315974,0.0030758744,0.0014358759,250
Market Model,TEAM,2025-09-04,-0.047077222,-0.12742982,-0.141378306,250
Market Model,TEAM,2023-10-12,-0.078941069,0.045768368,0.0348263363,250
Market Model,WKHS,2025-08-15,-0.30952381,-0.074196331,-0.076135798,250
Market Model,NIC,2025-10-23,-0.110318921,-0.162047003,-0.163846102,250
Market Model,PR,2025-05-07,0.2672176309,0.1337155417,0.1314748926,250
Market Model,PR,2023-08-21,0.2213498608,0.1951541442,0.213551877,250
Market Model,NGVT,2022-08-01,0.0913842255,-0.001786101,-0.005748254,250
Market Model,GMS,2021-05-11,0.0535217794,0.0723236014,0.0706638183,250
Market Model,USFD,2023-05-19,0.0719077006,0.0362006155,0.0353319364,250
Market Model,FTV,2018-06-06,0.062847075,0.0054056631,0.004234324,250
Market Model,FTV,2021-07-12,-0.029799915,-0.017803951,-0.01818881,250
Market Model,ATKR,2022-11-08,0.2097782831,-0.008109375,-0.012560032,250
Market Model,AZZ,2022-03-07,0.0074626866,0.0669018986,0.0647211921,250
Market Model,TWLO,2020-10-12,0.4686956909,0.3031361669,0.3665632662,250
Market Model,TWLO,2018-10-15,-0.206805683,-0.159445091,-0.150446898,250
Market Model,SMPL,2024-04-29,0.0805171907,0.0785353229,0.0770866084,250
Market Model,CSTR,2020-01-23,-0.110980622,-0.128864962,-0.124434555,250
Market Model,EVBG,2019-08-01,-0.048367594,-0.065226632,-0.072989652,250
Market Model,FLGT,2022-11-07,-0.045188729,-0.110767389,-0.123485739,250
Market Model,FLGT,2025-12-22,-0.079569145,-0.115655923,-0.11604101,250
Market Model,ELF,2023-08-29,0.1461617546,0.0348837226,0.0152068294,250
Market Model,FBK,2019-09-17,0.043575419,0.0386450678,0.0375730554,250
Market Model,FBK,2025-03-31,-0.196159937,0.0091245613,0.0068042916,250
Market Model,VVV,2025-02-20,0.0049382716,0.0479498024,0.0417495142,250
Market Model,BL,2022-01-26,-0.148602068,-0.070333514,-0.068554622,250
Market Model,COUP,2020-11-02,0.0287114089,-0.092958358,-0.121527251,250
Market Model,COUP,2019-04-16,0.0206992707,-0.121012468,-0.14006966,250
Market Model,GT,2021-02-22,0.4982728843,0.4767596,0.5429521207,250
Market Model,HGV,2021-08-02,-0.02598923,-0.074788872,-0.07866468,250
Market Model,UVV,2020-09-08,-0.028449821,-0.014140903,-0.015444015,250
Market Model,NEX,2021-08-04,-0.191489362,-0.230450477,-0.226032963,250
Market Model,KRP,2022-11-03,0.0005464481,-0.075699801,-0.082276107,250
Market Model,KRP,2019-02-07,0.2566899971,0.1605039643,0.1818931054,250
Market Model,KRP,2025-01-07,0.0068965517,0.02009151,0.0176989154,250
Market Model,SNAP,2020-01-03,0.1668900804,-0.005715839,-0.010841246,250
Market Model,AYX,2022-01-06,-0.117217232,-0.034637316,-0.037348882,250
Market Model,HSY,2021-05-18,0.0903936596,0.1068078688,0.1097770375,250
Market Model,SNDR,2024-11-25,0.1378079257,0.1204685579,0.124835594,250
Market Model,SNDR,2021-12-31,0.0939394266,0.0941401228,0.0963801357,250
Market Model,OKTA,2023-12-19,0.2902307035,0.1399306026,0.1548395539,250
Market Model,YEXT,2024-06-10,-0.088129496,-0.101731233,-0.106648687,250
Market Model,CADE,2021-01-13,0.3714479026,0.2765447932,0.3206299193,250
Market Model,CADE,2018-05-14,0.0476018752,0.0066910121,0.0047779883,201
Market Model,CLDR,2018-10-03,0.0278699403,0.1092184299,0.0640855807,250
Market Model,EEX,2022-01-04,-0.082089552,-0.187303943,-0.201187041,250
Market Model,WTTR,2022-11-01,0.2913557342,0.2070162727,0.2246118909,250
Market Model,WTTR,2024-01-30,0.0104986877,-0.003237092,-0.006909557,250
Market Model,KNTK,2024-05-09,0.0436501379,0.0173508572,0.0168474377,250
Market Model,IR,2022-10-03,-0.066556428,0.0198397948,0.0158178426,250
Market Model,IR,2020-12-07,0.1020100503,0.0308435425,0.0294902324,250
Market Model,IR,2024-03-25,0.0225396219,-0.020504512,-0.021779027,250
Market Model,CARS,2022-02-08,0.0163214062,0.1218784123,0.1220436371,250
Market Model,CARS,2025-01-23,0.0607798165,0.0532012295,0.0524046695,250
Market Model,VERI,2021-07-22,-0.023223409,-0.266829831,-0.31552727,250
Market Model,AM,2024-05-01,0.0125901462,0.0130429456,0.0124626375,250
Market Model,AM,2025-12-08,0.0440835267,0.0153928677,0.0144557318,250
Market Model,AM,2022-09-12,-0.02504817,0.0222433324,0.0191963975,250
Market Model,BY,2022-11-30,-0.019962316,-0.02625913,-0.027843208,250
Market Model,SAFE,2022-08-11,0.1424916859,0.0381079443,0.0380287453,250
Market Model,PIXY,2024-10-17,-0.554385742,-0.362399115,-0.420589895,250
Market Model,KALA,2021-11-15,-0.194570136,-0.077467937,-0.118274233,250
Market Model,PETQ,2019-05-08,-0.079598872,-0.084311275,-0.105451638,250
Market Model,RDFN,2021-02-19,-0.026478149,-0.055555328,-0.099922714,250
Market Model,RNGR,2025-11-10,0.0711398545,0.0620241111,0.0587897081,250
Market Model,BKI,2020-07-27,0.03625171,-0.035963695,-0.039304519,250
Market Model,ROKU,2019-10-22,0.3713327745,0.2174440674,0.2453178461,250
Market Model,AYTU,2020-12-10,-0.38019802,-0.840494944,-0.941549952,250
Market Model,CATC,2018-12-06,-0.060606061,-0.080578802,-0.080868527,214
Market Model,FAT,2021-06-28,0.3041683121,0.0723854219,0.0693798049,250
Market Model,FDBC,2019-12-10,-0.056989387,-0.081598702,-0.08629868,250
Market Model,KIDS,2019-06-05,-0.109262098,-0.164310395,-0.168465238,250
Market Model,SE,2020-08-03,0.0431899337,-0.115705116,-0.155387871,250
Market Model,SE,2024-01-11,-0.038817006,-0.084465646,-0.093367561,250
Market Model,ESTE,2022-06-28,-0.348214286,-0.374057993,-0.345237296,250
Market Model,NMRK,2021-02-01,0.1505524862,0.0826113492,0.0773679134,250
Market Model,ASTH,2024-07-25,0.3042488619,0.3091738653,0.3291663165,250
Market Model,GIS,2021-05-14,0.0426094137,0.0404677895,0.0400289544,250
Market Model,GIS,2024-11-14,-0.096901408,-0.098827583,-0.095648737,250
Market Model,QTRX,2025-04-29,-0.18445122,-0.054463948,-0.062431963,250
Market Model,LBRT,2023-04-10,-0.108944183,-0.230197413,-0.244364043,250
Market Model,LBRT,2021-10-26,-0.001573564,-0.092366781,-0.114176508,250
Market Model,ILPT,2021-11-05,-0.058147343,-0.112743786,-0.115504931,250
Market Model,ADT,2020-01-06,-0.244007919,-0.311775276,-0.286994814,250
Market Model,ADT,2021-11-09,0.1074879227,0.0796468336,0.0663172547,250
Market Model,COLD,2020-10-13,0.0045522762,-0.029691985,-0.031346715,250
Market Model,COLD,2019-04-16,0.0536986871,-0.006148625,-0.008175418,240
Market Model,KLR,2021-02-19,0.6287944493,0.538788579,0.6477361779,250
Market Model,VICI,2021-08-04,-0.018440634,-0.065595594,-0.06881944,250
Market Model,VICI,2019-04-05,0.0717342801,0.0493307663,0.0511665631,224
Market Model,CDLX,2021-04-13,-0.105781617,-0.237120817,-0.266748681,250
Market Model,VCTR,2021-11-04,0.1510791367,0.0629769068,0.0606253512,250
Market Model,VCTR,2024-07-09,0.0803007366,0.0028760271,-0.000176667,250
Market Model,DBX,2021-03-09,0.1171497585,0.1126586441,0.1114057605,250
Market Model,DBX,2022-12-15,-0.02139738,0.0600465725,0.055710471,250
Market Model,BFST,2025-07-07,0.1346236559,0.0574026507,0.0603561747,250
Market Model,BFST,2020-01-22,0.0217478856,0.0137309353,0.0127390591,250
Market Model,BFST,2024-04-25,-0.021993449,0.0327918285,0.0266785333,250
Market Model,CLBK,2019-06-07,-0.074026803,-0.07502448,-0.074596593,213
Market Model,AHCO,2020-12-01,0.3706959707,0.1854468321,0.2065810537,250
Market Model,DOCU,2024-05-06,0.0048764083,0.0194221425,0.0191809635,250
Market Model,PS,2019-05-01,0.0216147489,-0.075117438,-0.085059964,168
Market Model,BCML,2021-09-07,0.0060506051,0.0053978321,0.003875759,250
Market Model,ROAD,2021-08-02,0.0372019078,0.004310125,0.0013014065,250
Market Model,ROAD,2024-10-21,0.0937543086,0.0262599537,0.0164552405,250
Market Model,AVLR,2020-10-05,0.2044129236,0.091655626,0.09702501,250
Market Model,EVER,2024-09-16,-0.076153177,-0.189467377,-0.215903862,250
Market Model,IIIV,2019-06-03,-0.019550749,-0.031859023,-0.03610024,166
Market Model,BRY,2023-07-17,0.0622347949,0.0138346732,0.0084072501,250
Market Model,LQDA,2020-06-29,-0.148268398,-0.058624623,-0.130949245,250
Market Model,MYFW,2021-07-22,-0.016044776,-0.079417784,-0.084560858,250
Market Model,RPAY,2022-01-03,0.068716094,0.1070220701,0.0992129284,250
Market Model,RPAY,2019-08-14,0.02,0.0146771011,0.0121819353,200
Market Model,RPAY,2020-10-27,0.0277547639,-0.062775847,-0.073506042,250
Market Model,TLRY,2019-12-12,-0.197496523,-0.225138359,-0.21712811,250
Market Model,VRT,2025-07-17,0.1238299699,-0.022098189,-0.031405423,250
Market Model,ELAN,2021-06-16,0.0022850614,-0.019353508,-0.021957625,250
Market Model,FTDR,2024-06-04,-0.002308802,-0.031634065,-0.035323136,250
Market Model,CW,2022-01-21,-0.017519115,0.0656866181,0.0635953078,250
Market Model,CW,2019-11-26,0.0643925787,0.0437884085,0.0440945994,250
Market Model,CBNK,2024-03-28,0.0069033531,-0.00018915,-0.002548648,250
Market Model,REZI,2022-02-07,-0.040928768,0.0736820364,0.0710959583,250
Market Model,REZI,2023-09-19,-0.016811955,0.0491143964,0.0462283906,250
Market Model,ACA,2020-10-12,0.0794209247,0.0148686046,0.014042599,250
Market Model,ACA,2022-05-23,-0.025258112,0.0680486279,0.0702104353,250
Market Model,SWI,2020-10-23,0.0668407311,0.0595693039,0.0604100442,250
Market Model,BFC,2025-07-18,0.1380885102,0.0465363069,0.0471615358,250
Market Model,BFC,2022-01-19,0.0062391312,0.0488820902,0.0460565759,250
Market Model,EQ,2022-02-16,0.0243243243,0.1342131724,0.1179342624,250
Market Model,UTZ,2021-11-02,-0.032218845,-0.119254756,-0.126899085,250
Market Model,FOXA,2021-09-13,0.0091280805,0.0209521299,0.0186132479,250
Market Model,LEVI,2021-08-05,0.0111333892,-0.048330958,-0.059337687,250
Market Model,TW,2021-02-02,0.0839071257,0.0103360849,0.0061922741,250
Market Model,PD,2020-09-21,-0.094630872,0.0298942121,-0.024983555,250
Market Model,CAT,2020-10-05,0.1079994549,0.0794089493,0.0824106098,250
Market Model,PLMR,2025-10-30,0.0717925387,0.0339013,0.0322334196,250
Market Model,PSN,2024-10-21,0.0480528581,-0.007943994,-0.009571147,250
Market Model,PSN,2023-08-23,0.1823663963,0.1608922523,0.1696463272,250
Market Model,PSN,2022-05-23,0.0574214518,0.1135766922,0.1080911736,250
Market Model,UBER,2020-07-06,-0.129289047,-0.137355116,-0.14110352,219
Market Model,AVTR,2021-09-07,0.1049447659,0.0803948485,0.083712217,250
Market Model,CTVA,2022-11-30,-0.022003363,-0.072552409,-0.076436647,250
Market Model,BCO,2021-04-06,-0.011511512,-0.065231171,-0.069096878,250
Market Model,SFT,2022-08-09,0.125,0.0235488883,-0.030543021,250
Market Model,SPFI,2025-12-01,0.0736026563,0.0533780686,0.0540540801,250
Market Model,MEC,2023-06-20,0.0472440945,-0.027948763,-0.04985395,250
Market Model,CRWD,2025-09-16,0.1313390979,0.042618272,0.0359923307,250
Market Model,CRWD,2020-09-23,0.234392557,0.194574274,0.1986068358,250
Market Model,CHNG,2020-05-04,0.2486486486,0.1663955586,0.1691019361,143
Market Model,AMK,2021-03-01,0.0198061525,0.0351097451,0.0304696857,250
Market Model,HCAT,2024-08-01,0.237704918,0.4713531883,0.4025893472,250
Market Model,DKNG,2021-08-09,0.0686494194,-0.034089615,-0.046250801,250
Market Model,DKNG,2024-02-15,0.1770744226,-0.03373639,-0.045178306,250
Market Model,ARKO,2022-12-07,-0.115198247,-0.167891389,-0.167324368,250
Market Model,MIRM,2025-12-08,-0.053455405,-0.112241052,-0.117642303,250
Market Model,MIRM,2023-07-17,-0.127073773,-0.182606189,-0.183121465,250
Market Model,NET,2022-02-23,0.2843053173,0.2283705927,0.2154399344,250
Market Model,DDOG,2025-05-01,0.0807441124,0.0877121371,0.0941367163,250
Market Model,PNTG,2025-10-01,0.055509182,-0.003685429,-0.008349081,250
Market Model,PNTG,2024-07-11,0.176727909,0.1180151735,0.1255298759,250
Market Model,XL,2022-09-09,-0.233576642,0.0691977011,0.0431616963,250
Market Model,ALRS,2021-12-08,-0.236618172,-0.257807227,-0.231053802,250
Market Model,ALRS,2024-05-15,-0.034085213,-0.090631402,-0.093908572,250
Market Model,BRC,2021-06-17,0.0383427222,0.0054613824,0.0024761853,250
Market Model,HBT,2025-10-20,-0.056923077,-0.103673967,-0.106699382,250
Market Model,HBT,2022-08-23,0.0696102534,0.0623217589,0.0620088238,250
Market Model,MCBS,2025-03-17,-0.116360178,-0.058202652,-0.05210654,250
Market Model,BILL,2021-05-06,-0.116260646,-0.190273908,-0.220447187,250
Market Model,SPT,2023-08-02,-0.043787748,-0.053193369,-0.071834835,250
Market Model,ONEM,2021-06-07,-0.159146641,-0.254717411,-0.263725844,250
Market Model,PRCH,2021-10-27,0.3015332198,0.188642865,0.19901549,250
Market Model,RVMD,2023-08-01,0.1278504673,0.0834056001,0.0676997741,250
Market Model,BEAM,2021-02-23,-0.07245503,-0.16206098,-0.208474884,192
Market Model,COFS,2024-07-25,0.036199095,0.1087462953,0.0606794878,250
Market Model,ONEW,2022-06-22,0.0369352869,0.059590763,0.057324694,250
Market Model,DFNS,2021-03-15,-0.089334549,-0.089101162,-0.086952459,181
Market Model,APG,2024-04-15,-0.017168516,-0.011938192,-0.013814187,250
Market Model,BMY,2019-01-03,-0.099258775,-0.043648331,-0.051192296,250
Market Model,BMY,2022-06-03,-0.01598742,-0.002655287,-0.003351813,250
Market Model,BMY,2020-10-05,0.0373875164,-0.008316914,-0.010985535,250
Market Model,BMY,2023-10-09,-0.050516654,-0.02607376,-0.025571464,250
Market Model,BMY,2025-03-10,0.0447579241,0.0421315122,0.0388769517,250
Market Model,FOUR,2023-10-02,-0.068497975,-0.046455675,-0.051820173,250
Market Model,FOUR,2022-02-28,-0.105097687,-0.002182731,-0.030739613,250
Market Model,VRM,2021-10-12,-0.117124082,-0.072509402,-0.073040016,250
Market Model,APPH,2021-04-08,-0.169317599,-0.240415909,-0.260837907,135
Market Model,LMND,2021-11-08,-0.021725441,-0.149164017,-0.176393949,250
Market Model,JAMF,2025-03-03,-0.153896104,0.0053655915,0.0021035026,250
Market Model,ASGI,2025-03-11,0.0440952385,0.0416062195,0.0420515661,250
Market Model,BA,2024-07-01,0.060723589,0.0490206536,0.0471899096,250
Market Model,NCNO,2021-11-16,-0.166344027,-0.169986708,-0.162843258,250
Market Model,RKT,2025-03-10,0.1919575114,0.2969620811,0.2747130189,250
Market Model,ML,2021-12-16,-0.359322034,-0.400808163,-0.34837674,250
Market Model,MIR,2025-07-31,0.0457866537,-0.002640502,-0.013146714,250
Market Model,NUVB,2024-03-25,0.9382022472,0.8256808487,0.9479306346,250
Market Model,HPK,2022-03-07,0.0486548369,0.0354580813,0.0123375048,250
Market Model,HRMY,2023-08-14,-0.0854314,-0.069276368,-0.070337567,250
Market Model,GDRX,2022-03-07,-0.487198795,-0.407949539,-0.369993465,250
Market Model,BSY,2021-11-16,-0.085633404,-0.164084091,-0.17035181,219
Market Model,CMAX,2022-06-01,-0.125195618,0.0329147501,-0.044752582,250
Market Model,EBC,2023-09-19,-0.070926201,-0.011718953,-0.015408686,250
Market Model,EBC,2025-04-24,-0.107995227,-0.069143802,-0.060134049,250
Market Model,MTZ,2021-05-05,0.1657935285,0.1576090554,0.1671869327,250
Market Model,MTZ,2022-07-25,0.1098011364,0.0449071697,0.0414430383,250
Market Model,STEM,2021-12-16,-0.197811107,-0.244356561,-0.230026203,229
Market Model,OUST,2022-11-07,0.3033051819,0.3169537517,0.2964818099,250
Market Model,ALGM,2023-08-08,-0.15117801,-0.210385406,-0.21815485,250
Market Model,WGS,2025-04-16,0.2048683776,-0.158611384,-0.222786389,250
Market Model,THRY,2024-10-29,-0.116656994,-0.056682748,-0.08388712,250
Market Model,SNV,2018-07-24,-0.097021743,-0.125219619,-0.125062448,250
Market Model,VTRS,2022-11-07,0.3226544622,0.2574020854,0.2872648788,250
Market Model,CNXC,2022-05-09,-0.071766206,-0.011884744,-0.016882176,250
Market Model,GBTG,2024-03-25,0.0050167224,-0.020087288,-0.024997658,250
Market Model,RAMP,2021-02-08,-0.120689655,-0.204314029,-0.209773929,250
Market Model,RAMP,2019-06-24,-0.134502924,-0.268691783,-0.274758189,250
Market Model,CHRD,2023-05-22,0.0515260666,0.0017119885,-0.002795547,250
Market Model,CRC,2024-02-07,0.0082612872,-0.036517357,-0.049523059,250
Market Model,CRC,2025-09-15,0.1260548315,0.0773223352,0.0759088619,250
Market Model,DASH,2025-05-06,0.212306938,-0.005108839,-0.020889531,250
Market Model,ABNB,2023-11-14,0.0130202093,-0.047287784,-0.056081705,250
Market Model,CXT,2024-10-15,-0.037389649,-0.05503402,-0.059870215,250
Market Model,OWL,2024-04-09,0.0420215786,0.057111416,0.0555377314,250
Market Model,OWL,2021-10-18,0.0756722952,0.024169308,0.0211947509,141
Market Model,CIFR,2024-09-24,-0.105,-0.164946545,-0.199474148,250
Market Model,MASS,2024-04-30,-0.173913043,-0.130004929,-0.121435919,250
Market Model,DRVN,2021-12-30,0.0631885936,0.0486327801,0.044112412,170
Market Model,NVTS,2022-08-15,0.3771712159,0.2934209985,0.2522852076,250
Market Model,CVBF,2025-12-17,0.0745119604,0.0275316834,0.02663802,250
Market Model,ZNTE,2021-12-21,0.0009852217,0.0128122314,0.0137239947,170
Market Model,SGFY,2022-02-10,-0.040995608,0.2175173358,0.1808727253,181
Market Model,ABT,2025-11-20,0.0074247753,-0.01555931,-0.017721859,250
Market Model,CACI,2021-12-29,0.0321614437,0.0377460208,0.0359825874,250
Market Model,CACI,2019-01-30,0.2193274976,0.0962881343,0.1095003441,250
Market Model,AMPS,2022-12-27,0.0540935673,0.0722156155,0.0449885663,250
Market Model,CALM,2025-04-08,0.1050703903,0.0600223401,0.0520164568,250
Market Model,HAYW,2022-06-02,0.0717639168,0.1213926037,0.121547042,238
Market Model,NAPA,2023-11-16,0.0203883495,0.0240202111,0.0212393097,250
Market Model,DOCN,2023-07-06,0.1627134725,0.0488733502,0.0372359271,250
Market Model,CAMP,2019-04-15,0.0801256874,0.0788775614,0.0796410933,250
Market Model,CPUH,2023-02-09,0.0048971596,0.0022688072,0.0022306786,250
Market Model,PDYN,2025-11-17,-0.398410897,-0.783738543,-0.746019806,250
Market Model,MOVE,2025-11-10,0.5441400304,1.2188641795,0.6865059069,250
Market Model,COMP,2025-09-22,-0.03180212,-0.131862889,-0.160981178,250
Market Model,AVAH,2025-04-03,0.1910669975,0.5221070146,0.5003516929,250
Market Model,BBAI,2023-11-06,0.2108843537,0.0278931226,-0.008784609,250
Market Model,BBAI,2025-11-10,-0.228531856,-0.42118985,-0.48948768,250
Market Model,GCO,2019-12-18,0.1973748177,0.2083310467,0.1725933796,250
Market Model,ALTI,2024-04-01,-0.167235495,-0.206534943,-0.225025938,250
Market Model,PRVA,2025-09-23,0.1323328786,0.0739192729,0.0761144053,250
Market Model,RPHM,2024-05-13,0.098265896,0.0150791782,-0.00527428,250
Market Model,SKYT,2025-02-26,-0.130745659,0.0310510493,0.0062670649,250
Market Model,DNA,2022-07-25,-0.023809524,-0.068626947,-0.102646939,248
Market Model,FLYW,2025-02-24,-0.4164859,-0.333260069,-0.319700475,250
Market Model,OGN,2024-09-18,-0.092080153,-0.106150178,-0.107330424,250
Market Model,LMT,2025-04-23,0.0983263598,0.0905847373,0.0909159053,250
Market Model,DAWN,2025-11-13,0.0655526992,0.219631709,0.1678031933,250
Market Model,BWMN,2025-12-08,0.0397562391,-0.013935431,-0.025588405,250
Market Model,MQ,2023-01-30,0.1666666667,0.0133933142,0.0018683151,250
Market Model,ZETA,2024-10-08,0.2504861921,0.0754045916,0.0824845544,250
Market Model,LYEL,2024-10-24,-0.288666667,-0.242520716,-0.24260953,250
Market Model,FA,2024-02-29,-0.032510536,-0.091605908,-0.095977999,250
Market Model,CAH,2024-01-31,0.0483134921,0.0084915738,0.006721759,250
Market Model,S,2025-08-05,-0.104395604,-0.128600245,-0.135334027,250
Market Model,S,2022-03-15,-0.084516415,-0.120249117,-0.166365621,107
Market Model,LZ,2025-02-10,0.189119171,0.2039784378,0.2145233494,250
Market Model,BRDG,2023-02-14,-0.038277512,-0.044295485,-0.048028105,250
Market Model,RYAN,2025-01-07,-0.096976301,-0.12457399,-0.12407636,250
Market Model,RYAN,2023-05-23,0.0192403798,-0.005876425,-0.009770911,250
Market Model,GXO,2023-09-14,-0.09793408,-0.065326718,-0.062737928,250
Market Model,VSCO,2022-11-01,0.3388320686,0.2822019541,0.3192421006,244
Market Model,PWSC,2023-07-11,0.238956892,0.1179224604,0.1307603691,250
Market Model,MLNK,2022-11-04,-0.133938706,-0.196043871,-0.198238086,250
Market Model,INST,2023-10-30,-0.032283465,-0.04213113,-0.044822242,250
Market Model,HOOD,2024-11-19,0.3503893215,0.2310669363,0.2339525298,250
Market Model,CASY,2020-11-09,0.0461149892,0.0193920309,0.015774478,250
Market Model,CASY,2024-07-26,-0.02429872,-0.034902387,-0.03725083,250
Market Model,QUBT,2025-12-15,0.2253240279,-0.29870912,-0.516354607,250
Market Model,CNP,2018-04-23,-0.052375608,-0.060632423,-0.060979707,250
Market Model,FRSH,2024-04-30,-0.218630137,-0.217130968,-0.214579748,250
Market Model,CWAN,2025-03-12,-0.057651246,-0.051049259,-0.061606185,250
Market Model,PFE,2025-11-07,0.0103442482,0.040409522,0.0379655435,250
Market Model,PFE,2021-12-13,0.2160223196,0.1955409914,0.2063237656,250
Market Model,PFE,2023-03-13,-0.058375635,-0.048395646,-0.047938792,250
Market Model,PFE,2019-06-17,0.0509125841,0.0176185225,0.0182686248,250
Market Model,EMR,2020-08-27,0.0861249002,0.0205176049,0.0196887612,250
Market Model,JNJ,2022-11-01,0.0651960784,0.048573916,0.0492904989,250
Market Model,JNJ,2024-04-05,-0.074180997,-0.060679996,-0.058772726,250
Market Model,JNJ,2025-11-17,0.0664009937,0.0532960472,0.0540445159,250
Market Model,JNJ,2020-08-19,0.0238479747,-0.031421783,-0.032998206,250
Market Model,FWRG,2024-01-08,0.0320684126,-0.010571834,-0.014353233,250
Market Model,SEAT,2023-11-07,0.1443609023,0.1159420752,0.1079340433,250
Market Model,BRZE,2025-03-27,-0.12459893,0.1715477709,0.1350298405,250
Market Model,GATE,2023-02-14,-0.000496278,-0.001530958,-0.003461147,237
Market Model,TCBX,2025-10-22,-0.077987421,-0.153968019,-0.158251304,250
Market Model,CDRE,2024-02-20,0.0885499973,0.0691484033,0.0701262955,250
Market Model,CDRE,2025-10-29,0.2383163273,0.22634356,0.2462697044,250
Market Model,CRGY,2023-05-02,-0.061007958,-0.07877704,-0.086025802,250
Market Model,CRGY,2025-08-25,0.0899421534,0.1154736894,0.1100226938,250
Market Model,PPG,2020-11-30,0.1354530296,0.0115171443,0.0100623884,250
Market Model,MMM,2018-12-19,-0.081314307,0.0467088474,0.0431878983,250
Market Model,TPG,2025-05-06,0.2893388631,0.0004077993,-0.003997005,250
Market Model,TPG,2023-05-15,-0.097999322,-0.131834545,-0.133409182,250
Market Model,CEG,2025-01-10,0.3189910361,0.2766616297,0.2789190661,250
Market Model,MRK,2024-04-05,0.0225730678,0.0283747513,0.0268943866,250
Market Model,MRK,2019-12-09,0.0847090243,0.0291113645,0.0306772355,250
Market Model,MRK,2021-09-30,0.083741089,0.1008174823,0.0992577085,250
Market Model,MSI,2020-08-03,0.0527796284,-0.030969222,-0.037053922,250
Market Model,MSI,2019-01-07,-0.111097227,-0.122705632,-0.119991299,250
Market Model,MSI,2025-05-21,-0.003239715,-0.093100543,-0.101043375,250
Market Model,VIVK,2024-03-25,-0.108138239,-0.07546528,-0.1340065,250
Market Model,SOUN,2024-08-08,-0.023668639,0.0362132984,-0.002299118,250
Market Model,SOUN,2025-09-09,0.0841328413,-0.110489552,-0.169980504,250
Market Model,CPK,2023-09-26,-0.153198992,-0.141634898,-0.133211515,250
Market Model,CHD,2020-12-01,-0.012001318,-0.096602641,-0.103539842,250
Market Model,CHD,2022-09-06,-0.091426542,-0.095678229,-0.094084622,250
Market Model,CHD,2025-05-12,-0.072281018,-0.074469699,-0.076704057,250
Market Model,RXO,2024-06-24,0.3364670955,0.3063102765,0.3254138061,250
Market Model,MBC,2024-05-21,-0.0594884,-0.142631318,-0.149152721,250
Market Model,NXT,2025-09-08,0.2139267767,0.1730953441,0.1687204369,250
Market Model,NXT,2024-06-20,0.1065315315,0.0533411045,0.0300250434,250
Market Model,STRW,2025-05-22,-0.106047327,-0.188354895,-0.198562864,250
Market Model,AESI,2024-02-27,0.174433679,0.1383745515,0.1443358725,172
Market Model,CR,2024-01-03,0.0653588607,0.0144410571,0.0139054557,117
Market Model,CR,2025-06-09,0.0757185248,-0.033159449,-0.036583192,250
Market Model,ATMU,2025-11-24,0.1418253393,0.1173316702,0.1218587848,250
Market Model,EVRG,2022-08-09,0.0962130542,0.0521937804,0.054553694,250
Market Model,VLTO,2024-10-07,0.0428848391,-0.037477257,-0.039980086,184
Market Model,ALE,2022-03-02,0.0219700254,0.0565411802,0.055600538,250
Market Model,EQT,2021-05-06,0.1151716501,0.0191635392,0.0035940009,250
Market Model,EQT,2022-09-06,0.1372714971,0.0831013058,0.0814078498,250
Market Model,EQT,2024-03-11,-0.034486348,-0.044379966,-0.054820181,250
Market Model,EQT,2025-04-22,-0.031391831,-0.02476245,-0.033061043,250
Market Model,MNR,2025-07-10,0.0968703428,0.0792079374,0.0799804811,250
Market Model,COHR,2018-11-09,-0.005540797,0.0426147295,0.0289533135,250
Market Model,COHR,2021-03-25,0.0445656566,0.0571680472,0.057957565,250
Market Model,HWM,2025-12-22,0.0499696847,-0.069064974,-0.077646829,250
Market Model,NBBK,2025-06-05,-0.032032615,-0.116701302,-0.121852668,250
Market Model,SOLV,2025-11-20,0.171797691,0.1359728084,0.1435917915,250
Market Model,CBSH,2025-12-03,0.0745816286,0.0726617415,0.0728938515,250
Market Model,WAY,2025-07-23,-0.05589404,-0.178369753,-0.187654507,209
Market Model,OKE,2023-05-15,-0.120720179,-0.159343456,-0.158566616,250
Market Model,OKE,2024-08-28,0.122329114,0.0850261377,0.0892014922,250
Market Model,CPB,2023-08-07,-0.040843215,-0.066894563,-0.067839316,250
Market Model,FSUN,2025-10-27,-0.163540885,-0.17427037,-0.18083115,250
Market Model,WHR,2022-08-08,0.0594490392,-0.021867522,-0.027917011,250
Market Model,LHX,2022-10-03,0.012967603,0.026435933,0.0217466667,250
Market Model,DOV,2023-10-04,-0.011128112,0.0171829497,0.0166905863,250
Market Model,DOV,2021-11-24,-0.002901007,-0.017167151,-0.019541728,250
Market Model,DIS,2018-06-20,-0.000960984,0.0276337032,0.0259025963,250
Market Model,CTO,2022-10-17,-0.060235064,-0.073504475,-0.076059059,250
Market Model,VAR,2019-05-20,-0.037391038,-0.015247601,-0.016159719,250
Market Model,CSL,2018-12-10,-0.054951062,-0.007904626,-0.00854746,250
Market Model,CSL,2024-03-18,0.1217272938,0.0744078208,0.0789291116,250
Market Model,CLF,2019-12-03,0.1294583884,0.1013229716,0.0931500102,250
Market Model,CUZ,2019-03-25,0.012565445,0.0127542284,0.0095755492,250
Market Model,R,2021-12-13,-0.119407675,-0.119404553,-0.113799584,250
Market Model,HPQ,2021-02-24,0.1918465228,0.1962987382,0.2109632208,250
Market Model,HPQ,2022-03-28,0.0710329964,0.0054610569,-0.004575902,250
Market Model,BAX,2021-09-02,0.0804992203,0.0908673622,0.0914917508,250
Market Model,XRX,2024-10-17,-0.025373861,-0.002822929,-0.010036337,250
Market Model,APD,2020-03-30,-0.111327354,-0.032783008,-0.056691983,250
Market Model,CTS,2024-07-29,-0.110541386,-0.032205296,-0.03574159,250
Market Model,CTS,2019-07-31,0.0335594431,0.0674194529,0.0612876707,250
Market Model,ALK,2023-12-04,0.1130136986,0.0549949277,0.041403962,250
Market Model,AIT,2024-11-22,0.178120329,0.10570407,0.1082537143,250
Market Model,CMC,2021-12-07,-0.027531083,-0.00635947,-0.010985062,250
Market Model,CMC,2025-09-18,0.0013900956,-0.023476692,-0.026772421,250
Market Model,OMC,2024-12-09,-0.132397862,-0.158238775,-0.158901809,250
Market Model,OMC,2023-10-30,0.0346401719,0.0067090964,0.0056700565,250
Market Model,FLS,2024-08-13,-0.050442122,-0.053904,-0.056855995,250
Market Model,CUB,2019-01-02,-0.013721836,0.0147992234,0.0117229793,250
Market Model,EML,2019-09-03,0.102570444,0.1158511179,0.1065465701,250
Market Model,HEI,2023-05-15,0.0628415301,0.0234502452,0.0206034991,250
Market Model,HRL,2021-02-11,0.0687542546,0.0409649981,0.0368788312,250
Market Model,HUBB,2022-07-08,-0.06796641,0.0043968775,0.0013710469,250
Market Model,HUBB,2025-08-12,0.0427146574,0.0281587033,0.0255553372,250
Market Model,HUBB,2023-10-30,-0.112185316,-0.173778796,-0.173518029,250
Market Model,FITB,2025-10-06,-0.066661549,-0.101596308,-0.101577212,250
Market Model,FITB,2018-05-21,-0.035964354,-0.046082021,-0.051695363,250
Market Model,NUE,2024-04-01,0.0474587074,0.0166195513,0.0162615228,250
Market Model,NUE,2021-07-20,0.0621484557,-0.01476211,-0.020674985,250
Market Model,OXY,2019-05-09,-0.201099881,-0.218307672,-0.199296285,250
Market Model,OXY,2023-01-03,-0.065650889,-0.14560894,-0.150097022,250
Market Model,OXM,2022-09-19,-0.242385571,-0.102282081,-0.09099846,250
Market Model,RF,2021-06-08,-0.063175233,-0.094326827,-0.094162949,250
Market Model,MTB,2021-02-22,0.0750396264,0.1174516867,0.1153295865,250
Market Model,FFBC,2025-06-23,0.0118119827,-0.061672576,-0.065963552,250
Market Model,FHN,2019-11-04,0.0460772105,0.0179052435,0.0157945088,250
Market Model,FELE,2021-05-17,0.0112725534,0.0170541852,0.0140469389,250
Market Model,BEN,2021-11-01,0.1873754153,0.0876616294,0.0869675579,250
Market Model,BEN,2020-02-18,-0.084627329,-0.008249628,-0.013286306,250
Market Model,AJG,2024-12-09,-0.013703392,-0.038508592,-0.040760508,250
Market Model,AJG,2023-09-19,0.0495627923,0.0427739309,0.0434189525,250
Market Model,WMB,2023-12-27,-0.003052979,-0.033218753,-0.035011842,250
Market Model,WMB,2022-08-31,-0.013237979,-0.044619393,-0.047546351,250
Market Model,WMB,2025-01-31,0.0328655835,-0.001278853,-0.00851249,250
Market Model,SPB,2022-02-03,-0.109521508,-0.081134743,-0.077880672,250
Market Model,APA,2024-01-03,-0.100276243,-0.153087744,-0.154602837,250
Market Model,GGG,2025-11-17,-0.014459413,-0.008156522,-0.009257296,250
Market Model,BDX,2024-06-03,0.0004576659,-0.017841284,-0.019675636,250
Market Model,BDX,2022-06-06,-0.06533808,-0.067763259,-0.068141806,250
Market Model,GTN,2021-02-01,0,-0.034834187,-0.050475487,250
Market Model,GTN,2018-06-25,0.443902439,0.410094599,0.4523797963,250
Market Model,WY,2022-04-14,0.0572956455,0.0835280724,0.0842699169,250
Market Model,IFF,2019-12-16,-0.074309186,-0.089207366,-0.094779703,250
Market Model,CMI,2022-02-09,-0.03487769,0.0090676919,0.0086708287,250
Market Model,PH,2019-04-29,0.044173154,0.016785916,0.0150634434,250
Market Model,PH,2025-06-30,0.0594847354,-0.020401627,-0.022506055,250
Market Model,HNI,2025-08-04,-0.171209213,-0.188503026,-0.179629107,250
Market Model,HNI,2023-03-08,-0.164676752,-0.097669986,-0.097537985,250
Market Model,NEU,2023-12-01,0.1214621197,0.0162509305,0.0170522348,250
Market Model,SJM,2023-09-11,-0.133017686,-0.156310348,-0.150637086,250
Market Model,HBAN,2025-07-14,0.0552092718,-0.003056579,-0.005444176,250
Market Model,SWK,2018-08-07,0.0165758067,0.0080059306,0.0044013904,250
Market Model,SWK,2021-09-13,-0.079881431,-0.071933543,-0.070802314,250
Market Model,SXI,2024-10-29,0.0139511982,-0.00120776,-0.004727997,250
Market Model,VFC,2020-11-09,0.0601726582,0.0509786064,0.0430548125,250
Market Model,TFX,2022-08-22,-0.161989362,-0.156083748,-0.147937345,250
Market Model,AVY,2021-01-04,0.069610183,0.0131733178,0.0108032606,250
Market Model,AVY,2025-08-25,-0.047696721,-0.025339195,-0.026377101,250
Market Model,ADP,2024-10-15,0.0457286432,0.0259200828,0.0262052289,250
Market Model,JCI,2023-07-17,0.0742540225,0.0311995767,0.0323629885,250
Market Model,SWKS,2021-04-22,0.1281788117,0.0234854537,0.0210847086,250
Market Model,HST,2022-11-02,-0.002967359,-0.006620349,-0.007895644,250
Market Model,HST,2021-03-15,0.202739726,0.2266077126,0.2383422946,250
Market Model,HST,2024-04-29,-0.092359768,-0.079408385,-0.076489627,250
Market Model,KELYA,2024-05-03,-0.040115798,-0.052930156,-0.057229424,250
Market Model,KELYA,2021-04-05,0.0568807339,-0.021347726,-0.030383311,250
Market Model,NYT,2022-01-06,-0.064359914,-0.054622822,-0.062352416,250
Market Model,KEQU,2024-11-04,0.188369153,0.025851482,0.012132874,250
Market Model,FSS,2025-02-12,0.0230696303,-0.036005362,-0.038542012,250
Market Model,FSS,2021-02-18,0.0258136925,0.0438257129,0.0409752363,250
Market Model,KBAL,2020-11-04,-0.021543986,-0.04551953,-0.05398691,250
Market Model,ABM,2024-06-24,0.0522341095,0.0571503938,0.0551106744,250
Market Model,ABM,2021-08-25,0.0660253607,0.0157255969,0.0145186673,250
Market Model,JPM,2021-10-11,0.0646764719,0.0265899079,0.025241702,250
Market Model,MCO,2020-01-23,0.1077937348,0.0516711109,0.0552577461,250
Market Model,HUM,2019-12-16,0.1564779874,0.1286919398,0.1368355149,250
Market Model,DSGR,2023-03-30,-0.083109319,-0.074773369,-0.094428157,250
Market Model,DHR,2021-06-17,0.0705397511,0.0244311796,0.0224144738,250
Market Model,DHR,2019-02-25,0.1870815653,0.1134492255,0.1224134188,250
Market Model,LLY,2019-01-07,-0.01579128,0.0070368345,0.005557305,250
Market Model,LLY,2024-07-08,0.1427094354,0.0305863515,0.033213032,250
Market Model,LLY,2020-01-10,0.1569001243,0.102035751,0.1107545037,250
Market Model,LLY,2022-10-18,0.1514962798,0.1047736147,0.1091109846,250
Market Model,WGO,2021-07-20,0.0935550936,0.0012683618,-0.005931827,250
Market Model,TER,2019-10-21,0.1004981962,0.0669447041,0.0684313346,250
Market Model,MKC,2020-11-24,-0.05781717,-0.129168463,-0.133152886,250
Market Model,J,2022-02-04,-0.126483066,-0.088036346,-0.082829538,250
Market Model,EFX,2021-08-10,0.0593326593,0.0324343278,0.0320432129,250
Market Model,IPG,2024-12-05,0.0112957642,-0.01445796,-0.020240318,250
Market Model,MLAB,2021-09-14,0.1201880877,0.1507950311,0.1503129961,250
Market Model,BMI,2025-01-31,-0.001820303,-0.034631625,-0.037182775,250
Market Model,GHC,2021-04-05,0.1017624954,0.0592521667,0.0603198536,250
Market Model,GRC,2022-04-27,-0.086572925,-0.050450623,-0.049308948,250
Market Model,MSA,2021-07-01,-0.027759769,-0.066497206,-0.068155223,250
Market Model,AIR,2023-03-20,0.0025730564,-0.009035666,-0.013579847,250
Market Model,AIR,2025-09-25,0.0932413075,0.0515026648,0.0491558483,250
Market Model,MOD,2025-05-30,0.1467417932,-0.055210864,-0.07098824,250
Market Model,TRN,2022-12-30,-0.130590924,-0.091997996,-0.090940306,250
Market Model,SPXC,2023-05-01,0.0242337847,-0.012830543,-0.035091194,250
Market Model,SPXC,2021-11-15,0.0770392749,0.0239612373,0.021127782,250
Market Model,SPXC,2024-12-23,-0.156650246,-0.183519591,-0.174129596,250
Market Model,MTRN,2021-09-20,-0.006330004,-0.027300359,-0.03026412,250
Market Model,WMT,2024-02-20,0.1009360759,0.0646378874,0.0676513414,250
Market Model,NWLI,2019-02-01,-0.01975709,-0.029329352,-0.030341588,250
Market Model,VSH,2022-10-28,0.1641791045,0.1165153349,0.1219660967,250
Market Model,NDSN,2021-08-24,0.0661022453,0.0543222681,0.0556514825,250
Market Model,NDSN,2024-05-28,-0.122013247,-0.148856278,-0.147299221,250
Market Model,TEX,2024-07-22,0.2471296819,0.2166904634,0.2293091915,250
Market Model,TEX,2025-10-30,-0.105955143,-0.055765673,-0.072626693,250
Market Model,FRT,2024-06-03,-0.041464112,-0.068535717,-0.069085141,250
Market Model,RRX,2021-11-02,0.1486284834,0.0517034156,0.0513125756,250
Market Model,AXP,2024-06-21,-0.047432944,-0.074117277,-0.07445554,250
Market Model,BAC,2024-12-27,-0.04392687,-0.053337982,-0.053172194,250
Market Model,TRV,2023-11-03,0.0371003173,0.0170964051,0.0148397582,250
Market Model,MDT,2021-08-06,0.0070621469,-0.01296197,-0.014373974,250
Market Model,PNC,2025-09-08,0.0819794784,0.0264676662,0.0266975112,250
Market Model,PNC,2020-11-16,0.1988697524,0.1726691369,0.1801246309,250
Market Model,GHM,2021-06-01,0.053245806,0.0673347855,0.0626792682,250
Market Model,TTC,2022-01-14,-0.042731641,0.0124959251,0.0083551094,250
Market Model,TTC,2019-02-15,0.1674608577,0.1026110476,0.1109696017,250
Market Model,AFG,2023-05-02,-0.041065674,-0.065844795,-0.066880203,250
Market Model,AFG,2022-01-18,-0.067154203,-0.057063707,-0.056167172,250
Market Model,ADI,2020-07-13,0.0121919585,-0.097240104,-0.105675691,250
Market Model,PAR,2021-04-08,0.112565445,-0.021326232,-0.077879074,250
Market Model,PAR,2024-03-11,-0.134814815,-0.229745832,-0.229794259,250
Market Model,SWX,2021-10-05,-0.114229856,-0.094329975,-0.092726581,250
Market Model,AMD,2022-04-04,-0.101835624,-0.142742851,-0.147677358,250
Market Model,AMD,2024-08-19,-0.01048951,-0.048735615,-0.053449649,250
Market Model,AMD,2020-10-27,-0.036487167,-0.099279944,-0.105981644,250
Market Model,LOW,2025-04-14,-0.023926216,0.0232155445,0.0218030112,250
Market Model,PATK,2024-01-11,0.1106965174,0.0136766753,0.0103560567,250
Market Model,PATK,2022-02-24,0.0939039409,0.0819168973,0.0808065038,250
Market Model,HXL,2018-11-30,0.0124691738,0.0280838492,0.0262159907,250
Market Model,PAYX,2025-01-07,0.0131320225,0.0226448037,0.0208812199,250
Market Model,DLX,2021-04-21,0.0790766208,0.0541574191,0.0521810045,250
Market Model,TMO,2023-07-06,0.0162451197,-0.048814863,-0.051838041,250
Market Model,TMO,2021-01-19,0.1093077612,0.0308840856,0.0315706155,250
Market Model,TMO,2019-03-25,0.0963535389,0.04584145,0.0477304942,250
Market Model,TMO,2025-02-25,-0.10133607,-0.066724232,-0.066278679,250
Market Model,CSX,2020-11-30,0.1849675415,0.0261624267,0.0289774265,250
Market Model,GL,2021-08-02,-0.024622388,-0.030920794,-0.032529343,250
Market Model,PDCE,2019-08-26,0.1218547807,0.2690366402,0.2459601211,250
Market Model,PDCE,2022-02-28,0.1888813329,0.1237415831,0.1283078648,250
Market Model,DCO,2021-12-16,-0.062653563,-0.025548128,-0.028395278,250
Market Model,BRO,2025-06-10,-0.027430608,-0.076984499,-0.079513956,250
Market Model,SWN,2021-11-04,0.0395256917,-0.058769856,-0.08062271,250
Market Model,SWN,2020-08-12,0.0842911877,0.0996521488,0.0770997843,250
Market Model,PGR,2021-02-16,-0.039593365,-0.08533399,-0.088375217,250
Market Model,PSA,2023-07-24,-0.005471232,-0.028751205,-0.030451387,250
Market Model,KWR,2017-04-05,0.035192251,0.006938188,0.0025218247,250
Market Model,D,2018-01-03,-0.088069882,-0.099053776,-0.096710298,250
Market Model,NXGN,2022-11-30,-0.055389222,-0.08214777,-0.084428135,250
Market Model,MYE,2023-12-29,0.1048528595,0.064970633,0.065957832,250
Market Model,AOS,2019-04-08,0.0927855317,0.0516039132,0.05425215,250
Market Model,AOS,2025-11-12,-0.070662362,-0.045259361,-0.045167714,250
Market Model,COO,2023-11-01,0.0631491483,0.023196523,0.0222489075,250
Market Model,COO,2021-05-03,0.0423616696,0.0267803462,0.0268162496,250
Market Model,VZ,2024-09-05,0.0894187779,0.0522805391,0.0530630738,250
Market Model,VZ,2020-04-16,0.0717474871,0.027010338,0.0227226197,250
Market Model,WELL,2025-01-29,0.12500989,0.0859200692,0.0895520282,250
Market Model,USB,2021-09-21,0.0851293103,0.071718928,0.0724600796,250
Market Model,HD,2020-11-16,-0.056525064,-0.113198091,-0.113989003,250
Market Model,HD,2024-03-28,-0.046626575,-0.062838958,-0.063719109,250
Market Model,HD,2025-06-30,0.0040699274,-0.025767102,-0.027408649,250
Market Model,RES,2025-04-02,-0.073724008,0.0258834897,0.0003607634,250
Market Model,RES,2023-06-30,0.1578947368,0.0898215539,0.0852859966,250
Market Model,SBOW,2022-04-14,0.3533134773,0.1973594599,0.2208830878,250
Market Model,UTL,2024-07-09,0.1069632495,0.090886863,0.0925482961,250
Market Model,MS,2020-02-20,-0.182666158,-0.067318854,-0.058595323,250
Market Model,SBCF,2021-03-23,0.0194444444,0.0387735387,0.0357896569,250
Market Model,SBCF,2025-02-27,-0.065868263,0.0353347486,0.0316994869,250
Market Model,SBCF,2022-03-29,-0.059071886,-0.080310023,-0.084681108,250
Market Model,RJF,2021-10-20,0.1659066928,0.0774739786,0.0843875216,250
Market Model,SON,2021-12-21,-0.05187367,-0.049376516,-0.051777277,250
Market Model,BBT,2018-12-11,-0.119090365,-0.020761732,-0.018425436,250
Market Model,SYK,2022-01-06,0.0308110189,0.0482314071,0.0468041344,250
Market Model,SYK,2025-01-06,-0.066999139,-0.058171017,-0.057477647,250
Market Model,BKR,2025-06-16,0.006360986,-0.046970615,-0.049855336,250
Market Model,FUN,2019-07-01,-0.050218305,-0.075652909,-0.077447184,250
Market Model,WKC,2025-09-03,0.0063341251,-0.025821346,-0.028787949,250
Market Model,AB,2022-03-17,-0.011124236,-0.046068979,-0.054061746,250
Market Model,MIDD,2019-02-27,0.069348725,0.0398756563,0.0362930013,250
Market Model,ADBE,2020-11-09,-0.082065477,-0.158736328,-0.164420926,250
Market Model,ADBE,2025-11-19,-0.11195637,-0.062205391,-0.059907129,250
Market Model,IEX,2021-11-23,-0.00018084,0.0135078449,0.0115382235,250
Market Model,IEX,2020-01-29,-0.009882484,-0.051722788,-0.053503964,250
Market Model,IEX,2025-07-29,-0.078532227,-0.056141715,-0.061785542,250
Market Model,IEX,2023-10-30,-0.066953923,-0.077074775,-0.076897743,250
Market Model,FRME,2021-11-04,0.0068091101,-0.077866001,-0.085627947,250
Market Model,FRME,2018-10-10,-0.087010824,-0.058884141,-0.05663866,250
Market Model,FRME,2025-09-25,-0.086936257,-0.139732676,-0.138481503,250
Market Model,GEN,2024-12-10,-0.00083214,-0.025874781,-0.028028228,250
Market Model,TECH,2021-03-03,0.0705286462,0.0335284822,0.0226737729,250
Market Model,VTR,2021-06-28,0.0552138492,-0.043295499,-0.048331945,250
Market Model,EOG,2025-05-30,0.0337170307,-0.001721577,-0.004284756,250
Market Model,DGII,2021-11-02,0.0919595571,-0.049116855,-0.056830731,250
Market Model,DGII,2019-11-07,0.1349116873,0.0550683017,0.0573582347,250
Market Model,DGII,2025-08-18,0.0123904503,-0.012529501,-0.02148448,250
Market Model,PTC,2020-12-14,0.2689057879,0.152042147,0.1770193128,250
Market Model,NEOG,2021-12-14,-0.002484192,0.0446087039,0.0379079964,250
Market Model,CSCO,2019-02-06,0.0992825735,-0.032700174,-0.036225993,250
Market Model,CSCO,2023-09-21,-0.028489001,-0.021854551,-0.022458349,250
Market Model,THO,2021-09-01,-0.052880954,-0.07308505,-0.076314945,250
Market Model,CTRA,2024-11-13,0.1229373661,0.126418258,0.1290210904,250
Market Model,HOLX,2021-10-14,-0.051275444,-0.061936347,-0.062359558,250
Market Model,HOLX,2024-10-14,-4.44089E-16,-0.002425668,-0.003661493,250
Market Model,HOLX,2020-08-25,-0.055351731,-0.152568668,-0.166713186,250
Market Model,GVA,2025-08-05,0.1671113008,0.0959861358,0.1009760899,250
Market Model,GVA,2023-12-05,0.0439799695,-0.038808325,-0.042948558,250
Market Model,KMPR,2020-11-23,0.1347974208,0.0627543437,0.064603118,250
Market Model,TYL,2021-02-10,0.0962178517,0.0384002619,0.038061493,250
Market Model,PRK,2018-09-13,-0.029647415,-0.062015684,-0.062785218,250
Market Model,PRK,2025-10-27,-0.071932895,-0.094008453,-0.096078433,250
Market Model,AN,2022-07-21,0.0530092385,-0.033011389,-0.042857834,250
Market Model,MMSI,2023-06-08,-0.028486998,-0.113465573,-0.117833092,250
Market Model,MMSI,2019-06-17,0.0425044092,0.0068216565,0.0033149526,250
Market Model,MMSI,2024-09-17,0.0960713107,0.0831382951,0.0864390344,250
Market Model,ESE,2024-07-09,0.125678038,0.079772398,0.081851988,250
Market Model,NRIM,2024-10-31,0.0864379326,0.0074196947,-0.010866284,250
Market Model,MLI,2024-04-22,0.0712045748,0.0825225712,0.0807962377,250
Market Model,DORM,2022-08-18,-0.145127489,-0.187650528,-0.185486687,250
Market Model,DORM,2021-06-28,0.0123938714,-0.02079152,-0.02342307,250
Market Model,REGN,2023-08-09,0.1123139378,0.0922941869,0.0959060015,250
Market Model,REGN,2022-04-19,-0.01621133,0.0282924511,0.0252648632,250
Market Model,HWC,2019-04-30,0.0698019802,0.0805513391,0.0786916039,250
Market Model,VRTX,2024-04-10,-0.051559823,-0.065133048,-0.064573003,250
Market Model,VRTX,2022-05-23,-0.006545374,0.0039813205,-0.004918229,250
Market Model,PRGS,2023-01-03,-0.029994445,-0.005436546,-0.005135669,250
Market Model,PRGS,2020-09-08,-0.029132855,-0.03553958,-0.037487599,250
Market Model,PRGS,2024-09-09,0.0392843416,0.0304453944,0.0302518001,250
Market Model,PRGS,2021-09-23,0.0868343626,0.1420780059,0.1314343295,250
Market Model,PRGS,2019-03-28,0.197062276,0.176947706,0.1806058972,250
Market Model,TVTY,2018-12-10,-0.322414238,-0.216329229,-0.222696947,250
Market Model,ZBRA,2025-08-05,0.0347828829,0.0175371362,0.0077298688,250
Market Model,ZBRA,2020-07-28,0.1552633715,0.0339510513,0.0359249351,250
Market Model,HAE,2024-03-05,0.007206499,-0.016333538,-0.021332621,250
Market Model,BIIB,2025-09-18,-0.022972778,0.0229969609,0.0183097591,250
Market Model,BIIB,2023-07-28,-0.05316527,-0.1217567,-0.124170294,250
Market Model,AAON,2021-11-18,0.1097030831,0.104322424,0.1085188925,250
Market Model,STRL,2019-08-14,-0.119515885,-0.105011943,-0.106896565,250
Market Model,STRL,2023-11-16,-0.097944544,-0.251496818,-0.277317863,250
Market Model,STRL,2021-12-30,0.0904152115,0.0512372848,0.0483171367,250
Market Model,TRNS,2025-08-05,-0.038332368,-0.032570169,-0.03745914,250
Market Model,TRNS,2024-04-15,-0.008017817,-0.008127074,-0.011416043,250
Market Model,HMN,2018-12-10,-0.083988734,0.0042474986,0.0031203679,250
Market Model,HMN,2021-07-14,0.0146555847,0.011535201,0.0086156474,250
Market Model,KIM,2021-04-15,0.0486910995,0.0402539736,0.0394827402,250
Market Model,JBSS,2023-09-06,-0.026122122,-0.066864863,-0.070984359,250
Market Model,GILD,2020-03-02,0.1482117757,0.3049973523,0.2912662425,250
Market Model,GILD,2024-02-12,-0.156341492,-0.180301589,-0.174213163,250
Market Model,MSON,2019-05-02,-0.08,-0.162838177,-0.170524829,250
Market Model,SMG,2021-12-30,0.0991096694,0.1192408523,0.1165128943,250
Market Model,ROP,2023-08-07,0.0415608405,0.0302730766,0.0303374457,250
Market Model,ROP,2020-08-13,0.0878430784,0.0297344607,0.0304255906,250
Market Model,ROP,2025-03-24,0.0270533926,0.1106967457,0.1075654621,250
Market Model,SNPS,2024-01-16,-0.033779859,-0.092878579,-0.100553942,250
Market Model,SNPS,2022-04-27,-0.099855587,0.0096146837,0.0090957293,250
Market Model,NBTB,2022-12-05,-0.077773992,-0.128091274,-0.129487902,250
Market Model,NBTB,2024-09-09,0.0121082621,-0.02954355,-0.033683145,250
Market Model,JACK,2021-12-06,-0.200085253,-0.198407651,-0.183529735,250
Market Model,RNST,2024-07-29,0.0815162697,0.1847704777,0.1793069251,250
Market Model,STBA,2019-06-05,-0.078632479,-0.068258326,-0.067618903,250
Market Model,BSX,2024-01-08,0.0990514411,0.0436212798,0.0461251764,250
Market Model,BSX,2019-05-09,-0.015440984,-0.050439069,-0.054298549,250
Market Model,BSX,2025-09-09,-0.040333527,-0.095632281,-0.097853974,250
Market Model,BSX,2022-11-29,0.046339203,0.0420071331,0.0422536305,250
Market Model,FCF,2024-12-18,-0.07518797,-0.118740671,-0.119063967,250
Market Model,FCF,2022-08-30,-0.102394846,-0.080754,-0.076971095,250
Market Model,DHI,2022-04-14,-0.12711035,-0.120035586,-0.116899526,250
Market Model,COLB,2025-04-23,-0.126606934,-0.073496948,-0.067398468,250
Market Model,COLB,2021-06-23,-0.100326645,-0.148666469,-0.149287112,250
Market Model,CENT,2020-12-31,0.0148735746,-0.047134692,-0.053441949,250
Market Model,MMU,2023-10-16,-0.07326721,-0.05750686,-0.05541925,250
Market Model,OHI,2019-01-02,-0.022252011,-0.003283081,-0.007902542,250
Market Model,LFUS,2021-10-20,0.0445793062,-0.007235316,-0.009142951,250
Market Model,LFUS,2025-10-28,-0.064349715,-0.056728341,-0.057658536,250
Market Model,VTNR,2021-05-26,5.475862069,2.5697358048,5.3940671199,250
Market Model,KAI,2025-10-07,-0.100658972,-0.131246935,-0.131095341,250
Market Model,KAI,2018-12-10,-0.138789683,-0.067165798,-0.065001966,250
Market Model,KAI,2021-08-23,0.1821816748,0.1174910406,0.1237628272,250
Market Model,KAI,2023-12-28,-0.002016654,-0.052418557,-0.056471075,250
Market Model,LGND,2020-08-10,0.0128628542,-0.045788687,-0.056144076,250
Market Model,HMSY,2019-11-21,-0.091729323,-0.159548862,-0.182714256,250
Market Model,SM,2025-11-03,-0.280333569,-0.28247464,-0.243190529,250
Market Model,ULBI,2024-09-30,-0.134883721,-0.238394073,-0.241745235,250
Market Model,DDD,2021-10-27,0.0998948475,-0.220099397,-0.287867835,250
Market Model,UMBF,2024-04-29,-0.056098402,-0.007334489,-0.009487035,250
Market Model,PEBO,2022-10-25,0.037303217,0.0031325276,-0.002512521,250
Market Model,PEBO,2021-03-29,0.079640334,0.0469914351,0.0448850706,250
Market Model,ALG,2019-09-11,0.1339158515,0.0991339792,0.0999135315,250
Market Model,INTU,2021-09-13,0.0325560605,0.0561525496,0.0558376423,250
Market Model,SCVL,2021-12-03,0.0412453433,-0.02390127,-0.03706174,250
Market Model,SYBT,2021-01-27,0.1311924322,0.0952078202,0.0969747415,250
Market Model,CHDN,2022-02-22,0.1459767854,0.1705036848,0.1746604271,250
Market Model,JBL,2025-11-04,0.0439663699,-0.022042575,-0.029951073,250
Market Model,SANM,2025-05-19,0.156033102,-0.040954228,-0.05019654,250
Market Model,TCBK,2022-03-01,-0.020183056,0.0293914768,0.0264496432,250
Market Model,ANIK,2020-01-06,-0.128461269,-0.208347012,-0.205643165,250
Market Model,GABC,2021-09-20,0.0575831306,0.0315077746,0.0266253123,250
Market Model,GABC,2019-02-21,0.0154751728,-0.008740577,-0.010504388,250
Market Model,GABC,2024-07-29,0.0557610242,0.1189135012,0.1141981918,250
Market Model,HR,2022-02-28,-0.077562353,-0.051202238,-0.057290492,250
Market Model,AKR,2024-10-29,0.0591993186,0.0366819567,0.0366102617,250
Market Model,ALL,2020-07-07,-0.14923675,-0.169317687,-0.161710219,250
Market Model,FDEF,2019-09-09,0.0472072322,0.0424541948,0.040633744,250
Market Model,TALO,2024-01-16,-0.036814425,-0.045655084,-0.052292588,250
Market Model,TALO,2022-09-22,-0.188476562,-0.108283858,-0.118584685,250
Market Model,BWA,2022-08-03,0.1610320285,0.0736156509,0.0780492443,250
Market Model,BDC,2024-07-01,-0.05335518,-0.100448322,-0.103117182,250
Market Model,QCRH,2021-11-09,0.1350669513,0.034825519,0.0352739299,250
Market Model,AUB,2024-10-21,-0.014245014,-0.044550159,-0.050088947,250
Market Model,AUB,2023-07-25,0.2111068847,0.147030909,0.1590336918,250
Market Model,REG,2023-05-18,-0.093657575,-0.101233995,-0.098675205,250
Market Model,CNTY,2019-06-17,0.0448577681,0.0426848581,0.032663268,250
Market Model,FFIN,2019-09-19,0.0734502944,0.0478608582,0.0466077394,250
Market Model,FWRD,2023-08-10,-0.419599872,-0.479841082,-0.405385735,250
Market Model,OSBC,2025-02-25,-0.038742684,0.0236697826,0.0213760918,250
Market Model,OSBC,2021-07-26,-0.12044231,-0.175990621,-0.172095356,250
Market Model,PTEN,2021-07-06,-0.114942529,-0.225806434,-0.238911318,250
Market Model,PTEN,2023-06-15,0.1433762431,0.0743454752,0.0560671033,250
Market Model,ROCK,2025-02-11,0.153024911,0.1137460208,0.1142935829,250
Market Model,ROCK,2022-08-23,-0.017452403,0.0372074541,0.0320198126,250
Market Model,VSEC,2023-05-04,0.0859505782,0.0962778829,0.0692167344,250
Market Model,VSEC,2024-10-15,0.1637112459,0.0876645329,0.0792849101,250
Market Model,VSEC,2025-10-27,0.1009543688,0.0278220394,0.0267357037,250
Market Model,VIAV,2024-12-13,-0.002932551,0.0522731882,0.0455451651,250
Market Model,INCY,2024-04-23,-0.086521587,-0.043686466,-0.041649527,250
Market Model,SHOO,2023-10-23,0.0486066105,0.1094573344,0.1072829999,250
Market Model,UFPT,2024-07-01,0.1482771822,0.0423922314,0.0386405039,250
Market Model,UFPT,2021-12-21,0.0272138229,0.0068147949,-0.006607426,250
Market Model,VLY,2021-09-23,0.0138451748,0.0242452513,0.0187636005,250
Market Model,VLY,2019-06-26,0.0785358309,0.0532919368,0.0529694214,250
Market Model,SPG,2020-02-03,-0.013991316,-0.016878359,-0.019201922,250
Market Model,HAIN,2021-12-13,-0.019928826,0.0029733452,-0.00095438,250
Market Model,MLM,2024-02-12,0.0720045041,0.009996513,0.0094713854,250
Market Model,MLM,2021-05-24,0.0383104233,0.0336531388,0.0321966726,250
Market Model,RYN,2025-10-14,-0.043698322,-0.034762228,-0.037987229,250
Market Model,RYN,2020-01-15,0.0193390801,-0.001973356,-0.002758064,250
Market Model,BCRX,2025-10-14,-0.092857143,-0.137555026,-0.145003008,250
Market Model,ZEUS,2023-01-03,0.0107277472,0.0252514775,0.0167980446,250
Market Model,SMBC,2022-09-20,-0.068555759,-0.022450734,-0.022655511,250
Market Model,ABCB,2018-12-17,-0.307092036,-0.215796554,-0.174683755,250
Market Model,PENN,2018-11-14,-0.277129121,-0.267822118,-0.237181733,250
Market Model,AMED,2018-10-10,-0.11440237,-0.124037697,-0.121348854,250
Market Model,SIRI,2020-07-13,-0.005128205,-0.080075611,-0.08711317,250
Market Model,SIRI,2022-05-23,0.0276686095,0.047700836,0.0461376629,250
Market Model,SIRI,2018-09-24,-0.086956522,-0.12378843,-0.127302121,250
Market Model,CPE,2023-05-03,-0.165179778,-0.184507141,-0.18188329,250
Market Model,CPE,2019-11-14,-0.065491184,-0.030056196,-0.053876556,250
Market Model,DAR,2021-12-28,-0.003367003,-0.079649142,-0.084945736,250
Market Model,CVLG,2022-02-09,-0.006711409,-0.025500658,-0.029968064,250
Market Model,CVLG,2023-04-26,0.1861967695,0.0861523748,0.0862657911,250
Market Model,COF,2024-02-20,0.0738187538,0.0120277229,0.0117442899,250
Market Model,MCK,2024-01-04,0.0643152624,0.0308558597,0.0303663289,250
Market Model,MCK,2022-09-19,-0.068307711,-0.047075348,-0.046714919,250
Market Model,NWBI,2024-12-17,-0.088315217,-0.133054547,-0.132003145,250
Market Model,NWBI,2019-10-29,0.0464348373,0.0280150487,0.0267551814,250
Market Model,NSIT,2023-12-01,0.1929545297,0.0765942771,0.0830129327,250
Market Model,NSIT,2019-06-24,0.1079865017,0.0054738422,0.0033399224,250
Market Model,UPBD,2024-12-12,-0.106042023,-0.075517146,-0.07384082,250
Market Model,SNEX,2025-04-14,0.1087015329,0.1593936755,0.1590024031,250
Market Model,ACIW,2019-02-28,0.1020979021,0.0309523783,0.0315637885,250
Market Model,WAFD,2022-11-14,0.0101765343,-0.056448653,-0.06426916,250
Market Model,CBZ,2024-07-31,-0.07640114,-0.022653411,-0.045737223,250
Market Model,COOP,2023-05-10,0.0311778291,0.0002359835,-0.004250328,250
Market Model,COOP,2024-07-25,0.0803970223,0.0438640942,0.0406276158,250
Market Model,DRI,2024-07-17,-0.053341225,-0.048133329,-0.049201452,250
Market Model,GIC,2023-05-22,-0.02728764,-0.046439988,-0.056144241,250
Market Model,WAB,2023-06-16,0.0642780721,0.0071771975,0.004921428,250
Market Model,WAB,2018-05-21,0.1078806842,0.126168727,0.1299503168,250
Market Model,WAB,2024-12-30,-0.054489102,-0.071120048,-0.070972819,250
Market Model,LECO,2022-10-14,-0.036038766,-0.009302351,-0.012002504,250
Market Model,DISH,2019-07-26,-0.142095441,-0.137392472,-0.135576648,250
Market Model,IART,2022-12-01,0.1089303238,0.1159938821,0.1174207304,250
Market Model,IART,2023-12-13,0.1786885246,0.1113477804,0.1186243044,250
Market Model,IART,2020-12-16,0.1729013782,0.1700931066,0.178505734,250
Market Model,MYGN,2022-11-01,-0.080694586,-0.110894987,-0.134280474,250
Market Model,RICK,2022-12-13,0.1064660478,0.1444174312,0.1475407812,250
Market Model,RICK,2021-07-26,-0.064468212,-0.237975957,-0.269563825,250
Market Model,CCF,2022-07-18,0.194338179,0.1818034788,0.1922361317,250
Market Model,AEIS,2019-05-15,-0.059464451,0.003086086,-0.011568353,250
Market Model,OPK,2022-05-09,-0.139130435,0.1472856473,0.0935289816,250
Market Model,FFIC,2019-10-25,0.0776031434,0.0718906876,0.0719058128,250
Market Model,NWPX,2021-10-05,-0.066822067,0.0037180365,-0.004817615,250
Market Model,EL,2022-11-15,0.0437130247,-0.040600358,-0.056174674,250
Market Model,WAT,2025-07-14,-0.186071377,-0.237591445,-0.23266958,250
Market Model,CTXS,2021-01-19,0.0759591584,0.022330161,0.0181711165,250
Market Model,EME,2025-01-14,0.1149622238,0.0686704448,0.0714482363,250
Market Model,SGU,2024-12-12,-0.05152027,-0.042611773,-0.043078126,250
Market Model,HIG,2018-08-22,-0.03149456,-0.055114288,-0.056560026,250
Market Model,ALXN,2019-10-16,-0.011128628,0.0113055962,0.0041141354,250
Market Model,CMCO,2021-11-04,0.0792339552,0.0161326561,0.0105293795,250
Market Model,CMCO,2025-02-10,-0.417938805,-0.429926599,-0.429992217,250
Market Model,GEF,2018-12-20,-0.30126894,-0.233846685,-0.206383238,250
Market Model,GEF,2018-12-20,-0.147511261,-0.047838013,-0.051026878,250
Market Model,HUBG,2018-11-05,0.0517992207,0.1049241718,0.0991849997,250
Market Model,HUBG,2021-10-19,0.1355215171,0.0856370453,0.0918692214,250
Market Model,HUBG,2023-12-20,0.2491340261,0.1749238017,0.1959423054,250
Market Model,HUBG,2025-07-22,0.0911918382,0.0516146059,0.0491014822,250
Market Model,SASR,2019-09-24,0.0201526718,0.0239990264,0.0201965079,250
Market Model,FDS,2025-02-07,-0.009963532,-0.018956016,-0.019674151,250
Market Model,FDS,2021-12-27,0.0165892328,0.015786983,0.0146312816,250
Market Model,WOR,2022-06-02,-0.068670424,-0.008818476,-0.010139606,250
Market Model,WOR,2025-06-20,0.0661735081,0.0760989,0.0765222213,250
Market Model,WOR,2021-01-29,0.1453709258,0.0334694171,0.0325677781,250
Market Model,ANSS,2021-08-30,0.0097975357,-0.002969996,-0.003580596,250
Market Model,CNOB,2024-09-05,0.1276198763,0.0153160519,0.0124615537,250
Market Model,CNOB,2019-08-16,-0.109195402,-0.043108584,-0.042070803,250
Market Model,OCFC,2018-10-25,-0.066788991,-0.022402586,-0.022835753,250
Market Model,GES,2024-02-16,0.1319320215,0.0327366596,0.031952821,250
Market Model,LAMR,2022-12-12,-0.017701002,0.0246674073,0.0218079311,250
Market Model,OPCH,2021-10-01,-0.097869267,-0.088565196,-0.088000002,250
Market Model,GTN,2021-02-01,0.0150501672,-0.05135907,-0.056311479,250
Market Model,GTN,2018-06-25,0.3684210526,0.350647301,0.3803262063,250
Market Model,SSP,2020-09-24,-0.018465606,0.0433014271,0.0358274756,250
Market Model,SSP,2018-10-29,0.0557575758,0.1713312184,0.1626254601,250
Market Model,FORR,2018-11-26,0.2347292611,0.1862323911,0.2017647951,250
Market Model,CWBC,2023-10-10,-0.06744186,-0.043660394,-0.047006166,250
Market Model,VSAT,2020-12-21,-0.040583024,-0.021870639,-0.028356202,250
Market Model,DGX,2021-03-08,0.0112304287,-0.013539104,-0.016318137,250
Market Model,DGX,2023-04-27,-0.019505151,-0.041529395,-0.043045132,250
Market Model,ROK,2021-06-25,0.0948907911,0.0368967989,0.0377099993,250
Market Model,SSB,2024-05-20,-0.005885669,-0.086536566,-0.090204825,250
Market Model,SSB,2021-07-23,-0.174184261,-0.214392911,-0.204822804,250
Market Model,SSB,2020-01-27,-0.105754815,-0.112749184,-0.110543022,250
Market Model,CIEN,2025-09-22,0.6497252747,0.4060745333,0.5178945441,250
Market Model,SLGN,2021-09-20,-0.055732358,-0.076628053,-0.076809809,250
Market Model,MTN,2021-12-08,-0.143277507,-0.148010267,-0.138711504,250
Market Model,EEFT,2025-07-31,-0.12251178,-0.140766309,-0.136900601,250
Market Model,TTWO,2022-01-10,-0.074167568,-0.0119672,-0.024623584,250
Market Model,TTWO,2024-03-27,0.0111531702,-0.030493848,-0.033526846,250
Market Model,APH,2025-08-04,0.1040619344,0.0682879044,0.0706935952,250
Market Model,APH,2020-12-09,0.0786351374,0.0042184579,0.0030603887,250
Market Model,APH,2023-10-13,-0.074621583,-0.014549449,-0.014670109,250
Market Model,AMZN,2022-07-21,0.1251380199,0.0325074855,0.0287984359,250
Market Model,AMZN,2021-05-26,-0.067424936,-0.093680687,-0.09345833,250
Market Model,PPBI,2020-02-03,-0.086099297,-0.122583895,-0.11984531,250
Market Model,QRVO,2020-01-30,-0.055416918,-0.111528964,-0.116055176,250
Market Model,SLP,2024-06-12,-0.037104995,-0.063094,-0.068756059,250
Market Model,FIX,2021-12-01,0.0604939018,0.0443494302,0.0437567527,250
Market Model,MMS,2021-03-01,0.1147998544,0.1239875605,0.1268472876,250
Market Model,EGP,2022-05-26,-0.182856295,-0.212007515,-0.20181352,250
Market Model,EGHT,2021-12-01,-0.204401185,-0.23443067,-0.225280287,250
Market Model,JLL,2019-03-19,-0.08171678,-0.081462932,-0.080376535,250
Market Model,JLL,2021-10-21,0.0949757694,0.0188128938,0.0186025812,250
Market Model,AME,2021-03-22,0.0625593558,0.0719896162,0.0732181995,250
Market Model,AME,2019-09-27,0.0577471592,0.0232349055,0.0217467556,250
Market Model,AME,2022-09-30,-0.030479557,0.0383874501,0.0348533265,250
Market Model,AME,2023-10-31,-0.006240673,-0.040025442,-0.041536084,250
Market Model,VLO,2018-10-18,-0.203463993,-0.178266864,-0.165292801,250
Market Model,YUM,2020-01-06,0.0114919355,-0.0437466,-0.045955703,250
Market Model,MTOR,2019-05-08,-0.060294774,-0.029680605,-0.032640882,250
Market Model,CAC,2024-09-10,0.0899031812,0.0407047796,0.0402328995,250
Market Model,SNDA,2025-11-05,0.2039819684,0.2144998768,0.2204786014,250
Market Model,RHP,2025-05-19,0.1370694688,0.0493237891,0.0513597995,250
Market Model,GPI,2021-09-13,0.0165784925,0.0025836186,-0.003724926,250
Market Model,CWST,2023-06-12,-0.078897137,-0.126385613,-0.126434063,250
Market Model,CHH,2022-06-13,-0.084583466,-0.073996967,-0.072191055,250
Market Model,NOTV,2022-01-27,-0.240055827,-0.427715918,-0.442940837,250
Market Model,MTD,2021-03-24,0.0407308683,0.0052962494,0.0031189144,250
Market Model,ADSK,2021-02-24,-0.082890614,-0.097947501,-0.100871341,250
Market Model,MPB,2024-11-01,0.1181975737,0.0581182283,0.058433621,250
Market Model,MPB,2022-12-20,-0.097728631,-0.094753947,-0.092189707,250
Market Model,MPB,2021-06-30,-0.047803163,-0.066783999,-0.069695375,250
Market Model,URI,2024-03-04,0.0319664339,-0.052978358,-0.058261556,250
Market Model,URI,2021-04-15,-0.015467192,-0.0764356,-0.081702339,250
Market Model,ASRT,2023-04-25,-0.011945392,-0.128215433,-0.164243183,250
Market Model,PRDO,2024-07-16,0.1333019312,0.0929957686,0.0966486275,250
Market Model,DENN,2022-05-03,-0.270833333,-0.142241368,-0.121933936,250
Market Model,HFWA,2025-09-25,-0.021172638,-0.083044333,-0.086677306,250
Market Model,MRCY,2020-12-07,0.1140472879,0.0705367166,0.0723843197,250
Market Model,MRCY,2019-07-30,0.1081734186,0.107448595,0.1020181264,250
Market Model,HOPE,2024-04-29,-0.059079062,0.0003651846,-0.005282085,250
Market Model,IESC,2025-11-07,-0.078735981,-0.126944557,-0.155429998,250
Market Model,CADE,2025-01-22,0.0377915559,-0.008970548,-0.011840854,250
Market Model,PWR,2021-09-02,0.3005390836,0.1969995914,0.2224391542,250
Market Model,PWR,2019-09-09,0.156268568,0.132230658,0.1381570394,250
Market Model,PWR,2024-07-17,-0.077860271,-0.096776438,-0.103736653,250
Market Model,PWR,2025-07-25,0.056690314,0.0199677566,0.018104983,250
Market Model,BRKL,2022-05-24,-0.024377497,-0.019517363,-0.02120679,250
Market Model,NWFL,2025-07-07,0.0114128296,-0.042660139,-0.047780001,250
Market Model,BBY,2021-11-23,-0.151311421,-0.106497272,-0.107722099,250
Market Model,SEE,2019-05-01,-0.062079444,-0.04477639,-0.045580114,250
Market Model,HEI,2023-05-15,0.0667964655,0.0305336664,0.0286305027,250
Market Model,CBAN,2021-04-22,0.0064474533,-0.056174109,-0.058728303,250
Market Model,CBAN,2025-07-23,0.0563019834,-0.025061954,-0.03258113,250
Market Model,FHI,2021-04-26,-0.019792016,-0.094394373,-0.099428702,250
Market Model,AMT,2021-11-15,-0.043441132,-0.060755553,-0.061807445,250
Market Model,HZO,2021-05-03,0.3325315695,0.201516526,0.2254672875,250
Market Model,EPD,2022-01-10,0.144686907,0.1425005366,0.1513125673,250
Market Model,EPD,2024-08-21,-0.012025145,-0.023018644,-0.025068909,250
Market Model,RSG,2022-02-09,-0.106966497,-0.114659113,-0.110262976,250
Market Model,CSGP,2021-04-14,0.0852051655,0.0270544372,0.0255783779,250
Market Model,CSGP,2024-04-22,-0.053514786,-0.005187067,-0.011937948,250
Market Model,EBAY,2022-08-22,-0.047557841,-0.0545534,-0.058097294,250
Market Model,BUSE,2018-08-22,-0.00777605,-0.030403942,-0.031339841,250
Market Model,BUSE,2023-11-27,0.2169811321,0.1318377266,0.1426831342,250
Market Model,CCNE,2025-01-10,-0.112773723,-0.109114468,-0.103988009,250
Market Model,PB,2022-10-11,0.035008179,0.0908182063,0.0870136229,250
Market Model,PB,2019-06-17,-0.08813804,-0.097812159,-0.09785546,250
Market Model,PB,2025-07-18,0.0066914498,-0.050970744,-0.05653336,250
Market Model,GDEN,2018-07-16,0.1254147313,0.0594068072,0.0555561247,250
Market Model,NVDA,2025-09-15,0.0087922398,-0.079086939,-0.086349422,250
Market Model,NVDA,2024-07-17,-0.133682135,-0.215645674,-0.223287986,250
Market Model,MKSI,2018-10-30,-0.052481035,0.0552657319,0.0502475262,250
Market Model,BKNG,2021-11-12,-0.062586631,-0.108662882,-0.113178543,250
Market Model,CNX,2025-01-27,-0.238410596,-0.293457471,-0.272165533,250
Market Model,AMNB,2018-10-01,-0.080243902,-0.078466635,-0.076546714,250
Market Model,ATLC,2025-09-11,0.1769547325,0.0578206532,0.0587190207,250
Market Model,EXTR,2019-06-26,0.1260794473,0.0773724756,0.0750543181,250
Market Model,GS,2025-12-01,0.1022357465,0.0672133482,0.0698759109,250
Market Model,GS,2019-05-16,-0.048900119,0.0141274187,0.0123232716,250
Market Model,WCC,2020-01-13,-0.01587868,-0.060211954,-0.064087128,250
Market Model,WCC,2024-10-31,0.2405206903,0.1472312479,0.1587266727,250
Market Model,CBU,2019-01-22,0.1047149123,0.0475005196,0.050607734,250
Market Model,FFIV,2021-01-07,0.1474758261,0.1288177589,0.1364529649,250
Market Model,FFIV,2025-09-11,0.0163261555,-0.062362162,-0.067634017,250
Market Model,FFIV,2019-12-19,-0.035484095,-0.050759312,-0.053038047,250
Market Model,JNPR,2020-12-07,0.0864382231,0.0468794138,0.0475977297,250
Market Model,UTHR,2023-10-30,0.0102271218,0.0020933,-0.000746064,250
Market Model,LII,2025-08-18,-0.063813728,-0.098189936,-0.104317487,250
Market Model,COST,2020-03-17,-0.104834909,0.1261114999,0.1061422124,250
Market Model,BMRN,2025-05-16,-0.021591295,-0.034223666,-0.037973354,250
Market Model,MDRX,2024-02-27,-0.439496048,-0.536667817,-0.441984225,250
Market Model,MBWM,2025-07-22,0.0788873689,-0.019575699,-0.024654069,250
Market Model,DVN,2021-01-07,0.2799140343,0.2752778181,0.2915996076,250
Market Model,DVN,2022-08-09,0.1924231058,-0.053689659,-0.080374782,250
Market Model,FLWS,2020-02-18,0.1834437086,0.2391285705,0.2442272703,250
Market Model,BLK,2024-01-12,0.0457400993,-0.007704067,-0.009674485,250
Market Model,AKAM,2022-02-15,-0.122003197,-0.061141727,-0.057903372,250
Market Model,PLUG,2020-06-22,0.9160671463,0.6160835939,0.7931255074,250
Market Model,PLUG,2022-01-31,-0.255894591,-0.102184009,-0.088867308,250
Market Model,KTOS,2022-03-09,0.094011976,0.2091502044,0.1802406015,250
Market Model,A,2021-03-02,-0.00274611,-0.054714467,-0.058651017,250
Market Model,TDY,2021-01-04,-0.035327355,-0.078582015,-0.084793715,250
Market Model,TDY,2024-11-04,0.1064669843,0.0658857675,0.0672381443,250
Market Model,TDY,2018-12-19,-0.112144612,-0.04091893,-0.038997861,250
Market Model,REPX,2023-02-22,-0.110866132,-0.179445339,-0.183826138,250
Market Model,BMRC,2021-04-19,-0.103128911,-0.144909414,-0.145171079,250
Market Model,PKG,2025-07-01,0.0634823473,0.0178455253,0.0152226802,250
Market Model,LBAI,2021-07-12,-0.156097561,-0.167166746,-0.159169089,250
Market Model,EW,2019-02-12,0.1562827225,0.0403975661,0.0390987857,250
Market Model,EPC,2020-08-04,-0.026683609,-0.058756181,-0.064965747,250
Market Model,EPC,2021-11-29,0.2155592303,0.1936868635,0.2005145146,250
Market Model,WULF,2025-05-27,0.26,-0.104382433,-0.184876079,250
Market Model,LMNX,2019-01-02,-0.153486182,-0.149486949,-0.142630644,250
Market Model,GBCI,2023-08-08,0.0359281437,0.0702389977,0.061043272,250
Market Model,GBCI,2025-01-13,-0.061118102,-0.082984083,-0.084332958,250
Market Model,GBCI,2019-01-16,0.0299311672,0.0042115125,0.0034400135,250
Market Model,GBCI,2021-05-18,-0.052447552,-0.047903776,-0.051014149,250
Market Model,MNST,2022-01-13,-0.052561691,0.010759751,0.0086410868,250
Market Model,HSTM,2020-11-30,0.0828789531,0.0245601895,0.021698346,250
Market Model,ON,2024-12-09,-0.077931992,-0.057554996,-0.061145563,250
Market Model,ON,2019-03-27,-0.006660746,-0.035226256,-0.041387477,250
Market Model,FULT,2022-03-02,-0.042339833,0.0054455912,0.0042152947,250
Market Model,FULT,2025-11-24,0.0155382908,0.0180745339,0.0162884347,250
Market Model,CRL,2019-12-16,0.0999345883,0.0288514211,0.0303989569,250
Market Model,CRL,2021-02-17,0.0529738419,-0.046927885,-0.055558772,250
Market Model,CRL,2018-10-25,-0.063934925,-0.002487906,-0.006893266,250
Market Model,MRVL,2025-12-02,-0.051632174,-0.027065476,-0.04082438,250
Market Model,MRVL,2020-10-29,0.0463027089,-0.036441255,-0.044941938,250
Market Model,ENTG,2021-12-15,-0.110022004,-0.102728531,-0.10130381,250
Market Model,ENTG,2019-07-15,0.0325333333,-0.010287276,-0.014771261,250
Market Model,ILMN,2025-06-23,0.2020914703,0.1745643004,0.1895886438,250
Market Model,BRKR,2023-08-17,-0.182790022,-0.178200467,-0.164237398,250
Market Model,APPS,2020-02-10,-0.090287278,-0.292192455,-0.342231284,250
Market Model,APPS,2021-02-26,0.275862069,0.1200506556,0.0599925109,250
Market Model,RTIX,2018-11-01,0.0543478261,0.1284200044,0.1222131161,250
Market Model,SRGA,2020-09-29,-0.102325581,-0.051270105,-0.072441695,250
Market Model,ITGR,2025-01-07,0.004307869,-0.009369283,-0.01045456,250
Market Model,ITGR,2021-10-28,-0.019332162,-0.086944348,-0.092743739,250
Market Model,ITGR,2024-01-02,0.1351754185,0.0709952894,0.0751069883,250
Market Model,TTMI,2022-04-18,0.0014461316,0.0221364237,0.0181443277,250
Market Model,SHEN,2023-10-24,0.1452081317,0.2143940967,0.2129228676,250
Market Model,EXAS,2022-01-10,-0.045140602,0.0346482177,0.0189390922,250
Market Model,EXAS,2019-07-29,-0.057187554,-0.071026453,-0.070090261,250
Market Model,MCF,2021-07-08,-0.244094488,-0.392532684,-0.384523942,250
Market Model,MCF,2019-09-27,1.376146789,1.1216837704,1.4598742914,250
Market Model,GPN,2022-08-01,0.1689262473,0.0989159014,0.1078045097,250
Market Model,GPN,2025-04-17,-0.261312678,-0.217236335,-0.207459599,250
Market Model,GPN,2019-05-28,0.0572158189,0.1076088251,0.105583194,250
Market Model,CSFL,2018-11-26,0.0589732711,0.0233209124,0.0224969829,250
Market Model,IBCP,2018-09-20,-0.064705882,-0.090273419,-0.089271362,250
Market Model,FLO,2025-01-08,-0.123062899,-0.13058939,-0.124829027,250
Market Model,FCBC,2019-09-11,-0.020488099,-0.042332119,-0.045836719,250
Market Model,FCBC,2022-11-18,0.1047248547,0.048893681,0.0507722667,250
Market Model,CIVB,2022-01-10,0.0050230222,0.0037813928,0.0016992116,250
Market Model,CIVB,2025-07-10,-0.024556617,-0.079279319,-0.095797978,250
Market Model,SHBI,2021-03-03,0.3196923638,0.2562761695,0.2925461386,250
Market Model,SHBI,2022-12-14,-0.119736175,-0.128835059,-0.126276464,250
Market Model,FIS,2025-04-17,0.0663258442,0.0678262197,0.0619760009,250
Market Model,FIS,2019-03-18,0.0232556755,-0.00084659,-0.001824541,250
Market Model,MDLZ,2022-06-21,0.0099819997,0.0062354676,0.0044158243,250
Market Model,CEQP,2021-10-26,0.0700951039,-0.034219444,-0.0401938,250
Market Model,PDFS,2025-02-19,-0.151004304,-0.047712432,-0.071068413,250
Market Model,ZBH,2020-12-01,0.1095382286,-0.015751837,-0.028084227,250
Market Model,ZBH,2025-01-28,0.0069474827,0.0202360389,0.0188261107,250
Market Model,OMCL,2020-10-01,0.173266598,0.1963049314,0.2062820659,250
Market Model,OMCL,2021-12-02,0.0214440516,-0.038188306,-0.040804722,250
Market Model,OVV,2023-04-03,-0.141339121,-0.224722428,-0.236409283,250
Market Model,MKC,2020-11-24,-0.05151671,-0.117062771,-0.122370864,250
Market Model,AMN,2023-10-23,-0.100642658,-0.054092967,-0.057456615,250
Market Model,AAP,2019-12-23,0.0119460055,-0.007956608,-0.010082404,250
Market Model,ACH,2022-01-10,0.0509601182,-0.029138135,-0.046461797,250
Market Model,PRU,2019-09-05,0.0355209897,-0.009209519,-0.011783236,250
Market Model,CNC,2021-01-04,0.0758145363,0.011072277,0.0022864675,250
Market Model,FCCY,2019-06-24,-0.025515744,-0.024383741,-0.027219442,250
Market Model,SYNA,2020-07-20,0.2645316253,0.1302635559,0.1371656047,250
Market Model,SYNA,2021-08-30,0.2278830964,0.1573116276,0.1636757022,250
Market Model,MANT,2021-11-01,0.0576078533,0.0026068541,-0.005981881,250
Market Model,MANT,2019-01-28,0.1522082019,0.0292423841,0.0315231836,250
Market Model,UCB,2024-12-03,0.1899362155,0.1231893313,0.1267017934,250
Market Model,ABG,2021-12-07,-0.078870764,-0.066158121,-0.07165363,250
Market Model,VRNT,2021-08-10,-0.008837209,-0.028950448,-0.028925771,250
Market Model,NPO,2021-11-05,0.2281871735,0.1081749751,0.1189827441,250
Market Model,NPO,2025-10-08,0.0570835256,0.0052875754,0.0013091488,250
Market Model,WHG,2022-05-26,0.0343596392,0.0267977934,0.0227489726,250
Market Model,RUSHA,2021-12-13,-0.027139088,0.0024639824,0.0002289933,250
Market Model,LYTS,2024-04-18,0.0298507463,0.0472480135,0.0430362715,250
Market Model,BANC,2021-03-22,-0.048665991,-0.023165329,-0.026741177,250
Market Model,BANC,2023-07-25,0.2013710368,0.1784770691,0.1865091513,250
Market Model,SAIA,2023-09-21,-0.017537432,-0.023733143,-0.026006296,250
Market Model,XEC,2018-11-19,-0.109773138,-0.055427444,-0.064056166,250
Market Model,DKS,2025-05-15,-0.064517879,-0.164688178,-0.190640548,250
Market Model,MMLP,2018-10-24,0.2169642857,0.2759998132,0.288879181,250
Market Model,EQIX,2020-01-14,0.0800839723,0.0174388427,0.0175775299,250
Market Model,FCCO,2025-07-14,0.0824434003,0.0052170443,0.0028459614,250
Market Model,PFS,2022-09-27,-0.15066778,-0.129644559,-0.126816192,250
Market Model,FORM,2025-06-02,0.1794960304,0.05210896,0.0545556487,250
Market Model,MOH,2024-07-23,0.140733754,0.1287090567,0.1230409276,250
Market Model,MOH,2020-04-30,0.2688426025,0.1451513993,0.1579647709,250
Market Model,MOH,2023-06-30,0.1024096386,0.0939416576,0.0942438741,250
Market Model,CVCO,2025-07-14,-0.025428893,-0.105348531,-0.114741279,250
Market Model,CVCO,2021-07-26,0.0777126766,0.0518048733,0.049292955,250
Market Model,CNO,2021-02-09,0.0092511013,-0.05474161,-0.059671012,250
Market Model,PAA,2020-02-04,-0.139623957,-0.163012501,-0.154902232,250
Market Model,ANIP,2020-01-08,0.0023565056,-0.059361936,-0.068366123,250
Market Model,ANIP,2024-06-24,0.0288679857,-0.019982707,-0.028900733,250
Market Model,SNX,2021-03-22,0.278588395,0.2295621364,0.2550938461,250
Market Model,MGRC,2023-02-01,0.0475498478,-0.02144874,-0.027012374,250
Market Model,MGRC,2021-05-13,0.0366485686,0.0626596066,0.0619803306,250
Market Model,NXST,2018-12-03,0.1298437382,0.1347790769,0.1327350128,250
Market Model,NXST,2025-08-19,0.1305451796,0.1088090059,0.1123136427,250
Market Model,XPER,2019-12-19,-0.088067208,-0.175226593,-0.187224869,250
Market Model,UTI,2022-05-03,-0.10467706,-0.017199755,-0.035310135,250
Market Model,AIZ,2020-10-28,0.0439505763,0.0145313735,0.0141168229,250
Market Model,NRG,2022-12-06,-0.246674183,-0.306204296,-0.289480282,250
Market Model,NRG,2025-03-12,-0.065791976,-0.025259526,-0.04259136,250
Market Model,NRG,2019-05-20,-0.145231254,-0.177895924,-0.169134831,250
Market Model,NRG,2020-07-24,0.0472827756,-0.002718222,-0.00480227,250
Market Model,CWBC,2025-12-17,0.0767045455,0.0463797712,0.0462590135,250
Market Model,UCTT,2023-10-25,-0.134094151,-0.112982726,-0.109700192,250
Market Model,XPO,2023-09-21,0.0777441223,0.1111349535,0.1094081148,250
Market Model,ACAD,2020-08-24,-0.0890474,-0.257940335,-0.272917587,250
Market Model,CBRE,2025-11-04,0.0089890568,-0.020698947,-0.022470165,250
Market Model,CBRE,2024-02-05,0.0098375658,-0.063367473,-0.067391674,250
Market Model,CBRE,2022-11-09,0.0925631769,0.0021638639,-0.004589973,250
Market Model,CRM,2020-12-01,-0.018986524,-0.17382561,-0.197351286,250
Market Model,CRM,2019-06-10,-0.038513211,-0.069505548,-0.074370192,250
Market Model,CRM,2023-12-18,0.2021675322,0.0768924127,0.0826514598,250
Market Model,CRM,2025-05-27,-0.012619003,-0.105686929,-0.111786165,250
Market Model,BLKB,2019-01-02,-0.11169924,-0.050754097,-0.049796038,250
Market Model,BLKB,2022-01-03,-0.014048009,-0.012302183,-0.020267647,250
Market Model,PSEC,2025-04-11,-0.15809743,-0.100261283,-0.09612571,250
Market Model,EXR,2022-06-01,-0.059251162,-0.089333706,-0.097328564,250
Market Model,KRG,2021-07-19,-0.101352176,-0.189754591,-0.197163158,250
Market Model,WLK,2021-11-24,-0.100522901,-0.091703991,-0.094151635,250
Market Model,GOOGL,2019-01-03,-0.027774523,0.0563670755,0.0554744504,250
Market Model,GOOGL,2022-01-04,-0.015954057,-0.083275953,-0.085994121,250
Market Model,GOOGL,2025-03-18,-0.078088565,-0.008824015,-0.009752449,250
Market Model,KYN,2023-03-27,-0.024417314,-0.080580539,-0.084411495,250
Market Model,ONTO,2025-06-30,0.0873316498,-0.005704576,-0.013249078,250
Market Model,SHO,2024-04-10,-0.091556842,-0.062378153,-0.059947683,250
Market Model,HALO,2025-10-01,-0.11098991,-0.156814159,-0.155378135,250
Market Model,HALO,2022-04-13,0.2321832579,0.1988228536,0.2225257801,250
Market Model,ORA,2025-05-07,0.0698696353,-0.049757846,-0.052594983,250
Market Model,ORA,2023-10-23,-0.158176576,-0.134835408,-0.125052508,250
Market Model,ORA,2021-05-24,-0.09404923,-0.125048433,-0.125952798,250
Market Model,MKTX,2019-08-13,0.0418390008,0.024450945,0.0178564372,250
Market Model,BXC,2022-10-03,-0.036643357,0.065813465,0.0527499051,250
Market Model,CE,2021-06-30,-0.111025352,-0.167269057,-0.164465405,250
Market Model,WTI,2023-12-15,-0.114658586,-0.170754304,-0.174571736,250
Market Model,CZNC,2019-12-18,0.0348125478,0.019205472,0.0159420667,250
Market Model,SMMF,2022-12-09,-0.097176396,-0.139563784,-0.1374224,250
Market Model,HUN,2020-12-07,0.0206237425,-0.042644982,-0.050416775,250
Market Model,WEX,2023-07-03,0.1229406554,0.0425553036,0.0432569533,250
Market Model,WEX,2018-10-22,-0.136800947,-0.081264354,-0.077479603,250
Market Model,EFSC,2018-11-01,-0.111623439,-0.109279315,-0.1079319,250
Market Model,EFSC,2021-04-26,0.0173859685,-0.028541446,-0.033189329,250
Market Model,NDAQ,2023-06-12,-0.06125925,-0.115870183,-0.124729038,250
Market Model,ULH,2019-11-05,-0.081380208,-0.087635907,-0.113288063,250
Market Model,ULH,2024-09-30,0.0819171335,0.0412896205,0.039197376,250
Market Model,DRH,2021-08-04,-0.059134108,-0.091830813,-0.101882076,250
Market Model,MORN,2022-04-04,0.0034915427,-0.032928221,-0.039449429,250
Market Model,MORN,2025-09-23,-0.120574634,-0.152174499,-0.149015815,250
Market Model,PLBC,2025-01-29,-0.031961413,-0.032798036,-0.037952563,250
Market Model,BLDR,2021-06-29,-0.034351145,-0.142621352,-0.154200926,250
Market Model,OSK,2023-05-26,0.0638428583,0.0410564534,0.0379907844,250
Market Model,THS,2024-12-02,-0.075316108,-0.079091212,-0.09294369,250
Market Model,THS,2023-06-07,-0.017135407,-0.06846351,-0.073683256,250
Market Model,MPW,2021-06-14,-0.007212062,-0.017687471,-0.019586386,250
Market Model,CF,2023-03-20,-0.181104208,-0.251970606,-0.241551792,250
Market Model,ATRC,2019-08-12,-0.124282983,-0.106428741,-0.101512372,250
Market Model,GLP,2023-11-08,0.1426647728,0.0889524589,0.0922452534,250
Market Model,ALT,2019-07-09,0.0550847458,-0.04493523,-0.062048771,250
Market Model,ISBC,2019-07-24,0.063670412,0.064161083,0.0637742204,250
Market Model,ICE,2022-05-04,-0.276144541,-0.208243264,-0.17224412,250
Market Model,ICE,2020-08-06,0.0677749361,-0.009118751,-0.011581382,250
Market Model,HEES,2019-01-08,0.2272262027,0.2521570082,0.2667531286,250
Market Model,HEES,2022-09-19,-0.213329131,-0.038496596,-0.034110044,250
Market Model,ET,2019-09-16,0.0351413293,-0.006158285,-0.00918584,250
Market Model,ET,2021-02-17,0.1846320732,0.2019068959,0.2085997592,250
Market Model,ET,2023-03-27,-0.00311042,-0.079108444,-0.085399749,250
Market Model,ET,2024-05-28,-0.017785308,-0.043317077,-0.044596482,250
Market Model,TDG,2018-10-09,-0.030570633,-0.025145139,-0.02868973,250
Market Model,TDG,2023-03-14,-0.019179432,-0.019774062,-0.022534817,250
Market Model,TDG,2024-05-28,0.0648691578,0.0048590729,0.0039381018,250
Market Model,TDG,2025-06-30,0.0475258099,-0.012349565,-0.013927198,250
Market Model,MA,2024-09-12,0.0732540927,0.0273324774,0.0285313653,250
Market Model,MA,2020-06-23,0.0026787834,-0.082574853,-0.087770695,250
Market Model,CODI,2020-03-09,-0.369369369,-0.182156892,-0.127845764,250
Market Model,FBMS,2019-12-18,0.0734360834,0.0654116646,0.0675938674,250
Market Model,FBMS,2022-07-27,0.0040983607,-0.029482069,-0.033996341,250
Market Model,ATEC,2023-04-19,-0.028086218,-0.106026217,-0.114878359,250
Market Model,HOMB,2025-12-08,0.0694229922,0.0539155961,0.053900772,250
Market Model,HOMB,2021-09-15,-0.021315193,-0.027910543,-0.031496726,250
Market Model,PGTI,2019-12-10,-0.01171875,-0.00179567,-0.004741358,250
Market Model,PGTI,2022-10-17,0.0609514371,0.1007931839,0.0887537182,250
Market Model,GTLS,2019-05-09,-0.044085146,-0.087124904,-0.095009522,250
Market Model,GTLS,2022-11-09,-0.36816623,-0.514608838,-0.529224505,250
Market Model,GTLS,2021-02-16,-0.001531282,-0.078610139,-0.102139162,250
Market Model,KALU,2020-11-30,0.472758406,0.2926473194,0.3432847324,250
Market Model,LDOS,2019-12-17,0.080884499,0.0210309461,0.0203771632,250
Market Model,LDOS,2021-02-23,-0.196430165,-0.212394264,-0.198038101,250
Market Model,LDOS,2025-05-28,-0.009125214,-0.043797457,-0.048390228,250
Market Model,HRI,2024-07-23,0.1409941128,0.1388658215,0.1376687583,250
Market Model,KBR,2024-07-16,0.0776067762,0.0563844263,0.0578367827,250
Market Model,TAST,2019-02-20,0.2321016166,0.1808764185,0.1851914931,250
Market Model,AVAV,2021-01-13,0.5356376639,0.4159766607,0.4693862796,250
Market Model,AVAV,2024-11-19,-0.108883951,-0.201323426,-0.206648258,250
Market Model,AVAV,2023-08-22,-0.01410642,-0.031108094,-0.032387261,250
Market Model,CORR,2021-02-04,0.1971223022,0.2626100117,0.2475572644,250
Market Model,BBDC,2020-08-10,0.1082887701,0.0794790578,0.0827432537,250
Market Model,BBDC,2021-09-21,0.0318502172,0.0079976913,0.0073817493,250
Market Model,SFNC,2021-11-19,-0.055394525,-0.093210071,-0.098767596,250
Market Model,TMUS,2021-02-02,-0.077122729,-0.14851446,-0.153672307,250
Market Model,TMUS,2024-05-28,0.0891129522,0.0709844809,0.0733836311,250
Market Model,CLR,2022-01-25,0.2225189141,0.1575278124,0.1656836936,250
Market Model,TRS,2022-02-28,-0.066386603,-0.044258427,-0.043588264,250
Market Model,TTGT,2024-01-10,0.0321861058,0.0928380947,0.0708472155,250
Market Model,BX,2021-12-20,-0.105345591,-0.171061145,-0.175616952,250
Market Model,PRO,2021-11-30,0.1136666667,0.1537758671,0.1442638119,250
Market Model,RIOT,2024-07-23,0.0858638743,0.1674528894,0.1315186532,250
Market Model,MASI,2022-02-15,-0.344903038,-0.241723158,-0.267039551,250
Market Model,VMW,2019-08-22,-0.248324749,-0.27477713,-0.248253883,250
Market Model,TOWN,2022-08-18,0.039957939,-0.003036914,-0.003725652,250
Market Model,TOWN,2024-09-24,-0.06086176,-0.063703693,-0.062690052,250
Market Model,CIM,2024-10-17,-0.020214782,-0.026776161,-0.02800498,250
Market Model,APEI,2020-10-28,0.032122905,0.0046080029,-0.003392776,250
Market Model,LIVE,2023-01-19,0.3939393939,0.3200366067,0.3589296067,250
Market Model,MOFG,2018-08-21,-0.007054674,-0.015853623,-0.017207138,250
Market Model,HI,2022-12-01,0.1398399289,0.1063090939,0.1091727879,250
Market Model,HI,2019-07-12,-0.114479889,-0.127147852,-0.134355077,250
Market Model,NOG,2021-02-03,0.454954955,0.4210866002,0.4800156535,250
Market Model,NOG,2025-12-08,0.103515625,0.1336860795,0.131798449,250
Market Model,NOG,2023-11-21,-0.047997947,-0.183145641,-0.19299987,250
Market Model,NOG,2022-09-30,0.0457234002,0.0783534197,0.0586102219,250
Market Model,NX,2022-11-01,0.1689708141,0.1154059837,0.1208831439,250
Market Model,UNH,2021-01-06,0.0147189117,-0.060186392,-0.064137819,250
Market Model,UNH,2019-12-09,0.1430852281,0.1169075544,0.1238768459,250
Market Model,UNH,2023-06-26,-0.002124695,-0.036033949,-0.040457837,250
Market Model,UNH,2022-03-29,0.0912954598,0.0441363812,0.0449789207,250
Market Model,WES,2018-11-08,-0.028446338,0.0064192796,-0.003863797,250
Market Model,OCSL,2020-10-29,0.0165289256,-0.020154161,-0.021891792,250
Market Model,BDGE,2020-07-01,-0.145763523,-0.174486174,-0.17968051,250
Market Model,PRIM,2020-12-14,0.2339945897,0.1194004564,0.1339424927,250
Market Model,PRIM,2022-06-27,-0.100261047,-0.042672616,-0.043925635,250
Market Model,MYRG,2019-07-15,0.0791431122,0.0373620787,0.0368076024,250
Market Model,HBCP,2021-12-15,-0.020901832,-0.015424212,-0.018825564,250
Market Model,LOPE,2019-01-22,-0.081820887,-0.138703068,-0.139363965,250
Market Model,ORRF,2023-12-12,0.3242009132,0.2590181924,0.2865567625,250
Market Model,ORRF,2018-10-23,-0.129894897,-0.115370912,-0.119255289,250
Market Model,STWD,2025-07-16,0.0213590595,-0.023964629,-0.027040083,250
Market Model,AVGO,2019-08-08,-0.021347905,0.0161521402,0.013232365,250
Market Model,AVGO,2022-05-26,0.0067555492,0.0253893588,0.025469626,250
Market Model,ADUS,2019-08-26,0.0801933565,0.0928060636,0.0925822519,250
Market Model,ADUS,2023-06-29,-0.02172683,-0.081422239,-0.085150723,250
Market Model,VRSK,2022-02-24,-0.041603274,-0.035957321,-0.037096689,250
Market Model,H,2021-08-16,-0.053621078,-0.094973392,-0.099009818,250
Market Model,H,2024-08-20,-0.034487238,-0.045417078,-0.047051088,250
Market Model,LEA,2019-04-02,-0.000065785,0.008425269,0.0050476803,250
Market Model,KAR,2021-08-23,0.0300429185,0.0103656227,0.0042631002,250
Market Model,CELH,2024-11-01,-0.028244788,-0.077875682,-0.103884207,250
Market Model,QNST,2020-07-14,0.1190926276,0.0683879166,0.0633861889,250
Market Model,MXL,2020-04-06,0.0864371047,0.2667930679,0.2035317605,250
Market Model,FIBK,2018-10-11,-0.053669222,-0.009940088,-0.010453432,250
Market Model,FIBK,2021-09-15,-0.1626359,-0.176239029,-0.166711228,250
Market Model,SSNC,2024-09-12,0.0796365853,0.0350151217,0.0370925788,250
Market Model,SPSC,2024-08-01,0.0302574216,0.1057483868,0.1012819761,250
Market Model,SPSC,2020-12-17,0.177877429,0.0838218061,0.0891762167,250
Market Model,RCM,2021-05-04,-0.017749092,-0.075447066,-0.087538063,250
Market Model,RCM,2020-01-13,0.0776,-0.01043056,-0.01580868,250
Market Model,CRMD,2025-08-07,0.1110132159,0.0201528487,-0.004305468,250
Market Model,FAF,2020-02-13,0.1088180113,0.0625804354,0.0652133087,250
Market Model,HPP,2021-08-17,-0.028560831,-0.064837739,-0.067088245,250
Market Model,HPP,2022-08-31,-0.027510316,0.0166728351,0.0114996927,250
