Deal Number,Acquiror ticker symbol,Announced date,Deal value th USD,DlyCap,Relative_Size,Model,evtdate,cret,car,bhar,nrets_est,Percent_Stock,Public_Target,Same_Industry,Log_Acq_Size
1909565183.0,KWR,2017-04-05,862500.0,1707409.6,0.5051511951203741,Market Model,2017-04-05,0.078867543,0.0755657076,0.0757596373,250.0,0.0,0,1,14.350487926126583
1941018982.0,D,2018-01-03,13400000.0,51662588.4,0.2593753122907795,Market Model,2018-01-03,-0.052183568,-0.055306692,-0.054715772,250.0,0.5074626865671642,1,1,17.760244448906395
1941019078.0,ENR,2018-01-15,2000000.0,3091160.46,0.6470062055594487,Market Model,2018-01-16,0.1086069555,0.1062659891,0.1015662878,250.0,0.0,0,1,14.94405713176946
1941070569.0,CNP,2018-04-23,8481622.0,11511646.28,0.7367861897160378,Market Model,2018-04-23,-0.060044477,-0.055493875,-0.054331758,250.0,0.0,1,1,16.258869800878532
1941079617.0,CADE,2018-05-13,1400000.0,2527983.75,0.5538010281909447,Market Model,2018-05-14,-0.022954092,-0.02078344,-0.021002508,220.0,1.0,0,0,14.742932606221895
1941083372.0,FITB,2018-05-21,4700000.0,23005245.76,0.2043012297730828,Market Model,2018-05-21,-0.070533372,-0.070482199,-0.071885681,250.0,0.9,1,1,16.95123282440967
1941040317.0,WAB,2018-05-21,11100000.0,9149948.37,1.213121599286139,Market Model,2018-05-21,0.0352628784,0.0355337882,0.0354446189,250.0,0.0,0,0,16.029258794612833
1941085082.0,IBTX,2018-05-22,1036351.0,2230039.2,0.4647232210088504,Market Model,2018-05-22,-0.042553191,-0.050032475,-0.050275449,250.0,1.0,1,1,14.617529721757139
1941041290.0,FTV,2018-06-06,2800000.0,25898082.3,0.1081161132922957,Market Model,2018-06-06,0.0502356902,0.0397401444,0.0401222972,250.0,0.0,0,1,17.069679481457445
1941097973.0,DIS,2018-06-20,85100000.0,157744281.1,0.5394807304998394,Market Model,2018-06-20,-0.010928451,-0.00150547,-0.001617754,250.0,0.4189189189189189,0,0,18.876485805796587
1941099582.0,GTN,2018-06-23,3647000.0,74355.45,49.048186783887395,Market Model,2018-06-25,0.3936651584,0.3697027999,0.4016638081,250.0,0.21853578283520703,0,1,11.21661225115208
1941730241.0,GDEN,2018-07-16,190000.0,805070.5,0.2360041760317885,Market Model,2018-07-16,0.1434977578,0.1279305154,0.1334411983,250.0,0.18421052631578946,0,0,13.598685130205755
1941112505.0,VBTX,2018-07-24,1000000.0,792411.37,1.2619707867139769,Market Model,2018-07-24,-0.029990628,-0.037910627,-0.038878804,250.0,1.0,1,1,13.58283594251732
1941112288.0,SNV,2018-07-24,2900000.0,6539436.8,0.4434632658274181,Market Model,2018-07-24,-0.083867424,-0.098270342,-0.098670989,250.0,1.0,1,1,15.693361603517216
1941118434.0,SWK,2018-08-07,690000.0,22186450.0,0.0311000633269405,Market Model,2018-08-07,-0.008788319,-0.015717807,-0.015775611,250.0,0.0,0,1,16.914992300136433
1941119291.0,WSFS,2018-08-08,1500000.0,1758580.2,0.8529608146389912,Market Model,2018-08-08,-0.088187556,-0.091658359,-0.091038519,250.0,0.853582,1,1,14.380017336907668
1941124397.0,MOFG,2018-08-21,152900.0,402315.32,0.3800501556838551,Market Model,2018-08-21,0.007761194,0.0047311013,0.0044405298,250.0,0.7724002616088947,0,1,12.904991438246869
1941134579.0,BUSE,2018-08-22,264300.0,1557730.83,0.1696698780751485,Market Model,2018-08-22,0.0249121686,0.0233054969,0.02343362,250.0,0.7,0,1,14.258740724119866
1941124168.0,HIG,2018-08-22,2200000.0,18759650.46,0.1172729739656353,Market Model,2018-08-22,-0.040015391,-0.040767106,-0.040869417,250.0,0.0,1,1,16.74721886917261
1941056297.0,HCA,2018-08-31,1500000.0,46034115.21,0.0325845298243975,Market Model,2018-08-31,0.0170271037,0.018539346,0.0184791334,250.0,0.0,0,1,17.644893314578027
1941130121.0,SAIC,2018-09-10,2500000.0,3814107.7,0.6554613022595035,Market Model,2018-09-10,-0.113992496,-0.121682221,-0.119267215,250.0,0.64,1,1,15.154217302814082
1941132203.0,PRK,2018-09-13,141800.0,1702196.37,0.0833041372306533,Market Model,2018-09-13,-0.026136053,-0.031430815,-0.031387544,250.0,0.7997179125528914,0,0,14.347429957488357
1941133072.0,UNVR,2018-09-17,2000000.0,3874332.6,0.5162179416398065,Market Model,2018-09-17,0.0347476225,0.036720531,0.0370519979,250.0,0.0,0,1,15.169883973677841
1941134857.0,IBCP,2018-09-20,726500.0,585661.75,1.2404771184049497,Market Model,2018-09-20,-0.002061856,-0.008435102,-0.008739188,250.0,0.0,1,0,13.280497683474424
1941135605.0,SIRI,2018-09-24,3500000.0,31326972.9,0.1117248069633948,Market Model,2018-09-24,-0.105563481,-0.10462773,-0.104356809,250.0,1.0,1,1,17.2599900384072
1941139645.0,AMNB,2018-10-01,84200.0,339846.0,0.247759279202933,Market Model,2018-10-01,-0.039487179,-0.039051836,-0.039168967,250.0,1.0,1,1,12.736247852807034
1941139226.0,CLDR,2018-10-03,1794207.0,2553826.6,0.7025563129462274,Market Model,2018-10-03,0.1082024433,0.1189035294,0.1179747091,250.0,1.0,1,1,14.753103419769362
1941152135.0,AM,2018-10-09,7200000.0,5514086.6,1.305746630820053,Market Model,2018-10-09,0.1442501681,0.1787972752,0.1777707858,250.0,0.026125,1,0,15.522816575919517
1941112138.0,TDG,2018-10-09,4000000.0,18728029.65,0.2135836003442038,Market Model,2018-10-09,-0.05628018,-0.03167392,-0.030726627,250.0,0.0,1,1,16.745531871342575
1941141997.0,FRME,2018-10-10,290900.0,2253731.55,0.129074822598104,Market Model,2018-10-10,-0.032646801,0.0158644556,0.0155231343,250.0,1.0,1,1,14.628097867110082
1941141641.0,AMED,2018-10-10,340000.0,3788900.22,0.0897358020159211,Market Model,2018-10-10,-0.028588547,-0.001319752,-0.001823349,250.0,0.0,0,1,15.14758635552889
1941142565.0,FIBK,2018-10-11,181300.0,1749203.1,0.1036471979726082,Market Model,2018-10-11,-0.060665362,-0.027400683,-0.026318182,250.0,0.9702151130722559,0,1,14.37467087075807
1941143573.0,TWLO,2018-10-15,3000000.0,5764275.0,0.520447064028,Market Model,2018-10-15,0.095684803,0.0305031575,0.030755591,250.0,1.0,1,1,15.567189944887131
1941149081.0,VLO,2018-10-18,950000.0,44338268.52,0.0214261862655163,Market Model,2018-10-18,-0.124162024,-0.114570048,-0.112049405,250.0,0.0,1,0,17.607358711322306
1941222285.0,WEX,2018-10-22,310000.0,8009510.04,0.038703990437847,Market Model,2018-10-22,-0.021130905,-0.014693882,-0.01469994,250.0,0.0,0,1,15.896140148634345
1941228621.0,ORRF,2018-10-23,58500.0,197993.46,0.2954643047300653,Market Model,2018-10-23,-0.15676359,-0.148549207,-0.144914262,250.0,0.0,1,1,12.19598927882813
1941239205.0,MMLP,2018-10-24,145000.0,476239.2,0.3044688467476008,Market Model,2018-10-24,0.0381742739,0.0544223097,0.0545821728,250.0,0.0,0,0,13.073675528000562
2008235525.0,CRL,2018-10-25,83000.0,5441064.96,0.015254366674571,Market Model,2018-10-25,-0.027304877,0.0060605864,0.0032060475,250.0,0.0,0,1,15.509485364378598
1941148883.0,OCFC,2018-10-25,80000.0,1170360.58,0.0683550021823188,Market Model,2018-10-25,-0.009535161,0.0128002557,0.0116279021,250.0,1.0,0,1,13.97282244732795
1941148354.0,IBM,2018-10-28,34000000.0,113904318.72,0.2984961446771735,Market Model,2018-10-29,-0.087386319,-0.081896617,-0.079213754,250.0,0.0,0,0,18.550869344467685
1941149005.0,SSP,2018-10-29,521000.0,1112592.25,0.4682757766827874,Market Model,2018-10-29,0.010391198,0.0225660834,0.0218844068,250.0,0.0,0,1,13.922203210933063
1941178399.0,HBNC,2018-10-29,135300.0,650337.6,0.2080457903710319,Market Model,2018-10-29,0.0066066066,0.0103013952,0.0099413773,250.0,0.0,0,1,13.3852468916537
1941156664.0,MKSI,2018-10-30,1000000.0,3740080.8,0.2673739027242406,Market Model,2018-10-30,0.0411133088,0.0091450054,0.0087360253,250.0,0.0,1,1,15.134617773435421
1941150683.0,RTIX,2018-11-01,300000.0,290655.96,1.032148110776741,Market Model,2018-11-01,-0.064049587,-0.080418144,-0.079813995,250.0,0.0,0,0,12.579895578682201
1941150553.0,EFSC,2018-11-01,213000.0,1002521.85,0.212464197164381,Market Model,2018-11-01,0.0066666667,-0.010932257,-0.011056138,250.0,0.8215962441314554,0,0,13.818029233436565
1941151249.0,HUBG,2018-11-05,255000.0,1556907.84,0.1637861878837992,Market Model,2018-11-05,0.0426264801,0.0355494544,0.0356091595,250.0,0.0,0,0,14.258212258312849
1941153165.0,WES,2018-11-08,4015000.0,7137522.93,0.5625200842612215,Market Model,2018-11-08,0.127100073,0.1216994123,0.1204324621,250.0,0.5,0,1,15.7808763455507
1941153160.0,COHR,2018-11-09,3200000.0,3295430.38,0.971041603373214,Market Model,2018-11-09,-0.101618837,-0.050389247,-0.048737619,250.0,0.0,1,1,15.008047333474185
1941259305.0,NGHC,2018-11-13,52800.0,2970798.09,0.0177730018669831,Market Model,2018-11-13,-0.118275739,-0.107478731,-0.106469776,250.0,0.0,0,1,14.904341191852607
1941154951.0,PENN,2018-11-14,300000.0,2348594.56,0.1277359681868632,Market Model,2018-11-14,0.0653040877,0.0603308081,0.059404524,250.0,0.0,0,1,14.66932764763691
1941156205.0,XEC,2018-11-19,1600000.0,8463798.56,0.1890404159146245,Market Model,2018-11-19,-0.064791901,-0.032364135,-0.032075622,250.0,0.0,1,1,15.951308633175074
1941160084.0,FORR,2018-11-26,245000.0,792657.6,0.3090867986378986,Market Model,2018-11-26,0.0174563591,0.0096754313,0.0082231592,250.0,0.0,0,1,13.58314662931599
1941158700.0,CSFL,2018-11-26,850400.0,2319973.25,0.3665559505912406,Market Model,2018-11-26,0.0126633987,0.0043815614,0.0042860594,250.0,1.0,1,1,14.657066213403606
1941159687.0,PBCT,2018-11-27,327000.0,6118448.29,0.0534449233696146,Market Model,2018-11-27,0.0289308176,-0.005450425,-0.005860151,250.0,1.0,1,1,15.626819074954316
1941160584.0,KHC,2018-11-29,200000.0,62410683.3,0.0032045795595383,Market Model,2018-11-29,-0.013127413,-0.033189331,-0.033186313,250.0,0.0,0,0,17.949247025416227
1941219247.0,HXL,2018-11-30,160000.0,5228549.35,0.0306012221152698,Market Model,2018-11-30,0.03210405,0.0165500751,0.0167604114,250.0,0.0,0,1,15.46964442662977
1941143890.0,NXST,2018-12-03,7200000.0,3769375.68,1.9101306452956155,Market Model,2018-12-03,0.0542578173,0.0622021066,0.0607672063,250.0,0.0,1,1,15.142419943588632
1941162976.0,CATC,2018-12-05,67000.0,351514.66,0.1906037147924357,Market Model,2018-12-06,-0.050640146,-0.037496699,-0.036679399,233.0,0.0,0,1,12.770006696333272
1941164314.0,TVTY,2018-12-09,1400000.0,1634552.5,0.8565035384302432,Market Model,2018-12-10,-0.328121183,-0.310927717,-0.306707279,250.0,0.0,0,0,14.306879624544916
1941164722.0,CSL,2018-12-10,197000.0,5925918.4,0.0332437922196161,Market Model,2018-12-10,-0.009589718,0.0048589877,0.0047045001,250.0,0.0,0,0,15.594846237192966
1941178455.0,KAI,2018-12-10,179000.0,916993.92,0.1952030390779472,Market Model,2018-12-10,-0.022101365,-0.002606082,-0.004400396,250.0,0.0,0,1,13.728856120900373
1941164490.0,HMN,2018-12-10,405000.0,1564355.61,0.2588925417028421,Market Model,2018-12-10,0.021978022,0.0439279385,0.0439953829,250.0,0.0,0,1,14.262984546365033
1941165187.0,BBT,2018-12-11,176000.0,36180609.0,0.0048644841771458,Market Model,2018-12-11,-0.017624843,-0.023950059,-0.023953586,250.0,1.0,1,1,17.404033870293905
1941181603.0,AMAG,2018-12-13,415000.0,595746.0,0.6966056003733134,Market Model,2018-12-13,-0.047078843,-0.02530101,-0.024366991,250.0,0.0,0,0,13.297569680712682
1941166676.0,CNMD,2018-12-13,365000.0,1901801.69,0.1919232704015527,Market Model,2018-12-13,-0.046257853,-0.038685251,-0.039018237,250.0,0.0,0,1,14.458312252718908
1941167370.0,ABCB,2018-12-17,750700.0,1616052.06,0.4645271143059586,Market Model,2018-12-17,-0.076392878,-0.031719927,-0.033577488,250.0,1.0,1,1,14.29549673289081
1941168663.0,MMM,2018-12-19,1000000.0,113289758.72,0.0088269232038134,Market Model,2018-12-19,-0.028212841,0.0111918055,0.0107754311,250.0,0.0,0,0,18.54545933109191
1941186916.0,TDY,2018-12-19,225000.0,7328005.69,0.0307041246306674,Market Model,2018-12-19,-0.020425489,0.0107206349,0.0102580596,250.0,0.0,0,1,15.807213961809602
1941168877.0,GEF,2018-12-20,1800000.0,1091337.87,1.649351726427307,Market Model,2018-12-20,-0.218844279,-0.168299583,-0.160440202,250.0,0.0,0,1,13.90291490523097
1941172231.0,CUB,2019-01-02,87000.0,1673087.42,0.0519996737528514,Market Model,2019-01-02,-0.001125704,0.0094116755,0.0095763683,250.0,0.0,0,0,14.330181232040736
1941170843.0,OHI,2019-01-02,600000.0,7054499.55,0.0850520998332192,Market Model,2019-01-02,-0.018197327,-0.013499163,-0.01402704,250.0,0.0,1,1,15.769176205246277
1941172705.0,BLKB,2019-01-02,157000.0,3054864.3,0.0513934448741307,Market Model,2019-01-02,-0.029721956,-0.009210721,-0.009281381,250.0,0.0,0,1,14.93224573061601
1941172470.0,LMNX,2019-01-02,75000.0,1014505.89,0.0739276141610178,Market Model,2019-01-02,-0.042314335,-0.035057574,-0.034345085,250.0,0.0,0,1,13.829912244046826
1941171410.0,BMY,2019-01-03,74000000.0,85576193.57,0.8647264725495082,Market Model,2019-01-03,-0.089725206,-0.091833657,-0.097390112,250.0,0.0,1,1,18.26491768993152
1941713348.0,GOOGL,2019-01-03,60000.0,315604552.56,0.0001901113260671,Market Model,2019-01-03,0.0316854234,0.0144584444,0.0149088558,250.0,0.0,0,1,19.57000057192701
1941172578.0,LLY,2019-01-05,8000000.0,121461860.52,0.0658642965433805,Market Model,2019-01-07,0.0451891115,-0.00194643,-0.002041937,250.0,0.0,0,0,18.615110866281146
1941174066.0,MSI,2019-01-07,445000.0,18897295.68,0.0235483429764485,Market Model,2019-01-07,0.0789996389,0.0332713206,0.0343603321,250.0,0.0,0,0,16.75452938407785
1941173310.0,HEES,2019-01-08,100000.0,830458.16,0.1204154583778188,Market Model,2019-01-08,0.1170117012,0.0732404502,0.0768403715,250.0,0.0,0,1,13.629732827476824
1941236782.0,GBCI,2019-01-16,85028.0,3511889.1,0.0242114706868163,Market Model,2019-01-16,0.039606337,0.0186239892,0.0186967399,250.0,1.0,0,1,15.071664655789819
1941177239.0,FISV,2019-01-16,39000000.0,29453200.0,1.3241345592329523,Market Model,2019-01-16,0.008391987,-0.009709073,-0.010809428,250.0,0.5641025641025641,1,0,17.19831312090257
1941197722.0,CBU,2019-01-22,93400.0,3273344.7,0.0285335058052395,Market Model,2019-01-22,-0.039572864,-0.040544994,-0.040257513,250.0,0.0,0,1,15.001322864161601
1941208921.0,LOPE,2019-01-22,365800.0,4506793.5,0.0811663547486699,Market Model,2019-01-22,0.0180557085,0.0148226603,0.0144864321,250.0,0.0,0,0,15.321096483006086
1941203577.0,MANT,2019-01-28,115000.0,1463375.11,0.0785854557824206,Market Model,2019-01-28,-0.014092141,-0.015054467,-0.015047849,250.0,0.0,0,1,14.196256044950673
1941182172.0,TCF,2019-01-28,3500000.0,3599651.9,0.972316239800854,Market Model,2019-01-28,0.056770591,0.0551303885,0.0553782642,250.0,1.0,1,1,15.096347704306686
1941183829.0,CACI,2019-01-30,750000.0,3918687.3,0.1913906220585653,Market Model,2019-01-30,0.0707057769,0.0467583107,0.047615414,250.0,0.0,0,1,15.181267283235366
1941199663.0,NWLI,2019-02-01,205500.0,1042138.8,0.1971906237441692,Market Model,2019-02-01,0.0027878265,-0.004481402,-0.004549451,250.0,0.0,0,1,13.856785697798681
1941167024.0,CSCO,2019-02-06,660000.0,209078240.0,0.003156713008489,Market Model,2019-02-06,-0.013727561,-0.007086546,-0.007076207,250.0,0.0,0,1,19.15821909394307
1941188243.0,KRP,2019-02-07,151300.0,313869.5,0.4820474751449249,Market Model,2019-02-07,0.0341255332,0.0409230612,0.0404490288,250.0,0.0,0,0,12.656732573407115
1941188440.0,CARB,2019-02-07,618500.0,999032.35,0.6190990712162624,Market Model,2019-02-07,-0.180130629,-0.164979821,-0.166379725,250.0,0.0,0,0,13.814542439488775
1941190343.0,EW,2019-02-12,100000.0,36230282.19,0.0027601220292896,Market Model,2019-02-12,0.0250101786,0.0012908173,0.0011052716,250.0,0.0,1,1,17.40540585168995
1941192325.0,TTC,2019-02-15,700000.0,6576524.76,0.1064391947944251,Market Model,2019-02-15,0.0261712439,0.0170485404,0.0169369239,250.0,0.0,0,1,15.699017011804434
1941194206.0,TAST,2019-02-20,238000.0,334187.7,0.7121746252181035,Market Model,2019-02-20,0.1797631862,0.1762954477,0.1811368059,250.0,1.0,0,1,12.719458090157339
1941194957.0,GABC,2019-02-21,68200.0,788707.53,0.0864705830816652,Market Model,2019-02-21,-0.015560495,-0.016451468,-0.016504517,250.0,0.7653958944281525,1,0,13.578150846696916
1941195661.0,DHR,2019-02-25,21400000.0,79606220.0,0.2688232150703802,Market Model,2019-02-25,0.0958818821,0.0876756738,0.0885146368,250.0,0.0,0,0,18.192602788465305
1941198001.0,MIDD,2019-02-27,105000.0,6645367.9,0.0158004796092628,Market Model,2019-02-27,0.0326846938,0.0372668704,0.0363590808,250.0,0.0,0,1,15.709430613532943
1941198628.0,ACIW,2019-02-28,750000.0,3621338.74,0.2071057290818367,Market Model,2019-02-28,0.064028314,0.0537208086,0.0547601507,250.0,0.0,0,0,15.102354333115809
1941200781.0,PCRX,2019-03-05,220000.0,1680534.8,0.1309107077104264,Market Model,2019-03-05,-0.1145364,-0.108793096,-0.104180073,249.0,0.0,0,0,14.334622634055469
1941206481.0,FIS,2019-03-18,43000000.0,35159638.48,1.222993234826913,Market Model,2019-03-18,-0.010948228,-0.020568164,-0.020706998,250.0,0.0,1,1,17.375409348589596
1941207944.0,JLL,2019-03-19,1800000.0,7437298.44,0.2420233656779275,Market Model,2019-03-19,-0.052680279,-0.051946626,-0.051590536,250.0,0.0,1,0,15.822018227964595
1941210137.0,TMO,2019-03-24,1700000.0,106203574.56,0.016006994181157,Market Model,2019-03-25,0.0014388489,0.0153219932,0.01493893,250.0,0.0,0,0,18.48086832496273
1941210413.0,CUZ,2019-03-25,1589433.0,4153216.08,0.3826993273126304,Market Model,2019-03-25,-0.055776892,-0.046266213,-0.046786253,250.0,1.0,1,1,15.239393551117319
1941212348.0,ON,2019-03-27,936000.0,8651895.0,0.1081843919742437,Market Model,2019-03-27,-0.032919847,-0.042617659,-0.04231061,250.0,0.0,1,1,15.973288930059116
1941213202.0,PRGS,2019-03-28,225000.0,1647649.85,0.1365581406753382,Market Model,2019-03-28,0.1949905737,0.1872317828,0.1922250767,250.0,0.0,1,0,14.314860497216484
1941250921.0,EHC,2019-04-01,217500.0,5766649.6,0.0377168746302879,Market Model,2019-04-01,0.0001651539,-0.016246618,-0.016319632,250.0,0.0,0,1,15.567601811257946
1941214800.0,LEA,2019-04-02,320000.0,8799890.85,0.0363640874022886,Market Model,2019-04-02,0.0852553239,0.0719370229,0.0739077131,250.0,0.0,0,0,15.990249875962421
1941216718.0,VICI,2019-04-05,558000.0,8885487.75,0.0627990286745935,Market Model,2019-04-05,0.0072992701,0.002817075,0.002798758,243.0,0.0,0,0,15.999929913956118
1941218912.0,AOS,2019-04-08,107000.0,7823271.51,0.0136771425947864,Market Model,2019-04-08,-0.017876687,-0.0142581,-0.01440094,250.0,0.0,0,1,15.87261337669924
2007005785.0,CAMP,2019-04-15,50000.0,434201.7,0.1151538559153499,Market Model,2019-04-15,0.01003861,0.0083675592,0.0081848099,250.0,0.0,0,1,12.981264451665094
1941222563.0,COUP,2019-04-16,215000.0,5968022.3,0.0360253345568095,Market Model,2019-04-16,-0.064499431,-0.071862133,-0.07106738,250.0,0.0,0,1,15.601926157453928
1941221859.0,COLD,2019-04-16,1240000.0,4567975.8,0.2714550282862707,Market Model,2019-04-16,-0.02060528,-0.025780447,-0.026002852,250.0,0.0,0,1,15.334580732580658
1941225838.0,RGEN,2019-04-26,240000.0,2522795.76,0.0951325524663161,Market Model,2019-04-26,0.2260188646,0.2079446199,0.2116951534,250.0,0.1875,0,0,14.740878273097952
1941202167.0,PH,2019-04-29,3675000.0,23673795.0,0.1552349338160611,Market Model,2019-04-29,-0.005164268,-0.012252388,-0.012348213,250.0,0.0,0,0,16.979879298169813
1941227767.0,HWC,2019-04-30,213106.0,3769525.8,0.0565339014260096,Market Model,2019-04-30,-0.004409376,0.0045568428,0.0041505753,250.0,1.0,1,1,15.142459769019544
1941228349.0,PS,2019-05-01,170000.0,3381451.71,0.050274265191266,Market Model,2019-05-01,0.0017401392,0.016695222,0.0160326214,187.0,0.0,0,1,15.033815675250478
1941228392.0,SEE,2019-05-01,475000.0,7261158.24,0.0654165608708728,Market Model,2019-05-01,-0.043609023,-0.036062104,-0.037027236,250.0,0.0,0,0,15.798049911266357
1941232712.0,MSON,2019-05-02,121000.0,163511.36,0.7400097461118298,Market Model,2019-05-02,-0.002306805,-0.010786856,-0.01194792,250.0,0.8016528925619835,0,0,12.004637747028138
1941228837.0,POST,2019-05-02,85000.0,7437465.75,0.0114286240578654,Market Model,2019-05-02,-0.085298812,-0.091442668,-0.0896344,250.0,0.0,0,1,15.822040723783402
1941230901.0,MPLX,2019-05-08,14000000.0,25563978.21,0.5476455927553382,Market Model,2019-05-08,-0.033574428,-0.015064153,-0.014758781,250.0,0.0,1,0,17.056694817381427
1941230963.0,PETQ,2019-05-08,185000.0,630338.2,0.2934932390262878,Market Model,2019-05-08,0.015697467,0.0290585574,0.0287202718,250.0,0.0,0,0,13.354011779725335
1941231136.0,MTOR,2019-05-08,175000.0,1872849.56,0.0934405003677924,Market Model,2019-05-08,-0.032300306,-0.006987189,-0.006863266,250.0,0.0,0,1,14.442971657858676
1941231934.0,BSX,2019-05-09,465000.0,51036965.1,0.00911104332103,Market Model,2019-05-09,-0.005167256,-0.007982999,-0.008096071,250.0,0.0,0,1,17.748060734026023
1941224476.0,OXY,2019-05-09,55000000.0,45029734.38,1.221415155058705,Market Model,2019-05-09,-0.079075222,-0.07906826,-0.078260728,250.0,0.1551505818181818,1,1,17.62283359352618
1941232459.0,GTLS,2019-05-09,592000.0,2731893.97,0.2166994790065003,Market Model,2019-05-09,0.0390366397,0.038185551,0.0353254952,250.0,0.0,0,1,14.82050568852436
1941233798.0,AEIS,2019-05-15,400000.0,1855593.08,0.2155645029674286,Market Model,2019-05-15,0.1279881532,0.0956608066,0.0969259802,250.0,0.0,0,1,14.433714922600778
1941232710.0,GS,2019-05-16,750000.0,72032253.2,0.0104120024944603,Market Model,2019-05-16,0.005858977,0.0007879079,0.0007524827,250.0,0.0,0,1,18.092624537786815
1941234781.0,HPE,2019-05-17,1400000.0,19911592.34,0.0703108006679891,Market Model,2019-05-17,0.0228848821,0.0296043771,0.0298669568,250.0,0.0,1,1,16.80681264973843
1941246930.0,VAR,2019-05-20,283000.0,11860145.7,0.0238614269300249,Market Model,2019-05-20,-0.022612681,-0.019600366,-0.019475696,250.0,0.0,0,0,16.288694236449963
1941235430.0,NRG,2019-05-20,300000.0,9925966.08,0.0302237583306349,Market Model,2019-05-20,0.0251396648,0.0238143152,0.0238602355,250.0,0.0,0,1,16.110664717835753
1941237629.0,GPN,2019-05-28,21500000.0,24220504.0,0.8876776470051986,Market Model,2019-05-28,-0.001959989,0.0131782109,0.0120076777,250.0,1.0,0,1,17.002710105121267
1941410182.0,IIIV,2019-06-03,72700.0,235039.44,0.3093097907312917,Market Model,2019-06-03,-0.103461538,-0.119285855,-0.115268571,185.0,0.0,0,0,12.367508608831686
1941320643.0,KIDS,2019-06-05,60000.0,588734.58,0.1019134972503229,Market Model,2019-06-05,0.0716080402,0.013884911,0.0141825594,250.0,0.16666666666666666,0,1,13.28573073288697
1939043408.0,STBA,2019-06-05,206000.0,1330287.5,0.1548537440214991,Market Model,2019-06-05,-0.022298912,-0.044764776,-0.045788021,250.0,1.0,1,1,14.100905642251094
1939044428.0,CLBK,2019-06-07,137214.0,1758036.13,0.0780495904825346,Market Model,2019-06-07,-0.028104575,-0.037485113,-0.038627234,232.0,0.0,1,0,14.379707908779443
1939044656.0,CRM,2019-06-10,15700000.0,124947641.71,0.1256526316554198,Market Model,2019-06-10,-0.05749796,-0.08485774,-0.084953177,250.0,0.0,1,0,18.643405341197575
1939047248.0,PB,2019-06-16,2100000.0,4697520.88,0.4470443141489559,Market Model,2019-06-17,-0.057741212,-0.062957608,-0.063805828,250.0,0.0,0,1,15.362545455177388
1939047822.0,CNTY,2019-06-17,107000.0,265245.39,0.4034000364718874,Market Model,2019-06-17,0.1067538126,0.098854683,0.0974378833,250.0,0.0,0,0,12.48841067649485
1939047314.0,PFE,2019-06-17,11400000.0,237395181.8,0.0480211936635017,Market Model,2019-06-17,0.0134117647,0.0050315554,0.0050864764,250.0,0.0,1,0,19.285236744230428
1939048186.0,MMSI,2019-06-17,50000.0,3177638.85,0.0157349536433317,Market Model,2019-06-17,0.0666196687,0.0530922843,0.0545018588,250.0,0.0,0,0,14.97164897896671
1939050309.0,NSIT,2019-06-24,474000.0,2009466.78,0.2358834715346724,Market Model,2019-06-24,-0.028337969,-0.019303802,-0.019190168,250.0,0.0,1,0,14.513379961259256
1939050274.0,RAMP,2019-06-24,150000.0,3528607.52,0.042509686653958,Market Model,2019-06-24,-0.131175795,-0.126048074,-0.120368987,250.0,0.0,0,1,15.076413880830664
1939045146.0,CZR,2019-06-24,17300000.0,6720462.81,2.574227473479613,Market Model,2019-06-24,0.1502487562,0.1790428987,0.1793892144,250.0,0.0,1,0,15.72066758066358
1939050776.0,FCCY,2019-06-24,53100.0,162810.36,0.3261463214011688,Market Model,2019-06-24,-0.062032086,-0.059078897,-0.058466928,250.0,0.55,0,1,12.000341366889506
1939051772.0,EXTR,2019-06-26,272000.0,680466.15,0.3997259819610424,Market Model,2019-06-26,0.0992907801,0.1054813578,0.1084701311,250.0,0.0,1,1,13.430533357000293
1941242366.0,VLY,2019-06-26,740000.0,3377194.64,0.2191167755732314,Market Model,2019-06-26,0.0294406281,0.0349807137,0.0347572819,250.0,0.0,1,1,15.032555934662637
1941226707.0,HQY,2019-06-27,2000000.0,3900240.5,0.5127888908389111,Market Model,2019-06-27,0.0109754212,-0.010469494,-0.012502951,250.0,0.0,1,1,15.17654877586523
1941246155.0,FUN,2019-07-01,261000.0,2698490.96,0.096720724237668,Market Model,2019-07-01,0.0432326743,0.0371260315,0.0373196095,250.0,0.0,0,1,14.80820327102596
1941244080.0,ACNB,2019-07-02,60000.0,272831.3,0.2199161166625677,Market Model,2019-07-02,-0.038412939,-0.05167691,-0.051580886,250.0,1.0,0,0,12.516608934440146
1941249238.0,ALT,2019-07-09,93000.0,33627.5,2.7655936361608804,Market Model,2019-07-09,0.0123966942,0.0094145037,0.0037569699,250.0,0.0,0,1,10.423099463582737
1941247811.0,HI,2019-07-12,1900000.0,2434117.14,0.780570486431068,Market Model,2019-07-12,-0.072629969,-0.06868994,-0.077659027,250.0,0.23346315789473684,1,1,14.70509467791224
1941249143.0,ENTG,2019-07-15,165000.0,4952917.65,0.0333136974324618,Market Model,2019-07-15,0.0128026719,0.0089218807,0.0088237108,250.0,0.0,0,0,15.415487385145058
1941278318.0,MYRG,2019-07-15,79700.0,618158.16,0.1289314048689416,Market Model,2019-07-15,-0.001361285,-0.004359921,-0.004504195,250.0,0.0,0,1,13.334499626027391
1941248359.0,CARO,2019-07-15,100100.0,793791.7,0.1261036113126403,Market Model,2019-07-15,-0.010916403,-0.009470374,-0.010427577,250.0,0.9,1,1,13.584576363242173
1941251126.0,ETSY,2019-07-22,275000.0,7924125.6,0.0347041445178506,Market Model,2019-07-22,0.0401840491,0.0246429796,0.024591796,250.0,0.0,0,0,15.885422537255474
1941251771.0,WSBC,2019-07-23,500000.0,2037463.25,0.2454031992969689,Market Model,2019-07-23,-0.052715655,-0.063234191,-0.063560969,250.0,1.0,1,1,14.527216087124673
1941312473.0,ISBC,2019-07-24,62270.0,3100395.2,0.0200845363197569,Market Model,2019-07-24,-0.003616637,-0.005252742,-0.006170102,250.0,0.5027782238638189,0,1,14.947040145200964
1941254175.0,CLNY,2019-07-25,325000.0,2527126.13,0.1286045821543541,Market Model,2019-07-25,0.0990291262,0.0916070422,0.094412995,250.0,0.0,0,0,14.742593298064968
1941234467.0,DISH,2019-07-26,1400000.0,9068990.93,0.1543721909974388,Market Model,2019-07-26,-0.07892204,-0.079541912,-0.078404384,250.0,0.0,0,1,16.02037156231894
1941253947.0,EXAS,2019-07-29,2800000.0,15254249.12,0.1835554131818191,Market Model,2019-07-29,0.0161179107,0.0016627509,0.0017187543,250.0,0.58918,1,1,16.54036865302701
1941279749.0,MRCY,2019-07-30,100000.0,3763726.24,0.0265694138264423,Market Model,2019-07-30,0.1483307508,0.1602317434,0.1604326034,250.0,0.0,0,0,15.140920045905283
1941264541.0,CTS,2019-07-31,80000.0,1069462.8,0.0748039108980695,Market Model,2019-07-31,0.0078914141,0.0344416271,0.0333167729,250.0,0.0,0,1,13.882667024290972
1941256867.0,EVBG,2019-08-01,83000.0,3391245.0,0.0244747872831364,Market Model,2019-08-01,-0.036229778,0.0168179573,0.0162895643,250.0,0.0,0,0,15.036707668571589
1941256738.0,WMS,2019-08-01,1080000.0,1902761.26,0.5675961681078161,Market Model,2019-08-01,0.0081203008,0.0380793967,0.0374472536,250.0,0.0,0,1,14.458816683862752
1941391393.0,INGN,2019-08-07,101800.0,1210318.12,0.0841101180902753,Market Model,2019-08-07,-0.196348605,-0.212101855,-0.228538107,250.0,0.0,0,1,14.006393792109295
1941301306.0,GKOS,2019-08-07,477383.0,2778276.96,0.1718270017255587,Market Model,2019-08-07,-0.14028777,-0.205614073,-0.204339502,250.0,1.0,1,1,14.837341494951138
1941259164.0,AVGO,2019-08-08,10700000.0,107479900.0,0.0995534979098417,Market Model,2019-08-08,0.0348671371,0.0190127343,0.0195430884,250.0,0.0,0,0,18.492814411305474
1941259971.0,ATRC,2019-08-12,300000.0,1214264.42,0.2470631561451829,Market Model,2019-08-12,-0.076287349,-0.072900845,-0.071113707,250.0,0.0,0,1,14.009649035780878
1939060590.0,MKTX,2019-08-13,150000.0,13715607.82,0.0109364456879024,Market Model,2019-08-13,-0.015159464,-0.009941645,-0.010250085,250.0,0.3333333333333333,0,0,16.43404499927194
1939060599.0,STRL,2019-08-14,400000.0,299341.77,1.336265232880797,Market Model,2019-08-14,-0.021699819,-0.005515032,-0.007552683,250.0,0.0625,0,1,12.609341243074276
1941277850.0,RPAY,2019-08-14,65000.0,427277.3,0.1521260315022586,Market Model,2019-08-14,0.0380868025,0.0370886987,0.037009584,219.0,0.0,0,1,12.965188495952308
1941262252.0,CNOB,2019-08-16,113000.0,692918.8,0.1630782712202353,Market Model,2019-08-16,0.0226700252,-0.000899755,-0.001221049,250.0,0.2,1,1,13.448668099589726
1941264491.0,VMW,2019-08-22,2100000.0,16172908.9,0.1298467711025071,Market Model,2019-08-22,-0.076166736,-0.052117504,-0.054242546,250.0,0.0,1,1,16.598848110241185
1941258502.0,PDCE,2019-08-26,1700000.0,1580599.5,1.0755412740545596,Market Model,2019-08-26,0.1045824095,0.156084442,0.1456150065,250.0,1.0,1,1,14.273314763417392
1941265266.0,ADUS,2019-08-26,130000.0,1145426.35,0.1134948571769804,Market Model,2019-08-26,0.0021808999,0.0178100517,0.0174916016,250.0,0.0,0,1,13.951287483741014
1941268728.0,EML,2019-09-03,81700.0,137455.86,0.594372622600448,Market Model,2019-09-03,0.0374075685,0.0388463463,0.036908231,250.0,0.0,0,1,11.831058126369578
1939066838.0,PANW,2019-09-04,75000.0,19111501.75,0.0039243383895773,Market Model,2019-09-04,0.0414006483,0.0239516835,0.0230086709,250.0,0.0,0,0,16.765800897639583
1941268976.0,PRU,2019-09-05,3500000.0,32019300.0,0.1093090729653677,Market Model,2019-09-05,0.0448880977,0.0166388319,0.0169442352,250.0,0.0,0,0,17.281849403957217
1941347972.0,PWR,2019-09-09,330000.0,4865468.04,0.0678249239923072,Market Model,2019-09-09,0.1141193595,0.1083413086,0.1107742239,250.0,0.006060606060606061,0,1,15.39767347452463
1941348039.0,ALSN,2019-09-09,103000.0,5419199.79,0.0190064961602015,Market Model,2019-09-09,0.0478087649,0.0441265434,0.0443893225,250.0,0.0,0,1,15.505458722294536
1941269973.0,FDEF,2019-09-09,572000.0,519240.96,1.1016080087364448,Market Model,2019-09-09,0.0544835414,0.0540033175,0.0545713375,250.0,1.0,1,1,13.160123331861241
1941271687.0,ALG,2019-09-11,352000.0,1389796.8,0.2532744355146018,Market Model,2019-09-11,0.0024154589,-0.005794532,-0.007921942,250.0,0.0,0,1,14.144668107370146
1941271420.0,FCBC,2019-09-11,91000.0,521024.84,0.1746557803270953,Market Model,2019-09-11,-0.004577357,-0.011579551,-0.012776696,250.0,1.0,0,1,13.163552997142153
1941272445.0,ET,2019-09-16,5100000.0,36777768.72,0.1386707290164285,Market Model,2019-09-16,-0.04454023,-0.041438057,-0.041397682,250.0,0.6,1,1,17.4204041097211
1941273362.0,FBK,2019-09-17,51900.0,1195096.35,0.0434274608904964,Market Model,2019-09-17,0.0012943308,0.0039988258,0.0038828282,250.0,0.7109826589595376,0,1,13.99373736771258
1941274702.0,FFIN,2019-09-19,190000.0,4546885.32,0.0417868467375376,Market Model,2019-09-19,0.0018072289,0.0046230902,0.0045186229,250.0,1.0,0,1,15.32995301146424
1941275795.0,SASR,2019-09-24,460700.0,1258419.27,0.36609420324595,Market Model,2019-09-24,-0.055508594,-0.049943508,-0.050871733,250.0,0.0,0,1,14.045366943704956
1941277161.0,VEEV,2019-09-26,430000.0,20200492.2,0.0212866100361653,Market Model,2019-09-26,-0.011433481,-0.012943906,-0.013603294,250.0,0.0,0,1,16.821217528411214
1941239902.0,MCF,2019-09-27,132500.0,86429.34,1.5330442185489326,Market Model,2019-09-27,0.287037037,0.293125331,0.3090120892,250.0,0.0,0,1,11.36708248048011
1941277334.0,AME,2019-09-27,925000.0,20589958.82,0.0449248105878436,Market Model,2019-09-27,0.0144735388,0.0179023146,0.017936755,250.0,0.0,0,1,16.84031407900197
1941278779.0,QTWO,2019-10-01,510000.0,3756578.1,0.1357618519897137,Market Model,2019-10-01,-0.091058973,-0.066743033,-0.064629239,250.0,0.0,0,1,15.139019021204806
1941281002.0,UPLD,2019-10-07,84000.0,951329.26,0.0882975049038226,Market Model,2019-10-07,0.0162590701,0.0240157608,0.0236764397,250.0,0.0,0,1,13.765615506631761
1941283729.0,PE,2019-10-14,2270000.0,4770555.49,0.4758355719283332,Market Model,2019-10-14,-0.049848024,-0.067252044,-0.072925831,250.0,0.0,1,1,15.3779733110108
1941285626.0,SABR,2019-10-16,110000.0,5874103.95,0.0187262603686133,Market Model,2019-10-16,0.0028116214,-0.009565932,-0.009609317,250.0,0.0,0,1,15.586064087213332
2007187239.0,CXP,2019-10-16,100000.0,2370914.52,0.0421778175284025,Market Model,2019-10-16,-0.008906482,-0.014563531,-0.014618678,250.0,0.865,0,1,14.678786312099035
1941285217.0,ALXN,2019-10-16,700000.0,23194453.0,0.030179629586436,Market Model,2019-10-16,-0.013321492,-0.027042541,-0.028860617,250.0,0.0,1,1,16.959423713221227
1941286679.0,TER,2019-10-21,165000.0,9929115.7,0.0166177940700197,Market Model,2019-10-21,-0.019233958,-0.019764799,-0.020046998,250.0,0.0,0,1,16.110981978682254
1941287806.0,ROKU,2019-10-22,150000.0,12101473.04,0.0123951852393665,Market Model,2019-10-22,-0.009081114,-0.033600857,-0.03438011,250.0,0.5,0,0,16.308837742000375
1941289003.0,FFIC,2019-10-25,111600.0,621143.42,0.1796686504382514,Market Model,2019-10-25,-0.011337868,-0.016585861,-0.018605249,250.0,0.5,0,1,13.339317284331267
1941291575.0,NWBI,2019-10-29,346000.0,1834517.6,0.188605440471108,Market Model,2019-10-29,-0.006428989,-0.009806151,-0.01015504,250.0,1.0,1,1,14.422292116626247
1941257669.0,RILY,2019-10-31,271400.0,663236.64,0.4092053780382217,Market Model,2019-10-31,0.1875256463,0.1723316765,0.1782206524,250.0,0.0,0,0,13.404887128563034
1941292586.0,PFPT,2019-11-03,225000.0,6650845.74,0.0338302839662614,Market Model,2019-11-04,-0.000953454,-0.020547714,-0.021351119,250.0,0.0,0,1,15.710254583492848
1941293188.0,WDAY,2019-11-04,540000.0,27610110.0,0.0195580531913853,Market Model,2019-11-04,-0.004810064,-0.031746439,-0.03236153,250.0,0.0,0,1,17.133692567962147
1941292858.0,FHN,2019-11-04,3937104.0,5075345.8,0.7757311826910396,Market Model,2019-11-04,0.082028804,0.07023492,0.0723376398,250.0,1.0,1,1,15.439905218501876
1941294565.0,ULH,2019-11-05,51250.0,536364.12,0.0955507612999915,Market Model,2019-11-05,0.0768016833,0.0773471409,0.0791788583,250.0,0.0,0,1,13.192568537772086
1939068774.0,RP,2019-11-06,580000.0,5800383.25,0.0999933926779752,Market Model,2019-11-06,-0.12739166,-0.135142505,-0.132679722,250.0,0.0,0,1,15.573434550919828
1941293982.0,TMHC,2019-11-06,2400000.0,2494770.21,0.9620124492347534,Market Model,2019-11-06,-0.089100705,-0.096242953,-0.093758512,250.0,0.0,1,1,14.729707182725871
1941296182.0,NVEE,2019-11-07,318000.0,883870.05,0.3597813954664489,Market Model,2019-11-07,-0.265227021,-0.278511958,-0.271714548,250.0,0.0,0,1,13.692065328551445
1941295126.0,DGII,2019-11-07,155000.0,398198.1,0.3892534896575348,Market Model,2019-11-07,0.0418410042,0.0344209932,0.0336433737,250.0,0.0,0,0,12.894704899129227
1941295855.0,IPHI,2019-11-11,216000.0,3271768.64,0.0660193380910943,Market Model,2019-11-11,0.0629608622,0.0504838362,0.0517187334,250.0,0.0,0,1,15.000841265158318
1939073872.0,CPE,2019-11-14,1037236.0,1018601.56,1.0182941404487933,Market Model,2019-11-14,-0.054112554,-0.05691489,-0.058768205,250.0,1.0,1,1,13.833941224945312
1941298659.0,UBSI,2019-11-18,1100000.0,4012082.46,0.274171832450323,Market Model,2019-11-18,-0.039324427,-0.046286561,-0.046284188,250.0,1.0,1,1,15.204820981192727
2007215214.0,HMSY,2019-11-21,155000.0,2554842.0,0.0606691137847272,Market Model,2019-11-21,0.0653913043,0.0648796527,0.0660527497,250.0,0.0,0,0,14.753500940177467
1941303291.0,CW,2019-11-26,132000.0,5884678.65,0.0224311313923658,Market Model,2019-11-26,0.014131947,-0.001429331,-0.001450154,250.0,0.0,0,0,15.58786269225783
1941306483.0,CDNS,2019-12-02,160000.0,19711658.25,0.0081170238429838,Market Model,2019-12-02,-0.080112835,-0.062394278,-0.060538127,250.0,0.0,0,0,16.79672080801006
1941306669.0,ESI,2019-12-03,68000.0,2880105.53,0.0236102459759521,Market Model,2019-12-03,-0.041916168,-0.026159612,-0.025915432,250.0,0.0,0,0,14.873337493801925
1941306171.0,CLF,2019-12-03,3000000.0,2271389.62,1.320777366236269,Market Model,2019-12-03,-0.006257822,0.0222848817,0.0132744673,250.0,0.36666666666666664,1,0,14.635902369560437
1941308741.0,MRK,2019-12-09,2700000.0,226210678.4,0.0119357760610473,Market Model,2019-12-09,0.003943662,-0.001572905,-0.001569501,250.0,0.0,1,1,19.23697732831277
1941310305.0,GSBD,2019-12-09,931450.0,843266.63,1.10457353209862,Market Model,2019-12-09,0.0476419634,0.0438194148,0.0444897708,250.0,1.0,0,1,13.64503847404577
1941308712.0,UNH,2019-12-09,303896.0,265456208.85,0.0011448065250254,Market Model,2019-12-09,-0.004973697,-0.007430522,-0.007464593,250.0,0.0,1,0,19.39696044662435
1941309399.0,PGTI,2019-12-10,92000.0,821174.3,0.1120346800916687,Market Model,2019-12-10,0.0436649964,0.0465226398,0.0470442789,250.0,0.0,0,0,13.618490667972315
1941310820.0,FDBC,2019-12-10,78500.0,252788.88,0.310535811543609,Market Model,2019-12-10,-0.115463918,-0.118478587,-0.114211148,250.0,1.0,0,1,12.440309952945595
1941314304.0,TLRY,2019-12-12,1324741.0,1525906.2,0.8681667326602382,Market Model,2019-12-12,0.0026954178,0.0082657739,0.007176304,250.0,1.0,0,0,14.238099021047402
1939074315.0,IFF,2019-12-15,26200000.0,14305848.48,1.8314188100501956,Market Model,2019-12-16,-0.100445765,-0.104608222,-0.105103062,250.0,0.7213740458015268,0,0,16.476178996234108
1941147248.0,WPX,2019-12-16,2500000.0,4546644.31,0.5498560761618057,Market Model,2019-12-16,0.1370967742,0.1280551508,0.1304568543,250.0,0.64,0,1,15.329900004543966
1941288539.0,CRL,2019-12-16,380000.0,7122191.37,0.0533543652871545,Market Model,2019-12-16,0.0124430543,0.0012268521,0.0011425638,250.0,0.0,0,0,15.778726012720023
1941311917.0,HUM,2019-12-16,710000.0,46763593.38,0.0151827511250163,Market Model,2019-12-16,0.0486701438,0.0440184394,0.0443672542,250.0,0.0,0,0,17.66061553892093
1941312883.0,LDOS,2019-12-17,1650000.0,12972924.96,0.1271879707226796,Market Model,2019-12-17,0.0418118467,0.0316203597,0.0314492658,250.0,0.0,0,1,16.378375048215137
1941322835.0,CZNC,2019-12-18,77000.0,371214.27,0.2074273707204197,Market Model,2019-12-18,-0.022263451,-0.025452731,-0.025423633,250.0,0.75,0,0,12.824534722043206
1941313362.0,FBMS,2019-12-18,88000.0,648876.0,0.1356191321608442,Market Model,2019-12-18,0.0193265007,0.0184817022,0.0185960768,250.0,1.0,1,1,13.38299691425722
1939074453.0,GCO,2019-12-18,67700.0,742900.47,0.0911293002681772,Market Model,2019-12-18,0.0151981926,0.0126401318,0.0121590365,250.0,0.0,0,1,13.518317357795505
1941313789.0,SC,2019-12-18,1100000.0,8154248.98,0.1348989959342644,Market Model,2019-12-18,0.0029473684,-0.005237837,-0.00531609,250.0,0.0,0,1,15.914049696602053
1941063298.0,XPER,2019-12-19,1206655.0,1037409.48,1.1631424459317643,Market Model,2019-12-19,-0.142454161,-0.163816481,-0.159590038,250.0,1.0,1,1,13.852237279087875
1939074474.0,FFIV,2019-12-19,1000000.0,8532437.9,0.1171997981960114,Market Model,2019-12-19,-0.020535335,-0.026905461,-0.02771025,250.0,0.0,0,0,15.959385681682017
1941261663.0,MTCH,2019-12-20,500000.0,5418444.85,0.09227739948299,Market Model,2019-12-20,0.125491297,0.1060782719,0.1092635739,250.0,0.0,1,1,15.505319404199822
1941316609.0,AAP,2019-12-23,200000.0,10951233.08,0.0182627836097521,Market Model,2019-12-23,0.0261375256,0.0226671793,0.0228723894,250.0,0.0,0,0,16.20896261793241
1941348273.0,SNAP,2020-01-03,166000.0,19101496.22,0.0086904187027083,Market Model,2020-01-03,0.0275566442,0.01020768,0.010248106,250.0,0.0,0,1,16.7652772260744
1941318157.0,YUM,2020-01-06,375000.0,30805754.7,0.0121730502515492,Market Model,2020-01-06,-0.001957522,-0.002075299,-0.002073482,250.0,0.0,1,1,17.243212071400304
1941319470.0,ADT,2020-01-06,381000.0,5539097.35,0.0687837703375984,Market Model,2020-01-06,-0.017173052,-0.010677609,-0.010862442,250.0,0.3187270341207349,0,1,15.527342112235413
1941318130.0,ANIK,2020-01-06,100000.0,739437.44,0.1352379452141346,Market Model,2020-01-06,0.0099236641,0.0096495491,0.0083602471,250.0,0.0,0,0,13.513644959853254
2007235522.0,ANIP,2020-01-08,77500.0,662773.8,0.1169328057325138,Market Model,2020-01-08,-0.037396122,-0.04699214,-0.048469353,250.0,0.3225806451612903,0,1,13.404189034483478
1941320768.0,LLY,2020-01-10,1100000.0,130501005.52,0.0084290538269562,Market Model,2020-01-10,0.0391145015,0.0325107525,0.0329816757,250.0,0.0,1,0,18.68689148983144
1941315236.0,WCC,2020-01-13,4500000.0,2430019.44,1.8518370371555544,Market Model,2020-01-13,-0.036556201,-0.039779757,-0.039512702,250.0,0.22551933333333332,1,1,14.703409815284731
1941321769.0,RCM,2020-01-13,200000.0,1484553.42,0.1347206488534444,Market Model,2020-01-13,0.0496124031,0.0442067296,0.0432641795,250.0,0.0,0,0,14.210624557718695
1941322799.0,EQIX,2020-01-14,335000.0,50754847.68,0.0066003547505868,Market Model,2020-01-14,-0.013063973,-0.02221713,-0.022257633,250.0,0.0,0,1,17.74251769211253
1941323854.0,AAPL,2020-01-15,200000.0,1370797562.36,0.0001459004637093,Market Model,2020-01-15,-0.005426552,-0.019918188,-0.020099833,250.0,0.0,0,0,21.038658569702278
1941296817.0,RYN,2020-01-15,656000.0,4231121.36,0.1550416412541757,Market Model,2020-01-15,-0.000306466,-0.005954009,-0.005977037,250.0,0.0,1,0,15.257977612817193
1941404909.0,BFST,2020-01-22,211200.0,321495.39,0.6569301040366395,Market Model,2020-01-22,0.0052567732,0.0075595649,0.0073590267,250.0,0.896780303030303,0,1,12.680738483521237
1941327898.0,MCO,2020-01-23,700000.0,48610336.0,0.0144002296137183,Market Model,2020-01-23,-0.00280877,0.003124041,0.0031377358,250.0,0.0,0,0,17.699346741155743
1941331993.0,CSTR,2020-01-23,85100.0,296546.3,0.2869703651672605,Market Model,2020-01-23,-0.057810578,-0.052651941,-0.052567436,250.0,0.6897767332549941,0,1,12.59995864037231
1941329714.0,SSB,2020-01-27,3221960.0,2860729.52,1.126272154523717,Market Model,2020-01-27,-0.100719424,-0.09026574,-0.087566956,250.0,1.0,1,1,14.866587227192525
1939075994.0,IEX,2020-01-29,125000.0,13027556.8,0.0095950454808226,Market Model,2020-01-29,-0.022735305,-0.036844753,-0.037337384,250.0,0.0,0,0,16.382577425763678
1941372887.0,QRVO,2020-01-30,105000.0,13022660.45,0.0080628685976374,Market Model,2020-01-30,-0.067805565,-0.050773433,-0.049724242,250.0,0.0,0,1,16.382201509508494
1941328977.0,SPG,2020-02-03,81000.0,40858542.15,0.0019824495867383,Market Model,2020-02-03,0.0061561011,0.0056198106,0.0048652854,250.0,0.0,0,0,17.525626467568923
1941332632.0,PPBI,2020-02-03,743900.0,1773278.8,0.4195053817820413,Market Model,2020-02-03,-0.005273646,-0.012730967,-0.0124587,250.0,1.0,1,1,14.38834082029717
1941333503.0,HII,2020-02-04,350000.0,10689215.0,0.0327432837677977,Market Model,2020-02-04,0.0327969349,-0.001073054,-0.0011533,250.0,0.0,0,1,16.184745847189824
1941372805.0,PAA,2020-02-04,300000.0,12027039.08,0.0249437952271125,Market Model,2020-02-04,0.0168168168,-0.008141058,-0.00839277,250.0,0.0,0,0,16.302667929643093
1941334904.0,SAIC,2020-02-06,1200000.0,5281746.0,0.2271975971582124,Market Model,2020-02-06,0.021473406,0.0143438526,0.0128925637,250.0,0.0,0,0,15.479767282837445
1941338745.0,APPS,2020-02-10,66000.0,520446.0,0.1268143092655145,Market Model,2020-02-10,-0.029605263,-0.048029048,-0.054586227,250.0,0.0,0,1,13.162441415257437
1941338629.0,FAF,2020-02-13,350000.0,7009766.4,0.0499303371935475,Market Model,2020-02-13,0.0528938907,0.0452641546,0.0455261553,250.0,0.0,0,0,15.762814934632413
1941343650.0,FLWS,2020-02-18,245000.0,593158.86,0.4130428061042534,Market Model,2020-02-18,0.0881642512,0.0812962839,0.0824261789,250.0,0.0,0,1,13.293217534177387
1941340652.0,BEN,2020-02-18,6500000.0,12104435.28,0.5369932466605745,Market Model,2020-02-18,0.0479140851,0.0468212199,0.0452849733,250.0,0.0,1,1,16.309082495469287
1941365646.0,LNTH,2020-02-20,693375.0,648852.09,1.0686179649972307,Market Model,2020-02-20,0.0012084592,0.0156517239,0.0157914516,250.0,0.639444744907157,1,0,13.382960065243644
1941342429.0,MS,2020-02-20,13000000.0,91143253.38,0.1426326087549191,Market Model,2020-02-20,-0.055835735,-0.045435887,-0.0452185,250.0,1.0,1,0,18.327943039673766
1941344248.0,CSOD,2020-02-24,1295000.0,3507111.63,0.3692497235966224,Market Model,2020-02-24,-0.326153846,-0.24121513,-0.22684316,250.0,0.025482625482625483,0,1,15.070303359240198
1941346200.0,GILD,2020-03-01,4900000.0,87426268.56,0.0560472279179702,Market Model,2020-03-02,0.0213322323,0.0211996258,0.0175526218,250.0,0.0,0,0,18.286306351074384
1941276548.0,WSC,2020-03-02,2739265.0,1934942.64,1.4156827925400417,Market Model,2020-03-02,-0.052268811,-0.064804401,-0.062317354,250.0,0.0,1,0,14.475588240595792
1941351193.0,CODI,2020-03-09,200000.0,1068017.0,0.1872629368259119,Market Model,2020-03-09,-0.050570962,-0.011203426,-0.013837194,250.0,0.0,0,0,13.88131421597859
1941352822.0,PEP,2020-03-11,3850000.0,186352787.74,0.0206597392327263,Market Model,2020-03-11,-0.113859865,-0.068522458,-0.068691064,250.0,0.0,0,1,19.043152143477137
1941355861.0,COST,2020-03-17,1000000.0,125046624.4,0.0079970171509883,Market Model,2020-03-17,0.0173024118,0.0962750159,0.0925775904,250.0,0.0,0,0,18.644197220921157
1941371349.0,APD,2020-03-30,530000.0,42628369.26,0.0124330348357313,Market Model,2020-03-30,-0.001937022,0.0121300157,0.0093156788,250.0,0.0,0,1,17.568030534667
2007378928.0,DKL,2020-03-31,100000.0,222032.34,0.4503848403345206,Market Model,2020-03-31,-0.069428891,-0.060475604,-0.061952938,250.0,0.0,0,0,12.310578325920421
1941341335.0,MXL,2020-04-05,150000.0,771271.84,0.1944839578221862,Market Model,2020-04-06,0.3733944954,0.277695764,0.2936471159,250.0,0.0,0,1,13.555796171466923
1939044932.0,VZ,2020-04-16,400000.0,235690200.0,0.0016971431141388,Market Model,2020-04-16,0.005503956,0.0006629326,0.0003432969,250.0,0.0,0,1,19.278028788764487
1941375475.0,RPD,2020-04-24,147337.0,2324315.9,0.0633894041683404,Market Model,2020-04-24,0.0437431991,-0.011425481,-0.011855137,250.0,0.06201429376191995,0,1,14.658936317148385
1941428062.0,SUPN,2020-04-28,530000.0,1028694.04,0.5152163611252185,Market Model,2020-04-28,0.2437994723,0.1826363499,0.1880941892,250.0,0.0,0,0,13.843800633382108
1941376910.0,MOH,2020-04-30,925000.0,10024986.96,0.0922694467026019,Market Model,2020-04-30,0.0414788097,0.056951068,0.0573431101,250.0,0.0,0,1,16.120591230407932
1941378186.0,CHNG,2020-05-04,212900.0,3349845.12,0.0635551771420405,Market Model,2020-05-04,-0.012027491,-0.005964071,-0.007725894,162.0,0.0,0,1,15.024424669896657
1941390256.0,PTCT,2020-05-06,269405.0,3099737.5,0.0869121982103323,Market Model,2020-05-06,-0.026763485,-0.05503287,-0.055634796,250.0,0.0,0,1,14.946827988450686
1941384544.0,RVNC,2020-05-19,180020.0,1202656.16,0.1496853431491175,Market Model,2020-05-19,0.0497409326,0.0058995092,0.0015061276,250.0,1.0,0,0,14.000043135316474
1941392270.0,CHGG,2020-06-04,115000.0,7591864.4,0.0151477942625002,Market Model,2020-06-04,-0.064258312,-0.091302733,-0.090728776,250.0,0.0,0,1,15.842587758206175
2007206735.0,EVA,2020-06-18,175000.0,1163741.15,0.1503770834261553,Market Model,2020-06-18,0.0299798213,0.0342604247,0.0340432538,250.0,0.0,0,1,13.967150502818397
1941379221.0,MSFT,2020-06-22,180000.0,1479908316.0,0.0001216291563834,Market Model,2020-06-22,0.0284739201,0.0153026701,0.0152717512,250.0,0.0,0,1,21.115245974154888
2007316687.0,PLUG,2020-06-22,61080.0,1777076.32,0.0343710617898504,Market Model,2020-06-22,0.1929499072,0.1717028404,0.1771049688,250.0,0.0,0,0,14.39048005500461
1941400301.0,MA,2020-06-23,985000.0,302321402.04,0.0032581219634251,Market Model,2020-06-23,-0.008397976,0.0077629673,0.0069258937,250.0,0.0,0,0,19.527001254597295
1941401311.0,WM,2020-06-24,4600000.0,43831516.5,0.1049473157060399,Market Model,2020-06-24,-0.012632594,-0.005025758,-0.005088891,250.0,0.0,1,1,17.59586367138576
1941708162.0,LQDA,2020-06-29,96737.0,309254.8,0.3128067858607207,Market Model,2020-06-29,-0.263986014,-0.288339428,-0.272590157,250.0,1.0,0,0,12.641920811557075
1941405891.0,BDGE,2020-07-01,489000.0,450724.56,1.0849198011308725,Market Model,2020-07-01,-0.087640449,-0.113557721,-0.113554857,250.0,1.0,1,1,13.018611700204922
1941403150.0,UBER,2020-07-06,2650000.0,53198721.16,0.0498132275027793,Market Model,2020-07-06,0.0785409136,0.0659339514,0.0672601806,238.0,1.0,0,1,17.789544915677084
1941406172.0,RUN,2020-07-06,3200000.0,2446140.0,1.308183505441226,Market Model,2020-07-06,0.3190524194,0.2848923202,0.3028361837,250.0,0.42855375,1,0,14.71002182989549
1941406719.0,ALL,2020-07-07,4000000.0,30042054.24,0.133146687241984,Market Model,2020-07-07,-0.062387076,-0.080355817,-0.080042203,250.0,0.0,1,1,17.218108766010847
1941406247.0,SIRI,2020-07-13,325000.0,24812100.0,0.013098447934677,Market Model,2020-07-13,0.0053285968,-0.007029315,-0.007228795,250.0,0.0,0,1,17.02684199537494
1941408933.0,HPE,2020-07-13,925000.0,11896849.82,0.0777516749387696,Market Model,2020-07-13,0.0590200445,0.0482110818,0.0494079356,250.0,0.0,0,0,16.291784202028563
1941408793.0,ADI,2020-07-13,20912762.0,45868912.5,0.4559245218643455,Market Model,2020-07-13,-0.050221328,-0.066263565,-0.066526203,250.0,1.0,1,1,17.641298157986228
1941410375.0,QNST,2020-07-14,67500.0,527321.0,0.1280055222530489,Market Model,2020-07-14,0.0914340712,0.0793116807,0.0786198142,250.0,0.0,0,1,13.175564750251812
1941412934.0,SYNA,2020-07-20,305000.0,2399459.04,0.1271119843746113,Market Model,2020-07-20,0.1402688486,0.1090045597,0.1138645387,250.0,0.0,0,0,14.690753869911775
1941412195.0,CVX,2020-07-20,13000000.0,162781899.01,0.0798614592842499,Market Model,2020-07-20,0.0342915346,0.0181341394,0.0158420145,250.0,0.3830209230769231,1,1,18.907921819908893
1941414663.0,NRG,2020-07-24,3625000.0,8111011.01,0.4469233238039952,Market Model,2020-07-24,0.0044656148,0.0167954073,0.0163281861,250.0,0.0,0,1,15.908733080467416
1941415392.0,BKI,2020-07-27,1800000.0,11491202.16,0.15664157456612,Market Model,2020-07-27,0.0163326928,0.0175983869,0.0175752094,250.0,0.0,0,1,16.257092270983808
1941415871.0,ZBRA,2020-07-28,575000.0,14579955.6,0.0394377058322454,Market Model,2020-07-28,0.0143343951,-0.005014905,-0.005024705,250.0,0.0,0,0,16.49515823927266
1941331824.0,SE,2020-08-02,21000000.0,6072118.0,3.458430814420932,Market Model,2020-08-03,0.124458255,0.0905474334,0.0932417596,250.0,0.0,0,1,15.619218031333862
1941418500.0,MSI,2020-08-03,110000.0,23775366.6,0.0046266373869499,Market Model,2020-08-03,-0.011638767,-0.028733378,-0.028897403,250.0,0.0,0,1,16.98416058583521
2008216889.0,EPC,2020-08-04,235000.0,1675814.76,0.1402302960978813,Market Model,2020-08-04,-0.048845768,-0.070863454,-0.072123519,250.0,0.0,0,1,14.331810028856156
1941419433.0,TDOC,2020-08-05,18500000.0,20259887.76,0.91313437760131,Market Model,2020-08-05,-0.103904866,-0.106159768,-0.123825947,250.0,0.7807382702702703,1,1,16.82415351678921
1941420443.0,ICE,2020-08-06,11180000.0,52241516.32,0.2140060394020355,Market Model,2020-08-06,0.0540822719,0.04069294,0.0413334328,250.0,0.17262969588550983,0,0,17.771388068544894
1941421740.0,LGND,2020-08-10,515500.0,1891737.48,0.2725008123220142,Market Model,2020-08-10,-0.030749242,-0.021867001,-0.023260143,250.0,0.0,1,0,14.453006266324216
2007222927.0,BBDC,2020-08-10,136425.0,395206.88,0.3451989499777939,Market Model,2020-08-10,0.0234567901,0.0307874823,0.030872874,250.0,0.9486897562763423,1,1,12.8871646536112
1941422500.0,SWN,2020-08-12,204278.0,1646734.56,0.1240503508956537,Market Model,2020-08-12,-0.067092652,-0.070650861,-0.069510124,250.0,1.0,1,1,14.314304830415262
1941423453.0,BRBS,2020-08-13,124800.0,81772.55,1.526184520355547,Market Model,2020-08-13,-0.061880342,-0.055688229,-0.055171018,109.0,1.0,0,1,11.311696891700965
1941292018.0,ROP,2020-08-13,5350000.0,46634139.9,0.1147228191936697,Market Model,2020-08-13,0.0235559338,0.0100673007,0.0097005733,250.0,0.0,1,0,17.657843446743687
1941425351.0,JNJ,2020-08-19,6500000.0,395160404.07,0.0164490164830597,Market Model,2020-08-19,0.0163098195,0.0148716926,0.0149562594,250.0,0.0,1,0,19.794802326687854
1941427785.0,ACAD,2020-08-24,939500.0,6042335.92,0.1554862246056654,Market Model,2020-08-24,-0.022793837,-0.044891806,-0.045160339,250.0,0.0,0,1,15.614301236867549
1941428182.0,HOLX,2020-08-25,80000.0,16919490.05,0.0047282748926584,Market Model,2020-08-25,-0.01258427,-0.034020481,-0.034392402,250.0,0.0,0,0,16.643976772799277
1941665736.0,CYRX,2020-08-25,320000.0,1422377.04,0.2249755100096385,Market Model,2020-08-25,0.3268933539,0.2996674011,0.3044943085,250.0,0.0,0,1,14.167840001879215
1941429828.0,EMR,2020-08-27,1600000.0,41984568.25,0.0381092402921161,Market Model,2020-08-27,0.0124677558,-0.010712839,-0.010976862,250.0,0.0,0,0,17.552812686112365
1941709368.0,UVV,2020-09-08,170000.0,1053761.67,0.1613268017235814,Market Model,2020-09-08,0.027673546,0.0438517614,0.044324858,250.0,0.0,0,0,13.867876862969974
1941433431.0,PRGS,2020-09-08,220000.0,1595934.27,0.1378502887841364,Market Model,2020-09-08,-0.017833018,-0.001466822,-0.002273498,250.0,0.0,0,0,14.282969871933272
1941439238.0,PD,2020-09-21,100000.0,1954245.15,0.0511706527709688,Market Model,2020-09-21,0.1120797011,0.1236919108,0.1261258492,250.0,0.4,0,1,14.485514564308996
1941440797.0,CRWD,2020-09-23,96000.0,26311618.8,0.0036485782471126,Market Model,2020-09-23,-0.030623326,-0.027021385,-0.02783664,250.0,0.10416666666666667,0,1,17.085521179059857
1941440516.0,SSP,2020-09-24,2650000.0,722723.16,3.666687532194208,Market Model,2020-09-24,0.0859813084,0.0982496002,0.0996089691,250.0,0.0,0,1,13.490781523249915
2007225803.0,VSTO,2020-09-28,81400.0,1099113.66,0.0740596745927077,Market Model,2020-09-28,0.0020986359,-0.029358642,-0.0297587,250.0,0.0,0,1,13.910014649330229
1941443308.0,SRGA,2020-09-29,125000.0,151908.0,0.8228664718118861,Market Model,2020-09-29,-0.057291667,-0.075779391,-0.079356309,250.0,0.0,0,1,11.931030353424829
2007202053.0,OMCL,2020-10-01,225000.0,3156176.84,0.0712887811444684,Market Model,2020-10-01,0.0186206897,0.0141379283,0.0138140876,250.0,0.0,0,0,14.96487199233122
1941444946.0,CAT,2020-10-05,405000.0,81193559.58,0.0049880803612379,Market Model,2020-10-05,0.0328539295,0.0364125533,0.0366757092,250.0,0.0,0,1,18.212346486469023
1941445605.0,AVLR,2020-10-05,377000.0,10916991.28,0.0345333242768698,Market Model,2020-10-05,0.0282108389,0.0269464426,0.0262314419,250.0,0.0,0,1,16.20583096650785
1941444825.0,BMY,2020-10-05,13100000.0,132351063.2,0.0989791822087909,Market Model,2020-10-05,-0.03477098,-0.036037269,-0.03582029,250.0,0.0,1,0,18.700968519850303
1941449316.0,ACA,2020-10-12,87000.0,2260861.8,0.0384809013978651,Market Model,2020-10-12,0.0166952055,-0.008663619,-0.010273719,250.0,0.0,0,0,14.631256625995269
1941447852.0,TWLO,2020-10-12,3200000.0,42077682.24,0.076049816188735,Market Model,2020-10-12,0.1296556336,0.098258589,0.102462048,250.0,1.0,0,1,17.55502804502887
1941448516.0,COLD,2020-10-13,1740000.0,7967767.99,0.2183798526995011,Market Model,2020-10-13,-0.028799177,-0.034899256,-0.034704083,250.0,0.3185632183908046,0,1,15.890914960101759
1941450311.0,FCNCA,2020-10-16,2156590.0,3113102.52,0.6927462189712917,Market Model,2020-10-16,0.1813201148,0.1941921418,0.2019208149,250.0,1.0,1,1,14.951130381743662
1941449305.0,COP,2020-10-19,9700000.0,36220553.82,0.2678037461327807,Market Model,2020-10-19,-0.067942161,-0.046109152,-0.044764407,250.0,1.0,1,1,17.40513730074991
1941712183.0,SWI,2020-10-23,142000.0,6763135.25,0.020996179249853,Market Model,2020-10-23,-0.012891344,-0.005183487,-0.005017474,250.0,0.0,0,1,15.726997134878475
2007079277.0,RPAY,2020-10-27,93000.0,1634313.12,0.0569046401585517,Market Model,2020-10-27,-0.003427592,0.0574927524,0.0540654149,250.0,0.0,0,1,14.30673316395078
1941447255.0,AMD,2020-10-27,35000000.0,98899007.76,0.3538963715888346,Market Model,2020-10-27,-0.06783797,-0.014267757,-0.013860432,250.0,1.0,1,1,18.40960976378225
1941455410.0,AIZ,2020-10-28,325000.0,7198917.12,0.0451456787989802,Market Model,2020-10-28,0.0165638194,0.0449721257,0.0448889925,250.0,0.0,0,0,15.789441172675069
1941586449.0,APEI,2020-10-28,329000.0,430645.72,0.7639690462963384,Market Model,2020-10-28,-0.045097369,-0.031766844,-0.032051753,250.0,0.0,0,1,12.973041035702822
1941456027.0,MRVL,2020-10-29,8196032.0,26485772.01,0.3094503719546289,Market Model,2020-10-29,-0.095490716,-0.058730024,-0.055606785,250.0,0.5818237410493273,1,1,17.09211824148818
1941456747.0,OCSL,2020-10-29,259064.0,641372.55,0.4039212467075492,Market Model,2020-10-29,-0.033898305,0.000468754,-5.522995e-06,250.0,1.0,0,1,13.371365768318826
1941457270.0,COUP,2020-11-02,1500000.0,18661634.7,0.0803788105443946,Market Model,2020-11-02,-0.095782323,-0.120093692,-0.120147026,250.0,0.4289826666666667,0,1,16.741980354048028
1941458835.0,KBAL,2020-11-04,180000.0,404991.84,0.4444533993573796,Market Model,2020-11-04,-0.03286385,-0.105909984,-0.108987252,250.0,0.0,0,0,12.911622197737552
1941460745.0,ADBE,2020-11-09,1500000.0,237283408.97,0.0063215544926263,Market Model,2020-11-09,-0.089572381,-0.104404773,-0.102176373,250.0,0.0,0,1,19.284765803116844
1941460356.0,CASY,2020-11-09,580000.0,6544689.84,0.0886214647568386,Market Model,2020-11-09,0.0944739519,0.0885186483,0.0899459367,250.0,0.0,0,1,15.694164567356802
1941460321.0,VFC,2020-11-09,2400000.0,27304180.04,0.0878986293118509,Market Model,2020-11-09,0.0852463606,0.0841450182,0.0816331131,250.0,0.0,0,0,17.122550363452596
1941461901.0,PANW,2020-11-11,800000.0,23049904.8,0.034707301697836,Market Model,2020-11-11,-0.000674255,0.0015528937,5.62132e-05,250.0,0.0,0,1,16.95317219724656
1941463044.0,PNC,2020-11-16,11600000.0,52058720.0,0.2228253018898659,Market Model,2020-11-16,0.048677686,0.0196535479,0.020154226,250.0,0.0,0,1,17.767882870213445
1941463747.0,HD,2020-11-16,8000000.0,298361309.52,0.0268131280589641,Market Model,2020-11-16,-0.013647553,-0.039877555,-0.040298439,250.0,0.0,1,0,19.5138157581018
1941466216.0,KMPR,2020-11-23,370000.0,4822081.11,0.076730355952059,Market Model,2020-11-23,0.0796447898,0.0597820271,0.0618057382,250.0,0.0,0,1,15.388716158403021
1941467257.0,FSK,2020-11-24,3642214.0,2145929.04,1.6972667465276483,Market Model,2020-11-24,0.0707188778,0.0423693579,0.0435055665,250.0,1.0,1,1,14.579083135456465
1941466788.0,MKC,2020-11-24,800000.0,22755684.0,0.0351560515605683,Market Model,2020-11-24,0.0104535308,-0.008476288,-0.008718365,250.0,0.0,0,1,16.94032551830873
1941469972.0,CSX,2020-11-30,700000.0,69816309.75,0.0100263105069084,Market Model,2020-11-30,-0.014764833,-0.025088914,-0.025075321,250.0,0.0,0,1,18.061378204477524
1941468836.0,PPG,2020-11-30,1150000.0,34906227.12,0.0329454110307181,Market Model,2020-11-30,0.0164973754,0.0082012433,0.0081903199,250.0,0.0,0,1,17.368175798763524
2007239147.0,KALU,2020-11-30,670000.0,1264169.4,0.5299922621129732,Market Model,2020-11-30,0.1033135946,0.1006841583,0.0984386124,250.0,0.0,0,1,14.04992586369654
1941470409.0,HSTM,2020-11-30,67500.0,603465.9,0.1118538760847961,Market Model,2020-11-30,0.0186046512,0.0178412569,0.0162590825,250.0,0.0,0,1,13.310444814195076
1941244830.0,AHCO,2020-12-01,2026000.0,1907516.52,1.0621139994111295,Market Model,2020-12-01,0.1939495798,0.1792180938,0.1801311828,250.0,0.4570582428430405,0,0,14.461312702653705
1941467539.0,CRM,2020-12-01,27700000.0,223678000.0,0.1238387324636307,Market Model,2020-12-01,-0.108427896,-0.121264157,-0.118941874,250.0,0.0,1,1,19.225718075624968
1941615106.0,ZBH,2020-12-01,250000.0,30909295.36,0.0080881817941255,Market Model,2020-12-01,-0.014464738,-0.019021746,-0.019168443,250.0,0.0,0,1,17.24656751734247
1941469353.0,CHD,2020-12-01,530000.0,21806456.5,0.024304728280819,Market Model,2020-12-01,-0.000115915,-0.00515198,-0.005459745,250.0,0.0,0,1,16.897716653634493
1941472391.0,JNPR,2020-12-07,180000.0,7247597.28,0.0248358170364565,Market Model,2020-12-07,0.0050855294,-0.003927014,-0.004217122,250.0,0.0,0,0,15.796180562247368
1941548462.0,MRCY,2020-12-07,310000.0,4154936.76,0.0746100405147923,Market Model,2020-12-07,0.1196723587,0.0987116536,0.10308294,250.0,0.0,0,0,15.23980776593925
1941709559.0,IR,2020-12-07,184000.0,18873874.64,0.0097489256185925,Market Model,2020-12-07,0.0017993702,-0.015318757,-0.015718985,250.0,0.0,0,1,16.753289229600064
1941708593.0,HUN,2020-12-07,250000.0,5623546.77,0.0444559297228001,Market Model,2020-12-07,0.0546558704,0.0373500657,0.0376940256,250.0,0.0,0,1,15.542473120676132
1941473365.0,APH,2020-12-09,1700000.0,39859412.2,0.0426499013951841,Market Model,2020-12-09,-0.007702182,-0.004051348,-0.004116458,250.0,0.0,1,1,17.500869126027045
1941515128.0,AYTU,2020-12-10,59900.0,87376.19,0.685541450136473,Market Model,2020-12-10,-0.27816092,-0.282082949,-0.308300036,250.0,0.7495826377295493,1,0,11.377978098899733
1941728742.0,PTC,2020-12-12,715000.0,13180585.74,0.0542464511140913,Market Model,2020-12-14,0.0123380082,0.0029438578,0.0030226726,250.0,0.0,0,1,16.394255527629287
1941697217.0,PRIM,2020-12-14,620000.0,1309654.08,0.4734074512255938,Market Model,2020-12-14,0.036802974,0.0263308349,0.0264806585,250.0,0.0,0,1,14.08527359923837
1941475415.0,GDDY,2020-12-15,365000.0,14204678.4,0.0256957595041363,Market Model,2020-12-15,0.0271973853,0.0134203308,0.0133002599,250.0,0.0,0,0,16.469081933098614
1941520088.0,CERN,2020-12-16,375000.0,23104622.4,0.0162305184437898,Market Model,2020-12-16,0.0526599327,0.0375527189,0.038319389,250.0,0.0,0,1,16.95554325937001
1941476366.0,IART,2020-12-16,400000.0,5023513.53,0.0796255444742476,Market Model,2020-12-16,0.081203269,0.0648708899,0.066852155,250.0,0.0,0,1,15.429640153222175
1941616459.0,SPSC,2020-12-17,100000.0,3424619.91,0.0292003208029004,Market Model,2020-12-17,0.0724682247,0.0591992177,0.0600497387,250.0,0.0,0,1,15.04650104833778
1941700453.0,MODN,2020-12-17,60000.0,1246243.59,0.0481446809287099,Market Model,2020-12-17,0.0817941953,0.0696793648,0.0713254359,250.0,0.0,0,0,14.035644456814667
1941194409.0,FANG,2020-12-21,2150000.0,7241482.32,0.296900538452188,Market Model,2020-12-21,-0.070380922,-0.056380114,-0.054798161,250.0,0.25821906976744186,1,1,15.79533648373695
1941477171.0,VSAT,2020-12-21,222000.0,2121211.53,0.1046571720265918,Market Model,2020-12-21,-0.00031211,0.0156917531,0.0139616244,250.0,0.0,1,1,14.567497959832828
1941479520.0,CENT,2020-12-31,532000.0,429294.32,1.2392430442592393,Market Model,2020-12-31,0.0238347458,0.0253709954,0.0255090233,250.0,0.0,0,0,12.96989802328422
1941480480.0,XRAY,2020-12-31,1040000.0,11246840.3,0.0924704158909413,Market Model,2020-12-31,0.0487804878,0.058568102,0.0592636888,250.0,0.0,0,1,16.2355977849433
1941481635.0,AVY,2021-01-04,87600.0,12938965.98,0.0067702473393472,Market Model,2021-01-04,-0.01271159,-0.01114072,-0.011142952,250.0,0.0,0,1,16.375753935034258
1941479913.0,CNC,2021-01-04,2200000.0,34805273.94,0.0632088115092134,Market Model,2021-01-04,0.0364901561,0.0361744357,0.0361110354,250.0,0.0,1,0,17.36527948326216
1941479578.0,TDY,2021-01-04,8200000.0,14457006.36,0.5671990311001012,Market Model,2021-01-04,-0.039913066,-0.034854966,-0.037516,250.0,0.4878048780487805,1,1,16.48668972421578
2007041228.0,UNH,2021-01-06,13000000.0,327153480.8,0.0397367008543226,Market Model,2021-01-06,0.044434907,0.0045494168,0.0039346873,250.0,0.0,1,0,19.60593997899111
1941691997.0,CMRX,2021-01-07,78000.0,299004.16,0.2608659357782848,Market Model,2021-01-07,0.7113821138,0.6655438008,0.6719937057,250.0,0.5,0,1,12.608212765319516
1941442184.0,DVN,2021-01-07,2550261.0,7007656.48,0.363924945133726,Market Model,2021-01-07,0.043202765,0.0009743443,-0.000497843,250.0,1.0,0,1,15.76251389213209
1941482591.0,FFIV,2021-01-07,500000.0,11006599.72,0.0454272902367344,Market Model,2021-01-07,0.0789280677,0.0572846178,0.0582263434,250.0,0.0,0,0,16.21400562539533
1941484751.0,AVAV,2021-01-13,405000.0,2306029.68,0.1756265340002041,Market Model,2021-01-13,0.3451793,0.3294941608,0.3394812386,250.0,0.12345679012345678,0,1,14.651037850500213
1941701553.0,CADE,2021-01-13,108400.0,2571231.39,0.0421587883617117,Market Model,2021-01-13,0.0685627222,0.0640221415,0.065134444,250.0,0.8339483394833949,0,1,14.759895482198269
2007134769.0,CTLT,2021-01-13,80000.0,19053911.62,0.0041986129460172,Market Model,2021-01-13,-0.001386482,-0.011264257,-0.011333808,250.0,0.0,0,0,16.76278297284197
2007308102.0,CTXS,2021-01-19,2250000.0,16172772.0,0.1391227181091775,Market Model,2021-01-19,0.0044700356,-0.002835924,-0.003340251,250.0,0.0,0,1,16.59883964543252
1941486762.0,TMO,2021-01-19,550000.0,199411991.9,0.0027581089520223,Market Model,2021-01-19,0.0380954298,0.0227270995,0.0231795326,250.0,0.0,0,0,19.11088355360344
1941519868.0,MGPI,2021-01-25,475000.0,898747.08,0.5285135390926666,Market Model,2021-01-25,0.1553547395,0.1515986685,0.1571231787,250.0,0.5,0,0,13.708756939055231
1941544125.0,SYBT,2021-01-27,189431.0,969402.24,0.1954101116993499,Market Model,2021-01-27,0.0653409091,0.0877083198,0.0882507948,250.0,0.8517930011455358,0,1,13.784434913098398
1941491709.0,WOR,2021-01-29,115000.0,2842913.06,0.0404514656526288,Market Model,2021-01-29,0.0048130322,-0.008966717,-0.009353763,250.0,0.0,0,1,14.860339809792702
1941515885.0,NMRK,2021-01-31,70000.0,1147368.04,0.0610091945736958,Market Model,2021-02-01,0.1183098592,0.1028647545,0.0995345506,250.0,0.0,0,1,13.95298121648273
1941491823.0,GTN,2021-02-01,925000.0,1519376.65,0.6088023006013684,Market Model,2021-02-01,-0.039544871,-0.053606865,-0.057119876,250.0,0.0,0,1,14.233810710024786
1941493875.0,TMUS,2021-02-02,1940000.0,159472726.52,0.0121650895569073,Market Model,2021-02-02,0.0260945431,-0.006467573,-0.007156807,250.0,0.0,0,1,18.887383471963084
1941711303.0,TW,2021-02-02,190000.0,6558037.5,0.0289720819681192,Market Model,2021-02-02,0.0590557658,0.0325182986,0.0317231255,250.0,0.0,0,0,15.696201954577152
1941493686.0,NOG,2021-02-03,295500.0,502068.45,0.5885651647698635,Market Model,2021-02-03,0.0135790495,-0.008311055,-0.013233431,250.0,0.15397631133671744,0,1,13.126491743960099
1941494510.0,CORR,2021-02-04,350000.0,126963.6,2.756695619846948,Market Model,2021-02-04,-0.042669584,-0.049641836,-0.05658301,250.0,0.34114285714285714,0,0,11.751655710185808
1941493828.0,MGNI,2021-02-05,1700000.0,5026139.3,0.3382317716502604,Market Model,2021-02-05,0.4207848837,0.3338975535,0.3694758139,250.0,0.2947941176470588,0,1,15.430162712579033
1941495757.0,RAMP,2021-02-08,68000.0,5438329.13,0.0125038404948469,Market Model,2021-02-08,-0.082790581,-0.100308268,-0.10091362,250.0,0.0,0,1,15.508982426432784
1941495952.0,CNO,2021-02-09,50000.0,3271706.9,0.0152825425773928,Market Model,2021-02-09,0.0034782609,-0.01205056,-0.012524127,250.0,0.0,0,1,15.000822394452795
1941496928.0,ZG,2021-02-10,500000.0,10568616.95,0.0473098800311804,Market Model,2021-02-10,0.1864206293,0.1699141116,0.17230806,250.0,0.0,0,1,16.173399502549195
1941512008.0,TYL,2021-02-10,2300000.0,17063160.24,0.1347933189192156,Market Model,2021-02-10,0.0903794862,0.0851782627,0.0863785434,250.0,0.0,1,1,16.65243232554542
1941492489.0,HRL,2021-02-11,3350000.0,26904113.94,0.1245162731421289,Market Model,2021-02-11,-0.025060631,-0.027495532,-0.027763397,250.0,0.0,0,1,17.10778976745126
1941513361.0,GTLS,2021-02-16,55000.0,5576545.72,0.0098627363177074,Market Model,2021-02-16,0.0299421119,0.0190754328,0.0192253968,250.0,0.0,0,1,15.534080096074055
1941544285.0,PGR,2021-02-16,338000.0,50485204.0,0.0066950308846924,Market Model,2021-02-16,-0.001389371,-0.003732409,-0.003900583,250.0,0.0,0,1,17.737190861216593
1941499068.0,ET,2021-02-17,7200000.0,18776103.36,0.3834661464070679,Market Model,2021-02-17,-0.005865103,0.0106879351,0.0102380144,250.0,1.0,1,1,16.748095521397715
1941499396.0,CRL,2021-02-17,875000.0,14263307.82,0.0613462186361199,Market Model,2021-02-17,-0.000990437,0.007707901,0.0062489372,250.0,0.0,0,1,16.473200910987604
1941512131.0,FSS,2021-02-18,52500.0,2150987.42,0.0244073951859746,Market Model,2021-02-18,0.0036161335,0.0127493961,0.0123345929,250.0,0.0,0,1,14.58143755979018
1941500107.0,RDFN,2021-02-19,608000.0,8906677.8,0.0682633877246575,Market Model,2021-02-19,0.0398722326,0.0643806351,0.0570625739,250.0,0.0,0,0,16.00231186796383
1941500908.0,KLR,2021-02-19,215000.0,489157.68,0.439531073088743,Market Model,2021-02-19,0.0849673203,0.091355531,0.0906312441,250.0,0.09302325581395349,0,0,13.100440170467625
1941501566.0,GT,2021-02-22,2500000.0,3241703.5,0.7711994634919572,Market Model,2021-02-22,0.2438756856,0.2564094845,0.2623536385,250.0,0.254262,1,1,14.991609521203989
1941500980.0,MTB,2021-02-22,7518439.0,19246100.01,0.3906474036866443,Market Model,2021-02-22,0.0861387488,0.1015867666,0.1038684867,250.0,1.0,1,1,16.77281900128943
1941502525.0,BEAM,2021-02-23,440000.0,6321414.14,0.069604678677167,Market Model,2021-02-23,-0.09241418,-0.108067735,-0.112790661,211.0,1.0,0,1,15.65945349742244
1941503713.0,LDOS,2021-02-23,380000.0,14772919.8,0.0257227416884778,Market Model,2021-02-23,-0.128951426,-0.131334031,-0.127943858,250.0,0.0,0,1,16.508306319466158
1941502744.0,ADSK,2021-02-24,1000000.0,63738900.0,0.0156890062426555,Market Model,2021-02-24,-0.04591871,-0.02880245,-0.029323234,250.0,0.0,0,0,17.970305609195513
1941502836.0,HPQ,2021-02-24,425000.0,35310233.68,0.0120361706991682,Market Model,2021-02-24,0.0394542773,0.0579858151,0.0588307192,250.0,0.0,0,1,17.379683385837925
1941549088.0,APPS,2021-02-26,400000.0,6471785.32,0.0618067473227001,Market Model,2021-02-26,0.1990887229,0.1882377128,0.184669068,250.0,0.0,0,1,15.682962566589344
1941720222.0,DNOW,2021-02-27,90000.0,1168789.76,0.0770027280184248,Market Model,2021-03-01,-0.02189781,-0.027659018,-0.028776025,250.0,0.0,0,0,13.97147937825773
1941505790.0,MMS,2021-03-01,430000.0,4994899.84,0.0860878123233798,Market Model,2021-03-01,-0.002292471,-0.010964974,-0.011457831,250.0,0.0,0,0,15.423927917811694
1941721410.0,AMK,2021-03-01,145000.0,1712206.17,0.084686063244358,Market Model,2021-03-01,-0.014705882,-0.025421052,-0.027116999,250.0,0.1724137931034483,0,1,14.353293254835016
2007033683.0,ABBV,2021-03-02,655000.0,191439267.62,0.0034214506153468,Market Model,2021-03-02,-0.009560052,-0.010645164,-0.010432499,250.0,0.0,0,1,19.0700811759198
1941505578.0,A,2021-03-02,695000.0,37966400.0,0.0183056597412448,Market Model,2021-03-02,-0.022691898,-0.02449874,-0.024689735,250.0,0.0,0,0,17.45221211601963
1941507117.0,TECH,2021-03-03,320000.0,14566696.56,0.0219679183047388,Market Model,2021-03-03,-0.065889808,-0.040607449,-0.040022823,250.0,0.0,0,0,16.494248423569516
1941610228.0,SHBI,2021-03-03,146000.0,184286.12,0.7922463178453157,Market Model,2021-03-03,-0.006480881,0.0592242104,0.0555564232,250.0,0.8592945205479452,1,1,12.124244828830506
1941511053.0,AMGN,2021-03-04,1900000.0,129340130.04,0.0146899496653699,Market Model,2021-03-04,0.0090389472,0.0219767721,0.0218018179,250.0,0.0,1,0,18.67795615939431
1941722311.0,DGX,2021-03-08,225000.0,15742351.8,0.0142926547988846,Market Model,2021-03-08,0.0221691678,-0.000584942,-0.000809388,250.0,0.0,0,1,16.571865205294053
1941508740.0,CXDO,2021-03-08,50000.0,115533.16,0.4327761830456295,Market Model,2021-03-08,0.1124161074,0.0841819755,0.083577061,115.0,0.8,0,1,11.65731286730589
1941683839.0,HQY,2021-03-08,67228.0,6533995.8,0.0102889567207863,Market Model,2021-03-08,0.001192053,-0.035427493,-0.037478327,250.0,0.0,0,0,15.692529228351393
1941509002.0,DBX,2021-03-09,165000.0,7871212.8,0.0209624620998685,Market Model,2021-03-09,0.0425894378,0.0256407617,0.0255744152,250.0,0.0,0,1,15.878722712713893
1941632594.0,WSFS,2021-03-10,976400.0,2561880.3,0.3811263156986686,Market Model,2021-03-10,-0.048842719,-0.100694876,-0.101074553,250.0,1.0,1,1,14.756252039035866
1941513472.0,HST,2021-03-15,161000.0,12153438.95,0.0132472792813922,Market Model,2021-03-15,0.0466627289,0.0459657333,0.0458174165,250.0,0.0,0,1,16.313122728854506
1941281248.0,DFNS,2021-03-15,863400.0,173190.0,4.985276286159709,Market Model,2021-03-15,0.0,-0.00054679,-0.000812751,200.0,1.0,0,0,12.062144536723089
1941514438.0,AME,2021-03-22,1350000.0,27842908.64,0.0484863136052009,Market Model,2021-03-22,0.0,0.0049255223,0.0048019375,250.0,0.0,0,0,17.142088864984643
1941603806.0,BANC,2021-03-22,226000.0,1025301.65,0.2204229360208286,Market Model,2021-03-22,-0.098874205,-0.0952404,-0.09262101,250.0,0.9898230088495575,1,1,13.840497419941975
1941514331.0,SNX,2021-03-22,7200000.0,5324810.4,1.3521608205993587,Market Model,2021-03-22,0.0518539977,0.0529035794,0.0522737181,250.0,0.6306666666666667,0,1,15.487887663292064
2007079980.0,SBCF,2021-03-23,102200.0,2040382.5,0.0500886475942623,Market Model,2021-03-23,-0.091239927,-0.072322545,-0.069579517,250.0,0.0,0,1,14.528647848244471
1941516397.0,MTD,2021-03-24,205000.0,26139947.68,0.0078424028429424,Market Model,2021-03-24,-0.012105724,-0.002436352,-0.002438139,250.0,0.0,0,1,17.078975264628124
1941497575.0,COHR,2021-03-25,7017237.0,6302904.96,1.1133337793498952,Market Model,2021-03-25,0.009492077,-0.003554461,-0.003402439,250.0,0.21325273750907942,1,1,15.656521189847533
1941517605.0,PEBO,2021-03-29,292300.0,664468.64,0.4399003691129802,Market Model,2021-03-29,-0.013257005,-0.022930536,-0.023616169,250.0,1.0,1,1,13.406742962643314
1941520108.0,GHC,2021-04-05,323000.0,2318659.98,0.1393045995471919,Market Model,2021-04-05,0.0692340516,0.0464702844,0.0478512192,250.0,0.0,1,1,14.656499981942755
1941520262.0,KELYA,2021-04-05,215000.0,858240.0,0.2505126771066368,Market Model,2021-04-05,0.0480466996,0.0191688729,0.0175732061,250.0,0.0,0,0,13.662639059635396
1941520421.0,BCO,2021-04-06,213000.0,3992179.38,0.0533543159576161,Market Model,2021-04-06,0.00908632,-0.002003088,-0.002246717,250.0,0.0,0,1,15.19984785027369
1941522107.0,APPH,2021-04-08,60000.0,1791048.25,0.0334999350240843,Market Model,2021-04-08,-0.104902478,-0.128614754,-0.125332839,154.0,0.8333333333333334,0,0,14.398311620936806
1941521128.0,PAR,2021-04-08,500000.0,1368796.48,0.3652843993286715,Market Model,2021-04-08,0.288594736,0.2589194714,0.2627031815,250.0,0.22,0,1,14.129442429961257
1941523164.0,CDLX,2021-04-13,650000.0,3567771.0,0.182186580921253,Market Model,2021-04-13,0.0836789901,0.0847548627,0.0772354385,250.0,0.0,0,1,15.087451589007959
1941564024.0,CSGP,2021-04-14,156000.0,35730931.75,0.0043659650717056,Market Model,2021-04-14,0.0291496242,0.0167509516,0.0166824763,250.0,0.0,0,0,17.39152730718547
1941541685.0,URI,2021-04-15,996000.0,23511589.8,0.0423620864634172,Market Model,2021-04-15,0.0078938477,-0.011534238,-0.011559022,250.0,0.0,1,1,16.973004040518358
1941524572.0,KIM,2021-04-15,3872971.0,8443430.68,0.4586963696135893,Market Model,2021-04-15,0.002541942,-0.008172089,-0.008491112,250.0,0.904677055418179,1,1,15.94889926265505
1941525982.0,WBS,2021-04-19,5115048.0,5187911.73,0.9859550944981093,Market Model,2021-04-19,-0.102131439,-0.080519209,-0.079114191,250.0,1.0,1,1,15.461841810010043
1941575368.0,BMRC,2021-04-19,134500.0,520552.62,0.2583792585656374,Market Model,2021-04-19,-0.102374266,-0.084699952,-0.082452371,250.0,1.0,1,1,13.16264625702826
1941527431.0,DLX,2021-04-21,960000.0,1779507.86,0.539474998441423,Market Model,2021-04-21,0.028975265,0.0378747408,0.0379916411,250.0,0.0,0,0,14.391847400893688
1941529367.0,SWKS,2021-04-22,2750000.0,30810962.0,0.0892539479942236,Market Model,2021-04-22,0.0448774081,0.021198212,0.0210331342,250.0,0.0,0,0,17.243381093714095
1941581390.0,CBAN,2021-04-22,84000.0,142485.0,0.5895357406042742,Market Model,2021-04-22,-0.003355705,-0.017475072,-0.017480941,250.0,0.725,0,1,11.866992009992392
1941544394.0,EHC,2021-04-26,95000.0,8798938.24,0.0107967572232897,Market Model,2021-04-26,-0.028299725,-0.041260126,-0.041512667,250.0,0.0,0,1,15.990141617623635
1941596324.0,FHI,2021-04-26,562000.0,2989762.86,0.1879747746950071,Market Model,2021-04-26,0.0074324324,-0.01295739,-0.013247511,250.0,0.0,0,1,14.910704631184792
1941566558.0,EFSC,2021-04-26,395153.0,1581392.81,0.249876562926829,Market Model,2021-04-26,-0.027430911,-0.044081074,-0.045830361,250.0,1.0,1,1,14.273816542004353
1941530880.0,IBM,2021-04-29,2000000.0,127783942.0,0.0156514188613777,Market Model,2021-04-29,-0.000915428,0.0084566851,0.0082678455,250.0,0.0,0,0,18.665851442560886
1941530854.0,HZO,2021-05-03,63000.0,1258347.2,0.0500656734484727,Market Model,2021-05-03,0.0766309976,0.0857578262,0.0856254726,250.0,0.0,0,0,14.045309671803984
1941531743.0,COO,2021-05-03,60000.0,20195654.39,0.0029709361648468,Market Model,2021-05-03,0.0098383179,0.0243660393,0.0243340338,250.0,0.0,0,1,16.820978010019903
1941531832.0,RCM,2021-05-04,300000.0,7107373.13,0.0422096876740169,Market Model,2021-05-04,-0.111070381,-0.108377063,-0.109951614,250.0,0.0,0,0,15.776643272189693
1941532597.0,ZNGA,2021-05-05,250000.0,11094494.97,0.0225336980796341,Market Model,2021-05-05,0.0075258702,0.0072321898,0.00485949,250.0,0.0,0,0,16.221959594610706
1941533431.0,MTZ,2021-05-05,420000.0,7948057.2,0.0528431023370088,Market Model,2021-05-05,0.0334561951,0.0363954083,0.0368140096,250.0,0.0,0,1,15.888438079407011
2007264433.0,EQT,2021-05-06,2925000.0,5627273.72,0.5197898921469205,Market Model,2021-05-06,0.0391762933,0.0245761128,0.013855776,250.0,0.6581196581196581,0,1,15.543135641270009
1941533707.0,BILL,2021-05-06,2375000.0,11467642.34,0.2071044709613781,Market Model,2021-05-06,0.0544920005,0.0440684787,0.026924862,250.0,0.7894736842105263,0,1,16.255039917846453
1941535822.0,GMS,2021-05-11,135000.0,1978674.46,0.0682274940770196,Market Model,2021-05-11,-0.068965517,-0.002965808,-0.003407981,250.0,0.0,0,1,14.497937713832732
1941710717.0,MGRC,2021-05-13,260000.0,1962868.9,0.1324591774825104,Market Model,2021-05-13,0.0439000728,0.0403201019,0.0406605634,250.0,0.0,0,1,14.489917685495996
1941537851.0,GIS,2021-05-14,1200000.0,39025944.58,0.0307487752805085,Market Model,2021-05-14,-0.002700127,-0.011642199,-0.01187001,250.0,0.0,0,1,17.479737228557152
1941538421.0,FELE,2021-05-17,150000.0,4042743.42,0.0371035171952614,Market Model,2021-05-17,-0.032111693,-0.042853475,-0.042719111,250.0,0.0,0,1,15.212434083833895
1941538703.0,PFGC,2021-05-18,2500000.0,6920173.26,0.3612626311613475,Market Model,2021-05-18,-0.094868396,-0.076010455,-0.073673878,250.0,0.0,1,1,15.749951364852672
1941539040.0,GBCI,2021-05-18,925388.0,5874512.55,0.1575259210230132,Market Model,2021-05-18,-0.038517559,-0.025110801,-0.024811425,250.0,1.0,0,1,15.586133644339512
1941546984.0,HSY,2021-05-18,425000.0,25249603.67,0.0168319473665623,Market Model,2021-05-18,0.0068377067,0.0198072796,0.0197399185,250.0,0.0,0,1,17.044321017324833
1941541011.0,ORA,2021-05-24,377000.0,3767655.9,0.1000622164035733,Market Model,2021-05-24,0.0175621372,0.0119577658,0.0116083476,250.0,0.0,0,1,15.141963588852263
1941540226.0,MLM,2021-05-24,2300000.0,22607994.4,0.1017339247040861,Market Model,2021-05-24,0.0008564482,-0.007672894,-0.00776386,250.0,0.0,0,0,16.933814136206486
2007152240.0,VTNR,2021-05-26,75000.0,90289.79,0.8306587045999332,Market Model,2021-05-26,1.2290502793,1.2235347496,1.2160679878,250.0,0.0,0,0,11.410779665459856
1941477351.0,AMZN,2021-05-26,8450000.0,1643617132.2,0.0051410999766652,Market Model,2021-05-26,-0.00458553,-0.010282373,-0.010344185,250.0,0.0,0,0,21.220165218501585
1941544263.0,ONB,2021-06-01,6500000.0,3156127.8,2.0594856773543837,Market Model,2021-06-01,-0.023256601,-0.023597595,-0.023548598,250.0,1.0,1,1,14.964856454424607
1941550376.0,FBNC,2021-06-01,314300.0,1264056.93,0.2486438644816416,Market Model,2021-06-01,-0.026935265,-0.030545719,-0.031936642,250.0,1.0,1,1,14.049836892231651
1941544266.0,GHM,2021-06-01,84100.0,146738.41,0.5731287397757683,Market Model,2021-06-01,0.0652019844,0.0658512442,0.0660307408,250.0,0.1070154577883472,0,1,11.896406756717935
2007251527.0,SRNE,2021-06-01,488000.0,2155615.52,0.2263854548607072,Market Model,2021-06-01,0.0890322581,0.0563028808,0.0539404745,250.0,0.0778688524590164,0,0,14.58358686486711
1941544755.0,KMI,2021-06-01,1225000.0,41532452.22,0.0294950077474621,Market Model,2021-06-01,0.0279299014,0.0268924492,0.0271253573,250.0,0.0,0,1,17.541985660817744
1941546003.0,CDK,2021-06-02,360000.0,6398005.96,0.0562675312043629,Market Model,2021-06-02,0.0043943447,0.0096897628,0.0095545952,250.0,0.0,0,1,15.671496931032273
1941545327.0,SAIC,2021-06-03,250000.0,5309289.12,0.0470872831276515,Market Model,2021-06-03,0.0349619499,0.0295804097,0.0299361941,250.0,0.0,0,1,15.484968508549755
1941545624.0,FFWM,2021-06-03,295000.0,1124923.84,0.2622399752857935,Market Model,2021-06-03,-0.012214342,-0.022921656,-0.022854539,250.0,1.0,0,1,13.933225893551281
1941544869.0,UBSI,2021-06-03,303300.0,5315880.45,0.0570554591760994,Market Model,2021-06-03,-0.059458164,-0.066000226,-0.065573224,250.0,1.0,1,1,15.48620920984908
1941551947.0,VMC,2021-06-07,1294000.0,23826634.0,0.0543089720520321,Market Model,2021-06-07,-0.02180447,-0.034052566,-0.03407901,250.0,0.0,0,0,16.98631458857358
1941546550.0,ONEM,2021-06-07,2100000.0,4891631.96,0.429304579161348,Market Model,2021-06-07,-0.041310934,-0.058941292,-0.058536173,250.0,1.0,0,0,15.403036539925528
1941549087.0,RF,2021-06-08,1000000.0,21638525.35,0.0462138701147673,Market Model,2021-06-08,-0.032258065,-0.035289568,-0.034984839,250.0,0.0,0,1,16.889985864981046
1941739185.0,MPW,2021-06-14,760000.0,12799232.0,0.0593785627137628,Market Model,2021-06-14,-0.026989936,-0.027238248,-0.027428637,250.0,0.0,0,0,16.364895727089774
1941550984.0,ELAN,2021-06-16,444000.0,16464990.76,0.0269663072680643,Market Model,2021-06-16,0.0669056153,0.074696554,0.0754731077,250.0,0.0,1,1,16.61674691260204
1941551550.0,DHR,2021-06-17,9600000.0,174567902.46,0.0549929274781755,Market Model,2021-06-17,0.0484292126,0.0578115541,0.0577052117,250.0,0.0,0,0,18.9778243497622
1941552114.0,BRC,2021-06-17,173000.0,2833316.36,0.0610591893098729,Market Model,2021-06-17,-0.079277471,-0.0589054,-0.056854118,250.0,0.0,0,0,14.856958442186256
1941554587.0,COLB,2021-06-23,266000.0,2849195.04,0.0933597020441254,Market Model,2021-06-23,-0.028144458,-0.046440825,-0.046258477,250.0,0.9984962406015038,1,1,14.862547070245286
1941553717.0,FMNB,2021-06-23,124000.0,477555.96,0.2596554338888368,Market Model,2021-06-23,-0.044006948,-0.055205241,-0.056445353,250.0,0.0,1,1,13.076436625753553
1941555010.0,ROK,2021-06-25,2220000.0,33141144.27,0.0669862205696255,Market Model,2021-06-25,-0.008957313,-0.021128471,-0.021168845,250.0,0.0,0,0,17.316286097731115
1941555636.0,DORM,2021-06-27,338000.0,3194302.72,0.1058133901598405,Market Model,2021-06-28,0.0477394559,0.0393235503,0.0400066958,250.0,0.0,0,0,14.976879380974175
1941566326.0,FAT,2021-06-28,442500.0,166393.44,2.6593596478322703,Market Model,2021-06-28,0.104197901,0.0858529347,0.0828842335,250.0,0.20903954802259886,0,0,12.022110383515212
1941555693.0,VTR,2021-06-28,2300000.0,21874471.71,0.1051453964462394,Market Model,2021-06-28,-0.001552795,-0.010322914,-0.010377463,250.0,0.34782608695652173,1,1,16.900830839516328
1941555773.0,BLDR,2021-06-29,450000.0,9370742.16,0.0480218100462599,Market Model,2021-06-29,-0.056403451,-0.067963681,-0.068168693,250.0,0.0,0,0,16.053102857054498
1941570796.0,CE,2021-06-30,1150000.0,16566061.64,0.0694190342273771,Market Model,2021-06-30,0.0322885069,0.0231012311,0.0230398353,250.0,0.0,0,1,16.622866681007505
1941557903.0,MPB,2021-06-30,124700.0,313322.82,0.3979920773086365,Market Model,2021-06-30,-0.014822849,-0.021673526,-0.021623024,250.0,1.0,1,1,12.654989311823666
2007186083.0,MSA,2021-07-01,337000.0,6485271.86,0.0519638971618993,Market Model,2021-07-01,0.0016962501,-0.008595479,-0.008648046,250.0,0.0,0,1,15.685044296210984
1941559334.0,KNX,2021-07-05,1350000.0,7532405.61,0.1792256112984335,Market Model,2021-07-06,0.08511567,0.0807939684,0.0821796721,250.0,0.007407407407407408,0,1,15.834725018875886
1941559362.0,HII,2021-07-06,1650000.0,8527977.04,0.1934808210975202,Market Model,2021-07-06,-0.024793778,-0.025669058,-0.025784115,250.0,0.0,0,0,15.958862733076446
1941559274.0,PTEN,2021-07-06,295000.0,1916500.56,0.1539263834078921,Market Model,2021-07-06,-0.131578947,-0.146886072,-0.142024473,250.0,0.8983050847457628,0,1,14.466011456002025
2007095422.0,MCF,2021-07-08,67000.0,824391.1,0.0812721049511572,Market Model,2021-07-08,0.0308788599,0.0165915705,0.0160541936,250.0,0.0,0,1,13.622400332209939
1941561693.0,LBAI,2021-07-12,244400.0,876915.33,0.2787042165176882,Market Model,2021-07-12,-0.014889815,-0.024982708,-0.026082368,250.0,1.0,1,1,13.684165721653638
1941565498.0,FTV,2021-07-12,1200000.0,23927017.68,0.0501525102730646,Market Model,2021-07-12,0.0145177519,0.0067642813,0.0067860833,250.0,0.0,0,0,16.990518825289737
1941562764.0,FNB,2021-07-13,412461.0,3896497.0,0.1058543096530037,Market Model,2021-07-13,-0.03215169,-0.023738034,-0.023944201,250.0,1.0,1,1,15.175588502343732
1941563390.0,HMN,2021-07-14,185000.0,1549427.4,0.1193989469916435,Market Model,2021-07-14,0.0091264668,0.0222641927,0.0215374309,250.0,0.0,0,1,14.25339600128845
1941564009.0,KRG,2021-07-19,2787229.0,1759822.55,1.583812527007339,Market Model,2021-07-19,-0.070316187,-0.064092966,-0.067637759,250.0,1.0,1,1,14.380723538067631
1941565199.0,PACB,2021-07-20,816000.0,5416509.91,0.1506505136256641,Market Model,2021-07-20,0.1854229607,0.1332228628,0.1434656808,250.0,0.49019607843137253,0,0,15.504962237960843
1941565499.0,NUE,2021-07-20,370000.0,26943749.68,0.0137323128515644,Market Model,2021-07-20,0.0093437636,-0.009493322,-0.009700389,250.0,0.0,0,1,17.109261905600988
1941584292.0,WGO,2021-07-20,320000.0,2140592.29,0.1494913354097898,Market Model,2021-07-20,0.0943545829,0.0755992876,0.0772416618,250.0,0.125,0,1,14.576593119732037
2007089610.0,MYFW,2021-07-22,51400.0,211547.7,0.2429712069665612,Market Model,2021-07-22,0.03,0.0083647877,0.0080165513,250.0,0.7762645914396887,0,1,12.262205783954863
1941566391.0,VERI,2021-07-22,150000.0,614687.7,0.2440263567987451,Market Model,2021-07-22,0.1802455357,0.1228782402,0.1316506731,250.0,0.378,0,1,13.328869612934044
1941567043.0,SSB,2021-07-23,537401.0,5167519.86,0.1039959234912355,Market Model,2021-07-23,-0.068776151,-0.087129529,-0.088494464,250.0,1.0,1,1,15.457903413781764
1941567565.0,OSBC,2021-07-26,328643.0,337606.08,0.9734510705494402,Market Model,2021-07-26,-0.003358522,-0.013693551,-0.013803115,250.0,0.6478245390895288,0,1,12.729635051020443
2007157756.0,RICK,2021-07-26,57000.0,528300.0,0.1078932424758659,Market Model,2021-07-26,0.1187468418,0.0948884632,0.0904958729,250.0,1.0,0,0,13.177419583152407
1941574269.0,CVCO,2021-07-26,153000.0,1999427.3,0.0765219120495153,Market Model,2021-07-26,0.0666197843,0.0602998905,0.0611725027,250.0,0.0,0,0,14.50837134751823
1941568900.0,CFG,2021-07-28,3500000.0,18877217.6,0.1854086801436245,Market Model,2021-07-28,-0.021940737,-0.02822233,-0.028196054,250.0,0.9,1,1,16.753466334939823
1941577094.0,GL,2021-08-01,59200.0,9595264.83,0.0061697098567731,Market Model,2021-08-02,-0.019951183,-0.020131291,-0.019969038,250.0,0.0,0,1,16.076780287876808
1941579241.0,ROAD,2021-08-02,113000.0,1225905.06,0.0921767954852882,Market Model,2021-08-02,-0.026857654,-0.029851627,-0.029718808,250.0,0.0,0,1,14.019189953654305
2008217659.0,HGV,2021-08-02,1400000.0,3487574.51,0.4014251153590408,Market Model,2021-08-02,-0.021057786,-0.024619915,-0.02437668,250.0,1.0,0,0,15.064717069758084
1941572090.0,VICI,2021-08-04,17200000.0,16250981.7,1.058397598220174,Market Model,2021-08-04,-0.001955034,-0.014702598,-0.014932317,250.0,0.4127906976744186,1,0,16.603663877222964
1941571483.0,CLH,2021-08-04,1250000.0,5242605.2,0.2384310762137877,Market Model,2021-08-04,0.0474174428,0.0323895395,0.03295592,250.0,0.0,0,0,15.472329108318919
2007107003.0,DRH,2021-08-04,108600.0,1770321.84,0.0613447778512408,Market Model,2021-08-04,0.0189349112,0.0016130895,-0.000388184,250.0,0.0,0,0,14.386671918529323
1941584110.0,NEX,2021-08-04,268100.0,829778.95,0.3230980973908774,Market Model,2021-08-04,-0.023746702,-0.043307685,-0.046544107,250.0,0.0,0,0,13.628914619000694
1941653301.0,EVH,2021-08-04,130000.0,2006367.48,0.0647937136620655,Market Model,2021-08-04,0.054770318,0.0341813787,0.033935144,250.0,0.0,0,0,14.511836421155413
1941585949.0,LEVI,2021-08-05,400000.0,2507072.6,0.1595486305422507,Market Model,2021-08-05,-0.030670471,-0.039534735,-0.039527828,250.0,0.0,0,0,14.734626335636166
1941573194.0,MDT,2021-08-06,936221.0,172046590.08,0.0054416713493982,Market Model,2021-08-06,-0.011372488,-0.018404031,-0.018451085,250.0,0.0,1,1,18.96327587065652
1941574706.0,DKNG,2021-08-09,1560000.0,20806143.82,0.0749778533444742,Market Model,2021-08-09,0.0297147385,0.0279120645,0.0279693611,250.0,1.0,0,0,16.850758877018194
1941574421.0,EFX,2021-08-10,1825000.0,30854001.88,0.0591495394049026,Market Model,2021-08-10,0.0295079384,0.0250920772,0.0252065938,250.0,0.0,0,0,17.24477702048615
1941584767.0,VRNT,2021-08-10,50000.0,2785242.96,0.0179517552752381,Market Model,2021-08-10,-0.013059701,-0.016851893,-0.016850291,250.0,0.0,0,1,14.839845666317615
1941576344.0,H,2021-08-15,2769000.0,2968561.0,0.932775172886796,Market Model,2021-08-16,-0.015172414,-0.002963379,-0.002943073,250.0,0.0,0,1,14.90358788158061
1941588300.0,HPP,2021-08-17,222000.0,4009258.56,0.0553718341378312,Market Model,2021-08-17,-0.027777778,-0.010215449,-0.010122738,250.0,0.0,0,1,15.204116884431444
1941580142.0,KAR,2021-08-23,450000.0,2095984.8,0.2146962134458226,Market Model,2021-08-23,0.0194690265,-0.011875503,-0.012616154,250.0,0.0,0,0,14.555534072488378
1941585497.0,KAI,2021-08-23,54000.0,2271140.48,0.0237766005562104,Market Model,2021-08-23,0.0337535584,0.0075603401,0.0075001576,250.0,0.0,0,1,14.635792677386796
1941580144.0,NDSN,2021-08-24,180000.0,13425727.3,0.0134070948990599,Market Model,2021-08-24,0.0164402896,0.0025534427,0.002571117,250.0,0.0,0,1,16.412683371938343
1941586582.0,ABM,2021-08-25,830000.0,3247797.78,0.2555577829109791,Market Model,2021-08-25,0.0115440115,0.0102560688,0.0103044789,250.0,0.0,0,0,14.993487718473263
1941583542.0,SYNA,2021-08-30,538086.0,7097250.48,0.075816120836699,Market Model,2021-08-30,0.0742061471,0.0464882813,0.047923886,250.0,0.0,1,1,15.775218010670416
2007095441.0,ANSS,2021-08-30,411500.0,31849090.06,0.0129203063329213,Market Model,2021-08-30,0.0112092109,-0.003819657,-0.003808104,250.0,0.0,0,1,17.27651937002959
1941585324.0,PCTY,2021-09-01,60000.0,14698589.2,0.0040820244163296,Market Model,2021-09-01,0.0133125093,0.0107000796,0.0107518613,250.0,0.0,0,1,16.503262074354165
1941583647.0,THO,2021-09-01,750000.0,6280165.38,0.1194236066439384,Market Model,2021-09-01,0.0255769893,0.0267489839,0.026199074,250.0,0.0,0,1,15.652906872492542
1941568940.0,BAX,2021-09-02,1250000.0,38793016.0,0.0322222948584353,Market Model,2021-09-02,0.0888966083,0.0864904744,0.0887309155,250.0,0.0,1,1,17.47375078839156
1941584874.0,PWR,2021-09-02,3000000.0,14161499.04,0.2118419802540904,Market Model,2021-09-02,0.1361410382,0.1240924008,0.1256794049,250.0,0.0,0,1,16.466037505033388
1941585652.0,AVTR,2021-09-07,2900000.0,23787117.36,0.1219147304026249,Market Model,2021-09-07,0.0270469634,0.0291382734,0.0290000458,250.0,0.0,0,0,16.98465470469784
1941585066.0,SSTK,2021-09-07,110000.0,4196629.57,0.0262115104907865,Market Model,2021-09-07,-0.005073922,-0.007349964,-0.007467335,250.0,0.0,0,1,15.249792277758148
1941588644.0,BCML,2021-09-07,53100.0,184775.04,0.2873764768228436,Market Model,2021-09-07,0.0166570936,0.0219669861,0.0216453009,250.0,1.0,0,1,12.126894364132566
1941586019.0,BLD,2021-09-08,1001000.0,7140637.35,0.1401835649866744,Market Model,2021-09-08,0.0174632771,0.0325749721,0.0323035364,250.0,0.0,0,0,15.781312595037793
1941590096.0,GPI,2021-09-13,880000.0,2860752.72,0.3076113478273648,Market Model,2021-09-13,0.0306244117,0.041882807,0.0416854284,250.0,0.0,0,1,14.866595336979124
1941575290.0,FOXA,2021-09-13,50000.0,11623139.76,0.0043017636398101,Market Model,2021-09-13,-0.029152915,-0.025254663,-0.025366233,250.0,0.0,0,1,16.268508475987865
2007289545.0,SWK,2021-09-13,375000.0,30379376.04,0.0123439006616279,Market Model,2021-09-13,-0.032723416,-0.022957417,-0.022731376,250.0,0.0,0,1,17.229274516408804
1941583371.0,INTU,2021-09-13,12000000.0,154946938.96,0.077445866827339,Market Model,2021-09-13,0.0009158961,0.0183077723,0.017912602,250.0,0.525,0,1,18.85859328698515
1941588028.0,MLAB,2021-09-14,300000.0,1456840.0,0.2059251530710304,Market Model,2021-09-14,0.1079437334,0.1043552218,0.1054729517,250.0,0.0,0,1,14.191780264459553
1941648206.0,FIBK,2021-09-15,1949842.0,1751864.79,1.1130094121019465,Market Model,2021-09-15,-0.067158847,-0.070140677,-0.070703898,250.0,1.0,1,1,14.376191372842822
1941589161.0,HOMB,2021-09-15,919100.0,3452411.52,0.2662197118378286,Market Model,2021-09-15,0.0569827184,0.0528496046,0.0522993928,250.0,1.0,0,1,15.054583536131249
1941592219.0,GABC,2021-09-20,154000.0,965212.56,0.1595503481637246,Market Model,2021-09-20,0.023938444,0.0377660097,0.036391136,250.0,0.6766233766233766,0,1,13.780103625495427
1941591776.0,MTRN,2021-09-20,380000.0,1453959.32,0.2613553176989848,Market Model,2021-09-20,-0.027781735,-0.000401747,-0.000681278,250.0,0.0,0,1,14.189800958692464
1941591362.0,SLGN,2021-09-20,485000.0,4356699.68,0.1113227983619013,Market Model,2021-09-20,-0.027232581,-0.011456178,-0.011666664,250.0,0.0,0,0,15.287225374562345
1941591807.0,USB,2021-09-21,8000000.0,82552448.64,0.096908088515786,Market Model,2021-09-21,0.0159621119,0.0198255318,0.0193657343,250.0,0.3125,0,1,18.22894439039806
1941592502.0,BBDC,2021-09-21,623700.0,694309.08,0.8983031015524096,Market Model,2021-09-21,0.0195348837,0.0196619661,0.0195833741,250.0,0.839666506333173,0,1,13.450672500576056
1941593584.0,PRGS,2021-09-23,258000.0,1982142.03,0.1301622164785033,Market Model,2021-09-23,0.1905829596,0.1618450576,0.167390861,250.0,0.0,0,0,14.499688651244075
1941592798.0,GE,2021-09-23,1450000.0,108163712.02,0.0134056050122603,Market Model,2021-09-23,0.0729188184,0.0498352648,0.0510588568,250.0,0.0,0,0,18.49915648938156
1941606984.0,VLY,2021-09-23,1220000.0,4907770.63,0.2485853744961997,Market Model,2021-09-23,0.1169491525,0.0873119008,0.0907116562,250.0,0.0009073770491803279,0,1,15.406330349817045
1941584938.0,MGM,2021-09-27,1625000.0,21501485.6,0.0755761732110268,Market Model,2021-09-27,0.0051511758,0.0298521488,0.02989217,250.0,0.0,0,1,16.883632588385176
1941594324.0,MRK,2021-09-30,11500000.0,190080948.75,0.0605005397733211,Market Model,2021-09-30,0.1102018549,0.1082018039,0.1102703655,250.0,0.0,1,1,19.06296058544554
1941597536.0,OPCH,2021-10-01,50000.0,4363767.5,0.0114579889968931,Market Model,2021-10-01,0.0205254516,0.0292406441,0.0293221226,250.0,0.0,0,1,15.288846347705572
1941600703.0,SWX,2021-10-05,1975000.0,3904274.51,0.5058558241592496,Market Model,2021-10-05,0.0038382049,0.0074205965,0.0044523073,250.0,0.0,0,0,15.177582539104607
1941598114.0,NWPX,2021-10-05,87400.0,238976.91,0.365725709651196,Market Model,2021-10-05,0.0558081852,0.058421566,0.0591935795,250.0,0.0,0,0,12.384122215367855
2007117436.0,JPM,2021-10-11,114000.0,508643744.1,0.0002241254342009,Market Model,2021-10-11,-0.027808807,-0.0228831,-0.022745536,250.0,0.0,0,0,20.047258416101563
1941600206.0,SUPN,2021-10-11,450000.0,1402382.97,0.3208823906354197,Market Model,2021-10-11,0.1193139448,0.1303900117,0.1324010665,250.0,0.0,1,0,14.15368346904709
1941601134.0,VRM,2021-10-12,300000.0,2814622.88,0.1065862152019456,Market Model,2021-10-12,0.0023474178,0.0188951668,0.0179077648,250.0,0.0,0,0,14.85033884255299
2007588348.0,KOS,2021-10-13,750000.0,1331628.5,0.5632201473609194,Market Model,2021-10-13,0.1128526646,0.0600981539,0.0616360765,250.0,0.0,0,1,14.10191318727764
1941603043.0,HOLX,2021-10-14,160000.0,17796294.48,0.0089906356730505,Market Model,2021-10-14,-0.002291279,-0.019615575,-0.019740911,250.0,0.0,0,1,16.694500818309933
1941603514.0,OWL,2021-10-18,1600000.0,5084879.45,0.314658393720622,Market Model,2021-10-18,0.0628571429,0.0509781945,0.0517081477,160.0,0.0,0,1,15.441781880202464
1941603666.0,HUBG,2021-10-19,130000.0,2468173.22,0.0526705333914934,Market Model,2021-10-19,0.0243031718,0.0136653167,0.013750009,250.0,0.0,0,1,14.718988847930204
1941604996.0,RJF,2021-10-20,1100000.0,20654941.56,0.0532560209286789,Market Model,2021-10-20,0.0135498655,-0.003925164,-0.004015421,250.0,0.6781818181818182,1,1,16.843465149469857
1941604799.0,LFUS,2021-10-20,315000.0,7082725.2,0.044474406546226,Market Model,2021-10-20,0.03640377,0.0179069805,0.0182237167,250.0,0.0,0,1,15.773169306863268
1941606406.0,JLL,2021-10-21,300000.0,12894532.64,0.0232656745595705,Market Model,2021-10-21,0.0451512985,0.0329807776,0.0333685902,250.0,0.0,0,0,16.372313953135535
1941608004.0,ALLY,2021-10-21,750000.0,20121849.02,0.0372729165820964,Market Model,2021-10-21,-0.072447859,-0.084303164,-0.08407952,250.0,0.0,0,0,16.81731679857569
1941605461.0,OLO,2021-10-21,187000.0,725023.43,0.2579226991326335,Market Model,2021-10-21,0.0280164363,0.0200664047,0.0196221648,100.0,0.5882352941176471,0,1,13.493959250556001
1941607413.0,CEQP,2021-10-26,1800000.0,1907188.64,0.9437975679217552,Market Model,2021-10-26,-0.024040067,-0.027674231,-0.028630808,250.0,0.5444444444444444,1,0,14.461140799459589
1941610293.0,LBRT,2021-10-26,90000.0,2760254.28,0.0326056916756234,Market Model,2021-10-26,-0.091938708,-0.086456107,-0.090887683,250.0,0.85,0,0,14.830833363884368
1941607900.0,DDD,2021-10-27,400000.0,3595525.56,0.1112493829692035,Market Model,2021-10-27,-0.028213166,-0.057378304,-0.058798374,250.0,0.5,0,0,15.095200730385525
1941607895.0,PRCH,2021-10-27,86500.0,1797740.51,0.0481159541762787,Market Model,2021-10-27,0.0650188071,0.0606922527,0.055821025,250.0,0.11560693641618497,0,1,14.40204116213006
1941609020.0,ITGR,2021-10-28,220000.0,3019500.0,0.0728597449908925,Market Model,2021-10-28,-0.025230103,-0.031156895,-0.03119398,250.0,0.0,0,0,14.920601812730093
2007036647.0,MANT,2021-11-01,350000.0,2376136.98,0.1472979053589747,Market Model,2021-11-01,0.0454002389,0.0390222868,0.0394008008,250.0,0.0,0,1,14.680986609318039
1941589560.0,BEN,2021-11-01,1750000.0,15834872.46,0.1105155727916737,Market Model,2021-11-01,0.2065321806,0.1835671311,0.1935166149,250.0,0.0,0,1,16.57772518361237
2007033596.0,UTZ,2021-11-02,56000.0,1231245.6,0.0454823960386132,Market Model,2021-11-02,0.0269403464,0.0167516745,0.0165505472,250.0,0.0,0,1,14.023536897857989
1941620852.0,RRX,2021-11-02,297000.0,10208269.62,0.0290940591359498,Market Model,2021-11-02,0.0700452964,0.0525412591,0.0526968257,250.0,0.0,0,1,16.138708696835455
2007034218.0,DGII,2021-11-02,347400.0,767811.42,0.4524548488742196,Market Model,2021-11-02,0.0733178654,0.0490450052,0.0503067756,250.0,0.0,0,0,13.551299435103239
1941611760.0,FRME,2021-11-04,323500.0,2345389.5,0.1379301817459317,Market Model,2021-11-04,0.0087656953,-0.008556906,-0.009961886,250.0,0.7659969088098918,0,1,14.667962044150782
1941611743.0,LITE,2021-11-04,918000.0,6276363.0,0.1462630507508887,Market Model,2021-11-04,0.0755934547,0.0583584327,0.0593029538,250.0,0.0,1,1,15.652301230550572
1941586088.0,SWN,2021-11-04,1850000.0,5135798.8,0.3602166035009004,Market Model,2021-11-04,-0.015841584,-0.03083133,-0.031493794,250.0,0.28378378378378377,0,1,15.451745949129766
1941636297.0,VCTR,2021-11-04,800000.0,619536.96,1.2912869637349804,Market Model,2021-11-04,0.1298666667,0.1070994214,0.1083592745,250.0,0.0,0,1,13.336727639288636
1941623840.0,CMCO,2021-11-04,74000.0,1421431.2,0.0520602052353993,Market Model,2021-11-04,0.0951635413,0.0772379903,0.0799300837,250.0,0.0,0,1,14.167174809323983
2007093939.0,NPO,2021-11-05,850000.0,1899092.36,0.4475822334412424,Market Model,2021-11-05,0.1343783784,0.1193588636,0.1229340562,250.0,0.0,0,1,14.456886624736
1941612568.0,ILPT,2021-11-05,4000000.0,1850961.5,2.1610390059436675,Market Model,2021-11-05,-0.083834453,-0.093687373,-0.092095122,250.0,0.0,1,1,14.43121579177152
1941612948.0,LMND,2021-11-08,145000.0,4280058.21,0.033878043915669,Market Model,2021-11-08,-0.118363917,-0.123834327,-0.122815925,250.0,1.0,0,1,15.269477167932784
1941627503.0,ADT,2021-11-09,825000.0,6900768.0,0.1195519107438476,Market Model,2021-11-09,-0.009955752,0.0247965909,0.0110460168,250.0,0.0,0,0,15.747143267721444
1941669549.0,QCRH,2021-11-09,151600.0,926305.83,0.1636608505422016,Market Model,2021-11-09,-0.031171862,-0.023737409,-0.023931668,250.0,0.0,1,1,13.738959729079594
1941615494.0,BKNG,2021-11-12,1200000.0,101796819.52,0.0117881875451348,Market Model,2021-11-12,-0.064118329,-0.075042913,-0.073780274,250.0,0.0,0,1,18.438489419156493
1941618583.0,KALA,2021-11-15,126123.0,135585.0,0.9302135191946012,Market Model,2021-11-15,0.033492823,0.0351323803,0.0351392418,250.0,0.0,0,0,11.81735402890062
1941616356.0,AMT,2021-11-15,10100000.0,123918149.4,0.0815054134434967,Market Model,2021-11-15,-0.049324721,-0.056598149,-0.056302647,250.0,0.0,1,1,18.6351318201331
1941675440.0,SPXC,2021-11-15,145000.0,2976873.73,0.0487088177569426,Market Model,2021-11-15,-0.014185479,-0.029797591,-0.029814111,250.0,0.0,0,1,14.906384223915294
1941617060.0,BSY,2021-11-16,700000.0,15738348.72,0.044477347176229,Market Model,2021-11-16,0.0377457865,0.0320651306,0.0324800378,238.0,0.5,0,0,16.571610885666125
1941616980.0,NCNO,2021-11-16,931351.0,6807116.8,0.1368201879538779,Market Model,2021-11-16,-0.021686055,-0.017593859,-0.018212958,250.0,0.7100985557539531,0,1,15.733479211089987
2007098316.0,AAON,2021-11-18,180000.0,4000256.4,0.0449971156848846,Market Model,2021-11-18,0.0042807109,0.0094100542,0.0092975166,250.0,0.0,0,1,15.201869017029848
1941625294.0,SFNC,2021-11-19,581000.0,3614848.4,0.1607259657140808,Market Model,2021-11-19,-0.035928144,-0.030436098,-0.031488133,250.0,0.0,1,1,15.100560476319437
1941619924.0,BBY,2021-11-23,85000.0,33943032.0,0.0025041958538058,Market Model,2021-11-23,-0.142804672,-0.139908477,-0.13762561,250.0,0.0,0,0,17.340194147899332
1941620344.0,IEX,2021-11-23,120000.0,17891614.92,0.0067070524676818,Market Model,2021-11-23,0.0070386486,0.0094318057,0.0094464379,250.0,0.0,0,0,16.69984272083512
1941621472.0,DOV,2021-11-24,631000.0,25338480.3,0.0249028352343609,Market Model,2021-11-24,-0.026492325,-0.013573163,-0.013566707,250.0,0.0,0,1,17.047834758683162
2007077177.0,WLK,2021-11-24,1200000.0,12809874.0,0.0936777364086485,Market Model,2021-11-24,0.0126621056,0.0382675255,0.0374162538,250.0,0.0,0,1,16.36572683775897
1941622632.0,BPMC,2021-11-29,465000.0,5933812.3,0.078364460567787,Market Model,2021-11-29,-0.077572155,-0.04228781,-0.040205622,250.0,0.0,0,1,15.59617744805524
1941622787.0,WERN,2021-11-29,64000.0,3038540.12,0.0210627464086273,Market Model,2021-11-29,-0.031974249,-0.015261462,-0.015081505,250.0,0.0,0,0,14.92688773435387
1941622554.0,EPC,2021-11-29,310000.0,2316951.06,0.1337965248174037,Market Model,2021-11-29,-0.048408785,-0.028916537,-0.028740588,250.0,0.0,0,0,14.655762681050739
1941622659.0,PRO,2021-11-30,90000.0,1563915.96,0.057547849310266,Market Model,2021-11-30,-0.026330853,0.0132715513,0.0111330081,250.0,0.1111111111111111,0,1,14.262703464628324
1941624091.0,SWIM,2021-11-30,90000.0,2810482.5,0.0320229711446344,Market Model,2021-11-30,0.1301903114,0.1656167533,0.1684372069,101.0,0.0,0,1,14.848866734754818
1941623994.0,EGHT,2021-12-01,250000.0,2455622.5,0.1018071792386655,Market Model,2021-12-01,-0.146587265,-0.125421575,-0.121211048,250.0,0.48,0,1,14.713890851223587
2007097429.0,FIX,2021-12-01,78800.0,3419209.67,0.0230462614478976,Market Model,2021-12-01,-0.02585326,-0.001536489,-0.001572437,250.0,0.0,0,0,15.044919991689955
1941654261.0,OMCL,2021-12-02,100000.0,7751105.77,0.0129013850368345,Market Model,2021-12-02,-0.011751412,-0.008591799,-0.008431576,250.0,0.0,0,0,15.863346071151707
2007035770.0,SCVL,2021-12-03,67000.0,1093083.65,0.0612944855592707,Market Model,2021-12-03,0.0318049298,0.0070436646,0.0073158117,250.0,0.0,0,1,13.904513296709629
1941625933.0,JACK,2021-12-06,585000.0,1765092.0,0.3314274836665737,Market Model,2021-12-06,0.0245162841,0.0074955624,0.0053466288,250.0,0.0,1,1,14.383713371636984
1941627487.0,ABG,2021-12-07,300000.0,3944967.84,0.0760462473123735,Market Model,2021-12-07,0.0127067849,-0.037365904,-0.039335158,250.0,0.0,0,1,15.187951360137628
1941626259.0,CMC,2021-12-07,550000.0,3856993.4,0.1425981180055947,Market Model,2021-12-07,0.0380383527,-0.011983938,-0.012401928,250.0,0.0,0,1,15.165398526014412
2007161118.0,MTN,2021-12-08,118000.0,13718278.35,0.0086016624673605,Market Model,2021-12-08,-0.004973357,-0.022425324,-0.022758999,250.0,0.0,0,1,16.434239687694273
1941627108.0,ALRS,2021-12-08,85300.0,540847.44,0.1577154548424968,Market Model,2021-12-08,-0.043367347,-0.065121949,-0.065002771,250.0,0.9495896834701055,0,1,13.200892521757043
1941629839.0,PFE,2021-12-13,6700000.0,296247120.26,0.0226162535997641,Market Model,2021-12-13,0.0664362519,0.0669343739,0.0679295416,250.0,0.0,1,1,19.50670452972502
1941630653.0,RUSHA,2021-12-13,205000.0,2368795.0,0.086541891552456,Market Model,2021-12-13,-0.031634129,-0.022054851,-0.021831798,250.0,0.0,0,1,14.677891944993904
1941628727.0,HAIN,2021-12-13,259000.0,3689604.81,0.0701972198480519,Market Model,2021-12-13,0.0500384911,0.0533630446,0.0538447761,250.0,0.0,0,1,15.121029912720381
1941697528.0,R,2021-12-13,480000.0,4356113.09,0.1101899767253287,Market Model,2021-12-13,-0.005172414,0.0037319869,0.0032302083,250.0,0.0,0,1,15.287090724589628
1941439931.0,NEOG,2021-12-14,5341000.0,4323652.16,1.235298262291294,Market Model,2021-12-14,0.0654228856,0.0689282148,0.0679099455,250.0,0.8127691443549897,0,0,15.279611010472138
1941630301.0,UIS,2021-12-14,87300.0,1271187.36,0.0686759503335527,Market Model,2021-12-14,0.0103252452,0.0052054143,0.0049515599,250.0,0.0,0,1,14.055461950794603
1941670670.0,HBCP,2021-12-15,66600.0,357837.52,0.1861179900866739,Market Model,2021-12-15,0.0049455984,0.0063148155,0.005276446,250.0,0.0,0,1,12.787834307610995
1941629864.0,ENTG,2021-12-15,5700000.0,19408458.3,0.293686387238702,Market Model,2021-12-15,-0.062201293,-0.057499748,-0.057042083,250.0,0.14035087719298245,1,0,16.78121952386078
1941631824.0,ML,2021-12-16,440000.0,782575.88,0.5622457978132421,Market Model,2021-12-16,0.0830945559,0.0902608254,0.0905428145,250.0,0.9659090909090909,0,1,13.570346167941045
2007043386.0,DCO,2021-12-16,69500.0,537250.38,0.1293624026845732,Market Model,2021-12-16,0.0245454545,0.0281147551,0.0283196411,250.0,0.0,0,1,13.194219521810231
1941631113.0,STEM,2021-12-16,695000.0,2589242.88,0.2684182335185179,Market Model,2021-12-16,0.0706150342,0.0664955324,0.0697530785,248.0,0.25,0,0,14.766876066616312
1941592876.0,BX,2021-12-20,3600000.0,84670711.44,0.0425176538471754,Market Model,2021-12-20,-0.004115226,-0.010826135,-0.011357815,250.0,0.0,1,0,18.254280308086997
1941633471.0,UFPT,2021-12-21,95000.0,487632.25,0.1948189439890409,Market Model,2021-12-21,-0.007477195,-0.026142474,-0.026668607,250.0,0.0,0,0,13.097316814681
1941430706.0,MSFT,2021-12-21,1000000.0,2401877881.8,0.0004163409004168,Market Model,2021-12-21,0.0290302656,0.0093582219,0.0094805314,250.0,0.0,0,0,21.59951671909531
1941453409.0,ZNTE,2021-12-21,2200000.0,233450.0,9.423859498822017,Market Model,2021-12-21,0.000984252,-0.008767961,-0.008692259,189.0,1.0,0,0,12.360723200399082
1941631430.0,SON,2021-12-21,1350000.0,5408913.26,0.249588029074809,Market Model,2021-12-21,-0.057079571,-0.068347116,-0.06896222,250.0,0.0,0,0,15.50355875448908
1941633530.0,LH,2021-12-23,575000.0,29113854.0,0.0197500475203317,Market Model,2021-12-23,0.0139462639,-0.001783015,-0.001942597,250.0,0.0,0,1,17.186724701324643
2007245871.0,BHR,2021-12-27,193000.0,319289.85,0.6044664432646387,Market Model,2021-12-27,0.0161616162,-0.013636753,-0.014443462,250.0,0.18155440414507773,0,0,12.673854589910738
1941698313.0,NWSA,2021-12-27,295000.0,8776538.54,0.0336123402928736,Market Model,2021-12-27,0.0399265718,0.0189901079,0.0193109644,250.0,0.0,0,1,15.987592644141044
1941633615.0,FDS,2021-12-27,1925000.0,18049715.42,0.1066498809098675,Market Model,2021-12-27,0.0215738433,0.0100212455,0.0101295275,250.0,0.0,0,1,16.70864047641389
1941633732.0,DAR,2021-12-28,1100000.0,10734342.72,0.1024748350870615,Market Model,2021-12-28,0.0513178295,0.0322374092,0.0329522329,250.0,0.0,0,0,16.188958759660856
1941644723.0,CACI,2021-12-29,225000.0,6286626.5,0.0357902604839018,Market Model,2021-12-29,0.0101305718,0.0100892178,0.0100773282,250.0,0.0,0,1,15.653935157297608
1941636350.0,STRL,2021-12-30,215000.0,773721.65,0.2778777096388604,Market Model,2021-12-30,-0.013503376,-0.00837982,-0.008621475,250.0,0.0,0,1,13.558967462568173
1941635826.0,DRVN,2021-12-30,170000.0,5589708.59,0.0304130344655408,Market Model,2021-12-30,0.0181708056,0.021441653,0.021525922,189.0,0.0,0,1,15.536437713182096
1941636355.0,SMG,2021-12-30,215000.0,8700149.7,0.0247122184575743,Market Model,2021-12-30,0.0035529514,0.0118147918,0.0115507728,250.0,0.0,0,1,15.978850790373327
1941636780.0,SNDR,2021-12-31,262600.0,2542627.49,0.1032789903486806,Market Model,2021-12-31,-0.02103321,-0.022070594,-0.021968949,250.0,0.0,0,1,14.748708549207194
1941635255.0,BLKB,2022-01-03,750000.0,4105617.34,0.1826765472497736,Market Model,2022-01-03,-0.024975025,-0.02662879,-0.026532377,250.0,0.4,0,1,15.227866676894145
1941646878.0,RPAY,2022-01-03,115000.0,1616949.81,0.0711215643731081,Market Model,2022-01-03,0.0282365477,0.0328843821,0.0305911349,250.0,0.0,0,1,14.296052099116487
1941634704.0,GOOGL,2022-01-04,500000.0,872086174.71,0.0005733378357548,Market Model,2022-01-04,-0.048856764,-0.029819072,-0.029463589,250.0,0.0,0,1,20.586398801199177
1941688269.0,EEX,2022-01-04,170000.0,281934.66,0.6029765903915468,Market Model,2022-01-04,-0.020151134,0.0063394883,0.0044215148,250.0,0.0,0,0,12.549430620945506
1941636334.0,NYT,2022-01-06,550000.0,7632853.92,0.0720569272993501,Market Model,2022-01-06,-0.09416755,-0.07520974,-0.078215704,250.0,0.0,0,1,15.847972372643852
1941643398.0,SYK,2022-01-06,3090000.0,102703590.0,0.0300865821730282,Market Model,2022-01-06,-0.051121431,-0.025143038,-0.024535788,250.0,0.0,1,0,18.44735763047089
1941647454.0,AYX,2022-01-06,400000.0,3377857.1,0.1184182717498617,Market Model,2022-01-06,-0.032118489,0.0209495559,0.0188542519,250.0,0.0,0,1,15.032752072317129
1941638557.0,EXAS,2022-01-09,190000.0,13140174.84,0.0144594727477766,Market Model,2022-01-10,0.064075067,0.0665738255,0.0662628104,250.0,0.5,0,1,16.391184876868287
1941636978.0,EPD,2022-01-10,3250000.0,51061842.0,0.0636483110029599,Market Model,2022-01-10,0.0279329609,0.0218623591,0.0221287551,250.0,0.0,0,0,17.74854804433256
1941637789.0,TTWO,2022-01-10,12700000.0,18982659.6,0.6690316461240235,Market Model,2022-01-10,-0.098353684,-0.095329289,-0.100268765,250.0,0.645,1,0,16.759036467778156
1941637219.0,CIVB,2022-01-10,50200.0,383121.48,0.1310289363050069,Market Model,2022-01-10,-0.04643841,-0.055073427,-0.054769925,250.0,0.5027290836653386,0,1,12.856107398028449
1941639211.0,ACH,2022-01-10,1600000.0,74950.92,21.347303008422045,Market Model,2022-01-10,0.1690566038,0.1450096744,0.1523957181,250.0,0.0,1,0,11.224588778305309
1941637878.0,PLNT,2022-01-11,800000.0,7372779.14,0.1085072514460266,Market Model,2022-01-11,0.0149024764,0.003981587,0.002379401,250.0,0.46875,0,1,15.813305281281021
1941639487.0,MNST,2022-01-13,330000.0,49745775.54,0.0066337291240871,Market Model,2022-01-13,-0.049376189,-0.036408723,-0.03632684,250.0,0.0,0,1,17.722436104194653
1941640089.0,TTC,2022-01-14,400000.0,10349338.3,0.038649813969266,Market Model,2022-01-14,-0.000100827,0.0285320217,0.0283091088,250.0,0.0,0,1,16.15243314326474
2007003343.0,AFG,2022-01-18,120000.0,11497420.56,0.0104371236464537,Market Model,2022-01-18,-0.036810269,-0.011768708,-0.011543696,250.0,0.0,0,0,16.25763326904423
1941642241.0,RILY,2022-01-18,175000.0,2229628.71,0.0784884044662306,Market Model,2022-01-18,-0.211615803,-0.202981391,-0.18794274,250.0,0.0,0,1,14.617345631816164
1941646552.0,BFC,2022-01-19,119000.0,539131.26,0.2207254685992424,Market Model,2022-01-19,-0.005583473,0.0257256349,0.0252300183,250.0,0.8,0,1,13.197714345290105
1941647006.0,CW,2022-01-21,240000.0,5352336.0,0.0448402342453837,Market Model,2022-01-21,0.0094353317,0.0458813227,0.0456198471,250.0,0.0,0,1,15.493043659088661
1941644963.0,CLR,2022-01-25,403000.0,18034110.73,0.0223465412868738,Market Model,2022-01-25,0.1083212285,0.1081348698,0.1096067591,250.0,0.0,0,1,16.707775563091896
1941646023.0,BL,2022-01-26,240000.0,4954066.16,0.0484450534669484,Market Model,2022-01-26,-0.068156172,-0.033348394,-0.032837061,250.0,0.0,0,1,15.415719243807022
1941646144.0,NOTV,2022-01-27,51300.0,645766.8,0.0794404419675957,Market Model,2022-01-27,0.0290502793,-0.004110489,-0.005529459,250.0,0.44834307992202727,0,1,13.378193726879832
2007101293.0,PLUG,2022-01-31,160000.0,10836807.8,0.0147644955002339,Market Model,2022-01-31,0.2541073384,0.0660680843,0.0703788159,250.0,0.0,0,0,16.19845902721219
1941659990.0,CIVI,2022-02-01,294600.0,4621273.0,0.0637486683863948,Market Model,2022-02-01,0.0448354143,-0.001771376,-0.00196259,250.0,0.0,0,1,15.34618076622898
2007103251.0,SPB,2022-02-03,450000.0,3741388.8,0.1202761926266524,Market Model,2022-02-03,-0.013004335,-0.005661843,-0.005774567,250.0,0.0,0,0,15.134967437360627
1941649864.0,J,2022-02-04,209000.0,16627973.55,0.0125691804459239,Market Model,2022-02-04,-0.027047561,-0.009471793,-0.009160883,250.0,0.0,0,0,16.626596988663
1941650452.0,REZI,2022-02-07,593000.0,3372856.96,0.1758153420179431,Market Model,2022-02-07,0.0202531646,-0.0131243,-0.013503218,250.0,0.0,0,0,15.031270705792064
1941651024.0,CARS,2022-02-08,128000.0,1055187.54,0.1213054505931713,Market Model,2022-02-08,0.0495436767,-0.000541687,-0.000744184,250.0,0.0,0,0,13.869229072127503
1941652629.0,CMI,2022-02-09,325000.0,31969082.32,0.0101660722302522,Market Model,2022-02-09,-0.014655249,-0.020107794,-0.019978712,250.0,0.0,0,1,17.28027981621366
1941650992.0,RSG,2022-02-09,2200000.0,40255210.25,0.0546513106337582,Market Model,2022-02-09,-0.005457997,-0.01280801,-0.012881568,250.0,0.0,1,1,17.510750000656248
1941651459.0,CVLG,2022-02-09,55000.0,298369.8,0.1843350097764586,Market Model,2022-02-09,0.0454545455,0.0339734411,0.0345961347,250.0,0.0,0,1,12.606088935755709
1941651632.0,SGFY,2022-02-10,300000.0,2336471.91,0.1283987189043501,Market Model,2022-02-10,0.041221374,0.0882296669,0.0882187133,200.0,0.0,0,0,14.664152618794839
1941652485.0,COLL,2022-02-14,553257.0,587119.02,0.942325118338016,Market Model,2022-02-14,0.2376630743,0.2292258836,0.2414808629,250.0,0.0,1,0,13.282982838052815
1941652885.0,ZWS,2022-02-14,1563975.0,3615016.5,0.4326328800988875,Market Model,2022-02-14,0.1553142481,0.1542576137,0.157610673,250.0,1.0,0,1,15.100606977879938
1941654163.0,AKAM,2022-02-15,900000.0,17760652.8,0.0506738130706546,Market Model,2022-02-15,-0.056505309,-0.065139744,-0.065070253,250.0,0.0,0,0,16.69249605160954
1941654511.0,MASI,2022-02-15,1025000.0,12434425.35,0.0824324382630195,Market Model,2022-02-15,-0.375946683,-0.390313017,-0.387218069,250.0,0.0,0,0,16.33597942184784
1941654409.0,EQ,2022-02-16,330298.0,117824.0,2.8033168115154807,Market Model,2022-02-16,0.1143617021,0.1196776259,0.1242519408,250.0,0.0,0,1,11.67694726459275
1941348676.0,ARES,2022-02-17,3800000.0,13813069.74,0.2751017747341077,Market Model,2022-02-17,-0.047884187,-0.017924903,-0.018293496,250.0,0.0,1,0,16.44112578453636
1941656482.0,CHDN,2022-02-22,2750000.0,8285336.8,0.331911673162158,Market Model,2022-02-22,-0.042101491,0.0166510568,0.0160294233,250.0,0.0,0,0,15.929997859796865
1941656738.0,NET,2022-02-23,162000.0,25944936.59,0.006243992905438,Market Model,2022-02-23,0.1304892041,0.1605846537,0.1537088121,250.0,0.5,0,1,17.071487026764803
1941657541.0,PATK,2022-02-24,72539.0,1559046.28,0.0465278041649924,Market Model,2022-02-24,0.0335285505,0.0110355436,0.010787559,250.0,0.0,0,1,14.25958483329526
1941657365.0,VRSK,2022-02-24,250000.0,28647086.46,0.0087268909649529,Market Model,2022-02-24,-0.037009225,-0.051278735,-0.051600811,250.0,0.0,0,1,17.170562301712977
1941656849.0,CVX,2022-02-28,2750000.0,270608560.68,0.0101622801329331,Market Model,2022-02-28,0.1102706711,0.0985746689,0.1025648512,250.0,0.0,1,0,19.416183909120733
1941658396.0,PDCE,2022-02-28,1300000.0,5482140.3,0.2371336610994797,Market Model,2022-02-28,0.1912655971,0.1636578566,0.171770932,250.0,0.1976923076923077,0,1,15.517006148366702
1941659072.0,TRS,2022-02-28,65000.0,1407590.96,0.0461781880156434,Market Model,2022-02-28,-0.036409291,-0.041259294,-0.042341243,250.0,0.0,0,0,14.157390262129887
1941657982.0,HR,2022-02-28,8005809.0,4330357.7,1.848763902344603,Market Model,2022-02-28,-0.106323729,-0.108967603,-0.110027585,250.0,0.862599769742196,0,1,15.281160706266448
1941660548.0,FOUR,2022-02-28,300000.0,2695631.04,0.1112911951036147,Market Model,2022-02-28,-0.090536585,-0.096830581,-0.098424979,250.0,0.75,0,1,14.807142887049483
1941569849.0,TCBK,2022-03-01,164700.0,1290282.0,0.1276465144828804,Market Model,2022-03-01,-0.012485812,-0.014089867,-0.015654837,250.0,1.0,0,1,14.070371357098503
2007244438.0,XHR,2022-03-01,328700.0,2117434.86,0.1552349997675961,Market Model,2022-03-01,0.0128686327,0.0123371366,0.0108491726,250.0,0.0,0,0,14.565715942343312
1941660160.0,ALE,2022-03-02,165500.0,3296868.48,0.0501991514080658,Market Model,2022-03-02,0.0181124881,0.0227342785,0.0225562801,250.0,0.0,0,0,15.008483630448382
1941684158.0,FULT,2022-03-02,136096.0,2792660.1,0.0487334638397275,Market Model,2022-03-02,-0.015538291,-0.010182752,-0.010700307,250.0,0.8000014695509052,1,1,14.842505140421729
1941661050.0,AZZ,2022-03-07,1280000.0,1236872.37,1.0348682944546654,Market Model,2022-03-07,-0.017051153,0.0265129156,0.0259652668,250.0,0.0,0,1,14.02809646901028
2007336350.0,HPK,2022-03-07,201000.0,2130106.0,0.0943615012586228,Market Model,2022-03-07,0.1679069767,0.2198076326,0.226855327,250.0,0.0,0,1,14.571682301705575
1941661340.0,GDRX,2022-03-07,157000.0,1377731.68,0.1139554256312085,Market Model,2022-03-07,-0.093567251,-0.010450027,-0.017720286,250.0,0.0,0,1,14.135948994614797
1941694821.0,KTOS,2022-03-09,80000.0,2538977.91,0.0315087420354909,Market Model,2022-03-09,-0.052098408,-0.071710129,-0.071119974,250.0,0.0625,0,0,14.747272160373269
1941664279.0,S,2022-03-15,595745.0,3975184.2,0.149866011240435,Market Model,2022-03-15,0.065025828,-0.014538903,-0.027877659,126.0,0.4099824589379684,0,1,15.195581644619564
1941665280.0,BAH,2022-03-16,440000.0,11320267.1,0.0388683408362334,Market Model,2022-03-16,0.021679243,-0.013900195,-0.014470077,250.0,0.0,0,0,16.242105225867306
1941665684.0,AB,2022-03-17,750000.0,4423560.32,0.1695466876780375,Market Model,2022-03-17,0.0870478413,0.0225896464,0.0235087919,250.0,0.0,0,1,15.302455432073485
1941675733.0,USDP,2022-03-28,107488.0,153821.25,0.6987851158406267,Market Model,2022-03-28,0.0626118068,0.0362074581,0.0371548051,250.0,0.30224769276570407,0,0,11.943546492959511
1941670610.0,HPQ,2022-03-28,3300000.0,43135684.32,0.0765027853857402,Market Model,2022-03-28,0.0308850247,0.0024132406,0.0013770397,250.0,0.0,0,1,17.57986115497808
1941671216.0,UNH,2022-03-29,5386043.0,482869366.8,0.011154244543806,Market Model,2022-03-29,0.0151842972,0.005671596,0.0055852222,250.0,0.0,1,0,19.995256712923574
1941671819.0,SBCF,2022-03-29,146000.0,2172582.32,0.0672011360195548,Market Model,2022-03-29,-0.005833333,-0.019073828,-0.01924526,250.0,1.0,0,1,14.591427027233497
1941673776.0,NBHC,2022-04-01,230232.0,1208762.52,0.1904691750369626,Market Model,2022-04-01,-0.003919647,-0.005232523,-0.005340394,250.0,0.7697974217311234,0,1,14.005107683503653
1941673886.0,MORN,2022-04-03,650000.0,11574303.84,0.0561588851463916,Market Model,2022-04-04,0.0298349013,0.0310198897,0.0311747026,250.0,0.0,0,1,16.264298012715358
1941673995.0,AMD,2022-04-04,1900000.0,175267800.0,0.0108405537126614,Market Model,2022-04-04,-0.023047375,-0.02070885,-0.020734211,250.0,0.0,0,0,18.98182564790805
1941675180.0,PLAY,2022-04-06,835000.0,2253462.4,0.3705409062960181,Market Model,2022-04-06,-0.113340448,-0.077273818,-0.074605257,250.0,0.0,0,0,14.627978435817218
1941678096.0,HALO,2022-04-13,960000.0,5738898.56,0.1672794857694784,Market Model,2022-04-13,0.0215079749,0.0302834192,0.0306886683,250.0,0.0,1,0,15.562777861381052
1941679354.0,WY,2022-04-14,265000.0,29898019.86,0.0088634632407391,Market Model,2022-04-14,0.0060636685,0.0057730631,0.0059224201,250.0,0.0,0,0,17.213302810749855
1941679390.0,DHI,2022-04-14,291000.0,26257927.8,0.0110823672841388,Market Model,2022-04-14,-0.004325984,-0.002795062,-0.003374813,250.0,0.0,0,1,17.08347851283421
1941679441.0,SBOW,2022-04-14,369000.0,660417.01,0.5587378798738089,Market Model,2022-04-14,0.0716069942,0.0585533972,0.0557105668,250.0,0.34959349593495936,0,1,13.4006267478133
1941604893.0,TTMI,2022-04-18,330000.0,1378863.2,0.2393275852165755,Market Model,2022-04-18,0.0461876833,0.0457693802,0.0457170918,250.0,0.0,0,1,14.136769949534042
1941679424.0,REGN,2022-04-19,250000.0,78125849.6,0.0031999652007624,Market Model,2022-04-19,-0.018280538,-0.028344368,-0.028308789,250.0,0.0,1,1,18.173831540841707
1941682803.0,GRC,2022-04-27,525000.0,862215.12,0.6088967681290488,Market Model,2022-04-27,-0.042989036,-0.041035856,-0.041136883,250.0,0.0,0,1,13.667260077675856
1941682785.0,SNPS,2022-04-27,330000.0,43311707.1,0.0076191870996467,Market Model,2022-04-27,0.0376048398,0.0460695114,0.0470283618,250.0,0.0,0,1,17.583933528253322
1941718303.0,DENN,2022-05-03,82500.0,818918.24,0.1007426577774113,Market Model,2022-05-03,-0.117784711,-0.157694745,-0.161727356,250.0,0.0,0,1,13.615739528792124
1941685314.0,UTI,2022-05-03,50000.0,335634.6,0.1489715303487781,Market Model,2022-05-03,0.0579150579,0.0291164684,0.0287057698,250.0,0.0,0,1,12.723778347188153
1941685942.0,CNMD,2022-05-04,255000.0,3967139.88,0.0642780460768628,Market Model,2022-05-04,-0.082736497,-0.074695742,-0.077980429,250.0,0.0,0,1,15.193555959777262
1941685687.0,ICE,2022-05-04,13100000.0,64158713.28,0.2041811521816106,Market Model,2022-05-04,-0.104423687,-0.10480383,-0.102276744,250.0,0.1984732824427481,1,0,17.97687046645859
1941693718.0,OPK,2022-05-09,300000.0,1785595.5,0.1680111761034344,Market Model,2022-05-09,0.0693430657,0.156855523,0.1372005612,250.0,1.0,0,0,14.395262531004663
1941687946.0,CNXC,2022-05-09,111000.0,7574424.84,0.0146545780497836,Market Model,2022-05-09,-0.008542409,0.0290478094,0.0284537145,250.0,0.0,1,1,15.840287977764104
1941690114.0,XXII,2022-05-13,56153.0,258323.09,0.2173750708850687,Market Model,2022-05-13,0.2066666667,0.1353469428,0.1486075139,250.0,0.9198618061368048,0,0,12.461966367268325
1941693738.0,PSN,2022-05-23,400000.0,3756964.56,0.1064689308647617,Market Model,2022-05-23,0.031834683,0.0287132077,0.0284555862,250.0,0.0,0,0,15.139121891453323
2007388059.0,ACA,2022-05-23,75000.0,2527253.03,0.029676490287955,Market Model,2022-05-23,-0.036775632,-0.04119687,-0.040658958,250.0,0.0,0,0,14.74264351194723
2007110212.0,VRTX,2022-05-23,60000.0,66135944.04,0.0009072222506374,Market Model,2022-05-23,0.0510080251,0.047033844,0.0475571022,250.0,0.0,0,1,18.007222939779055
1941693551.0,SIRI,2022-05-23,150000.0,24246480.72,0.0061864648206974,Market Model,2022-05-23,0.0164203612,0.0127973785,0.0128545874,250.0,0.0,0,1,17.00378203986767
1941694345.0,BRKL,2022-05-24,317787.0,1158891.36,0.2742163855635268,Market Model,2022-05-24,-0.041412084,-0.053008381,-0.053712284,250.0,0.5753539320362381,1,1,13.962974381949104
2007035727.0,WHG,2022-05-26,60000.0,121863.72,0.4923532614957101,Market Model,2022-05-26,0.0780802292,0.0473599242,0.0481550049,250.0,0.0,0,1,11.710658650170624
1941702266.0,EGP,2022-05-26,415074.0,6525149.4,0.0636114170811169,Market Model,2022-05-26,0.0553451043,0.0096762163,0.0096827332,250.0,0.8554474623802021,0,1,15.691174407462633
1941697068.0,MBCN,2022-05-26,64400.0,146107.2,0.4407722548922982,Market Model,2022-05-26,-0.001015228,-0.021640291,-0.021959235,250.0,0.0,0,1,11.892095877838676
1941693033.0,AVGO,2022-05-26,69000000.0,215841780.0,0.3196786090255556,Market Model,2022-05-26,0.1127050744,0.0250904528,0.0263029341,250.0,0.4420289855072464,1,0,19.190056197239233
1941698700.0,HTLD,2022-05-31,170000.0,1124005.92,0.1512447550098312,Market Model,2022-05-31,0.0049191848,0.0016917163,0.0018018249,250.0,0.0,0,1,13.932409576325817
1941741453.0,EXR,2022-06-01,180392.0,23928696.0,0.0075387309028456,Market Model,2022-06-01,-0.001110926,-0.009555513,-0.009580304,250.0,0.12195662778837199,0,1,16.99058896613068
2007029740.0,CMAX,2022-06-01,135000.0,408882.24,0.3301684123037479,Market Model,2022-06-01,0.2721649485,0.257138707,0.2683181241,250.0,0.0,0,1,12.92118247180712
1941698817.0,HAYW,2022-06-02,55000.0,3528605.14,0.0155868956196101,Market Model,2022-06-02,0.0496732026,0.0534078662,0.0546746635,250.0,0.0,0,0,15.076413206343409
1941699508.0,WOR,2022-06-02,80000.0,2340115.08,0.034186352920729,Market Model,2022-06-02,0.0030017153,0.0080063946,0.0073125497,250.0,0.0,0,1,14.665710665611792
1941698920.0,BMY,2022-06-03,4100000.0,159828834.48,0.025652442585465,Market Model,2022-06-03,0.00386873,0.0004101891,0.0004256497,250.0,0.0,1,0,18.889614016070233
1941698725.0,BDX,2022-06-06,1525000.0,71933302.1,0.0212001945619009,Market Model,2022-06-06,0.0167139704,0.0158489729,0.0156552163,250.0,0.0,0,0,18.091249887921773
1941702316.0,CHH,2022-06-13,673155.0,6709688.7,0.1003258169041434,Market Model,2022-06-13,-0.027481281,0.0465105153,0.0444970866,250.0,0.0,0,1,15.719063114429032
1941705401.0,MDLZ,2022-06-20,2900000.0,81374731.2,0.0356375985178062,Market Model,2022-06-21,0.0284934312,0.0194191889,0.019623999,250.0,0.0,0,1,18.214575355261747
1941706111.0,FBNC,2022-06-21,181100.0,1231005.6,0.1471154964689031,Market Model,2022-06-21,0.0276226859,0.0059146929,0.0059030403,250.0,1.0,0,1,14.023341954303278
1941727877.0,ONEW,2022-06-22,125000.0,454517.28,0.2750170466566199,Market Model,2022-06-22,0.1066411239,0.0555537481,0.0586059053,250.0,0.0,1,0,13.026991211678917
1941708056.0,PRIM,2022-06-27,470000.0,1259121.3,0.3732761887198635,Market Model,2022-06-27,0.0321557971,0.0308212087,0.0278753833,250.0,0.0,0,1,14.045924654692069
1941708895.0,ESTE,2022-06-28,627000.0,1161070.56,0.540018859835702,Market Model,2022-06-28,0.1051073279,0.1318281672,0.1244140685,250.0,0.08293460925039872,0,1,13.96485303402709
1941711492.0,REI,2022-07-05,432580.0,281690.64,1.5356562788170738,Market Model,2022-07-05,-0.116541353,-0.149240289,-0.14619344,250.0,0.530953812011651,0,1,12.54856472647538
1941722014.0,HUBB,2022-07-08,128000.0,10002410.4,0.0127969154315043,Market Model,2022-07-08,0.0107632629,0.0078014542,0.007854936,250.0,0.0,0,1,16.118336661912846
1941716626.0,CCF,2022-07-18,250000.0,824655.21,0.3031570006087756,Market Model,2022-07-18,0.0131060079,-0.010180882,-0.011587497,250.0,0.0,0,1,13.622720650688148
2007094759.0,RARE,2022-07-18,105000.0,4533147.5,0.0231627142068507,Market Model,2022-07-18,-0.180888958,-0.224499338,-0.217452439,250.0,0.0,0,1,15.32692706855089
2007426122.0,KMI,2022-07-19,355000.0,38388317.89,0.0092476049879871,Market Model,2022-07-19,0.0334128878,0.016767863,0.0169984598,250.0,0.0,0,0,17.46326374965859
2007418227.0,AN,2022-07-21,85000.0,7126148.5,0.011927901867327,Market Model,2022-07-21,-0.056951829,-0.06588655,-0.065818393,250.0,0.0,0,0,15.779281464111252
1941711252.0,AMZN,2022-07-21,3900000.0,1250726127.35,0.0031181886383577,Market Model,2022-07-21,0.0356145842,0.0289892159,0.0288950166,250.0,0.0,1,0,20.946990121482436
1941719996.0,DNA,2022-07-24,300000.0,3193087.16,0.0939529630628686,Market Model,2022-07-25,-0.184375,-0.135263427,-0.124019681,250.0,1.0,0,1,14.97649876853701
1941720075.0,MTZ,2022-07-25,1100000.0,5504268.0,0.1998449203418147,Market Model,2022-07-25,-0.021427597,0.0075309732,0.0046701551,250.0,0.00890909090909091,1,1,15.521034349270371
1941719605.0,CDNS,2022-07-25,500000.0,45930737.7,0.0108859562253449,Market Model,2022-07-25,0.0118518519,0.0446558332,0.0443216343,250.0,0.0,0,0,17.642645117570773
1941721888.0,FBMS,2022-07-27,207000.0,609300.72,0.339733719664733,Market Model,2022-07-27,-0.032498307,-0.045319352,-0.047640653,250.0,1.0,0,1,13.320067217919787
1941724116.0,NGVT,2022-07-31,325000.0,2600192.1,0.1249907651053935,Market Model,2022-08-01,-0.014479773,-0.018990734,-0.018873795,250.0,0.0,0,1,14.771095884877761
1941723279.0,GPN,2022-08-01,4000000.0,34437972.8,0.1161508554301431,Market Model,2022-08-01,0.0321606399,0.0289502769,0.0284695709,250.0,0.0,1,0,17.35467037400276
1941724065.0,BWA,2022-08-03,185000.0,9238012.0,0.0200259536359121,Market Model,2022-08-03,-0.007503234,-0.016202759,-0.016811165,250.0,0.0,0,1,16.038837268954307
1941725334.0,AMGN,2022-08-04,3700000.0,132202847.34,0.02798729433175,Market Model,2022-08-04,0.0095937026,0.0039099694,0.0038627359,250.0,0.0,1,0,18.699848023273972
1941725968.0,WHR,2022-08-08,3000000.0,9467788.92,0.3168638449113206,Market Model,2022-08-08,-0.055469587,-0.047387351,-0.046750185,250.0,0.0,0,1,16.063405955324402
2007158966.0,EVRG,2022-08-09,250000.0,15751369.92,0.0158716353732869,Market Model,2022-08-09,0.0256523662,0.0191334899,0.0193020746,250.0,0.0,0,1,16.57243789850108
1941727336.0,DVN,2022-08-09,1800000.0,37963200.0,0.0474143380958401,Market Model,2022-08-09,0.0600176523,0.0251592323,0.0262134862,250.0,0.0,0,1,17.4521278274154
1941727333.0,SFT,2022-08-09,120958.0,129782.25,0.932007266016732,Market Model,2022-08-09,-0.071428571,-0.077105025,-0.092326721,250.0,1.0,0,0,11.773613325056775
1941727930.0,CTLT,2022-08-09,475000.0,19720598.52,0.024086490048376,Market Model,2022-08-09,0.0206222865,0.0032311243,0.0025163411,250.0,0.0,0,1,16.797174257590964
2007115391.0,SAFE,2022-08-11,50328.0,2691379.9,0.0186997012201807,Market Model,2022-08-11,0.0994277539,0.0560820876,0.0587227617,250.0,1.0,1,0,14.805564594029544
1941730172.0,NVTS,2022-08-15,271313.0,739121.88,0.3670747779784303,Market Model,2022-08-15,0.447761194,0.3554318954,0.3983259614,250.0,0.0,0,1,13.513218111906713
1941733528.0,TOWN,2022-08-18,56000.0,2254398.54,0.0248403283653652,Market Model,2022-08-18,-0.025016036,-0.010150715,-0.010065546,250.0,1.0,0,1,14.628393772503916
1941731686.0,DORM,2022-08-18,590000.0,3344993.44,0.1763830065986616,Market Model,2022-08-18,-0.001772884,0.0108245935,0.0105679246,250.0,0.0,0,0,15.022975290406519
2007006338.0,TFX,2022-08-22,300000.0,11358242.0,0.026412538137504,Market Model,2022-08-22,-0.064208596,-0.033541791,-0.032451092,250.0,0.0,0,1,16.24545420576059
1941732931.0,EBAY,2022-08-22,295000.0,25858751.76,0.0114081299336468,Market Model,2022-08-22,-0.064070869,-0.026725083,-0.026094671,250.0,0.0,0,0,17.068159661001463
1941733467.0,ROCK,2022-08-23,54000.0,1409343.68,0.0383157073510983,Market Model,2022-08-23,-0.018296667,0.0089555413,0.0086599707,250.0,0.0,0,1,14.158634678809847
2007091949.0,HBT,2022-08-23,120482.0,540419.32,0.2229416964589645,Market Model,2022-08-23,-0.028027499,-0.01924299,-0.018956643,250.0,0.0,0,1,13.200100635724455
1941735842.0,FCF,2022-08-30,131373.0,1332699.21,0.0985766323070004,Market Model,2022-08-30,-0.067128028,-0.051294045,-0.050304892,250.0,1.0,0,1,14.10271692478607
1941736488.0,HPP,2022-08-31,360000.0,1945206.25,0.1850703492238933,Market Model,2022-08-31,-0.045824095,-0.024938071,-0.024423466,250.0,0.0,0,1,14.480878570543826
1941738875.0,WMB,2022-08-31,423000.0,41802171.84,0.0101190914581915,Market Model,2022-08-31,-0.047105562,-0.042070921,-0.041399219,250.0,0.0,0,1,17.548458854039957
1941737803.0,EQT,2022-09-06,4610663.0,17491566.96,0.263593479677592,Market Model,2022-09-06,-0.006694019,-0.019097635,-0.019999162,250.0,0.47946748656321225,0,1,16.677229434748405
2007041993.0,CHD,2022-09-06,630000.0,20448079.62,0.0308097391886035,Market Model,2022-09-06,-0.039123262,-0.040739123,-0.04124721,250.0,0.10317460317460317,0,1,16.83339952993116
1941739338.0,XL,2022-09-09,600000.0,155320.64,3.8629766140546415,Market Model,2022-09-09,0.119266055,0.0610767207,0.0632806933,250.0,0.0,0,0,11.953246904362482
1941740492.0,AM,2022-09-12,205000.0,4861133.28,0.0421712362513129,Market Model,2022-09-12,0.0224032587,0.0357938946,0.0355109602,250.0,0.0,0,0,15.396782153878423
1941741507.0,MCK,2022-09-19,875000.0,49766512.5,0.0175821040302954,Market Model,2022-09-19,0.0133130022,0.0126712492,0.0125894705,250.0,0.0,0,0,17.722852876046826
1941742344.0,OXM,2022-09-19,270000.0,1381044.3,0.1955042282133889,Market Model,2022-09-19,0.0736652399,0.0863080578,0.0862905248,250.0,0.0,0,0,14.138350510081134
1941742106.0,HEES,2022-09-19,130000.0,1101072.0,0.1180667567606841,Market Model,2022-09-19,0.0045146727,0.0231648538,0.0220097301,250.0,0.0,0,1,13.91179480866202
1941742077.0,SMBC,2022-09-20,140000.0,485906.85,0.2881210668258741,Market Model,2022-09-20,-0.000944287,0.0059560781,0.0059061991,250.0,0.0,0,1,13.093772217845562
1941743177.0,TALO,2022-09-22,1100000.0,1557548.67,0.7062379630165907,Market Model,2022-09-22,-0.203148807,-0.173216601,-0.159463517,250.0,0.7613636363636364,0,1,14.258623777951659
1941745427.0,PFS,2022-09-27,1300000.0,1743415.32,0.7456628292104258,Market Model,2022-09-27,-0.140832976,-0.150411826,-0.14800217,250.0,1.0,1,1,14.371356574947871
2007008382.0,NOG,2022-09-30,180000.0,2129915.85,0.0845103810087145,Market Model,2022-09-30,0.0694896851,0.0727647988,0.0725918067,250.0,0.0,0,1,14.57159302986293
2007030334.0,AME,2022-09-30,190300.0,26006595.84,0.0073173744526496,Market Model,2022-09-30,0.0278943687,0.0370721202,0.0371070043,250.0,0.0,0,1,17.073860749966713
2007078885.0,LHX,2022-10-01,1960000.0,39768893.99,0.0492847500484385,Market Model,2022-10-03,0.0705517077,0.057372239,0.0582195005,250.0,0.0,0,1,17.49859560663875
2007006855.0,BXC,2022-10-03,67000.0,576412.2,0.1162362628688289,Market Model,2022-10-03,0.2180955497,0.11009308,0.1196891223,250.0,0.0,0,1,13.264578308740553
2008151021.0,IR,2022-10-03,105000.0,17441610.06,0.006020086427732,Market Model,2022-10-03,0.077363241,0.0289693158,0.0299413288,250.0,0.0,0,0,16.67436929213801
2007012350.0,FANG,2022-10-11,1597217.0,24642785.61,0.0648147910417989,Market Model,2022-10-11,-0.008846451,-0.000512501,-0.000705407,250.0,0.5147810222405597,0,1,17.019994742593553
2007064335.0,PB,2022-10-11,336280.0,6230760.03,0.0539709438946246,Market Model,2022-10-11,0.0112602858,0.0206428625,0.0203243133,250.0,0.72790531699774,0,1,15.645008878507419
2007012868.0,LECO,2022-10-14,427000.0,7198773.84,0.0593156570119446,Market Model,2022-10-14,0.0320973538,0.012167327,0.0121484276,250.0,0.0,0,1,15.789421269483592
2007015124.0,PGTI,2022-10-17,185000.0,1311640.36,0.1410447601658125,Market Model,2022-10-17,2.220446e-16,-0.01292193,-0.014425255,250.0,0.0,0,1,14.086789095055895
2007094238.0,CTO,2022-10-17,93900.0,327324.79,0.2868710310636723,Market Model,2022-10-17,0.0357535754,0.024895581,0.0246889008,250.0,0.0,0,0,12.698708198531554
2007015012.0,CHCO,2022-10-18,62100.0,1411914.24,0.0439828413374455,Market Model,2022-10-18,0.063042779,0.0474746855,0.0480672203,250.0,1.0,0,0,14.160456958646877
2007014771.0,LLY,2022-10-18,610000.0,316180233.0,0.0019292793676953,Market Model,2022-10-18,-0.006336944,-0.024984938,-0.025173144,250.0,0.0,1,0,19.571822966554052
2007095552.0,PARR,2022-10-20,310000.0,1196960.31,0.2589893728389373,Market Model,2022-10-20,0.1770726714,0.1596534117,0.1673546412,250.0,0.0,0,0,13.995295826095639
2007018175.0,PEBO,2022-10-25,211844.0,869057.67,0.2437628793955641,Market Model,2022-10-25,-0.045904888,-0.056491782,-0.058465804,250.0,1.0,1,1,13.675164765681924
2007020969.0,VSH,2022-10-28,107500.0,2671099.2,0.0402456037574343,Market Model,2022-10-28,0.0145560408,0.0028741729,0.0026815835,250.0,0.0,0,1,14.79800063105051
2007022979.0,VSCO,2022-11-01,700000.0,3054849.6,0.2291438504861254,Market Model,2022-11-01,-0.023846553,0.0328987733,0.0312030582,250.0,0.0,0,1,14.932240918606729
2007022761.0,NX,2022-11-01,92000.0,734138.64,0.1253169292383248,Market Model,2022-11-01,-0.050763702,-0.023030017,-0.023015623,250.0,0.0,0,0,13.506453172594323
2007029467.0,VOYA,2022-11-01,570000.0,6693742.84,0.0851541527101749,Market Model,2022-11-01,-0.024084075,0.0076782752,0.0074624889,250.0,0.0,1,0,15.716683743523095
2007106686.0,WTTR,2022-11-01,101380.0,946800.1,0.1070764567937836,Market Model,2022-11-01,0.0054704595,0.025376439,0.0228239306,250.0,0.8757151311895838,0,0,13.760843262240888
2007022204.0,MYGN,2022-11-01,100000.0,1680645.16,0.0595009597385804,Market Model,2022-11-01,-0.218600192,-0.177543966,-0.166231617,250.0,0.0,0,0,14.334688301470695
2007022869.0,JNJ,2022-11-01,18191131.0,454841781.48,0.0399944150706829,Market Model,2022-11-01,-0.02539029,-0.017103589,-0.016937397,250.0,0.0,1,0,19.935460183431093
2007485560.0,HST,2022-11-02,315000.0,13483014.0,0.0233627288379289,Market Model,2022-11-02,-0.100105932,-0.061546346,-0.059270908,250.0,0.0,0,1,16.416941228960255
2007023403.0,MRO,2022-11-02,3000000.0,20957673.12,0.1431456623463168,Market Model,2022-11-02,0.0318555008,0.0560779279,0.0541507375,250.0,0.0,0,1,16.858015395987287
2007030429.0,LPLA,2022-11-03,140000.0,20609236.0,0.0067930708348431,Market Model,2022-11-03,0.0278002387,0.0517407024,0.0522426189,250.0,0.0,0,1,16.84124988279576
2007061060.0,KRP,2022-11-03,270700.0,1113960.76,0.2430067644393506,Market Model,2022-11-03,-0.051401869,-0.047679197,-0.048808888,250.0,0.444403398596232,0,1,13.923432474432454
2007026899.0,MLNK,2022-11-04,65000.0,1319300.7,0.0492685253634747,Market Model,2022-11-04,-0.042136499,-0.052353791,-0.051777966,250.0,0.0,0,1,14.092612381456128
2007027911.0,VTRS,2022-11-07,348809.0,11763044.5,0.0296529525158219,Market Model,2022-11-07,0.1478800414,0.1301508758,0.1320727851,250.0,0.0,1,0,16.280473352983964
2007026893.0,FLGT,2022-11-07,100000.0,1118055.24,0.0894410190322975,Market Model,2022-11-07,-0.084191079,-0.111402556,-0.110320761,250.0,0.0,0,1,13.927101341136671
2007027121.0,OUST,2022-11-07,211985.0,212612.4,0.9970490902694292,Market Model,2022-11-07,-0.10619469,-0.128438407,-0.139249399,250.0,1.0,1,1,12.267226068683005
2007027545.0,ATKR,2022-11-08,91600.0,3817233.98,0.0239964331450282,Market Model,2022-11-08,0.0108194965,0.0214733566,0.0216842953,250.0,0.0,0,0,15.155036629298461
2007028529.0,CBRE,2022-11-09,110000.0,22542961.15,0.004879571910188,Market Model,2022-11-09,0.085007728,0.0457461528,0.045370327,250.0,0.0,0,0,16.930933431061675
2007028352.0,GTLS,2022-11-09,4400000.0,8772983.45,0.5015397584045369,Market Model,2022-11-09,-0.397121264,-0.46996511,-0.446913553,250.0,0.0,0,0,15.98718749463889
2007031316.0,WAFD,2022-11-13,654000.0,2492339.5,0.262404058516105,Market Model,2022-11-14,-0.084828293,-0.095029435,-0.093419103,250.0,1.0,0,1,14.728732385565262
1941712940.0,EL,2022-11-15,2800000.0,51054652.54,0.0548431898112767,Market Model,2022-11-15,-0.023267023,-0.009381267,-0.010051775,250.0,0.0,0,0,17.748407235346814
2007035123.0,EVH,2022-11-17,810000.0,2182662.7,0.3711063555537005,Market Model,2022-11-17,0.0754716981,0.0880859245,0.0788948954,250.0,0.0,0,0,14.596056111454592
2007035183.0,FCBC,2022-11-18,113200.0,623526.75,0.1815479448155191,Market Model,2022-11-18,-0.022533023,-0.021806748,-0.021633973,250.0,1.0,0,0,13.343146946149043
2007039803.0,BSX,2022-11-29,615000.0,62690377.06,0.0098101180570567,Market Model,2022-11-29,0.0253680634,0.0133477898,0.0136630966,250.0,0.0,1,0,17.95371851790745
2007042911.0,BY,2022-11-30,129000.0,832963.84,0.1548686675282327,Market Model,2022-11-30,0.0285196922,0.0112458599,0.011304236,250.0,0.0,0,1,13.632745510843021
1941689283.0,CTVA,2022-11-30,1200000.0,47118602.0,0.0254676486369438,Market Model,2022-11-30,0.0203295857,-0.002996616,-0.003284421,250.0,0.0,0,0,17.668178427937082
2007039893.0,NXGN,2022-11-30,90500.0,1338579.0,0.0676090092553372,Market Model,2022-11-30,0.0409919028,0.0213354409,0.0208418108,250.0,0.0,0,0,14.107119161493348
2007041335.0,IART,2022-12-01,140000.0,4588478.92,0.0305112004306647,Market Model,2022-12-01,0.0515924753,0.0309367102,0.0316957938,250.0,0.0,0,0,15.339059137136722
2007041163.0,HI,2022-12-01,59000.0,3444000.0,0.0171312427409988,Market Model,2022-12-01,0.08995687,0.0579170742,0.060032774,250.0,0.0,0,1,15.052144144529759
2007042800.0,NBTB,2022-12-05,199373.0,1982206.8,0.1005813318771785,Market Model,2022-12-05,-0.067745415,-0.055139538,-0.054816477,250.0,1.0,1,0,14.499721327480593
2007044244.0,NRG,2022-12-06,5200000.0,9408882.56,0.5526692427968831,Market Model,2022-12-06,-0.196606061,-0.184192115,-0.175736158,250.0,0.0,0,0,16.057164754244518
2007090454.0,ARKO,2022-12-07,140200.0,1095084.0,0.1280267084534154,Market Model,2022-12-07,0.0098792536,0.0171306487,0.016046708,250.0,0.0,0,0,13.906341630619265
2007058145.0,DLHC,2022-12-08,185000.0,159434.34,1.160352280443473,Market Model,2022-12-08,0.1105769231,0.1101014059,0.1091774159,250.0,0.03783783783783784,0,0,11.979387455009197
2007057409.0,SMMF,2022-12-09,53900.0,351349.69,0.153408417693495,Market Model,2022-12-09,-0.025519504,-0.03513103,-0.034998534,250.0,1.0,0,1,12.769537274308869
2007135438.0,LAMR,2022-12-12,78600.0,8264678.73,0.0095103515294175,Market Model,2022-12-12,0.0677930082,0.0542072997,0.0555562301,250.0,0.0,0,1,15.927501417338384
2007058023.0,RICK,2022-12-13,66500.0,779273.12,0.0853359345950492,Market Model,2022-12-13,0.0425684563,0.0175636571,0.0179281015,250.0,0.24060150375939848,0,1,13.56611686674351
2007059691.0,SHBI,2022-12-14,254400.0,381273.6,0.6672373854365999,Market Model,2022-12-14,-0.114021572,-0.108936909,-0.106778494,250.0,1.0,1,1,12.851272506627275
2007059715.0,FRBA,2022-12-14,129700.0,297672.33,0.4357139946463952,Market Model,2022-12-14,-0.087073007,-0.074265759,-0.075757597,250.0,0.6979259830377795,0,1,12.603748596765419
2007060009.0,DBX,2022-12-15,95000.0,6654176.76,0.0142767472861661,Market Model,2022-12-15,-0.010238908,0.0401572348,0.0391561514,250.0,0.0,0,1,15.710755299680228
2007062683.0,MPB,2022-12-20,53900.0,491578.85,0.1096467026602141,Market Model,2022-12-20,-0.006670902,-0.012458356,-0.012575491,250.0,0.5,0,1,13.10537763296576
2007065556.0,AMPS,2022-12-27,293000.0,1011740.73,0.2895998859312504,Market Model,2022-12-27,-0.054054054,-0.046506425,-0.04619705,250.0,0.0,0,0,13.827182900353662
2007073155.0,TRN,2022-12-30,80000.0,2429065.52,0.0329344759708251,Market Model,2022-12-30,0.0233757305,0.0109742518,0.0109575389,250.0,0.0,0,1,14.703017181683917
2007588329.0,OXY,2022-12-31,400000.0,57252492.86,0.0069865953431603,Market Model,2023-01-03,-0.018786127,-0.03163129,-0.0320321,250.0,0.0,0,1,17.86298174285675
2007076111.0,ZEUS,2023-01-03,131000.0,373745.4,0.3505059861606323,Market Model,2023-01-03,-0.028715216,-0.034911757,-0.034627191,250.0,0.0,0,1,12.831330095918986
2007071059.0,PRGS,2023-01-03,355000.0,2182315.65,0.1626712432731717,Market Model,2023-01-03,0.0190287413,0.0157179226,0.0158421321,250.0,0.0,0,0,14.595897095774374
2007076106.0,MSFT,2023-01-09,190000.0,1675053710.0,0.0001134291986374,Market Model,2023-01-09,0.0294183797,-0.006461194,-0.0064408,250.0,0.0,0,0,21.23911106738099
2007083787.0,LIVE,2023-01-19,84000.0,111691.0,0.752074920987367,Market Model,2023-01-19,-0.033333333,-0.031678788,-0.031356721,250.0,0.050761904761904765,0,0,11.623491408847823
2007084856.0,XYL,2023-01-22,7500000.0,19856859.96,0.3777032227204164,Market Model,2023-01-23,-0.046580134,-0.077394019,-0.080177723,250.0,1.0,0,1,16.804060095319464
2007088705.0,MQ,2023-01-30,275000.0,3288942.8,0.0836134942815059,Market Model,2023-01-30,-0.058238636,-0.064792432,-0.064320133,250.0,0.0,0,0,15.006076733715616
2007091362.0,MGRC,2023-02-01,400000.0,2427581.52,0.1647730453970501,Market Model,2023-02-01,0.0959075289,0.0646130699,0.0656274488,250.0,0.0,0,0,14.702406060458115
2007096616.0,POST,2023-02-08,1200000.0,5534561.76,0.2168193349422484,Market Model,2023-02-08,-0.061139028,-0.06259553,-0.061618331,250.0,0.44916666666666666,0,1,15.526522944838515
1941616525.0,GMED,2023-02-09,3100000.0,5957627.52,0.5203413589710288,Market Model,2023-02-09,-0.225988701,-0.221119131,-0.210828356,250.0,1.0,1,1,15.600182892677694
1941486994.0,CPUH,2023-02-09,378120.0,888375.0,0.425631067961165,Market Model,2023-02-09,0.0029211295,0.0027440191,0.002743068,250.0,1.0,0,0,13.697149230129197
1941596128.0,GATE,2023-02-14,750000.0,19449.6,38.56120434353406,Market Model,2023-02-14,-1.11022e-16,-0.000310084,-0.000375912,250.0,1.0,0,1,9.875581783282419
2007130936.0,BRDG,2023-02-14,320100.0,425836.32,0.7516972718531852,Market Model,2023-02-14,0.0441075121,0.0287732187,0.0276194548,250.0,0.0,0,1,12.96181032606592
2007110944.0,REPX,2023-02-22,330000.0,601776.0,0.5483768046582117,Market Model,2023-02-22,-0.039859694,-0.029041324,-0.029680305,250.0,0.0,0,1,13.307640562023916
2007110018.0,MO,2023-03-03,3250000.0,83264357.58,0.0390323073936818,Market Model,2023-03-03,0.0225352113,0.0145045117,0.0146172439,250.0,0.0,0,0,18.237531135378145
2007113660.0,HNI,2023-03-08,485000.0,1239725.58,0.3912156107967054,Market Model,2023-03-08,-0.067841703,-0.032070597,-0.036734032,250.0,0.3,1,1,14.03040060663772
1941704614.0,PFE,2023-03-13,43000000.0,221108477.85,0.1944746778509831,Market Model,2023-03-13,0.0111505322,0.0119336395,0.0119819095,250.0,0.0,1,1,19.214163989054573
2007116573.0,TDG,2023-03-14,725000.0,38363830.68,0.0188980085447504,Market Model,2023-03-14,-0.02787539,-0.036797756,-0.038006328,250.0,0.0,0,1,17.46262566430757
2007120029.0,AIR,2023-03-20,140000.0,1744801.2,0.0802383675572896,Market Model,2023-03-20,0.006503443,-0.006316808,-0.007097838,250.0,0.0,0,0,14.37215118162723
2007626157.0,CF,2023-03-20,1675000.0,13885824.24,0.1206266168323616,Market Model,2023-03-20,0.0223104298,0.0126658649,0.0118131313,250.0,0.0,0,1,16.44637903886252
2007121999.0,FMBH,2023-03-21,90300.0,556083.61,0.1623856527618212,Market Model,2023-03-21,0.0044977511,0.0040506557,0.0033556767,250.0,1.0,0,1,13.228673939624969
2007122774.0,KNX,2023-03-21,808000.0,8542589.04,0.0945849081837606,Market Model,2023-03-21,0.0428624674,0.0376953673,0.0364347102,250.0,0.0,1,1,15.96057468609549
2007124991.0,ET,2023-03-27,1450000.0,36206749.8,0.040047781366998,Market Model,2023-03-27,0.0316780822,0.0210986523,0.0213316568,250.0,0.3793103448275862,0,0,17.404756117978298
2007126878.0,KYN,2023-03-27,333780.0,1089056.0,0.3064856169012429,Market Model,2023-03-27,0.0338345865,0.0258679158,0.0261722454,250.0,0.0,1,1,13.900821823917115
2007129282.0,DSGR,2023-03-30,319200.0,793194.48,0.4024233754122948,Market Model,2023-03-30,0.0967430639,0.0751385429,0.0742999195,250.0,0.0,0,1,13.583823716450764
1941664277.0,OVV,2023-04-03,4275000.0,8790639.44,0.4863127454127501,Market Model,2023-04-03,0.1122477977,0.0953038631,0.0938310483,250.0,0.2807017543859649,0,1,15.989198013318092
2007133359.0,LBRT,2023-04-10,78000.0,2342289.6,0.0333007498304223,Market Model,2023-04-10,-0.008118081,-0.017696146,-0.017920704,250.0,0.0,0,0,14.666639470490882
2007141292.0,ATEC,2023-04-19,55000.0,1780689.48,0.0308869124110285,Market Model,2023-04-19,0.0446713465,0.0469137078,0.0469673255,250.0,0.0,0,1,14.392511195582882
2007142380.0,ASRT,2023-04-25,277044.0,356236.8,0.7776961841112429,Market Model,2023-04-25,-0.189627229,-0.176297111,-0.173312497,250.0,0.0,1,1,12.783350957246952
2007144119.0,CVLG,2023-04-26,130000.0,381240.58,0.3409920318555805,Market Model,2023-04-26,-0.011650485,-0.015141448,-0.01619725,250.0,0.0,0,1,12.851185898401784
2007144177.0,DGX,2023-04-27,450000.0,16346669.32,0.0275285436556442,Market Model,2023-04-27,-0.052491468,-0.066375075,-0.065908718,250.0,0.0,0,0,16.609534723240582
2007145743.0,SPXC,2023-05-01,418000.0,2887378.56,0.1447679932900797,Market Model,2023-05-01,0.0004669261,-0.000114171,-0.000182789,250.0,0.0,0,1,14.875859575784903
2007147550.0,ITT,2023-05-02,80000.0,7027846.0,0.0113832887060985,Market Model,2023-05-02,-0.012434865,0.0070820046,0.0069571176,250.0,0.0,0,1,15.765390815698447
2007192515.0,CRGY,2023-05-02,600000.0,560554.02,1.0703696318153244,Market Model,2023-05-02,-0.086919105,-0.072031109,-0.070187578,250.0,0.0,0,0,13.236680895083987
2007147828.0,AFG,2023-05-02,240000.0,10487268.0,0.0228848924238419,Market Model,2023-05-02,-0.055487656,-0.04628675,-0.04580769,250.0,0.0,0,1,16.16567250793961
2007148591.0,CPE,2023-05-03,532945.0,1902980.0,0.2800581193706712,Market Model,2023-05-03,-0.050135911,-0.017928349,-0.019632061,250.0,0.0,0,1,14.458931636501566
2007148346.0,VSEC,2023-05-04,124000.0,658603.46,0.1882771766792722,Market Model,2023-05-04,-0.10028222,-0.110737505,-0.109998627,250.0,0.0,0,0,13.397876902478776
2007151499.0,COOP,2023-05-10,324000.0,2883745.88,0.1123538666312719,Market Model,2023-05-10,0.050867323,0.0519690736,0.0522286021,250.0,0.0,1,1,14.874600659773805
2007153104.0,OKE,2023-05-14,18800000.0,28496922.12,0.6597203698291891,Market Model,2023-05-15,-0.099474773,-0.097894841,-0.097314782,250.0,0.46808510638297873,0,0,17.16530664361744
2007153500.0,TPG,2023-05-14,2700000.0,1964559.07,1.374354195417499,Market Model,2023-05-15,0.0059018812,0.0090694376,0.00873126,250.0,0.4925925925925926,0,1,14.490778386248373
2007124413.0,HEI,2023-05-15,2050000.0,10842289.2,0.1890744622454822,Market Model,2023-05-15,0.0545918974,0.0573271587,0.0557685755,250.0,0.07317073170731707,0,1,16.198964712492053
2007155172.0,IBM,2023-05-16,60000.0,112016431.2,0.0005356357041305,Market Model,2023-05-16,0.0233637252,0.016326323,0.0164323685,250.0,0.0,0,0,18.534156125641786
2007156314.0,REG,2023-05-18,1400000.0,10050145.62,0.1393014641712226,Market Model,2023-05-18,0.0106980007,-0.007299205,-0.007868555,250.0,0.0,1,1,16.123097681916626
2007157373.0,USFD,2023-05-19,142000.0,9239740.8,0.0153683964814251,Market Model,2023-05-19,0.0201970443,0.005558665,0.005629287,250.0,0.0,0,1,16.039024391276353
2007158316.0,CVX,2023-05-21,7600000.0,295973005.02,0.0256780174917859,Market Model,2023-05-22,0.018440361,0.0253103766,0.0248763646,250.0,0.8289473684210527,0,1,19.505778808872673
2007158303.0,CHRD,2023-05-22,375000.0,6106603.5,0.0614089321502534,Market Model,2023-05-22,0.0309603899,0.03744404,0.037734797,250.0,0.0,0,1,15.624881284602187
2007158382.0,GIC,2023-05-22,69200.0,924876.12,0.0748208311400666,Market Model,2023-05-22,0.0449530037,0.0596578953,0.0600071278,250.0,0.0,0,0,13.737415083201574
2007159494.0,RYAN,2023-05-23,255000.0,5003466.75,0.0509646636504579,Market Model,2023-05-23,-0.078745487,-0.070581512,-0.069254494,250.0,0.0,0,1,15.425641580142312
2007159777.0,GNL,2023-05-23,950000.0,1077392.1,0.8817588322765685,Market Model,2023-05-23,-0.09468599,-0.081861574,-0.084112692,250.0,1.0,1,1,13.890053956734638
2007160644.0,SR,2023-05-25,175000.0,3470137.84,0.0504302733980158,Market Model,2023-05-25,-0.033955608,-0.041135638,-0.040992988,250.0,0.0,0,0,15.05970487447703
2007162663.0,OSK,2023-05-26,800000.0,4839114.26,0.1653195103518799,Market Model,2023-05-26,0.0169583503,-0.001023472,-0.001056662,250.0,0.0,0,0,15.392242257813283
2007162724.0,EFC,2023-05-30,58809.0,881738.32,0.0666966589361796,Market Model,2023-05-30,0.021875487,0.0190324554,0.0180632635,250.0,0.9489873998877723,1,1,13.689650601625534
2007168107.0,THS,2023-06-07,100000.0,2673225.58,0.0374079915844588,Market Model,2023-06-07,0.0296405297,0.0201469372,0.0202381592,250.0,0.0,0,1,14.798796383629082
2007170158.0,MMSI,2023-06-08,100000.0,4900788.56,0.0204048794955561,Market Model,2023-06-08,-0.00864724,-0.014485795,-0.014578635,250.0,0.0,0,1,15.404906680745158
2007171958.0,CWST,2023-06-12,219000.0,4708065.0,0.0465159253323817,Market Model,2023-06-12,-0.056378866,-0.068730879,-0.068413951,250.0,0.0,0,1,15.36478755355417
2007171413.0,NDAQ,2023-06-12,10500000.0,28381055.61,0.3699650972918833,Market Model,2023-06-12,-0.114617652,-0.129216627,-0.12973947,250.0,0.4523809523809524,0,0,17.161232424564687
2007172214.0,PTEN,2023-06-15,5400000.0,2317789.11,2.3298064421400273,Market Model,2023-06-15,0.0173761946,0.0165510894,0.0074362821,250.0,1.0,1,1,14.656124319450473
2007174802.0,WAB,2023-06-16,320000.0,18389908.8,0.0174008475778846,Market Model,2023-06-16,0.0020657092,-0.003217022,-0.003388704,250.0,0.0,0,1,16.72731263735124
2007175538.0,CHRS,2023-06-16,65000.0,507107.37,0.1281779832937549,Market Model,2023-06-16,-0.28358209,-0.301608332,-0.286564116,250.0,0.0,1,0,13.136478035300058
2007219409.0,CIVI,2023-06-20,2250000.0,5578305.95,0.4033482602366046,Market Model,2023-06-20,-0.051901113,-0.041430003,-0.042297424,250.0,0.0,0,1,15.534395695073787
2007176576.0,MEC,2023-06-20,96000.0,287166.04,0.3343013679472684,Market Model,2023-06-20,0.0665732306,0.0709146596,0.0699509032,250.0,0.0,0,1,12.567815864039352
2007181472.0,UNH,2023-06-26,3300000.0,444102264.0,0.0074307209566488,Market Model,2023-06-26,0.0073270014,0.0074027514,0.0074141975,250.0,0.0,1,0,19.911565418200247
2007183876.0,ADUS,2023-06-29,106000.0,1489147.6,0.0711816612402961,Market Model,2023-06-29,0.0062961355,-0.007700319,-0.00787931,250.0,0.0,0,1,14.213714433684222
2007145139.0,MOH,2023-06-30,425000.0,17185091.0,0.0247307389876492,Market Model,2023-06-30,0.0326598395,0.0255746936,0.0256118192,250.0,0.0,0,1,16.659552763567735
2007184839.0,RES,2023-06-30,79500.0,1540554.4,0.0516047988957741,Market Model,2023-06-30,0.0084507042,-0.008690715,-0.008732498,250.0,0.0,0,1,14.24765290960536
2007209482.0,WEX,2023-07-01,180000.0,7800060.87,0.023076742989571,Market Model,2023-07-03,0.0186418109,0.0038354092,0.0039397199,250.0,0.0,0,1,15.869642095475523
2007188464.0,DOCN,2023-07-06,111000.0,3532093.01,0.0314261260068007,Market Model,2023-07-06,0.1663716814,0.1897731327,0.1935791107,250.0,0.0,0,1,15.07740117388135
2007187341.0,TMO,2023-07-06,912500.0,200806352.6,0.0045441789474542,Market Model,2023-07-06,-0.010363892,0.0016975231,0.0016715067,250.0,0.0,0,0,19.11785158173561
2007193382.0,PWSC,2023-07-11,300000.0,3194212.0,0.0939198775785702,Market Model,2023-07-11,0.0817708333,0.0553043625,0.057130005,250.0,0.0,0,0,14.976850980006507
2007192615.0,REI,2023-07-11,75000.0,359063.12,0.2088769239235708,Market Model,2023-07-11,0.1666666667,0.1436691015,0.1510848119,250.0,0.0,0,1,12.791253473742607
2007084849.0,XOM,2023-07-13,4900000.0,430537472.65,0.0113811231571552,Market Model,2023-07-13,-0.047466264,-0.062489766,-0.062167123,250.0,1.0,0,1,19.88054492252707
2007253709.0,MIRM,2023-07-17,445000.0,1003327.5,0.4435241733133,Market Model,2023-07-17,0.0453323089,0.0340159065,0.0343875287,250.0,0.0,0,1,13.818832534086559
2007197390.0,JCI,2023-07-17,455000.0,47141862.29,0.0096517188311526,Market Model,2023-07-17,0.0095944178,-7.581e-05,-8.499e-05,250.0,0.0,0,0,17.668671960207423
2007269497.0,BRY,2023-07-17,70000.0,547029.03,0.1279639583295972,Market Model,2023-07-17,-0.018617021,-0.02509668,-0.027750954,250.0,0.0,0,1,13.212257151293876
2007206602.0,PSA,2023-07-24,2200000.0,51289634.76,0.042893656979514,Market Model,2023-07-24,0.0162266893,0.0124161104,0.0123890814,250.0,0.0,0,0,17.752999238263865
2007206178.0,BANC,2023-07-25,1019600.0,757374.25,1.346230083739974,Market Model,2023-07-25,0.1501172791,0.146960969,0.1509959186,250.0,1.0,1,1,13.53761279598438
2007206542.0,AUB,2023-07-25,416800.0,2320345.3,0.1796284371985497,Market Model,2023-07-25,0.0449400799,0.0450128691,0.0431364054,250.0,1.0,1,1,14.65722656877438
2007209102.0,BIIB,2023-07-28,7300000.0,38058036.17,0.1918123144187447,Market Model,2023-07-28,0.0186239397,0.0067642193,0.006700667,250.0,0.0,1,1,17.454622820235144
2007210387.0,RMR,2023-07-31,100000.0,368178.12,0.271607666419721,Market Model,2023-07-31,-0.008857022,-0.014190005,-0.014149493,250.0,0.0,0,0,12.816322121789462
2007211922.0,RVMD,2023-08-01,1070000.0,2864951.25,0.3734793044035217,Market Model,2023-08-01,0.2749902762,0.2751657877,0.2885992327,250.0,1.0,0,0,14.868061892279401
2007216490.0,SPT,2023-08-02,140000.0,2719049.46,0.0514885816016013,Market Model,2023-08-02,-0.06580329,-0.019181331,-0.019527739,250.0,0.0,0,1,14.81579291396038
2007220611.0,ROP,2023-08-07,1400000.0,51937310.81,0.0269555735205767,Market Model,2023-08-07,0.0006314031,0.0014944871,0.0014107095,250.0,0.0,0,0,17.765547987925896
2007219460.0,CPB,2023-08-07,2328209.0,13458853.8,0.1729871677482669,Market Model,2023-08-07,-0.050843743,-0.053196025,-0.052350026,250.0,0.0,0,0,16.415147722537046
2007221273.0,GBCI,2023-08-08,80600.0,3766253.9,0.0214005752506489,Market Model,2023-08-08,0.0044964029,0.0140842357,0.0139176393,250.0,1.0,0,1,15.14159140493889
2007224247.0,ALGM,2023-08-08,420000.0,8087487.04,0.0519320770373685,Market Model,2023-08-08,-0.041872501,-0.041508432,-0.04079517,250.0,0.0,0,1,15.905828615317057
2007226212.0,REGN,2023-08-09,213000.0,83292137.12,0.002557264195216,Market Model,2023-08-09,0.023582105,0.0295889427,0.029762684,250.0,0.0,1,1,18.23786471036491
2007224647.0,FWRD,2023-08-10,2100000.0,2826560.0,0.7429525642477075,Market Model,2023-08-10,-0.294090909,-0.300273976,-0.28649482,250.0,0.9904761904761905,0,1,14.854570982538904
2007227919.0,HRMY,2023-08-14,164000.0,1914600.0,0.0856575786064974,Market Model,2023-08-14,0.0258889582,0.0316923145,0.0317977623,250.0,0.0,1,0,14.46501928149439
2007233813.0,BRKR,2023-08-17,108000.0,9648242.1,0.0111937489628291,Market Model,2023-08-17,-0.081340419,-0.069596557,-0.067697425,250.0,0.0,1,0,16.082286290917853
2007236095.0,PR,2023-08-21,4500000.0,4051159.43,1.110793114355413,Market Model,2023-08-21,0.0701195219,0.061306929,0.0628918853,250.0,1.0,1,1,15.21451367712505
2007237661.0,AVAV,2023-08-22,120000.0,2473288.44,0.0485184008703813,Market Model,2023-08-22,0.0426829268,0.0241034265,0.0246141858,250.0,0.0,0,0,14.721059175367326
2007237195.0,MTSI,2023-08-22,125000.0,5140241.08,0.024317925570915,Market Model,2023-08-22,0.1127798637,0.089316929,0.0922203783,250.0,0.4,0,0,15.452610539055184
2007240857.0,PSN,2023-08-23,200000.0,5865700.58,0.0340965238972358,Market Model,2023-08-23,0.0076909319,0.010113539,0.0101029787,250.0,0.0,0,1,15.584632483916405
2007245192.0,ELF,2023-08-29,355000.0,6673279.34,0.0531972336107842,Market Model,2023-08-29,0.1326648989,0.093488658,0.0969980465,250.0,0.19718309859154928,0,0,15.713621952241416
2007313356.0,WTS,2023-08-30,268000.0,5160652.32,0.0519314193985461,Market Model,2023-08-30,0.0170466767,-0.006469706,-0.006529651,250.0,0.0,0,0,15.456573548072239
2007247293.0,ZVRA,2023-08-31,90287.0,179844.9,0.5020270243971333,Market Model,2023-08-31,0.0131826742,0.006423001,0.0037170421,250.0,0.15823983519222037,1,1,12.099850091757567
2007251447.0,WES,2023-09-05,885000.0,10423066.5,0.0849078339853247,Market Model,2023-09-05,-0.030348445,-0.023341918,-0.023695111,250.0,0.0,0,1,16.159531840821995
2007255908.0,TCPC,2023-09-06,257630.0,719199.15,0.3582178872152449,Market Model,2023-09-06,-0.021582734,-0.010623586,-0.010530449,250.0,0.0,1,1,13.485893580270107
2007253125.0,JBSS,2023-09-06,61000.0,889314.03,0.0685921934684871,Market Model,2023-09-06,0.0524266028,0.0538090806,0.0531152089,250.0,0.0,0,1,13.698205691716675
2007255775.0,SUM,2023-09-07,3200000.0,4281444.0,0.7474113873730451,Market Model,2023-09-07,-0.109581498,-0.104355748,-0.101152903,250.0,0.615375,0,1,15.269800893834644
2007626733.0,SJM,2023-09-11,5600000.0,14459706.98,0.387283090020127,Market Model,2023-09-11,-0.074675787,-0.077493907,-0.077268503,250.0,0.10083089285714286,1,1,16.48687651031253
2007265181.0,VTLE,2023-09-13,517650.0,1106521.5,0.467817389901597,Market Model,2023-09-13,-0.047019752,-0.042871604,-0.045407348,250.0,1.0,0,1,13.916731868921612
2007264530.0,GXO,2023-09-14,181000.0,7208710.96,0.0251085112171011,Market Model,2023-09-14,0.0071906355,0.0104459618,0.0105938862,250.0,0.0,1,0,15.79080070825638
2007267750.0,KN,2023-09-18,263000.0,1298802.0,0.2024942985920871,Market Model,2023-09-18,0.0528144545,0.0686605465,0.0681651143,250.0,0.0,0,0,14.07695285909261
2007270533.0,EBC,2023-09-19,528000.0,2365215.57,0.2232354660171631,Market Model,2023-09-19,-0.078045222,-0.062296859,-0.061205265,250.0,1.0,1,1,14.67637972585996
2007270362.0,AJG,2023-09-19,510000.0,50236603.66,0.0101519601812986,Market Model,2023-09-19,0.021943165,0.0281052751,0.0281898146,250.0,0.0,0,1,17.732254475530162
2007269605.0,REZI,2023-09-19,87500.0,2390502.07,0.0366031893877423,Market Model,2023-09-19,-0.008104738,0.0139091386,0.0136046981,250.0,0.0,0,1,14.687013972975551
2007368426.0,SAIA,2023-09-21,235700.0,10380492.0,0.0227060528537568,Market Model,2023-09-21,-0.018357709,0.0171505844,0.0169365449,250.0,0.0,0,1,16.155438833422657
1941652248.0,CSCO,2023-09-21,28000000.0,225044619.0,0.1244197711743554,Market Model,2023-09-21,-0.040651862,-0.018249936,-0.018338686,250.0,0.0,1,0,19.231809247175192
2007368416.0,XPO,2023-09-21,870000.0,8001723.0,0.1087265830121837,Market Model,2023-09-21,-0.00694746,0.0349751378,0.0343502811,250.0,0.0,0,1,15.895167451454244
2007279140.0,CPK,2023-09-26,923000.0,1912999.53,0.4824883569103647,Market Model,2023-09-26,-0.054606553,-0.048673323,-0.048203175,250.0,0.0,0,1,14.464183002734957
2007290004.0,FOUR,2023-10-02,100000.0,3126577.79,0.0319838515836191,Market Model,2023-10-02,-0.03553207,-0.011839604,-0.01182806,250.0,0.0,0,0,14.955449606537154
2007286348.0,RITM,2023-10-02,712000.0,4490052.09,0.1585727705889487,Market Model,2023-10-02,-0.02699784,-0.006707887,-0.00687855,250.0,0.0,0,0,15.317374860987444
2007289984.0,DOV,2023-10-04,530000.0,19271839.72,0.0275012664955891,Market Model,2023-10-04,0.004575828,0.0130293994,0.0131607279,250.0,0.0,0,0,16.774155506513328
2007292116.0,ABBV,2023-10-05,655000.0,260679791.43,0.0025126612093975,Market Model,2023-10-05,0.0054941328,0.0003617491,0.0003550533,250.0,0.0,0,1,19.378803359328394
2007035666.0,BMY,2023-10-08,5800000.0,118368575.98,0.0489994912245965,Market Model,2023-10-09,-0.000531726,-0.004435952,-0.004457223,250.0,0.0,0,0,18.589313839613563
2007297527.0,CWBC,2023-10-10,99002.0,112837.5,0.8773856209150327,Market Model,2023-10-10,-0.052,-0.054401592,-0.055154801,250.0,1.0,1,0,11.63370400960641
2007300607.0,TEAM,2023-10-12,975000.0,30750802.1,0.0317064900235561,Market Model,2023-10-12,-0.085873786,-0.065912374,-0.064829524,250.0,0.09743589743589744,0,1,17.241426636429452
2007302839.0,APH,2023-10-13,134837.0,50185639.56,0.0026867646040217,Market Model,2023-10-13,-0.014886578,-0.012619833,-0.012930587,250.0,0.0,1,1,17.73123947919586
2007903039.0,MMU,2023-10-16,102601.0,390312.0,0.2628691918260263,Market Model,2023-10-16,-0.01880531,-0.019168771,-0.019056942,250.0,1.0,0,1,12.874701698276393
2007313476.0,ORA,2023-10-23,271000.0,4004879.6,0.067667452474726,Market Model,2023-10-23,-0.044259617,-0.036705688,-0.036034387,250.0,0.0,0,1,15.20302407561074
2007313353.0,AMN,2023-10-23,300000.0,2801615.0,0.1070810942973963,Market Model,2023-10-23,0.0099536406,0.0179379542,0.0178946079,250.0,0.0,0,1,14.845706594582772
2007312694.0,SHOO,2023-10-23,52000.0,2479290.3,0.0209737439782666,Market Model,2023-10-23,0.0116801438,0.0210413539,0.0209494163,250.0,0.0,0,0,14.723482907832063
2007318207.0,SHEN,2023-10-24,450000.0,1098268.4,0.4097359079073931,Market Model,2023-10-24,0.1253418414,0.1360685172,0.1380579253,250.0,0.17777777777777778,0,1,13.909245315624382
2007317267.0,UCTT,2023-10-25,120000.0,1097152.0,0.109374088549262,Market Model,2023-10-25,0.0271201033,0.0622467764,0.0597167793,250.0,0.0,0,1,13.908228289367154
2007318911.0,ONB,2023-10-26,344400.0,3903097.24,0.0882376171596483,Market Model,2023-10-26,0.0088954781,0.0383588176,0.0377855371,250.0,1.0,1,1,15.177280960020987
2007321462.0,UTHR,2023-10-30,136553.0,10302494.62,0.0132543626603708,Market Model,2023-10-30,-0.006862745,-0.010732159,-0.011049912,250.0,0.0,1,0,16.147896619991624
2007322394.0,IEX,2023-10-30,206000.0,14433933.84,0.0142719235298919,Market Model,2023-10-30,-0.009316288,-0.02010128,-0.020130768,250.0,0.0,0,0,16.485092508981847
2007322375.0,INST,2023-10-30,835000.0,3491781.75,0.2391329297714555,Market Model,2023-10-30,0.0065386187,-0.001820887,-0.001967329,250.0,0.0,0,1,15.065922693988423
2007322436.0,HUBB,2023-10-30,1100000.0,15071383.62,0.0729859996755891,Market Model,2023-10-30,-0.041688842,-0.056364297,-0.056657496,250.0,0.0,0,1,16.528308379261393
2007321408.0,OMC,2023-10-30,950000.0,14618278.29,0.0649871333103482,Market Model,2023-10-30,0.0084814216,-0.003439688,-0.003449806,250.0,0.0,0,0,16.49778324132929
2007323765.0,AME,2023-10-31,1900000.0,32327365.44,0.0587737347024589,Market Model,2023-10-31,0.0228415458,-0.003203861,-0.003263734,250.0,0.0,0,1,17.291424656743047
2007326891.0,COO,2023-11-01,300000.0,15439107.0,0.0194311756502497,Market Model,2023-11-01,0.0575692964,0.0182363825,0.0186978674,250.0,0.0,0,1,16.55241426410073
2007328933.0,FOXF,2023-11-02,572000.0,3443032.44,0.1661326199993631,Market Model,2023-11-02,-0.257027127,-0.309435293,-0.316107387,250.0,0.0,0,0,15.051863164291959
2007330130.0,TRV,2023-11-03,435000.0,38588011.05,0.0112729313629653,Market Model,2023-11-03,0.0015949905,-0.013853855,-0.013937018,250.0,0.0,0,0,17.468452191630995
2007332473.0,KMI,2023-11-06,1815000.0,37498197.38,0.0484023266933905,Market Model,2023-11-06,-0.020710059,-0.031210073,-0.031108955,250.0,0.0,0,0,17.43980341991858
2007455892.0,BBAI,2023-11-06,70000.0,224390.88,0.3119556374127148,Market Model,2023-11-06,0.1908396947,0.143493976,0.1525780808,250.0,1.0,0,0,12.321144810093552
2007333109.0,SEAT,2023-11-07,240000.0,701018.75,0.3423588884034842,Market Model,2023-11-07,0.1803542673,0.1754131825,0.1784992486,250.0,0.37,0,1,13.460289913162585
2007395625.0,GLP,2023-11-08,305800.0,1083452.52,0.2822458708204398,Market Model,2023-11-08,-0.011758581,-0.011173563,-0.011273434,250.0,0.0,0,0,13.895663278047762
2007342570.0,ABNB,2023-11-14,200000.0,51799866.75,0.0038610137930518,Market Model,2023-11-14,0.0863309353,0.0473431991,0.0487372446,250.0,0.0,0,1,17.76289813483258
2007350630.0,NAPA,2023-11-16,400000.0,1248872.28,0.3202889570100795,Market Model,2023-11-16,-0.064102564,-0.061827676,-0.06082586,250.0,0.875,0,0,14.037751526072784
2007345134.0,STRL,2023-11-16,50000.0,2065837.62,0.0242032575629056,Market Model,2023-11-16,-0.011940299,-0.028720537,-0.029114416,250.0,0.0,0,1,14.541046329251474
2007349323.0,OMF,2023-11-21,1015000.0,4622299.2,0.2195876891742533,Market Model,2023-11-21,-0.001295337,-0.015746192,-0.016049322,250.0,0.0,0,1,15.346402801602752
2007350925.0,NOG,2023-11-21,162600.0,3725145.89,0.043649297182291,Market Model,2023-11-21,0.0045600858,-0.011144523,-0.011181145,250.0,0.0,0,1,15.130616574129535
2007595896.0,APLE,2023-11-22,78600.0,3708831.79,0.0211926570010337,Market Model,2023-11-22,-0.007859734,-0.010263184,-0.010483501,250.0,0.0,0,0,15.126227503596443
2007359729.0,BUSE,2023-11-27,180489.0,1165412.31,0.1548713690865338,Market Model,2023-11-27,0.0160832545,0.0188001705,0.0184890224,250.0,0.9324058529882707,0,0,13.968585496532183
2007364112.0,NVRO,2023-11-30,75000.0,605371.2,0.1238909284088836,Market Model,2023-11-30,0.1289742052,0.1205158238,0.1240908418,250.0,0.0,0,0,13.31359710258486
2007367168.0,NSIT,2023-12-01,800000.0,4932809.34,0.162179388023945,Market Model,2023-12-01,0.1193006052,0.1046427748,0.1087594517,250.0,0.0,0,0,15.41141922956017
2007367472.0,NEU,2023-12-01,700000.0,5087590.9,0.1375896792330531,Market Model,2023-12-01,0.0274898948,0.0180957449,0.0182890733,250.0,0.0,0,1,15.442314975895236
2007365759.0,ALK,2023-12-03,1900000.0,5087545.69,0.3734610194724364,Market Model,2023-12-04,-0.059243586,-0.046957035,-0.058440839,250.0,0.0,0,1,15.44230608952804
2007371719.0,GVA,2023-12-05,150000.0,2084181.52,0.0719706985982679,Market Model,2023-12-05,0.017278157,0.022952319,0.0228893102,250.0,0.0,0,0,14.549886779789707
2007134259.0,HON,2023-12-08,4950000.0,130393255.29,0.0379620862213386,Market Model,2023-12-08,0.0131452551,0.0004900124,-4.1442e-05,250.0,0.0,0,1,18.68606548288294
2007289303.0,LAB,2023-12-12,507287.0,174669.0,2.904276087914856,Market Model,2023-12-12,0.0044642857,-0.046004782,-0.047259882,250.0,1.0,0,0,12.070648033324467
2007382553.0,ORRF,2023-12-12,207000.0,258450.9,0.8009258238218555,Market Model,2023-12-12,0.0630557801,0.0515771098,0.0502127752,250.0,1.0,1,1,12.462461012916439
2007381474.0,IART,2023-12-13,280000.0,3198961.92,0.087528394211082,Market Model,2023-12-13,0.0461538462,0.0213582907,0.0210690611,250.0,0.0,0,0,14.978336915140893
2007437661.0,WTI,2023-12-15,72000.0,485159.94,0.1484046683656527,Market Model,2023-12-15,0.0483870968,0.0431395061,0.0419617626,250.0,0.0,0,1,13.092233888752267
2007387357.0,CRM,2023-12-18,419000.0,254536800.0,0.0016461273969029,Market Model,2023-12-18,0.0277205396,0.0111722064,0.0113095662,250.0,0.0,0,1,19.354955980751186
2007388930.0,OKTA,2023-12-19,130000.0,13329324.4,0.0097529324141889,Market Model,2023-12-19,0.025249489,0.0282407581,0.028292712,250.0,0.0,0,1,16.405477008199814
2007390405.0,HUBG,2023-12-20,262000.0,2782014.48,0.094176361008732,Market Model,2023-12-20,0.0556002298,0.0523720191,0.0531172402,250.0,0.0,0,1,14.838685856340549
2007395248.0,WMB,2023-12-27,1950000.0,42723444.88,0.0456423868786116,Market Model,2023-12-27,-0.005976096,-0.01179333,-0.011791065,250.0,0.0,0,0,17.570258387941877
2007397040.0,KAI,2023-12-28,156000.0,3340943.66,0.0466933944046215,Market Model,2023-12-28,-0.013618129,-0.012803733,-0.012811956,250.0,0.0,0,1,15.021763857982101
2007399443.0,MYE,2023-12-29,350000.0,726445.36,0.4817981079815831,Market Model,2023-12-29,-0.01554664,-0.006148045,-0.00615527,250.0,0.0,0,0,13.495918549253538
2007407834.0,ITGR,2023-12-31,140000.0,3302039.16,0.042398043516843,Market Model,2024-01-02,-0.037125749,-0.022625483,-0.0222488,250.0,0.0,0,1,15.010050762870991
2007401349.0,APA,2024-01-03,4500000.0,10962129.36,0.4105041869347179,Market Model,2024-01-03,-0.051003344,-0.025447256,-0.027289208,250.0,0.0,1,1,16.209957105284854
2007401102.0,CR,2024-01-03,103000.0,6642809.8,0.0155054868498568,Market Model,2024-01-03,-0.023023531,-0.002529296,-0.002936688,136.0,0.0,0,1,15.709045594595155
2007695177.0,MCK,2024-01-04,50000.0,63915001.08,0.0007822889643296,Market Model,2024-01-04,0.01007562,0.0081116974,0.0079525002,250.0,0.0,0,0,17.9730646504817
2007505678.0,FWRG,2024-01-08,75000.0,1116985.8,0.0671449896677289,Market Model,2024-01-08,0.0160771704,0.0037631365,0.0034472371,250.0,0.0,0,1,13.926144365347435
2007592661.0,BSX,2024-01-08,3700000.0,85203411.28,0.0434254913555146,Market Model,2024-01-08,0.0182224514,0.0083632411,0.008412912,250.0,0.0,1,1,18.260552029495678
2007404132.0,VCYT,2024-01-08,95000.0,1885108.45,0.0503949786018942,Market Model,2024-01-08,0.1076742365,0.0752360373,0.0723203739,250.0,0.7368421052631579,0,0,14.449495910365778
2007404176.0,HPE,2024-01-09,14000000.0,23036000.0,0.6077444000694565,Market Model,2024-01-09,-0.043098427,-0.0612788,-0.065275282,250.0,0.0,1,1,16.9525687676087
2007412529.0,TTGT,2024-01-10,350000.0,990262.75,0.3534415487202765,Market Model,2024-01-10,0.1337907376,0.1421766728,0.1431498113,250.0,0.0,0,0,13.805725590937755
2007407041.0,SE,2024-01-11,950000.0,1907599.1,0.4980082030862773,Market Model,2024-01-11,-0.058993183,-0.067213224,-0.066506652,250.0,0.0,0,0,14.461355993609073
2007407725.0,PATK,2024-01-11,315000.0,2181085.62,0.1444234912703702,Market Model,2024-01-11,0.0112824759,0.0019343414,0.0016340243,250.0,0.0,0,1,14.59533330163468
2007594108.0,BLK,2024-01-12,12511320.0,117910248.82,0.1061088423203956,Market Model,2024-01-12,-0.001236812,0.0073362208,0.0072295541,250.0,0.7602171473513586,0,1,18.585434289804212
2007392174.0,SNPS,2024-01-15,35000000.0,75142372.8,0.4657824699408481,Market Model,2024-01-16,0.0188781447,0.0275021603,0.0271627497,250.0,0.49714285714285716,0,1,18.134895175998523
1941745284.0,TALO,2024-01-15,1290000.0,1676320.8,0.7695424408025003,Market Model,2024-01-16,-0.046423135,-0.026273092,-0.027808451,250.0,0.25193798449612403,0,1,14.332111949822528
2007417879.0,SUN,2024-01-22,7300000.0,4998504.9,1.4604366997819689,Market Model,2024-01-22,-0.076210944,-0.088131169,-0.08644321,250.0,0.0,1,0,15.424649405682981
2007416945.0,NTRA,2024-01-22,52500.0,7967682.03,0.0065891183662107,Market Model,2024-01-22,-0.015393724,-0.036054258,-0.036139186,250.0,0.0,0,0,15.890904171576818
2007925033.0,WTTR,2024-01-30,90000.0,791847.54,0.1136582428481118,Market Model,2024-01-30,0.0064766839,0.0176486965,0.0176029114,250.0,0.0,0,1,13.58212415226606
2007426100.0,CAH,2024-01-31,1200000.0,26386864.08,0.04547717365587,Market Model,2024-01-31,-0.011102747,-0.011572183,-0.012414272,250.0,0.0,0,0,17.088376871558886
2007430551.0,CBRE,2024-02-05,1100000.0,25907405.0,0.0424589031591546,Market Model,2024-02-05,-0.023204548,-0.033484569,-0.033501886,250.0,0.0,0,0,17.07003939314196
2007431711.0,CLH,2024-02-06,400000.0,9260604.92,0.0431937225975514,Market Model,2024-02-06,0.0233123156,0.0144966581,0.0142413888,250.0,0.0,0,1,16.04127993062261
2007432077.0,GLPI,2024-02-06,175000.0,12104839.64,0.0144570275364672,Market Model,2024-02-06,-0.00461437,-0.007206186,-0.007422463,250.0,0.11428571428571428,0,0,16.309115900848127
2007433048.0,CRC,2024-02-07,2100000.0,3225826.2,0.6509960146023985,Market Model,2024-02-07,0.161220515,0.1466515377,0.150157762,250.0,1.0,0,1,14.98669966144848
2007436481.0,GILD,2024-02-12,4300000.0,91795914.14,0.0468430435089079,Market Model,2024-02-12,-0.003658537,0.002571878,0.0024661356,250.0,0.0,1,0,18.33507834632133
2007436359.0,MLM,2024-02-12,2050000.0,32580941.98,0.0629202188585709,Market Model,2024-02-12,0.003502027,0.0118806549,0.0119417694,250.0,0.0,0,0,17.299238073550164
2007375724.0,FANG,2024-02-12,26000000.0,27119579.76,0.9587169207669168,Market Model,2024-02-12,0.0789679437,0.0862515414,0.0850696236,250.0,0.6845808461538462,0,1,17.11576652534119
2007442780.0,DKNG,2024-02-15,750000.0,20741944.36,0.0361586159418277,Market Model,2024-02-15,0.0440384165,0.0057342822,0.006073494,250.0,0.45,0,1,16.847668505648226
2007441906.0,GES,2024-02-16,69300.0,1293096.0,0.053592308691698,Market Model,2024-02-16,0.0274089936,0.0338362045,0.0321986653,250.0,0.0,0,0,14.072549900937576
2007443106.0,COF,2024-02-19,35300000.0,52263633.81,0.6754218454906934,Market Model,2024-02-20,-0.009900264,0.0069680955,0.0067779056,250.0,1.0,0,1,17.771811348934477
2007444002.0,CDRE,2024-02-20,106500.0,1315134.14,0.0809803325461538,Market Model,2024-02-20,0.0031055901,0.0067036881,0.0065592714,250.0,0.0,0,0,14.089449225996143
2007438088.0,WMT,2024-02-20,2300000.0,458648984.24,0.0050147282105316,Market Model,2024-02-20,0.0260499734,0.0313672024,0.0310881981,250.0,0.0,0,0,19.943795735243988
2007451098.0,AESI,2024-02-27,450000.0,1833476.58,0.2454353684735913,Market Model,2024-02-27,0.0534934498,0.0575489286,0.0555019416,191.0,0.3888888888888889,0,1,14.4217244930277
2007713739.0,MDRX,2024-02-27,140000.0,907950.6,0.1541934109631074,Market Model,2024-02-27,-0.275695284,-0.282627216,-0.265903192,250.0,0.0,0,1,13.718945250817065
2007454171.0,FA,2024-02-29,2200000.0,2444511.24,0.8999754077629031,Market Model,2024-02-29,-0.074897601,-0.088671181,-0.088472986,250.0,0.45454545454545453,1,0,14.709355759067583
2007454893.0,FBIN,2024-02-29,92000.0,10199824.55,0.0090197629919036,Market Model,2024-02-29,0.0178001473,0.0014391822,0.0013352275,250.0,0.0,0,0,16.13788107712617
2007457312.0,URI,2024-03-04,1150000.0,47074043.28,0.0244295989864246,Market Model,2024-03-04,-0.020049908,-0.013837995,-0.014703814,250.0,0.0,0,0,17.667232308987106
2007458809.0,HAE,2024-03-05,160000.0,3797777.08,0.0421299082672856,Market Model,2024-03-05,0.0443635383,0.0492323408,0.049842667,250.0,0.0,0,1,15.149926474582305
2007366666.0,EQT,2024-03-11,35000000.0,16524821.04,2.1180259632028067,Market Model,2024-03-11,-0.073537305,-0.074532161,-0.074792885,250.0,1.0,0,1,16.62037411399134
2007469485.0,PAR,2024-03-11,190000.0,1217216.4,0.1560938547985387,Market Model,2024-03-11,0.0442708333,0.0378900786,0.0370966973,250.0,0.10526315789473684,0,1,14.012077170460028
2007471463.0,MARA,2024-03-15,87300.0,4879077.2,0.0178927277477798,Market Model,2024-03-15,-0.014720812,-0.017035742,-0.021164017,250.0,0.0,0,1,15.400466661587325
2007525587.0,CSL,2024-03-18,410000.0,17737798.52,0.023114480612558,Market Model,2024-03-18,0.0246278308,0.017630897,0.0175625412,250.0,0.0,0,1,16.69120843018901
2007280794.0,PFIS,2024-03-22,126416.0,297889.8,0.4243716971846636,Market Model,2024-03-22,-0.030754445,-0.027555018,-0.028102722,250.0,1.0,1,1,12.604478898437439
2007481151.0,NUVB,2024-03-24,501287.0,505760.64,0.9911546299846504,Market Model,2024-03-25,0.2857142857,0.3040712986,0.3043922153,250.0,1.0,0,1,13.13381879287098
2007481692.0,IR,2024-03-25,2325000.0,38221526.64,0.0608295953717038,Market Model,2024-03-25,-0.006834911,0.000420581,0.0004155048,250.0,0.0,0,1,17.458909439463767
2007486700.0,VIVK,2024-03-25,169000.0,23336.69,7.241815355990932,Market Model,2024-03-25,-0.136,-0.134137321,-0.128497241,250.0,1.0,0,0,10.057782079159796
2007481512.0,GBTG,2024-03-25,540000.0,2629339.49,0.2053747726582085,Market Model,2024-03-25,0.0626086957,0.0718379122,0.0714486893,250.0,0.6944444444444444,0,1,14.782243228125198
2007264509.0,TTWO,2024-03-27,460000.0,25019848.62,0.0183854030048883,Market Model,2024-03-27,0.0160804708,0.0040203548,0.0040807652,250.0,1.0,0,1,17.035180012625023
2007486162.0,HD,2024-03-28,18250000.0,384061653.18,0.0475184123405485,Market Model,2024-03-28,-0.031321559,-0.037957466,-0.038423549,250.0,0.0,0,0,19.766313652820653
2007693638.0,LH,2024-03-28,237500.0,18213537.0,0.0130397516967736,Market Model,2024-03-28,0.0132540277,0.0090552855,0.0089633845,250.0,0.0,0,0,16.71767566678022
2007682174.0,CBNK,2024-03-28,66000.0,285161.7,0.2314476312912989,Market Model,2024-03-28,0.0495,0.0439213963,0.0446391769,250.0,0.0,0,1,12.560811666779232
2007488525.0,ALTI,2024-04-01,76000.0,402222.24,0.1889502678917008,Market Model,2024-04-01,-0.062146893,-0.048778613,-0.056692826,250.0,0.0,0,0,12.904760050664628
2007487472.0,NUE,2024-04-01,115000.0,47643435.5,0.0024137638017308,Market Model,2024-04-01,-0.00095689,0.0120132261,0.0119003412,250.0,0.0,0,0,17.67925541362124
2007509192.0,MRK,2024-04-05,208000.0,323317333.04,0.0006433308045822,Market Model,2024-04-05,-0.025712086,-0.026746599,-0.026622818,250.0,0.0,0,0,19.594144854125847
2007485107.0,JNJ,2024-04-05,13100000.0,367336967.5,0.0356620791235774,Market Model,2024-04-05,-0.01730844,-0.016475927,-0.01639322,250.0,0.0,1,0,19.721790152335764
2007498489.0,OWL,2024-04-09,205000.0,9127269.2,0.0224601680423757,Market Model,2024-04-09,-0.018153527,-0.006324038,-0.00657159,250.0,0.9365853658536586,0,1,16.026777105969273
2007500871.0,VRTX,2024-04-10,4600000.0,104475566.08,0.0440294336043859,Market Model,2024-04-10,-0.009870862,-0.011705514,-0.011801011,250.0,0.0,1,1,18.46446378461332
2007530515.0,SHO,2024-04-10,230000.0,2257180.97,0.1018970136009962,Market Model,2024-04-10,-0.001823154,0.0016539378,0.0013196518,250.0,0.0,0,0,14.629627234242362
2007505551.0,TRNS,2024-04-15,50000.0,974853.31,0.0512897678933869,Market Model,2024-04-15,-0.011924267,0.011381092,0.0111990881,250.0,0.65,0,0,13.790042287379004
2007505488.0,APG,2024-04-15,570000.0,10077000.48,0.056564451012113,Market Model,2024-04-15,-0.006856272,0.0295745465,0.0288407928,250.0,0.0,0,0,16.12576620489576
2007510446.0,LYTS,2024-04-18,50000.0,406708.61,0.1229381399129957,Market Model,2024-04-18,0.0366713681,0.0518091284,0.0510438839,250.0,0.0,0,1,12.915852262067096
2007513416.0,CSGP,2024-04-22,1600000.0,34449869.52,0.0464442978244406,Market Model,2024-04-22,0.0052268947,-0.009219656,-0.00922341,250.0,0.5,1,1,17.355015767898628
2007513387.0,MLI,2024-04-22,600000.0,5940837.8,0.1009958561736864,Market Model,2024-04-22,0.0978593272,0.0800407691,0.0817805435,250.0,0.0,0,1,15.597360725164133
2007514943.0,INCY,2024-04-23,750000.0,11658168.72,0.0643325738384064,Market Model,2024-04-23,-0.01165234,-0.017713516,-0.017695422,250.0,0.0,0,0,16.271517669948167
2007518812.0,BFST,2024-04-25,85700.0,561689.4,0.1525754269174387,Market Model,2024-04-25,-0.05834093,-0.06582261,-0.065361962,250.0,0.0,0,1,13.238704307058855
2007753045.0,PAHC,2024-04-28,350000.0,258902.74,1.3518590031144515,Market Model,2024-04-29,0.3424437299,0.3446360812,0.3506042267,250.0,0.0,0,1,12.464207748920398
2007520230.0,UMBF,2024-04-29,2000000.0,4053955.31,0.4933453496802361,Market Model,2024-04-29,-0.047812575,-0.038000825,-0.038830113,250.0,1.0,1,1,15.215203582253006
2007522786.0,HST,2024-04-29,530000.0,13297129.84,0.0398582255251558,Market Model,2024-04-29,-0.001058761,0.0034218714,0.003386798,250.0,0.0,0,1,16.403058768399728
2007522821.0,SMPL,2024-04-29,280000.0,3439621.6,0.0814043033105734,Market Model,2024-04-29,0.0528596187,0.0564493937,0.055850896,250.0,0.0,0,1,15.050872023299137
2007525490.0,HOPE,2024-04-29,78600.0,1321885.6,0.0594605160991238,Market Model,2024-04-29,-0.086599818,-0.077089007,-0.077403733,250.0,1.0,1,1,14.094569760097158
2007526270.0,FRSH,2024-04-30,230000.0,4046192.46,0.0568435639860789,Market Model,2024-04-30,-0.010303688,0.0158033271,0.0151916407,250.0,0.06521739130434782,0,1,15.213286863546871
2007523886.0,MASS,2024-04-30,76200.0,189817.17,0.4014389214632164,Market Model,2024-04-30,0.0017636684,0.0386125347,0.0384491224,250.0,0.1115485564304462,0,1,12.153816624712318
2007527725.0,AM,2024-05-01,70000.0,6660375.44,0.010509918041497,Market Model,2024-05-01,-0.01551481,-0.00816486,-0.008475105,250.0,0.0,0,1,15.711686413300082
2007528826.0,KELYA,2024-05-03,485000.0,763784.0,0.6349962816712579,Market Model,2024-05-03,0.0132705479,-0.016042824,-0.016369364,250.0,0.0,0,1,13.546040305662025
2007530752.0,DOCU,2024-05-06,165000.0,12241119.8,0.0134791589900133,Market Model,2024-05-06,-0.007658271,-0.040890916,-0.041499683,250.0,0.0,0,1,16.320311317791884
2007595341.0,KNTK,2024-05-09,765000.0,2350861.44,0.325412628317218,Market Model,2024-05-09,0.0173425147,0.0116810826,0.011482859,250.0,0.5882352941176471,0,0,14.670292389162661
2007537208.0,UBSI,2024-05-10,267000.0,4633201.19,0.0576275428263886,Market Model,2024-05-10,0.0076696165,0.0037544091,0.0037042052,250.0,1.0,0,1,15.348758588882218
2007541222.0,RPHM,2024-05-13,170000.0,60492.01,2.810288499258001,Market Model,2024-05-13,-0.129032258,-0.138511684,-0.138007565,250.0,0.0,0,1,11.010266569181733
2007545110.0,PANW,2024-05-15,500000.0,97638652.0,0.0051209228083157,Market Model,2024-05-15,0.0480727874,0.0262919544,0.0266014542,250.0,0.0,0,0,18.396783997576446
2007544613.0,ALRS,2024-05-15,128800.0,409186.13,0.3147711776056534,Market Model,2024-05-15,-0.038948393,-0.05725536,-0.057640871,250.0,1.0,1,1,12.921925417079477
2007549130.0,SSB,2024-05-20,2000000.0,6165055.05,0.3244091064523422,Market Model,2024-05-20,-0.011192638,-0.015480495,-0.015522616,250.0,1.0,1,1,15.634407623981105
2007551026.0,MBC,2024-05-21,520000.0,2067426.48,0.2515204313335485,Market Model,2024-05-21,0.0012262416,-0.003233842,-0.003269129,250.0,0.0,0,1,14.54181514539282
2007586181.0,ET,2024-05-28,3250000.0,51998183.52,0.0625021833455,Market Model,2024-05-28,0.0012978585,-0.00057149,-0.000569916,250.0,0.0,0,0,17.766719343627862
2007558360.0,NDSN,2024-05-28,815000.0,13626585.86,0.0598095523246495,Market Model,2024-05-28,-0.03320723,-0.032954264,-0.032628973,250.0,0.0,1,1,16.427533285134892
2007558448.0,TDG,2024-05-28,655000.0,75085337.86,0.0087234075076185,Market Model,2024-05-28,-0.013849645,-0.017279121,-0.01755797,250.0,0.0,0,0,18.134135862786735
2007536131.0,TMUS,2024-05-28,4300000.0,194527764.0,0.0221048137889458,Market Model,2024-05-28,0.023701279,0.022687044,0.022872389,250.0,0.0,0,1,19.086085456336892
2007561604.0,COP,2024-05-29,22500000.0,139945495.68,0.1607768788175119,Market Model,2024-05-29,-0.03130064,-0.025206709,-0.025421321,250.0,0.0,1,1,18.75676358819878
2007556140.0,WM,2024-06-03,7200000.0,84520220.59,0.0851867156727684,Market Model,2024-06-03,-0.01270303,-0.016230138,-0.017487151,250.0,0.0,1,1,18.252501360623537
2007567276.0,BDX,2024-06-03,4200000.0,67040721.82,0.0626484901412119,Market Model,2024-06-03,0.0516800423,0.0487362105,0.0493401886,250.0,0.0,0,1,18.02081078108491
2007568327.0,CTRE,2024-06-03,80900.0,3632576.48,0.022270694215363,Market Model,2024-06-03,0.0282907662,0.0216287579,0.0218611522,250.0,0.0,0,0,15.105452728575203
2007574421.0,FRT,2024-06-03,215000.0,8374105.35,0.0256743844284213,Market Model,2024-06-03,0.0277215702,0.0225884809,0.0227356948,250.0,0.0,0,1,15.94065480608873
2007569227.0,FTDR,2024-06-04,585000.0,2761545.0,0.2118379385452708,Market Model,2024-06-04,0.0613514278,0.0505037793,0.0515145317,250.0,0.0,0,0,14.83130086368219
2007576689.0,YEXT,2024-06-10,220000.0,648843.35,0.3390648913948182,Market Model,2024-06-10,0.0656779661,0.0713507904,0.0692881719,250.0,0.0,0,1,13.382946595210953
2007582205.0,SLP,2024-06-12,100000.0,921722.49,0.1084925246860364,Market Model,2024-06-12,0.0464916057,0.0366247598,0.0352515091,250.0,0.0,0,0,13.733999470248241
2007587180.0,WK,2024-06-17,100000.0,3796406.13,0.0263407013306029,Market Model,2024-06-17,-0.053256033,-0.060959906,-0.060321613,250.0,0.0,0,1,15.14956542192477
2007589092.0,CPAY,2024-06-19,725000.0,17739409.05,0.0408694561333202,Market Model,2024-06-20,0.0596985323,0.058952048,0.0597494294,250.0,0.0,0,0,16.691299222565945
2007592146.0,NXT,2024-06-20,119000.0,8415623.06,0.0141403671661121,Market Model,2024-06-20,-0.052731674,-0.051297319,-0.0506665,250.0,0.0,0,1,15.945600424458494
2007592887.0,AXP,2024-06-21,400000.0,165590743.63,0.0024155939591271,Market Model,2024-06-21,0.009419563,0.0161755459,0.016186321,250.0,0.0,0,0,18.92502990239909
2007593379.0,RXO,2024-06-23,1025000.0,2375645.08,0.4314617569052023,Market Model,2024-06-24,0.2282178218,0.2297599369,0.2295155471,250.0,0.0,0,1,14.680779571202425
2007594913.0,ANIP,2024-06-24,381000.0,1226905.86,0.3105372730064228,Market Model,2024-06-24,0.0808216872,0.0751778895,0.0753692417,250.0,0.0,1,0,14.020005997033252
2007594911.0,ABM,2024-06-24,119000.0,3331638.24,0.035718163686343,Market Model,2024-06-24,-0.011679969,-0.008292265,-0.00890852,250.0,0.0,0,0,15.018974704945995
2007456528.0,BA,2024-07-01,8300000.0,111733026.84,0.074284213313987,Market Model,2024-07-01,0.0159443318,0.0162909057,0.0160738658,250.0,0.0,1,1,18.53162289482157
2007608814.0,UFPT,2024-07-01,110000.0,2024938.38,0.0543226406721571,Market Model,2024-07-01,0.1008654481,0.0905285802,0.0905378625,250.0,0.0,0,0,14.521049828430156
2007602358.0,BDC,2024-07-01,290000.0,3815596.4,0.076003845689759,Market Model,2024-07-01,-0.002822099,-0.006970201,-0.007404568,250.0,0.0,0,0,15.15460754075762
2007607327.0,LLY,2024-07-08,3200000.0,869211900.85,0.0036814958433849,Market Model,2024-07-08,0.0383030843,0.0273058438,0.0276893952,250.0,0.0,1,0,20.583097497980845
2007506441.0,VCTR,2024-07-09,1068320.0,3055096.26,0.3496845628032683,Market Model,2024-07-09,0.0098884915,-0.006092217,-0.006245825,250.0,1.0,0,1,14.932321659093072
2007609378.0,ESE,2024-07-09,550000.0,2643597.66,0.2080498134500542,Market Model,2024-07-09,0.0642558569,0.0541875714,0.0550535452,250.0,0.0,0,0,14.787651297421439
2007609303.0,UTL,2024-07-09,71200.0,831681.92,0.0856096523055352,Market Model,2024-07-09,0.0287896592,0.0243046238,0.0245665396,250.0,0.0,0,1,13.631205339012821
2007812452.0,PNTG,2024-07-11,80000.0,740785.5,0.1079934744943036,Market Model,2024-07-11,0.0746644295,0.0603587791,0.0613758642,250.0,0.0,0,1,13.51546638868842
2007618835.0,KBR,2024-07-16,737000.0,8795078.0,0.083796869112474,Market Model,2024-07-16,0.0300199112,0.0312621183,0.0312262419,250.0,0.0,0,1,15.989702804789854
2007618618.0,PRDO,2024-07-16,144000.0,1445462.73,0.0996220774229163,Market Model,2024-07-16,0.0755760369,0.0706521271,0.0718317947,250.0,0.0,0,1,14.18394005664021
2007621552.0,PWR,2024-07-17,1740000.0,37968655.56,0.045827274480403,Market Model,2024-07-17,0.0290390297,0.0530766324,0.0489005511,250.0,0.12931034482758622,0,0,17.452271523627463
2007620863.0,DRI,2024-07-17,605000.0,17345249.88,0.0348798664871122,Market Model,2024-07-17,-0.002791931,0.0081342857,0.0074840231,250.0,0.0,1,1,16.668829244739406
2007626129.0,NVDA,2024-07-17,100000.0,3104518622.4,3.221111294951529e-05,Market Model,2024-07-17,-0.057225164,-0.030353921,-0.030946074,250.0,0.0,0,0,21.85612450726951
2007624399.0,TEX,2024-07-22,2000000.0,3799758.0,0.526349309613928,Market Model,2024-07-22,0.1405302374,0.1333092651,0.1354816765,250.0,0.0,0,0,15.150447938458163
2007626663.0,MOH,2024-07-23,350000.0,16970560.0,0.0206239511247713,Market Model,2024-07-23,0.0012484395,0.0035575235,0.003510253,250.0,0.0,0,0,16.646990636076666
2007627897.0,HRI,2024-07-23,264000.0,4092795.63,0.0645035872460604,Market Model,2024-07-23,0.0084335684,0.0377563103,0.035673993,250.0,0.0,0,1,15.224738822637397
2007629188.0,RIOT,2024-07-23,92500.0,3472182.0,0.0266403086013348,Market Model,2024-07-23,-0.059019119,-0.016075483,-0.014235361,250.0,0.0,0,0,15.06029377274337
2007630472.0,COOP,2024-07-25,1300000.0,5586893.76,0.2326874388246824,Market Model,2024-07-25,0.0652394366,0.074254608,0.0737737088,250.0,0.0,0,1,15.535934012688625
2007630154.0,ASTH,2024-07-25,59000.0,2399920.16,0.0245841511660954,Market Model,2024-07-25,0.0189342182,0.0458199022,0.0456616178,250.0,0.0,0,1,14.690946028098159
2007630593.0,COFS,2024-07-25,180400.0,225402.24,0.8003469708198109,Market Model,2024-07-25,-0.121744792,-0.104707049,-0.109301314,250.0,1.0,0,1,12.32564181842663
2007632166.0,WSBC,2024-07-26,959000.0,2042676.64,0.469482041954521,Market Model,2024-07-26,-0.035114046,-0.045860294,-0.046758314,250.0,1.0,0,1,14.529771584229062
2007632545.0,CASY,2024-07-26,1145000.0,13834238.58,0.0827656681919099,Market Model,2024-07-26,0.0371261326,0.0299718515,0.0294268138,250.0,0.0,0,1,16.44265713390982
2007633951.0,GABC,2024-07-29,330200.0,1239395.04,0.2664203013108718,Market Model,2024-07-29,-0.010682204,-0.016168227,-0.016530223,250.0,0.9242883101150817,0,1,14.030133947565716
2007777959.0,CTS,2024-07-29,125000.0,1598505.3,0.0781980516423686,Market Model,2024-07-29,-0.077619414,-0.084711434,-0.084402905,250.0,0.0,0,1,14.28457956308492
2007635044.0,RNST,2024-07-29,1200000.0,2089539.33,0.5742892621217137,Market Model,2024-07-29,-0.057951112,-0.066029419,-0.065931639,250.0,0.0,1,1,14.552454183377815
2007633121.0,COLL,2024-07-29,550000.0,1166105.6,0.4716553972470417,Market Model,2024-07-29,0.0897797854,0.0857193606,0.0835168054,250.0,0.0,0,0,13.969180207829455
2007636526.0,CBZ,2024-07-31,2300000.0,4310634.24,0.5335641745378054,Market Model,2024-07-31,-0.137238691,-0.122262484,-0.1346112,250.0,0.5217391304347826,0,1,15.276595606706065
2007639036.0,ITT,2024-08-01,475000.0,11642158.0,0.0407999960144846,Market Model,2024-08-01,-0.078753018,-0.055842819,-0.054740763,250.0,0.0,0,1,16.270143378273005
2007643413.0,SPSC,2024-08-01,206000.0,7991220.32,0.0257782906428489,Market Model,2024-08-01,-0.034469478,0.0045349646,0.0037657165,250.0,0.4223300970873786,0,1,15.89385403699392
2007652619.0,HCAT,2024-08-01,65000.0,442752.75,0.1468088001712016,Market Model,2024-08-01,-0.120576671,-0.073661222,-0.068025899,250.0,0.038461538461538464,0,1,13.000766766805915
2007644579.0,DKL,2024-08-06,230000.0,1873058.72,0.1227938011468215,Market Model,2024-08-06,-0.013749079,0.0024840691,0.0021945945,250.0,0.0,0,0,14.443083331708959
2007649539.0,SOUN,2024-08-08,80000.0,1401787.1,0.057070007278566,Market Model,2024-08-08,0.0919282511,0.0348783714,0.0176316196,250.0,0.0,0,1,14.153258480552031
2007654340.0,FLS,2024-08-13,305000.0,5944673.5,0.0513064342389872,Market Model,2024-08-13,0.0234906696,0.0031447195,0.0029313513,250.0,0.0,0,1,15.59800616649793
2007659853.0,AMD,2024-08-19,4900000.0,240441685.92,0.0203791617133741,Market Model,2024-08-19,0.0613463626,0.0409479797,0.0417897453,250.0,0.25,0,1,19.297988147922332
2007621344.0,H,2024-08-20,335000.0,6624057.21,0.050573234707917,Market Model,2024-08-20,0.015234102,0.0022720609,0.0016409464,250.0,0.0,0,1,15.706218611785298
2007749131.0,EPD,2024-08-21,950000.0,63257484.54,0.0150179857278276,Market Model,2024-08-21,-0.011888587,-0.010796907,-0.010791702,250.0,0.0,0,0,17.96272401121937
2007672005.0,OKE,2024-08-28,2600000.0,51617740.68,0.0503702790115997,Market Model,2024-08-28,0.0174943567,0.0183811577,0.0182958697,250.0,0.0,0,0,17.759375982990022
2007367622.0,VZ,2024-09-05,20000000.0,174610889.6,0.1145403934761237,Market Model,2024-09-05,-0.041462846,-0.036104346,-0.03582194,250.0,0.0,1,1,18.97807056826799
2007681192.0,CNOB,2024-09-05,284000.0,919680.96,0.3088027395935216,Market Model,2024-09-05,0.0008190008,0.039841193,0.0382334975,250.0,1.0,1,1,13.731782106273533
2007753080.0,PRGS,2024-09-09,875000.0,2473127.35,0.3538030502149434,Market Model,2024-09-09,-0.001040222,0.0047156882,0.0042322849,250.0,0.0,0,0,14.720994041336183
2007685466.0,NBTB,2024-09-09,236000.0,2183073.88,0.108104449493024,Market Model,2024-09-09,-0.046072187,-0.044423224,-0.04357934,250.0,1.0,1,0,14.596244478294269
2007687201.0,CAC,2024-09-10,86600.0,552392.5,0.1567725847110523,Market Model,2024-09-10,0.0037056644,-0.021488377,-0.021694931,250.0,1.0,0,1,13.222014123307074
2007688981.0,VOYA,2024-09-11,210000.0,6955369.02,0.0301925029996467,Market Model,2024-09-11,0.070322489,0.0546618142,0.0552321543,250.0,0.0,0,1,15.75502444016363
2007690415.0,MA,2024-09-12,2650000.0,447519975.98,0.0059215233782512,Market Model,2024-09-12,0.0109421745,-0.007010766,-0.007092703,250.0,0.0,0,0,19.919231733744343
2007690465.0,GEVO,2024-09-12,210000.0,177543.8,1.1828067214963294,Market Model,2024-09-12,0.6839378238,0.5285114935,0.6318866092,250.0,0.0,0,1,12.086972618020608
2007690067.0,SSNC,2024-09-12,670000.0,17873938.6,0.0374847432898756,Market Model,2024-09-12,0.0178401198,-0.004199766,-0.004405933,250.0,0.0,0,1,16.698854265760364
2007694671.0,EVER,2024-09-16,261000.0,711448.0,0.3668574512824549,Market Model,2024-09-16,0.0045085663,-0.022100159,-0.023273211,250.0,0.0,0,1,13.47505760880958
2007753914.0,MMSI,2024-09-17,210000.0,5799944.76,0.0362072413944852,Market Model,2024-09-17,0.0265183028,0.0273171097,0.0269592631,250.0,0.0,0,1,15.573358951333361
2007748575.0,OGN,2024-09-18,1486000.0,5291070.15,0.2808505572355717,Market Model,2024-09-18,-0.033524904,-0.052027601,-0.051978246,250.0,0.0,0,1,15.481531080161636
2007704228.0,TOWN,2024-09-24,120000.0,2536588.6,0.0473076319904615,Market Model,2024-09-24,-0.035682948,-0.038645258,-0.038209509,250.0,0.0,1,1,14.746330665400526
2007670564.0,CIFR,2024-09-24,67500.0,983533.59,0.068630091220372,Market Model,2024-09-24,0.3310344828,0.299952899,0.3274463274,250.0,0.0,0,0,13.79890706976133
2007706495.0,APOG,2024-09-25,242000.0,1464017.66,0.1652985524778437,Market Model,2024-09-25,0.0332196352,0.0279450979,0.0279424198,250.0,0.0,0,0,14.196695036272168
2007712117.0,ULH,2024-09-30,193600.0,1126410.4,0.1718734131005893,Market Model,2024-09-30,0.0170737491,0.0235611476,0.0236279092,250.0,0.0,0,1,13.934546497297838
2007715784.0,ULBI,2024-09-30,50000.0,150438.15,0.3323625024636371,Market Model,2024-09-30,-0.013874066,-0.016097531,-0.016768177,250.0,0.0,0,1,11.921307315247294
2007720578.0,VLTO,2024-10-07,350000.0,27680814.12,0.0126441367830694,Market Model,2024-10-07,0.0078160093,-0.00128252,-0.001246608,203.0,0.0,0,0,17.136250100130933
2007723269.0,ZETA,2024-10-08,250000.0,6170147.62,0.04051766917045,Market Model,2024-10-08,0.0673324742,0.0487240947,0.0489199035,250.0,0.94,0,1,15.635233321041067
2007729656.0,HOLX,2024-10-14,350000.0,18493972.25,0.0189250851720078,Market Model,2024-10-14,0.0217717718,0.0186087557,0.018595427,250.0,0.0,0,1,16.732955412631952
2007731018.0,CXT,2024-10-15,399763.27,3144249.11,0.1271410934739837,Market Model,2024-10-15,0.0098074827,0.0051147627,0.0051194139,250.0,0.0,0,0,14.96108566285299
2007749107.0,ADP,2024-10-15,1200000.0,118640700.0,0.01011457282366,Market Model,2024-10-15,0.0081148564,0.005556614,0.0055506314,250.0,0.0,0,1,18.591610155978838
2007731700.0,VSEC,2024-10-15,200000.0,1689202.14,0.1183990922483676,Market Model,2024-10-15,0.1817267955,0.1708567193,0.1714076376,250.0,0.075,0,1,14.339766868913015
2007734669.0,CIM,2024-10-17,50000.0,1293327.86,0.0386599574217785,Market Model,2024-10-17,0.0394311571,0.0311042734,0.0310890978,250.0,0.0,0,0,14.07272919096363
2007735315.0,XRX,2024-10-17,400000.0,1303324.24,0.3069075121322074,Market Model,2024-10-17,0.0415057915,0.0389631084,0.0378870183,250.0,0.0,0,0,14.080428666287002
2007735122.0,PIXY,2024-10-17,150000.0,2750.0,54.54545454545455,Market Model,2024-10-17,0.2014705882,0.3088169993,0.1989299269,250.0,0.5,0,1,7.919356190660617
2007739222.0,ROAD,2024-10-21,908200.0,3273279.3,0.2774587552000222,Market Model,2024-10-21,0.1108312343,0.1092702611,0.1066772837,250.0,0.24675181678044483,0,1,15.001302884397985
2007679981.0,AUB,2024-10-21,1300000.0,3484478.23,0.3730831172390478,Market Model,2024-10-21,-0.07863464,-0.079583156,-0.078850934,250.0,1.0,1,1,15.063828872172948
2007738409.0,PSN,2024-10-21,230000.0,11465856.3,0.0200595571741118,Market Model,2024-10-21,-0.007850744,-0.012641025,-0.012626436,250.0,0.0,0,1,16.254884159666542
2007753060.0,LYEL,2024-10-24,61130.0,295048.6,0.2071862059335309,Market Model,2024-10-24,-0.193913043,-0.182185282,-0.174317279,250.0,0.3047603468018976,0,1,12.594895367515576
2007747465.0,ABBV,2024-10-28,1400000.0,331807720.4,0.0042193111067827,Market Model,2024-10-28,-0.001054574,-0.005156132,-0.005254295,250.0,0.0,0,1,19.62006620368379
2007750279.0,AKR,2024-10-29,275000.0,2591142.6,0.1061307857004859,Market Model,2024-10-29,0.0241566014,0.0189188076,0.0188101499,250.0,0.0,0,0,14.767609494695165
2007749872.0,SXI,2024-10-29,462000.0,2135220.48,0.2163710981265972,Market Model,2024-10-29,0.0694585735,0.0669990898,0.0683424431,250.0,0.0,0,1,14.574080468633795
2007750218.0,THRY,2024-10-29,80000.0,651979.9,0.1227031692234683,Market Model,2024-10-29,-0.186006826,-0.174336118,-0.1833658,250.0,0.0,0,1,13.387769012212733
2007753662.0,NRIM,2024-10-31,56000.0,365002.68,0.1534235310272242,Market Model,2024-10-31,-0.022252293,-0.007258768,-0.007055972,250.0,0.0,0,1,12.807659975003427
2007752853.0,WCC,2024-10-31,185000.0,8740470.2,0.0211659093580571,Market Model,2024-10-31,0.0582049263,0.0962084464,0.0947229075,250.0,0.0,0,0,15.983474544811626
2007753654.0,CELH,2024-11-01,75000.0,7069732.48,0.0106086050939228,Market Model,2024-11-01,0.0123818833,0.0455530835,0.0442889273,250.0,0.0,0,1,15.771333198401548
2007755118.0,MPB,2024-11-01,127000.0,525025.8,0.2418928745977816,Market Model,2024-11-01,-0.027289837,-0.011290571,-0.011608313,250.0,1.0,0,1,13.171202683223433
2007753980.0,CECO,2024-11-01,125000.0,832500.2,0.1501501140780506,Market Model,2024-11-01,-0.074827166,-0.061257724,-0.059235346,250.0,0.0,1,1,13.632188741076947
2007763426.0,BWXT,2024-11-04,100000.0,11206263.6,0.0089235809159441,Market Model,2024-11-04,-0.039425051,-0.054313585,-0.054117631,250.0,0.0,0,0,16.23198342994332
2007757248.0,TDY,2024-11-04,57300.0,21213230.4,0.0027011444706695,Market Model,2024-11-04,0.0088948432,-0.000923314,-0.00090491,250.0,0.0,0,1,16.870135620459823
2007755569.0,KEQU,2024-11-04,55000.0,105632.16,0.5206747642005995,Market Model,2024-11-04,0.1226355612,0.1056409743,0.0993667007,250.0,0.0,0,1,11.567718149344289
2007761155.0,YELP,2024-11-07,80000.0,2451545.76,0.0326324726649197,Market Model,2024-11-07,0.0315819696,-0.003144654,-0.00429875,250.0,0.0,0,1,14.712229306021998
2007764430.0,CTRA,2024-11-13,3950000.0,18637097.54,0.2119428731604953,Market Model,2024-11-13,0.0090515545,0.0193626102,0.0192157707,250.0,0.25316455696202533,0,1,16.740664643724052
2007765606.0,GIS,2024-11-14,1450000.0,36213021.57,0.0400408454510524,Market Model,2024-11-14,-0.016339869,-0.021355085,-0.021646265,250.0,0.0,0,1,17.404929323993645
2007769381.0,AVAV,2024-11-19,4100000.0,5558359.35,0.7376277318234202,Market Model,2024-11-19,-0.008597421,-0.022195744,-0.02254707,250.0,1.0,0,0,15.530813541746568
2007769275.0,HOOD,2024-11-19,300000.0,26724705.0,0.0112255682522968,Market Model,2024-11-19,0.1163366337,0.0896574923,0.0922119609,250.0,0.4,0,0,17.101098976460857
2007773269.0,AIT,2024-11-22,273000.0,10351085.81,0.0263740447148317,Market Model,2024-11-22,0.0482050124,0.0287276393,0.0292172926,250.0,0.0,0,0,16.152601981351815
2007774905.0,SNDR,2024-11-25,390000.0,2913999.46,0.1338366754536049,Market Model,2024-11-25,0.0595351799,0.0523564227,0.0531899756,250.0,0.0,0,1,14.885037080424985
2007760837.0,ONB,2024-11-25,1401000.0,6905743.8,0.2028745983886631,Market Model,2024-11-25,0.0935727788,0.0764443778,0.0784827791,250.0,0.0,0,1,15.747864058068421
2007780292.0,THS,2024-12-02,205000.0,1758208.0,0.1165959886429819,Market Model,2024-12-02,-0.009229882,-0.010933938,-0.011410059,250.0,0.0,0,0,14.379805666496928
2007782310.0,UCB,2024-12-03,80000.0,4028321.99,0.0198593856694161,Market Model,2024-12-03,0.0056196392,-0.006087743,-0.00612192,250.0,1.0,0,1,15.208860467560182
2007944863.0,IPG,2024-12-05,100000.0,10892163.16,0.0091809127839028,Market Model,2024-12-05,-0.021404682,-0.027018894,-0.027089033,250.0,0.0,0,0,16.20355411246528
2007786857.0,AJG,2024-12-09,13450000.0,65098174.0,0.2066110179987537,Market Model,2024-12-09,-0.063463429,-0.064894557,-0.063534702,250.0,0.0,0,1,17.991407057630266
2007788291.0,ON,2024-12-09,115000.0,28324016.44,0.0040601586375862,Market Model,2024-12-09,0.0091268634,0.0332776469,0.0328443941,250.0,0.0,0,1,17.159220640180127
2007787612.0,INDB,2024-12-09,562000.0,3049722.61,0.1842790548088568,Market Model,2024-12-09,-0.011759765,-0.0043118,-0.00435414,250.0,0.951779359430605,1,1,14.930561196906632
2007786809.0,OMC,2024-12-09,13300000.0,20176518.06,0.6591821225272405,Market Model,2024-12-09,-0.103548575,-0.099944333,-0.099821103,250.0,1.0,1,1,16.820030013899217
2007789455.0,GEN,2024-12-10,1479794.0,18781928.4,0.0787881823678978,Market Model,2024-12-10,-0.039486356,-0.041213949,-0.040841139,250.0,0.3848461339889201,1,1,16.74840571017885
2007816967.0,SGU,2024-12-12,68000.0,408306.58,0.166541523773631,Market Model,2024-12-12,-0.001702128,-0.002333607,-0.002327794,250.0,0.0,0,1,12.919773592779086
2007792872.0,UPBD,2024-12-12,460000.0,1843937.0,0.2494662236291153,Market Model,2024-12-12,-0.055176505,-0.056190547,-0.055929235,250.0,0.1766304347826087,0,0,14.427413517656042
2007793383.0,VIAV,2024-12-13,325000.0,2464342.43,0.13188102271972,Market Model,2024-12-13,0.0608365019,0.0660888585,0.0663185595,250.0,0.0,0,0,14.71743556719395
2007796349.0,NWBI,2024-12-17,270400.0,1839656.0,0.1469840013567754,Market Model,2024-12-17,-0.070481507,-0.044862458,-0.044198032,250.0,1.0,1,1,14.42508915558488
2007798574.0,FCF,2024-12-18,54600.0,1815808.72,0.0300692465008098,Market Model,2024-12-18,-0.086009799,-0.055968999,-0.054106325,250.0,1.0,0,1,14.412041502199264
2007800102.0,TRIP,2024-12-19,435000.0,1638641.2,0.2654638489499715,Market Model,2024-12-19,0.0222386953,0.0586491916,0.0560414227,250.0,0.0,0,1,14.309377919788872
2007803130.0,SPXC,2024-12-23,350000.0,6654834.45,0.0525933443768837,Market Model,2024-12-23,0.024160324,-0.023029183,-0.02360275,250.0,0.0,0,0,15.710854133468878
2007806470.0,BAC,2024-12-27,906000.0,341826804.0,0.0026504650583223,Market Model,2024-12-27,-0.010590356,0.0062646496,0.0061950186,250.0,0.0,0,1,19.649814745699796
2007807390.0,WAB,2024-12-30,69000.0,33002880.0,0.0020907266274943,Market Model,2024-12-30,-0.022026204,-0.004017764,-0.003957625,250.0,0.0,0,1,17.312105388349984
2007812130.0,SYK,2025-01-06,4900000.0,137817208.32,0.035554340852868,Market Model,2025-01-06,-0.009868421,-0.015993465,-0.016084666,250.0,0.0,1,1,18.741438787702112
2007812941.0,PSX,2025-01-06,2200000.0,47943893.01,0.0458869704122927,Market Model,2025-01-06,0.0068175859,0.0025028514,0.0024279516,250.0,0.0,0,0,17.685541989555848
2007810945.0,PAYX,2025-01-07,4100000.0,48990171.78,0.083690255637638,Market Model,2025-01-07,0.0041526455,0.0059416831,0.0053293188,250.0,0.0,1,0,17.707130260038493
2007840848.0,ITGR,2025-01-07,152000.0,4469471.5,0.0340084951878538,Market Model,2025-01-07,-0.00575099,-0.006070352,-0.006075409,250.0,0.0,0,1,15.312780726937527
2007813426.0,RYAN,2025-01-07,525000.0,7728119.28,0.0679337340662785,Market Model,2025-01-07,-0.026131294,-0.029755243,-0.029694984,250.0,0.0,0,1,15.860376089537985
2007825003.0,KRP,2025-01-07,230000.0,1311714.0,0.175343100706404,Market Model,2025-01-07,-0.063221884,-0.060779319,-0.060248028,250.0,0.0,0,1,14.086845236918498
2007815078.0,FLO,2025-01-08,795000.0,4233019.8,0.1878091853007633,Market Model,2025-01-08,-0.056603774,-0.053469683,-0.05298813,250.0,0.0,0,1,15.258426197025786
2007535884.0,CEG,2025-01-10,29100000.0,76282417.92,0.3814771580853424,Market Model,2025-01-10,0.0923600516,0.1341194921,0.1061740007,250.0,0.718213058419244,0,1,18.149953036149025
2007816862.0,CCNE,2025-01-10,214000.0,506020.68,0.4229076171353313,Market Model,2025-01-10,-0.033167496,-0.01953955,-0.019583131,250.0,1.0,1,1,13.134332816999683
2007819309.0,GBCI,2025-01-13,245400.0,5409084.6,0.0453681201436561,Market Model,2025-01-13,0.0327568667,0.0477198999,0.0464327492,250.0,1.0,0,0,15.503590431330252
2007820216.0,EME,2025-01-14,865000.0,21518815.56,0.0401973797111721,Market Model,2025-01-14,0.0748972251,0.0409644695,0.041882208,250.0,0.0,0,1,16.884438252709696
2007829485.0,CADE,2025-01-22,103600.0,6624629.68,0.0156386100060464,Market Model,2025-01-22,-0.039831697,-0.06877816,-0.069396881,250.0,0.777027027027027,0,1,15.706305030915754
2007831886.0,CARS,2025-01-23,113000.0,1110921.24,0.101717381873084,Market Model,2025-01-23,-0.003399433,-0.006369533,-0.007328412,250.0,0.0,0,1,13.920700175019766
2007833711.0,CNX,2025-01-27,505000.0,4276614.15,0.1180840689123193,Market Model,2025-01-27,-0.024912281,-0.023614086,-0.02346956,250.0,0.0,0,1,15.268672168035373
2007835287.0,ZBH,2025-01-28,1283720.0,22411750.92,0.0572788803776336,Market Model,2025-01-28,0.0021658695,0.0084966003,0.0083513013,250.0,0.0,0,1,16.92509597391646
2007844086.0,PLBC,2025-01-29,62423.0,281927.28,0.2214152528978394,Market Model,2025-01-29,-0.019709544,-0.030993027,-0.030919305,250.0,0.7639812248690386,0,1,12.549404444325036
2007836456.0,WELL,2025-01-29,1886749.0,85401933.5,0.0220925794379116,Market Model,2025-01-29,-0.009172987,-0.017971478,-0.018263064,250.0,0.0,0,1,18.26287929901773
2007974521.0,WMB,2025-01-31,325000.0,68983889.08,0.0047112449636334,Market Model,2025-01-31,0.0157238388,0.0156358256,0.0152089964,250.0,0.0,0,0,18.049383543703925
2007838335.0,BMI,2025-01-31,185000.0,6134546.38,0.0301570790308378,Market Model,2025-01-31,0.0344827586,0.0421415026,0.0424294383,250.0,0.0,0,1,15.629446693703173
2007845176.0,GMED,2025-02-06,250000.0,10509298.8,0.023788456752224,Market Model,2025-02-06,-0.049468431,-0.052329091,-0.052233306,250.0,0.0,1,1,16.16777102321544
2007846993.0,FDS,2025-02-07,246500.0,17846718.4,0.0138120630625291,Market Model,2025-02-07,-0.017405401,-0.016285959,-0.016206182,250.0,0.0,0,1,16.697330206151445
2008563004.0,CMCO,2025-02-10,2700000.0,979995.25,2.755115394691964,Market Model,2025-02-10,-0.398023776,-0.378714024,-0.38867496,250.0,0.0,0,1,13.795303003696233
2007847905.0,LZ,2025-02-10,85106.0,1579932.9,0.0538668445982737,Market Model,2025-02-10,0.0075839653,0.0211019714,0.0209658213,250.0,0.2391840763283435,0,0,14.272892935746913
2007857988.0,ROCK,2025-02-11,120000.0,1825125.89,0.0657488892451139,Market Model,2025-02-11,-0.016036462,-0.015283645,-0.015839902,250.0,0.0,0,1,14.41715952344158
2007850379.0,FSS,2025-02-12,93100.0,6056215.66,0.0153726361851519,Market Model,2025-02-12,-0.004102564,-0.013464623,-0.013805792,250.0,0.0,0,1,15.616595684429699
2007858206.0,PDFS,2025-02-19,130000.0,854398.02,0.1521539106563004,Market Model,2025-02-19,0.0687554395,0.0854462075,0.0806371682,250.0,0.0,0,0,13.658152429769652
2007857379.0,CAL,2025-02-19,120200.0,554542.21,0.2167553665572184,Market Model,2025-02-19,-0.03000577,-0.022885842,-0.024201514,250.0,0.0,0,1,13.225898205508381
2007859000.0,VVV,2025-02-20,625000.0,4874906.0,0.1282076003106521,Market Model,2025-02-20,-0.044560944,-0.017522088,-0.017412236,250.0,0.0,0,0,15.399611380176902
2007862034.0,APO,2025-02-24,1500000.0,85183598.8,0.017609023581192,Market Model,2025-02-24,-0.073282735,-0.035889235,-0.034581987,250.0,1.0,1,1,18.26031947092117
2007863788.0,FLYW,2025-02-24,340000.0,2149557.54,0.158172085963328,Market Model,2025-02-24,-0.058697972,-0.023504638,-0.024113048,250.0,0.0,0,1,14.58077258357624
2007744284.0,TMO,2025-02-25,4000000.0,204847875.0,0.0195266853512637,Market Model,2025-02-25,0.0013895409,0.0094913765,0.0093644737,250.0,0.0,0,1,19.137778188459365
2007869996.0,OSBC,2025-02-25,197000.0,811303.84,0.2428190158695662,Market Model,2025-02-25,-0.010365521,-0.00035612,-0.000424926,250.0,0.75,0,0,13.606397911516291
2007864898.0,SKYT,2025-02-26,93000.0,421703.36,0.2205341688527215,Market Model,2025-02-26,-0.014038877,0.0764938535,0.0580504281,250.0,0.0,0,1,12.952057407452493
2007864622.0,REI,2025-02-26,100000.0,251708.92,0.3972842917128245,Market Model,2025-02-26,-0.037313433,-0.00779023,-0.008724468,250.0,0.1,0,1,12.43602861951016
2007866981.0,SBCF,2025-02-27,111200.0,2382581.96,0.0466720565616974,Market Model,2025-02-27,0.0110833035,0.0131753454,0.0136197489,250.0,0.0,0,0,14.683695314758253
2007869496.0,JAMF,2025-03-03,215000.0,1770068.88,0.1214641997434585,Market Model,2025-03-03,-0.05227427,-0.024844644,-0.025849205,250.0,0.0,0,1,14.386529019047071
2007870307.0,HON,2025-03-04,2160000.0,137795826.38,0.0156753659145187,Market Model,2025-03-04,-0.015360045,-0.003809399,-0.003868066,250.0,0.0,0,1,18.741283628567015
2007871013.0,RGEN,2025-03-04,70000.0,8715574.96,0.0080315986405101,Market Model,2025-03-04,-0.009983674,0.0214350953,0.0211442927,250.0,0.0,0,0,15.980622208368816
2007875821.0,NOW,2025-03-10,2850000.0,175229780.0,0.0162643587180215,Market Model,2025-03-10,-0.067686169,-0.026697541,-0.028181577,250.0,0.0,0,1,18.98160869919103
2007876574.0,RKT,2025-03-10,2400000.0,2299817.95,1.0435608609803222,Market Model,2025-03-10,-0.112457912,-0.062506016,-0.070871755,250.0,0.7291666666666666,1,0,14.648340525592767
2007877563.0,BMY,2025-03-10,286000.0,123970670.08,0.0023069972906933,Market Model,2025-03-10,0.0221003656,0.0247919201,0.0240609654,250.0,0.0,1,0,18.635555563978393
2007879277.0,ASGI,2025-03-11,81151.0,518387.04,0.1565451944940598,Market Model,2025-03-11,-0.011055832,-0.004068295,-0.004060966,250.0,0.0,1,1,13.158477423707696
2007880086.0,CWAN,2025-03-12,560000.0,5955029.28,0.0940381606318483,Market Model,2025-03-12,-0.043478261,-0.03736501,-0.037250958,250.0,0.4,0,1,15.599746677636023
2007880900.0,NRG,2025-03-12,560000.0,17552874.78,0.0319036059345715,Market Model,2025-03-12,0.0719170007,0.0823118177,0.0828141484,250.0,0.0,0,1,16.68072829958976
2007886015.0,MCBS,2025-03-17,206000.0,705695.34,0.2919106706868717,Market Model,2025-03-17,-0.003307607,-0.028210612,-0.028301793,250.0,0.45642718446601943,0,1,13.466938893594582
2007884663.0,PEP,2025-03-17,1950000.0,203763250.08,0.0095699298044883,Market Model,2025-03-17,0.0043818255,0.0054552447,0.0051721981,250.0,0.0,0,0,19.132469339038302
2007615619.0,GOOGL,2025-03-18,32000000.0,958303570.0,0.0333923414268403,Market Model,2025-03-18,-0.009668258,-0.020144967,-0.02040323,250.0,0.0,0,1,20.68067516465402
2007870650.0,ROP,2025-03-24,1650000.0,61443549.3,0.0268539174380019,Market Model,2025-03-24,0.006290729,-0.008691163,-0.008728993,250.0,0.0,0,0,17.93362941368984
2007904083.0,BRZE,2025-03-27,325000.0,3307997.95,0.0982467356123966,Market Model,2025-03-27,-0.041645376,0.0364063362,0.0340838247,250.0,0.5635261538461539,0,1,15.011853715415732
2007906124.0,LPLA,2025-03-28,2700000.0,24850309.77,0.1086505570751281,Market Model,2025-03-28,-0.03541206,-0.022209184,-0.022173912,250.0,0.0,0,1,17.02838077602278
2007911433.0,FBK,2025-03-31,381000.0,2196199.9,0.1734814758893305,Market Model,2025-03-31,-0.037546934,-0.021795453,-0.021051936,250.0,0.0,1,1,14.602239106612554
2007915018.0,RES,2025-04-02,245000.0,1205575.74,0.2032224039279357,Market Model,2025-04-02,-0.105454545,-0.070440314,-0.075310752,250.0,0.10204081632653061,0,1,14.002467803331506
2007916777.0,AVAH,2025-04-03,75000.0,1096428.28,0.0684039269764183,Market Model,2025-04-03,-0.078754579,0.2111152998,0.1935769434,250.0,0.0,0,1,13.90756843658414
2007923029.0,CALM,2025-04-08,258000.0,4134788.7,0.0623973844177333,Market Model,2025-04-08,0.0031422689,-0.028820188,-0.029755351,250.0,0.0,0,1,15.234946784771504
2007927086.0,PSEC,2025-04-11,115000.0,1561230.56,0.0736598443217765,Market Model,2025-04-11,-0.038978495,-0.0294573,-0.03071406,250.0,0.0,0,1,14.260984888783154
2007932767.0,LOW,2025-04-14,1325000.0,123331437.45,0.0107434083912073,Market Model,2025-04-14,-0.003119349,-0.020850959,-0.021197409,250.0,0.0,0,0,18.630385902789257
2007932014.0,SNEX,2025-04-14,1058420.0,3684271.3,0.287280689671252,Market Model,2025-04-14,0.0698837524,0.0385014966,0.0393450639,250.0,0.2851108255701895,0,1,15.119583316425425
2007935231.0,WGS,2025-04-16,51000.0,2916541.04,0.0174864674628408,Market Model,2025-04-16,-0.055126683,-0.068787085,-0.068238444,250.0,0.0,0,0,14.885908896738062
2007938288.0,FIS,2025-04-17,13500000.0,36358058.88,0.3713069513572447,Market Model,2025-04-17,0.0897545662,0.1093005801,0.1089927051,250.0,0.0,0,1,17.408926439709848
2007098440.0,GPN,2025-04-17,24250000.0,20683089.12,1.172455422848364,Market Model,2025-04-17,-0.210138141,-0.176313818,-0.168731282,250.0,0.0,0,1,16.84482697362486
2007942041.0,EQT,2025-04-22,1800000.0,28485986.88,0.0631889640187884,Market Model,2025-04-22,-0.043742644,-0.062856084,-0.063862305,250.0,0.7222222222222222,0,1,17.164922835899436
2007943454.0,COLB,2025-04-23,2000000.0,4784250.24,0.418038334048346,Market Model,2025-04-23,0.0571169538,-0.035054684,-0.037355959,250.0,1.0,1,1,15.380839880936913
2007943562.0,LMT,2025-04-23,360000.0,108767162.88,0.0033098224727731,Market Model,2025-04-23,0.0185019527,0.0199708516,0.020076179,250.0,0.0,0,1,18.504720035067074
2007945036.0,EBC,2025-04-24,490000.0,3001695.84,0.1632410564289551,Market Model,2025-04-24,-0.022501655,-0.077384824,-0.080812154,250.0,0.0,1,1,14.914687966921829
2007953875.0,ASTE,2025-04-29,245000.0,806519.09,0.3037745826946266,Market Model,2025-04-29,0.0234463277,0.0183892881,0.0157989271,250.0,0.0,0,1,13.600482846447056
2007957419.0,QTRX,2025-04-29,69140.0,224385.38,0.3081305921089868,Market Model,2025-04-29,-0.020408163,-0.016895566,-0.01904152,250.0,0.7107318484234886,1,0,12.321120298993074
2007956805.0,DDOG,2025-05-01,220000.0,32639915.68,0.0067402134906495,Market Model,2025-05-01,0.02629264,-0.000180481,-0.000864227,250.0,0.0,0,1,17.30104650472351
2007962113.0,DASH,2025-05-06,1200000.0,81889077.4,0.0146539689797506,Market Model,2025-05-06,-0.137013019,-0.135801679,-0.130837881,250.0,0.0,0,1,18.22087617485002
2007962208.0,TPG,2025-05-06,960000.0,5516125.65,0.1740351944303516,Market Model,2025-05-06,-0.026924695,-0.012256387,-0.012107497,250.0,0.0,0,1,15.523186296823704
2007965233.0,PR,2025-05-07,608000.0,8499849.12,0.0715306814763789,Market Model,2025-05-07,0.0951178451,0.0934945367,0.0935694173,250.0,0.0,0,1,15.955558970714765
2007964046.0,ORA,2025-05-07,88000.0,4365738.3,0.0201569571863709,Market Model,2025-05-07,0.0413095405,0.0382033444,0.0386889282,250.0,0.0,0,1,15.289297873846602
2007970463.0,MPLX,2025-05-09,237000.0,50869872.5,0.0046589462161518,Market Model,2025-05-09,0.0134697333,-0.008447035,-0.008530027,250.0,0.0,0,0,17.744781410406972
2007970128.0,CHD,2025-05-12,880000.0,22536292.7,0.0390481261365583,Market Model,2025-05-12,0.0208288132,0.0231770554,0.0225478413,250.0,0.0,0,1,16.930637576561917
2007974216.0,ANET,2025-05-14,1000000.0,122109628.5,0.0081893623974132,Market Model,2025-05-14,0.0406195841,0.0138873113,0.0128322173,250.0,0.0,0,0,18.620429793465703
2007974857.0,DKS,2025-05-15,2500000.0,11797898.85,0.2119021388287288,Market Model,2025-05-15,-0.132144878,-0.143682975,-0.146384211,250.0,0.0,1,0,16.28343201002137
2007978444.0,BMRN,2025-05-16,270000.0,11174787.52,0.0241615332297611,Market Model,2025-05-16,0.0120954003,0.0095345038,0.0094326482,250.0,0.0,1,0,16.229170684412896
2007984698.0,RHP,2025-05-19,865000.0,5940699.01,0.1456057609624629,Market Model,2025-05-19,-0.01151651,-0.01186352,-0.012058495,250.0,0.0,0,0,15.59733736286644
2007983918.0,SANM,2025-05-19,3000000.0,4520915.84,0.6635823594539642,Market Model,2025-05-19,-0.021398003,-0.027170686,-0.02769244,250.0,0.05,0,1,15.324225150752888
2007838642.0,MSI,2025-05-21,5000000.0,70579827.19,0.0708417716373839,Market Model,2025-05-21,-0.008394272,0.0013136027,0.0012343385,250.0,0.0,0,1,18.072254927781085
2008006703.0,STRW,2025-05-22,59000.0,124990.8,0.4720347417569933,Market Model,2025-05-22,-0.060721063,-0.05892899,-0.058033257,250.0,0.0,0,0,11.735995413575825
2007996516.0,WULF,2025-05-27,52400.0,1511415.12,0.0346694956975155,Market Model,2025-05-27,-0.073349633,-0.121387859,-0.116281727,250.0,0.6230916030534351,0,1,14.228556935488546
2007503248.0,CRM,2025-05-27,8000000.0,262061133.62,0.0305272280917488,Market Model,2025-05-27,-0.026074377,-0.034403658,-0.034512077,250.0,0.0,1,1,19.38408836893461
2008000379.0,LDOS,2025-05-28,300000.0,19559045.7,0.0153381716368708,Market Model,2025-05-28,-0.032723457,-0.041910983,-0.041651857,250.0,0.0,0,1,16.7889484330372
2008003164.0,MOD,2025-05-30,112000.0,4809995.26,0.0232848462308048,Market Model,2025-05-30,-0.022244246,-0.04254756,-0.04269831,250.0,0.0,0,1,15.386206656634473
2007848512.0,EOG,2025-05-30,5684000.0,60603654.72,0.0937897231818959,Market Model,2025-05-30,0.0080579448,0.0057234257,0.0053487573,250.0,0.0,0,1,17.919865758131923
2008020595.0,FORM,2025-06-02,55000.0,2300748.45,0.0239052643934194,Market Model,2025-06-02,0.0070648683,-0.009692352,-0.01159722,250.0,0.0,0,1,14.648745041007516
2008008140.0,VNOM,2025-06-03,4100000.0,5238747.99,0.7826297443256094,Market Model,2025-06-03,0.0113378685,0.0014498422,0.0003095117,250.0,1.0,1,0,15.471593094542031
2008007687.0,POST,2025-06-03,880000.0,6140233.8,0.1433170183194001,Market Model,2025-06-03,-0.006781807,-0.009134043,-0.009175962,250.0,0.0,0,1,15.630373377574266
2008013816.0,NBBK,2025-06-05,211800.0,674273.4,0.3141159060998105,Market Model,2025-06-05,-0.047421458,-0.05601084,-0.055558859,250.0,0.0,1,1,13.421390945627795
2008022447.0,CR,2025-06-09,1150000.0,10216777.68,0.1125599514856038,Market Model,2025-06-09,0.0673566242,0.0403843365,0.0411865448,250.0,0.0,0,0,16.139541797524736
2008022752.0,BRO,2025-06-10,9825000.0,30913538.88,0.3178219109154286,Market Model,2025-06-10,-0.055078231,-0.061152476,-0.060180721,250.0,0.0,0,0,17.246704797363964
2007737094.0,ALSN,2025-06-11,2700000.0,8556095.25,0.3155645094063206,Market Model,2025-06-11,0.0061343623,-0.001033364,-0.001071606,250.0,0.0,0,1,15.962154481661036
2008031379.0,SUPN,2025-06-16,795000.0,1793359.7,0.4433020324924219,Market Model,2025-06-16,-0.013579493,-0.008405968,-0.008655301,250.0,0.0,1,0,14.399601345964006
2008031931.0,BKR,2025-06-16,540000.0,38678880.0,0.0139611074570928,Market Model,2025-06-16,0.0251100181,0.0310163917,0.0312476232,250.0,0.0,0,1,17.470804272597572
2008038154.0,WOR,2025-06-19,93000.0,2937615.45,0.0316583302283489,Market Model,2025-06-20,0.0022007787,-0.001395923,-0.001514934,250.0,0.0,0,0,14.893108738789902
2008043308.0,FFBC,2025-06-23,325000.0,2216288.4,0.146641565240336,Market Model,2025-06-23,0.0452391211,0.0228855043,0.0232227454,250.0,0.2,0,1,14.611344462785596
2008042183.0,ILMN,2025-06-23,425000.0,14324567.0,0.0296693086778818,Market Model,2025-06-23,0.0139596721,0.000819456,0.0008556711,250.0,0.0,0,0,16.477486593232147
2008057734.0,PH,2025-06-30,1000000.0,89513600.12,0.0111714867758577,Market Model,2025-06-30,0.0167266629,0.0040004679,0.0039986313,250.0,0.0,0,1,18.309901128348887
2008058775.0,TDG,2025-06-30,765000.0,84203881.39,0.0090850918909166,Market Model,2025-06-30,0.0278219396,0.0188600328,0.0189363932,250.0,0.0,0,1,18.248751575418517
2008094462.0,HD,2025-06-30,5500000.0,366869750.72,0.0149916966149593,Market Model,2025-06-30,0.0265749656,0.0203614382,0.0204245211,250.0,0.0,1,0,19.72051744035569
2008057494.0,ONTO,2025-06-30,495000.0,4832661.12,0.1024280386537841,Market Model,2025-06-30,-9.9761e-05,-0.016208262,-0.016565104,250.0,0.12664646464646465,0,1,15.390907830429676
2008064170.0,LMB,2025-07-01,66100.0,1628662.5,0.0405854497171759,Market Model,2025-07-01,0.0457708587,0.0227866605,0.0207168958,250.0,0.0,0,1,14.303269683798518
2008061541.0,ISTR,2025-07-01,83617.0,190108.8,0.4398376087798145,Market Model,2025-07-01,0.1088546718,0.0990330612,0.1005785179,250.0,0.9138931078608417,0,0,12.15535181883067
2008061533.0,PKG,2025-07-01,1800000.0,16956731.0,0.106152536122676,Market Model,2025-07-01,0.0661527902,0.0589956194,0.0583163614,250.0,0.0,0,1,16.646175422108307
2008081888.0,NWFL,2025-07-07,54900.0,252935.15,0.2170516830104475,Market Model,2025-07-07,-0.01240791,-0.012089524,-0.013273588,250.0,0.8,0,1,12.440888410742346
2008495676.0,BFST,2025-07-07,79892.0,775302.57,0.1030462210385811,Market Model,2025-07-07,0.005787037,0.0047363874,0.0046474684,250.0,1.0,0,1,13.561008645047423
2008083431.0,BLD,2025-07-08,810000.0,9825066.03,0.0824421940297128,Market Model,2025-07-08,0.0896642982,0.0941928004,0.0954364894,250.0,0.0,0,1,16.100447436307704
2008246171.0,MNR,2025-07-10,770700.0,1711138.56,0.4504018657612391,Market Model,2025-07-10,0.0225102319,0.0221996235,0.0220404087,250.0,0.5783054366160634,0,1,14.352669531477416
2008376197.0,CIVB,2025-07-10,70400.0,383876.88,0.1833921334361163,Market Model,2025-07-10,-0.140393101,-0.148198086,-0.147634327,250.0,0.50390625,0,1,12.858077155158679
2008100667.0,FCCO,2025-07-14,50000.0,190920.24,0.2618894675598564,Market Model,2025-07-14,-0.02605606,-0.023430315,-0.023499452,250.0,1.0,0,0,12.159611028190067
2008100828.0,HBAN,2025-07-14,1900000.0,25368532.0,0.0748959380069765,Market Model,2025-07-14,-0.056947608,-0.05064986,-0.04963545,250.0,1.0,1,1,17.049020066282853
2008102467.0,CVCO,2025-07-14,190000.0,3560933.44,0.0533567962449755,Market Model,2025-07-14,-0.034763413,-0.030460409,-0.03082335,250.0,0.0,0,1,15.085533270706403
2008547865.0,WAT,2025-07-14,18800000.0,21001321.19,0.8951817759423544,Market Model,2025-07-14,-0.180366848,-0.181616513,-0.174789265,250.0,0.7872340425531915,0,1,16.86009590751823
2008108922.0,STWD,2025-07-16,2200000.0,7002956.65,0.3141530227807422,Market Model,2025-07-16,-0.056486357,-0.060543224,-0.060559216,250.0,0.0,0,0,15.761842996414297
2008109807.0,VRT,2025-07-17,200000.0,47790567.0,0.0041849262847205,Market Model,2025-07-17,0.0132684306,-0.009964599,-0.011274142,250.0,0.0,0,1,17.68233883489074
2008112119.0,PB,2025-07-18,327582.0,7029979.74,0.0465978583318079,Market Model,2025-07-18,0.0011049724,-0.004340049,-0.004649346,250.0,1.0,0,1,15.765694381848128
2008112285.0,BFC,2025-07-18,174300.0,1236794.74,0.1409288011687371,Market Model,2025-07-18,0.048754331,0.0399211787,0.0403303048,250.0,1.0,0,1,14.028033703895513
2008277425.0,HUBG,2025-07-22,51800.0,2058761.95,0.025160752558109,Market Model,2025-07-22,0.0605255388,0.0544801341,0.0553188798,250.0,0.0,0,1,14.537615364950158
2008120624.0,MBWM,2025-07-22,95800.0,792138.75,0.1209384088330485,Market Model,2025-07-22,0.0067929189,-0.003155083,-0.003564432,250.0,0.561482254697286,0,1,13.582491844846633
2008122068.0,LH,2025-07-22,195000.0,20342448.0,0.0095858669517061,Market Model,2025-07-22,0.0278598392,0.0207426259,0.0204136694,250.0,0.0,0,1,16.82822029532503
2008125003.0,CBAN,2025-07-23,86100.0,309264.39,0.2784025668134633,Market Model,2025-07-23,-0.049943246,-0.060319375,-0.060930031,250.0,0.1791869918699187,0,1,12.641951821104252
2008124971.0,WAY,2025-07-23,1250000.0,6371920.23,0.1961732028776512,Market Model,2025-07-23,0.0002704896,-0.015975619,-0.016166719,228.0,0.4900832,0,1,15.667411431101323
2008144325.0,PWR,2025-07-25,1566000.0,60349596.78,0.0259488063476005,Market Model,2025-07-25,0.0169830416,0.0100526675,0.0092870957,250.0,0.0,0,0,17.915664824126754
2008135100.0,SR,2025-07-27,2480000.0,4509488.97,0.5499514504855303,Market Model,2025-07-28,-0.050827577,-0.053903773,-0.053376873,250.0,0.0,0,1,15.321694394637465
2008144922.0,IEX,2025-07-29,102000.0,13932764.35,0.0073208731187648,Market Model,2025-07-29,-0.115299693,-0.109246615,-0.108974392,250.0,0.0,0,1,16.449753771868657
2008144155.0,EEFT,2025-07-31,248000.0,4059013.96,0.0610985826715412,Market Model,2025-07-31,-0.072042692,-0.050209214,-0.048576878,250.0,1.0,1,1,15.216450635085877
2008145191.0,MIR,2025-07-31,81000.0,5056943.1,0.0160175818470253,Market Model,2025-07-31,-0.10941704,-0.085402405,-0.085717899,250.0,0.0,0,0,15.436272728268545
2008036925.0,APH,2025-08-04,10500000.0,127354269.51,0.0824471770000261,Market Model,2025-08-04,0.0133320815,0.020630681,0.0201608169,250.0,0.0,0,1,18.662483284622816
2008153561.0,XOMA,2025-08-04,97775.0,298775.74,0.3272521390123575,Market Model,2025-08-04,0.1430868167,0.143700431,0.1476387686,250.0,0.0,1,1,12.6074485375122
2008152113.0,HNI,2025-08-04,2200000.0,2318598.48,0.9488490650610624,Market Model,2025-08-04,-0.141912908,-0.141703181,-0.136684949,250.0,0.0006063636363636363,1,1,14.656473457650208
2008157453.0,TRNS,2025-08-05,84000.0,697061.2,0.1205059182751815,Market Model,2025-08-05,0.0452045607,0.0341383153,0.0346289993,250.0,0.0,0,0,13.454628490766087
2008161154.0,GVA,2025-08-05,540000.0,4058449.02,0.1330557553732682,Market Model,2025-08-05,0.0114867794,-0.007375808,-0.00762009,250.0,0.0,0,1,15.216311443813357
2008157141.0,ZBRA,2025-08-05,1300000.0,17356449.2,0.074900112633637,Market Model,2025-08-05,-0.080330509,-0.102063531,-0.105975006,250.0,0.0,0,1,16.669474707104982
2008157409.0,S,2025-08-05,250000.0,5870189.6,0.0425880622322658,Market Model,2025-08-05,-0.035117057,-0.058484352,-0.060537936,250.0,0.0,0,1,15.585397491112293
2008162042.0,WES,2025-08-06,2000000.0,15169188.06,0.1318462130002757,Market Model,2025-08-06,-0.03996004,-0.041416318,-0.041832508,250.0,0.5425,1,0,16.53477682715007
2008164061.0,CRMD,2025-08-07,325000.0,892055.55,0.3643270870295017,Market Model,2025-08-07,-0.143094152,-0.171269826,-0.166014686,250.0,0.0,0,1,13.701283685407844
2008164471.0,HRZN,2025-08-07,133465.0,325296.72,0.410286952785752,Market Model,2025-08-07,-0.05408971,-0.056061737,-0.056232047,250.0,1.0,1,1,12.6924930294103
2008172131.0,HUBB,2025-08-12,825000.0,22188075.6,0.0371821339927289,Market Model,2025-08-12,0.0604323421,0.0431282418,0.0439085572,250.0,0.0,0,1,16.915065567398617
2008471668.0,WKHS,2025-08-15,105000.0,27210.21,3.8588456318418713,Market Model,2025-08-15,-0.120218579,-0.079619508,-0.075685924,250.0,0.0,0,1,10.211347549498337
2008196673.0,DGII,2025-08-18,145500.0,1196813.28,0.1215728488574257,Market Model,2025-08-18,0.0629945222,0.0734366709,0.0735165256,250.0,0.0,0,0,13.995172982397472
2008195535.0,LII,2025-08-18,550000.0,20781465.84,0.026465890531233,Market Model,2025-08-18,0.0238834368,0.0328061307,0.0326502128,250.0,0.0,0,1,16.84957208205218
2008196919.0,NXST,2025-08-19,6200000.0,6256616.08,0.9909510062186844,Market Model,2025-08-19,-0.018802093,-0.011290906,-0.011466494,250.0,0.0,1,1,15.649150034619488
2008204108.0,CRGY,2025-08-25,2900000.0,2537145.24,1.1430169445088605,Market Model,2025-08-25,-0.038379531,-0.058503889,-0.061695219,250.0,0.0,1,1,14.746550085661733
2008208659.0,AVY,2025-08-25,390000.0,13919787.0,0.0280176700979691,Market Model,2025-08-25,-0.015123948,-0.02219621,-0.022386473,250.0,0.0,0,1,16.448821911029338
2008220266.0,VRNS,2025-09-02,150000.0,6613013.94,0.0226825470747457,Market Model,2025-09-02,-0.063049358,-0.05864277,-0.057566268,250.0,0.0,0,1,15.704550074623729
2008492731.0,EQBK,2025-09-02,122477.0,778905.54,0.157242430192498,Market Model,2025-09-02,0.0528645193,0.058928691,0.0583106568,250.0,0.7346440556186059,0,1,13.565645059477431
2008361546.0,WKC,2025-09-03,220000.0,1502492.25,0.1464233842137954,Market Model,2025-09-03,-0.001118985,-0.007283651,-0.007543896,250.0,0.0,0,0,14.222635787308313
2008223081.0,TEAM,2025-09-04,610000.0,28381523.8,0.0214928558557521,Market Model,2025-09-04,-0.001447765,-0.019949557,-0.0205137,250.0,0.0,0,1,17.161248920996133
2008226987.0,NXT,2025-09-08,53000.0,10375235.68,0.0051083176936564,Market Model,2025-09-08,-0.065649964,-0.068841989,-0.069967698,250.0,0.0,0,1,16.15493233996761
2008226462.0,PNC,2025-09-08,4100000.0,80494150.8,0.0509353780274926,Market Model,2025-09-08,-0.03351659,-0.037843647,-0.037513108,250.0,0.7073170731707317,0,1,18.2036950788793
2008228438.0,SOUN,2025-09-09,60000.0,5736058.79,0.0104601438368451,Market Model,2025-09-09,-0.014726508,-0.049494436,-0.054308203,250.0,0.0,0,1,15.562282910511719
2008287984.0,BSX,2025-09-09,88000.0,160236661.28,0.0005491876783817,Market Model,2025-09-09,-0.01855997,-0.027141592,-0.027385812,250.0,0.0,0,0,18.89216241335839
2008231373.0,FFIV,2025-09-11,180000.0,18767360.43,0.009591119682034,Market Model,2025-09-11,-0.011493193,-0.026910699,-0.027968695,250.0,0.0,0,0,16.747629771609315
2008231392.0,ATLC,2025-09-11,162000.0,1015492.5,0.1595285046418363,Market Model,2025-09-11,0.0589875275,0.0341070876,0.0336057078,250.0,0.0,0,1,13.83088427445093
2008247021.0,NVDA,2025-09-14,900000.0,4329383540.0,0.000207881790025,Market Model,2025-09-15,-0.012925439,-0.019823892,-0.019836912,250.0,0.0,0,1,22.188690999310296
2008239624.0,CRC,2025-09-15,717000.0,4435876.8,0.1616365900874433,Market Model,2025-09-15,0.0696299122,0.0677670105,0.0681498027,250.0,0.0,1,1,15.305235854298465
2008241685.0,NBHC,2025-09-15,369100.0,1463629.62,0.2521812861371307,Market Model,2025-09-15,-0.023840373,-0.025875859,-0.025700835,250.0,0.7712760769439176,0,1,14.196429949692291
2008241493.0,CRWD,2025-09-16,260000.0,111617255.35,0.0023293889388761,Market Model,2025-09-16,0.0215546893,0.0141908648,0.0142347792,250.0,0.0,0,1,18.530586213790922
2008242344.0,RITM,2025-09-17,1600000.0,6400624.44,0.249975610192183,Market Model,2025-09-17,-0.008870968,-0.012676269,-0.0135993,250.0,0.0,1,1,15.671906112320379
2008395241.0,BIIB,2025-09-18,85000.0,21240115.05,0.0040018615624212,Market Model,2025-09-18,-0.008212695,-0.006413473,-0.00647897,250.0,0.0,0,0,16.87140217099001
2008245714.0,CMC,2025-09-18,675000.0,6545724.88,0.1031207409988181,Market Model,2025-09-18,-0.000515464,-0.010592081,-0.011144329,250.0,0.0,0,0,15.694322704440202
2008259619.0,COMP,2025-09-22,1457430.0,4943131.0,0.2948394448781551,Market Model,2025-09-22,-0.180598555,-0.195194465,-0.190935371,250.0,1.0,1,1,15.413509494062136
2008259684.0,CIEN,2025-09-22,270000.0,19560951.79,0.0138030093268789,Market Model,2025-09-22,0.0104317589,0.0010728528,0.0011804281,250.0,0.0,0,1,16.789045881407535
2008262588.0,WMS,2025-09-23,1000000.0,11173106.1,0.0895006268668656,Market Model,2025-09-23,-0.034364741,-0.024376647,-0.024692521,250.0,0.0,0,0,16.229020207591073
2008262513.0,MORN,2025-09-23,375000.0,9874291.58,0.0379774079954807,Market Model,2025-09-23,0.0082922266,0.013408385,0.0134042159,250.0,0.0,0,1,16.105445127443936
2008262813.0,PRVA,2025-09-23,113000.0,2810517.0,0.0402061257768588,Market Model,2025-09-23,0.0433616451,0.0441770062,0.0444946731,250.0,0.0,0,1,14.848879010151748
2008501237.0,AIR,2025-09-25,146000.0,2935381.68,0.0497379952306577,Market Model,2025-09-25,0.1019783025,0.1031834109,0.1062122835,250.0,0.0,0,0,14.892348047082324
2008267185.0,HFWA,2025-09-25,176600.0,836601.92,0.2110920328750859,Market Model,2025-09-25,0.0130452507,0.0122051681,0.01225564,250.0,1.0,0,0,13.637103632991188
2008267972.0,FRME,2025-09-25,241300.0,2282145.96,0.1057338155531471,Market Model,2025-09-25,-0.034116755,-0.033251151,-0.032908408,250.0,1.0,1,1,14.640626768796048
2007941068.0,ARES,2025-09-29,1100000.0,35208201.75,0.0312427203130304,Market Model,2025-09-29,-0.021001714,-0.041263976,-0.041408771,250.0,0.0,0,0,17.376789617688413
2008277326.0,META,2025-09-30,2000000.0,1612406350.8,0.0012403821152203,Market Model,2025-09-30,-0.035509244,-0.051626054,-0.051411214,250.0,0.0,0,1,21.20099352792441
2008278233.0,HALO,2025-10-01,900000.0,8619136.82,0.1044188088430878,Market Model,2025-10-01,-0.021831082,-0.02662381,-0.027595673,250.0,0.0,0,0,15.969495500734892
2008444946.0,PNTG,2025-10-01,146500.0,871855.4,0.1680324512528109,Market Model,2025-10-01,0.0154884829,0.0117946372,0.0118609512,250.0,0.0,0,0,13.678378863452444
2008288065.0,FITB,2025-10-06,10900000.0,29353810.93,0.3713316824855627,Market Model,2025-10-06,-0.012211669,-0.01106975,-0.011084601,250.0,1.0,1,1,17.194932940102355
2008291800.0,KAI,2025-10-07,175000.0,3594458.17,0.0486860582940098,Market Model,2025-10-07,-0.015354201,-0.021069872,-0.021196558,250.0,0.0,0,1,15.094903820114814
2008306164.0,NPO,2025-10-08,280000.0,4703884.68,0.0595252688039962,Market Model,2025-10-08,-0.061282172,-0.060807477,-0.05997268,250.0,0.0,0,0,15.363899252953972
2008309044.0,RYN,2025-10-14,8200000.0,3992795.8,2.053698814249404,Market Model,2025-10-14,-0.049528302,-0.055708577,-0.056909501,250.0,0.0,1,1,15.200002245243574
2008309465.0,BCRX,2025-10-14,700000.0,1482074.88,0.4723108187354204,Market Model,2025-10-14,-0.056786704,-0.070012603,-0.074604424,250.0,0.0,1,1,14.208953609877547
2008320051.0,HBT,2025-10-20,170200.0,742361.6,0.2292683242236667,Market Model,2025-10-20,0.0707506471,0.0562388871,0.0575444138,250.0,0.0,0,1,13.517591734978458
2008606114.0,FMNB,2025-10-22,299000.0,524422.71,0.5701507472855247,Market Model,2025-10-22,-0.035226456,-0.033829814,-0.034347941,250.0,1.0,1,1,13.170053336570133
2008556986.0,TCBX,2025-10-22,123000.0,542935.37,0.2265463014502076,Market Model,2025-10-22,-0.041268244,-0.046320563,-0.04597592,250.0,0.8373983739837398,0,1,13.204745567891093
2008324980.0,NIC,2025-10-23,864000.0,1936015.67,0.4462773795627388,Market Model,2025-10-23,-0.039644513,-0.049968443,-0.049817728,250.0,1.0,1,1,14.476142640794167
2008336548.0,FSUN,2025-10-27,785000.0,1126456.2,0.6968757418175692,Market Model,2025-10-27,-0.154428463,-0.162627136,-0.164971433,250.0,0.9777070063694268,1,1,13.934587156607186
2008336942.0,PRK,2025-10-27,317300.0,2563967.34,0.1237535264392252,Market Model,2025-10-27,0.0118403463,-0.009677948,-0.010012475,250.0,1.0,1,1,14.757066359032054
2008336490.0,VSEC,2025-10-27,350000.0,3785331.14,0.0924621881297285,Market Model,2025-10-27,0.0294647887,-0.004254047,-0.004985393,250.0,0.0,0,0,15.146643928477344
2007960314.0,ESI,2025-10-28,500000.0,6395601.99,0.0781787235637532,Market Model,2025-10-28,0.0095492743,-0.004957182,-0.005045838,250.0,0.0,0,1,15.67112112304477
2008339251.0,RYI,2025-10-28,438041.0,736391.13,0.5948482839547511,Market Model,2025-10-28,-0.04993598,-0.065166129,-0.066297266,250.0,1.0,1,0,13.509516683184325
2008340193.0,LFUS,2025-10-28,350000.0,6769359.68,0.0517035608307342,Market Model,2025-10-28,-0.062669389,-0.080577585,-0.079924776,250.0,0.0,0,1,15.72791705843598
2008340029.0,CDRE,2025-10-29,200000.0,1757498.08,0.1137981328548592,Market Model,2025-10-29,-0.005593102,0.0048611149,0.0047747141,250.0,0.0,0,0,14.37940181020548
2008345304.0,PLMR,2025-10-30,300000.0,2980422.55,0.1006568682685614,Market Model,2025-10-30,0.0110854913,0.0156009375,0.0156075208,250.0,0.0,0,1,14.907575643731597
2008343109.0,FMBH,2025-10-30,94100.0,869651.28,0.1082042908049304,Market Model,2025-10-30,-0.02894415,-0.020629296,-0.020821666,250.0,1.0,0,0,13.675847582691711
2008345384.0,TEX,2025-10-30,3104565.0,3672288.0,0.8454034650877056,Market Model,2025-10-30,-0.193763139,-0.187320635,-0.179933002,250.0,0.8631048150062891,1,1,15.116325459019487
2008352125.0,SM,2025-11-03,12800000.0,2401389.06,5.3302483188625835,Market Model,2025-11-03,-0.09006816,-0.071798282,-0.070989761,250.0,0.0,1,1,14.691557902892521
2008359424.0,JBL,2025-11-04,783000.0,23537259.47,0.0332664047400247,Market Model,2025-11-04,-0.012404364,-0.007311132,-0.009292958,250.0,0.0,0,0,16.974095232883116
2008355732.0,CBRE,2025-11-04,1315000.0,44820481.73,0.02933926520294,Market Model,2025-11-04,-0.015482517,-0.011846101,-0.011781506,250.0,0.0,0,0,17.61817577438282
2008358052.0,SNDA,2025-11-05,1800000.0,484504.02,3.71513945333209,Market Model,2025-11-05,0.2170179547,0.2320428301,0.2412119172,250.0,0.66,0,0,13.09088100749216
2008437005.0,AXSM,2025-11-06,81800.0,6840539.97,0.0119581203178029,Market Model,2025-11-06,0.0238642259,0.0249274164,0.024816053,250.0,0.0,0,1,15.738377229465357
2008378412.0,PFE,2025-11-07,9081499.0,141285917.5,0.0642774535544209,Market Model,2025-11-07,0.0085045082,0.0079772004,0.0079979354,250.0,0.0,1,0,18.766296178852176
2008378177.0,IESC,2025-11-07,192000.0,7861191.3,0.0244237791287435,Market Model,2025-11-07,-0.016744776,-0.032056807,-0.031958669,250.0,0.0,1,0,15.87744871780609
2008440350.0,RNGR,2025-11-10,90500.0,300341.25,0.3013239107182247,Market Model,2025-11-10,0.0145137881,-0.007188014,-0.007357304,250.0,0.0,0,1,12.612674607175402
2008448323.0,MOVE,2025-11-10,222282.0,3982.95,55.808383233532936,Market Model,2025-11-10,1.5094339623,1.5051099492,1.5010797739,250.0,1.0,0,1,8.289778029751105
2008377552.0,BBAI,2025-11-10,250000.0,2479427.92,0.1008297107503734,Market Model,2025-11-10,0.0706713781,0.0063916068,0.0059556075,250.0,0.0,0,1,14.723538414111681
2008380366.0,AOS,2025-11-12,470000.0,7458743.88,0.063013291187041,Market Model,2025-11-12,-0.001209007,0.0101023749,0.0100368706,250.0,0.0,0,1,15.824897577305272
2008384478.0,DAWN,2025-11-13,285000.0,1061669.84,0.2684450374892442,Market Model,2025-11-13,-0.150579151,-0.125490926,-0.124501237,250.0,0.0,1,1,13.875353547326814
2008399970.0,PDYN,2025-11-17,56000.0,249699.78,0.224269320541652,Market Model,2025-11-17,-0.093397746,-0.093523505,-0.09130333,250.0,0.35714285714285715,0,0,12.428014595210207
2008399069.0,JNJ,2025-11-17,3050000.0,472053169.35,0.0064611365795928,Market Model,2025-11-17,0.0243277849,0.0237042806,0.0238157901,250.0,0.0,0,0,19.972602184133606
2008399751.0,GGG,2025-11-17,69000.0,13288389.1,0.0051925029799134,Market Model,2025-11-17,-0.025129342,-0.010432052,-0.010310905,250.0,0.0,0,1,16.402401211905556
2008562377.0,TPST,2025-11-19,76401.0,41025.6,1.8622762372762376,Market Model,2025-11-19,-0.607675906,-0.688740861,-0.570509335,250.0,1.0,0,1,10.621951541079863
2008415774.0,PANW,2025-11-19,3350000.0,140097000.0,0.0239120038259206,Market Model,2025-11-19,-0.087875801,-0.065292879,-0.064201419,250.0,0.0,0,1,18.757845597801737
2008411015.0,ADBE,2025-11-19,1900000.0,135823142.0,0.0139887796145961,Market Model,2025-11-19,-0.038976221,-0.013898663,-0.013613359,250.0,0.0,1,1,18.726864170941464
2008639915.0,ABT,2025-11-20,23000000.0,219358702.8,0.1048510941504345,Market Model,2025-11-20,-0.014538462,-0.014532483,-0.015559998,250.0,0.0,1,0,19.206218860194053
2008419758.0,SOLV,2025-11-20,850000.0,13404626.28,0.063410943523895,Market Model,2025-11-20,0.0781636104,0.0789060604,0.0806741632,250.0,0.0,0,0,16.411110450113995
2008426795.0,FULT,2025-11-24,243000.0,3243468.24,0.0749198025136204,Market Model,2025-11-24,0.0590619572,0.0148488881,0.0145994904,250.0,1.0,1,1,14.992153759695832
2008426575.0,ATMU,2025-11-24,450000.0,3928508.64,0.1145472853026485,Market Model,2025-11-24,0.0296573876,-0.015806792,-0.016524689,250.0,0.0,0,1,15.183770430908309
2008448237.0,ASB,2025-12-01,604000.0,4362089.38,0.1384657551423212,Market Model,2025-12-01,-0.025237317,-0.029242634,-0.029045641,250.0,1.0,0,0,15.288461716134425
2008448177.0,GS,2025-12-01,2000000.0,247753351.16,0.0080725446926786,Market Model,2025-12-01,0.0039215206,-0.003074584,-0.003320763,250.0,0.0,0,1,19.327944257460288
2008449136.0,PRG,2025-12-01,420000.0,1138133.88,0.3690251273426638,Market Model,2025-12-01,0.0222908093,0.0236307548,0.0234381617,250.0,0.0,0,1,13.944900531739997
2008659203.0,SPFI,2025-12-01,105900.0,614011.92,0.1724722217119172,Market Model,2025-12-01,0.0007907222,-0.002287997,-0.002327682,250.0,1.0,0,1,13.327769620621618
2008449513.0,MRVL,2025-12-02,3250000.0,77307460.0,0.0420399273239607,Market Model,2025-12-02,0.1208053691,0.1156690831,0.1192587299,250.0,0.0,0,0,18.163301016016273
2008454062.0,CBSH,2025-12-03,585000.0,7033831.24,0.0831694676825939,Market Model,2025-12-03,0.0198027931,0.0147964117,0.0141581945,250.0,1.0,0,1,15.766242099689581
2008456301.0,NTRA,2025-12-05,450000.0,33407668.84,0.0134699611084866,Market Model,2025-12-05,0.0039041182,0.0019868148,0.0015782455,250.0,1.0,0,0,17.324296037579533
2008459218.0,NOG,2025-12-08,800000.0,2425434.55,0.3298378016425964,Market Model,2025-12-08,-0.011363636,-0.002273758,-0.002723329,250.0,0.0,0,1,14.701521262176346
2008463968.0,AM,2025-12-08,1100000.0,8796799.25,0.125045481741555,Market Model,2025-12-08,0.0197585071,0.0183919696,0.0184153566,250.0,0.0,0,0,15.989898491694785
2008459831.0,MIRM,2025-12-08,820000.0,3519461.12,0.2329902141382371,Market Model,2025-12-08,-0.085698308,-0.093184443,-0.090959255,250.0,0.45121951219512196,0,1,15.07381844494558
2008459402.0,HOMB,2025-12-08,146000.0,5579827.38,0.0261656840000666,Market Model,2025-12-08,-0.02454418,-0.021968001,-0.021879205,250.0,1.0,0,1,15.53466839839511
2008294809.0,IBM,2025-12-08,11000000.0,287842295.9,0.0382153705577082,Market Model,2025-12-08,0.0080846781,0.0080200122,0.0080394764,250.0,0.0,1,0,19.477923304440967
2008458636.0,BWMN,2025-12-08,59700.0,579737.01,0.1029777277803947,Market Model,2025-12-08,-0.054663285,-0.058384149,-0.059073171,250.0,0.0,0,0,13.270329848657182
2008556985.0,QUBT,2025-12-15,110000.0,2700682.15,0.0407304502679073,Market Model,2025-12-15,-0.121590023,-0.153391092,-0.152801621,250.0,0.0,0,0,14.809014947212537
2008475755.0,CVBF,2025-12-17,811000.0,2736180.0,0.2963986287451849,Market Model,2025-12-17,-0.026250619,-0.020203745,-0.020334169,250.0,1.0,1,1,14.82207334503423
2008638879.0,CWBC,2025-12-17,191900.0,460941.48,0.416321828966228,Market Model,2025-12-17,-0.03677686,-0.032778969,-0.032747875,250.0,1.0,1,1,13.04102637248937
2008593254.0,APLE,2025-12-22,98200.0,2879129.92,0.0341075264849458,Market Model,2025-12-22,-0.025347506,-0.042845566,-0.042818674,250.0,0.0,0,0,14.872998695356262
2008482370.0,HWM,2025-12-22,1805000.0,81815596.38,0.0220618082598397,Market Model,2025-12-22,0.0584343434,0.027573648,0.0282719763,250.0,0.0,0,1,18.21997844819093
2008632791.0,FLGT,2025-12-22,56900.0,853480.32,0.0666682039018779,Market Model,2025-12-22,-0.032074127,-0.045694254,-0.045508042,250.0,0.0,0,1,13.657077762954307
