,Deal Number,Acquiror name,Acquiror country code,Target name,Target country code,Deal type,Deal status,Deal value th USD,Last deal status date,Acquired stake (%),Initial stake (%),Final stake (%),Target primary NAICS 2017 code,Acquiror primary NAICS 2017 code,Acquiror ticker symbol,Target ticker symbol,Announced date,Deal method of payment,Target listed,Deal method of payment value th USD
1.,2008576037,SPACE EXPLORATION TECHNOLOGIES CORPORATION,US,X.AI CORPORATION,US,Acquisition unknown majority stake %,Completed,"230,000,000.00",02.02.2026,Unknown majority,Unknown minority,100.00000,518210,336414,,,02.02.2026,Shares,Unlisted,"230,000,000"
2.,1941097973,TWDC HOLDCO 613 CORPORATION,US,TWENTY-FIRST CENTURY FOX INC.,US,Acquisition 100% Bid 2 Increased,Completed,"85,100,000.00",15.03.2019,100.00000,0.00000,100.00000,512110,551112,DIS,TFCFA,20.06.2018,Cash,Delisted,"35,650,000"
,,,,,,,,,,,,,,,,,,Liabilities,,"13,800,000"
,,,,,,,,,,,,,,,,,,Shares,,"35,650,000"
3.,2007119662,FIRST-CITIZENS BANK & TRUST COMPANY,US,SVB FINANCIAL GROUP'S ASSETS AND INVESTMENTS,US,Acquisition 100%,Completed,"75,450,000.00",27.03.2023,100.00000,0.00000,100.00000,522110,522110,,,27.03.2023,Liabilities,Unlisted,"59,000,000"
,,,,SILICON VALLEY BRIDGE BANK NA'S ASSETS,US,,,,,100.00000,0.00000,100.00000,522110,,,,,,Unlisted,
4.,1941171410,BRISTOL-MYERS SQUIBB COMPANY,US,CELGENE CORPORATION,US,Acquisition 100%,Completed,"74,000,000.00",20.11.2019,100.00000,0.00000,100.00000,325412,325412,BMY,CELG,03.01.2019,Cash,Delisted,n.a.
,,,,,,,,,,,,,,,,,,Shares,,n.a.
,,,,,,,,,,,,,,,,,,Cash Reserves,,n.a.
,,,,,,,,,,,,,,,,,,Earn-out,,n.a.
5.,1941693033,BROADCOM INC.,US,VMWARE INC.,US,Acquisition 100%,Completed,"69,000,000.00",22.11.2023,100.00000,0.00000,100.00000,518210,334413,AVGO,VMW,26.05.2022,Liabilities,Delisted,"8,000,000"
,,,,,,,,,,,,,,,,,,Cash,,"30,500,000"
,,,,,,,,,,,,,,,,,,Shares,,"30,500,000"
6.,1941641140,MICROSOFT CORPORATION,US,ACTIVISION BLIZZARD INC.,US,Acquisition 100%,Completed,"68,700,000.00",13.10.2023,100.00000,0.00000,100.00000,511210,541511,MSFT,ATVI,18.01.2022,Cash,Delisted,"68,700,000"
,,,,,,,,,,,,,,,,,,Cash assumed,,n.a.
7.,2007132792,EXXON MOBIL CORPORATION,US,PIONEER NATURAL RESOURCES COMPANY,US,Acquisition 100%,Completed,"64,500,000.00",03.05.2024,100.00000,0.00000,100.00000,211120,211120,XOM,PXD,11.10.2023,Liabilities,Delisted,n.a.
,,,,,,,,,,,,,,,,,,Shares,,"59,500"
8.,2007781831,CHEVRON CORPORATION,US,HESS CORPORATION,US,Acquisition increased from 5% to 100%,Completed,"60,000,000.00",18.07.2025,95.00000,5.00000,100.00000,211120,211120,CVX,HES,22.10.2023,Liabilities,Delisted,n.a.
,,,,,,,,,,,,,,,,,,Shares,,"53,000,000"
9.,1909545396,DEUTSCHE TELEKOM AG,DE,SPRINT CORPORATION,US,Acquisition 100%,Completed,"59,000,000.00",01.04.2020,100.00000,0.00000,100.00000,517311,517311,DTE,S,29.04.2018,Liabilities,Delisted,n.a.
,,T-MOBILE US INC.,US,,,,,,,,,,,517312,TMUS,,,Shares,,"59,000,000"
10.,1941224476,OCCIDENTAL PETROLEUM CORPORATION,US,ANADARKO PETROLEUM CORPORATION,US,Acquisition 100%,Completed,"55,000,000.00",08.08.2019,100.00000,0.00000,100.00000,211120,211120,OXY,APC,09.05.2019,Cash,Delisted,"29,615,509"
,,,,,,,,,,,,,,,,,,Liabilities,,n.a.
,,,,,,,,,,,,,,,,,,Shares,,"8,533,282"
11.,1939044296,UNITED TECHNOLOGIES CORPORATION,US,RAYTHEON COMPANY,US,Acquisition 100%,Completed,"54,030,818.00",03.04.2020,100.00000,0.00000,100.00000,561621,336412,RTX,RTN,09.06.2019,Liabilities,Delisted,"2,000,000"
,,,,,,,,,,,,,,,,,,Shares,,"52,030,818"
12.,2007906412,X.AI LLC,US,X CORPORATION,US,Acquisition 100%,Completed,"45,000,000.00",29.03.2025,100.00000,0.00000,100.00000,518210,518210,,TWTR,29.03.2025,Liabilities,Delisted,"12,000,000"
,,,,,,,,,,,,,,,,,,Shares,,"33,000,000"
13.,1941678168,X HOLDINGS I INC.,US,TWITTER INC.,US,Acquisition increased from 9.132% to 100%,Completed,"44,000,000.00",28.10.2022,90.86800,9.13200,100.00000,518210,551112,,TWTR,25.04.2022,Cash,Delisted,"44,000,000"
14.,1941704614,PFIZER INC.,US,SEAGEN INC.,US,Acquisition 100%,Completed,"43,000,000.00",14.12.2023,100.00000,0.00000,100.00000,325412,325412,PFE,SGEN,13.03.2023,Liabilities,Delisted,n.a.
,,,,,,,,,,,,,,,,,,Cash,,"43,000,000"
,,,,,,,,,,,,,,,,,,Cash Reserves,,n.a.
15.,1941539633,DISCOVERY INC.,US,MAGALLANES INC.,US,Acquisition 100%,Completed,"43,000,000.00",08.04.2022,100.00000,0.00000,100.00000,512110,515210,WBD,,17.05.2021,Liabilities,Unlisted,n.a.
,,,,,,,,,,,,,,,,,,Cash,,n.a.
,,,,,,,,,,,,,,,,,,Shares,,n.a.
16.,1941206481,FIDELITY NATIONAL INFORMATION SERVICES INC.,US,WORLDPAY INC.,US,Acquisition 100%,Completed,"43,000,000.00",31.07.2019,100.00000,0.00000,100.00000,522320,522320,FIS,WP,18.03.2019,Cash,Delisted,n.a.
,,,,,,,,,,,,,,,,,,Shares,,n.a.
,,,,,,,,,,,,,,,,,,Liabilities,,n.a.
17.,1941381702,ASTRAZENECA RARE DISEASE HOLDINGS INC.,US,ALEXION PHARMACEUTICALS INC.,US,Acquisition 100%,Completed,"39,000,000.00",21.07.2021,100.00000,0.00000,100.00000,541713,551112,,ALXN,12.12.2020,Cash,Delisted,"13,300,000"
,,,,,,,,,,,,,,,,,,Shares,,"27,472,119"
18.,1941177239,FISERV INC.,US,FIRST DATA CORPORATION,US,Acquisition 100%,Completed,"39,000,000.00",29.07.2019,100.00000,0.00000,100.00000,522320,511210,FISV,FDC,16.01.2019,Liabilities,Delisted,"17,000,000"
,,,,,,,,,,,,,,,,,,Shares,,"22,000,000"
19.,2007641256,ACQUIROR 10VB8 LLC,US,KELLANOVA,US,Acquisition 100%,Completed,"35,900,000.00",11.12.2025,100.00000,0.00000,100.00000,311230,311230,,K,14.08.2024,Liabilities,Delisted,n.a.
,,,,,,,,,,,,,,,,,,Cash,,n.a.
,,,,,,,,,,,,,,,,,,Cash Reserves,,n.a.
20.,2007443106,CAPITAL ONE FINANCIAL CORPORATION,US,DISCOVER FINANCIAL SERVICES,US,Acquisition 100%,Completed,"35,300,000.00",18.05.2025,100.00000,0.00000,100.00000,522210,522110,COF,DFS,19.02.2024,Shares,Delisted,"35,300,000"
21.,2007392174,SYNOPSYS INC.,US,ANSYS INC.,US,Acquisition 100%,Completed,"35,000,000.00",17.07.2025,100.00000,0.00000,100.00000,511210,511210,SNPS,ANSS,15.01.2024,Cash Reserves,Delisted,n.a.
,,,,,,,,,,,,,,,,,,Shares,,"17,400,000"
,,,,,,,,,,,,,,,,,,Liabilities,,n.a.
,,,,,,,,,,,,,,,,,,Cash,,"17,600,000"
22.,2007366666,EQT CORPORATION,US,EQUITRANS MIDSTREAM CORPORATION,US,Acquisition 100%,Completed,"35,000,000.00",22.07.2024,100.00000,0.00000,100.00000,211120,211120,EQT,ETRN-RM,11.03.2024,Shares,Listed,"35,000,000"
,,,,,,,,,,,,,,,,,,Liabilities,,n.a.
23.,1941447255,ADVANCED MICRO DEVICES INC.,US,XILINX INC.,US,Acquisition 100%,Completed,"35,000,000.00",14.02.2022,100.00000,0.00000,100.00000,334413,334413,AMD,XLNX,27.10.2020,Shares,Delisted,"35,000,000"
24.,1941148354,INTERNATIONAL BUSINESS MACHINES CORPORATION,US,RED HAT INC.,US,Acquisition 100%,Completed,"34,000,000.00",09.07.2019,100.00000,0.00000,100.00000,511210,443142,IBM,RHT,28.10.2018,Cash,Delisted,n.a.
25.,1941416122,LIONHEART II HOLDINGS LLC,US,MSP RECOVERY LLC,US,Acquisition 100%,Completed,"32,500,000.00",23.05.2022,100.00000,0.00000,100.00000,518210,518210,,,12.07.2021,Shares,Unlisted,"32,500,000"
26.,2007615619,GOOGLE LLC,US,WIZ INC.,US,Acquisition 100%,Completed,"32,000,000.00",11.03.2026,100.00000,0.00000,100.00000,518210,519130,GOOGL,,18.03.2025,Cash,Unlisted,"32,000,000"
27.,1941508373,AERCAP US AVIATION LLC,US,GE CAPITAL AVIATION SERVICES LLC,US,Acquisition 100%,Completed,"31,000,000.00",01.11.2021,100.00000,0.00000,100.00000,532411,532411,,,10.03.2021,Shares,Unlisted,n.a.
,,AERCAP AVIATION LEASING LTD,IE,GE CAPITAL AVIATION FUNDING ULC,IE,,,,,100.00000,0.00000,100.00000,551112,532411,,,,Bonds,Unlisted,n.a.
,,,,CELESTIAL TRANSPORTATION FINANCE IRELAND LTD,IE,,,,,100.00000,0.00000,100.00000,532411,,,,,Cash,Unlisted,n.a.
,,,,GECAS TRADING IRELAND LTD,IE,,,,,100.00000,0.00000,100.00000,532411,,,,,,Unlisted,
28.,2007535884,CONSTELLATION ENERGY CORPORATION,US,CALPINE CORPORATION,US,Acquisition 100%,Completed,"29,100,000.00",07.01.2026,100.00000,0.00000,100.00000,221112,221118,CEG,CPN,10.01.2025,Cash,Delisted,"4,500,000"
,,,,,,,,,,,,,,,,,,Shares,,"20,900,000"
,,,,,,,,,,,,,,,,,,Liabilities,,"12,700,000"
,,,,,,,,,,,,,,,,,,Cash Reserves,,n.a.
29.,2008221600,GLADIATORA DESIGNATED ACTIVITY COMPANY,IE,AIR LEASE CORPORATION,US,Acquisition 100%,Completed,"28,200,000.00",08.04.2026,100.00000,0.00000,100.00000,532411,331110,,AL,02.09.2025,Liabilities,Delisted,n.a.
,,,,,,,,,,,,,,,,,,Cash,,"28,200,000"
30.,1941187656,TRUIST FINANCIAL CORPORATION,US,SUNTRUST BANKS INC.,US,Acquisition 100%,Completed,"28,085,123.00",06.12.2019,100.00000,0.00000,100.00000,522110,551111,TFC,STI,07.02.2019,Shares,Delisted,"28,085,123"
31.,1941652248,CISCO SYSTEMS INC.,US,SPLUNK INC.,US,Acquisition 100%,Completed,"28,000,000.00",18.03.2024,100.00000,0.00000,100.00000,518210,334210,CSCO,SPLK,21.09.2023,Cash,Delisted,"28,000,000"
32.,1941467539,SALESFORCE.COM INC.,US,SLACK TECHNOLOGIES INC.,US,Acquisition 100%,Completed,"27,700,000.00",21.07.2021,100.00000,0.00000,100.00000,518210,518210,CRM,WORK,01.12.2020,Liabilities,Delisted,n.a.
,,,,,,,,,,,,,,,,,,Cash,,n.a.
,,,,,,,,,,,,,,,,,,Cash Reserves,,n.a.
33.,1939074315,INTERNATIONAL FLAVORS & FRAGRANCES INC.,US,NUTRITION & BIOSCIENCES INC.,US,Acquisition 100%,Completed,"26,200,000.00",01.02.2021,100.00000,0.00000,100.00000,325199,311930,IFF,,15.12.2019,Shares,Unlisted,"18,900,000"
,,,,,,,,,,,,,,,,,,Cash,,"7,300,000"
34.,2007375724,DIAMONDBACK ENERGY INC.,US,ENDEAVOR PARENT LLC,US,Acquisition 100%,Completed,"26,000,000.00",10.09.2024,100.00000,0.00000,100.00000,213112,211120,FANG,,12.02.2024,Liabilities,Unlisted,n.a.
,,,,,,,,,,,,,,,,,,Shares,,"17,799,102"
,,,,,,,,,,,,,,,,,,Cash,,"7,100,000"
35.,2007098440,GLOBAL PAYMENTS INC.,US,WORLDPAY HOLDCO LLC,US,Acquisition 100%,Completed,"24,250,000.00",09.01.2026,100.00000,0.00000,100.00000,522320,522320,GPN,,17.04.2025,Shares,Unlisted,n.a.
,,,,,,,,,,,,,,,,,,Liabilities,,n.a.
,,,,,,,,,,,,,,,,,,Cash,,"6,200,000"
36.,2008639915,ABBOTT LABORATORIES INC.,US,EXACT SCIENCES CORPORATION,US,Acquisition 100%,Completed,"23,000,000.00",23.03.2026,100.00000,0.00000,100.00000,541713,325412,ABT,EXAS,20.11.2025,Liabilities,Delisted,"1,800,000"
,,,,,,,,,,,,,,,,,,Cash,,"21,000,000"
37.,1941687962,COMPTON MERGER SUB LLC,US,DUKE REALTY CORPORATION,US,Acquisition 100%,Completed,"23,000,000.00",03.10.2022,100.00000,0.00000,100.00000,531120,525990,,DRE,13.06.2022,Liabilities,Delisted,n.a.
,,,,,,,,,,,,,,,,,,Shares,,"23,000,000"
38.,2007561604,CONOCOPHILLIPS COMPANY,US,MARATHON OIL CORPORATION,US,Acquisition 100%,Completed,"22,500,000.00",22.11.2024,100.00000,0.00000,100.00000,211120,211120,COP,MRO,29.05.2024,Shares,Delisted,n.a.
,,,,,,,,,,,,,,,,,,Liabilities,,"5,400,000"
39.,1941300705,AMERICANO ACQUISITION CORPORATION,US,TD AMERITRADE HOLDING CORPORATION,US,Acquisition 100%,Completed,"22,000,000.00",06.10.2020,100.00000,0.00000,100.00000,523120,523120,,AMTD,25.11.2019,Shares,Delisted,"22,000,000"
40.,1941237629,GLOBAL PAYMENTS INC.,US,TOTAL SYSTEM SERVICES INC.,US,Acquisition 100%,Completed,"21,500,000.00",17.09.2019,100.00000,0.00000,100.00000,522320,522320,GPN,,28.05.2019,Shares,Unlisted,"21,500,000"
41.,2007076123,ZUFFA PARENT LLC,US,WORLD WRESTLING ENTERTAINMENT LLC,US,Acquisition 100%,Completed,"21,400,000.00",12.09.2023,100.00000,0.00000,100.00000,711320,813990,,,02.04.2023,Shares,Unlisted,"21,400,000"
42.,1941195661,DANAHER CORPORATION,US,GENERAL ELECTRIC COMPANY'S BIOPHARMA BUSINESS,US,Acquisition 100%,Completed,"21,400,000.00",31.03.2020,100.00000,0.00000,100.00000,541713,334510,DHR,,25.02.2019,Cash Reserves,Unlisted,n.a.
,,,,,,,,,,,,,,,,,,Cash,,"21,400,000"
,,,,,,,,,,,,,,,,,,Liabilities,,n.a.
43.,1941331824,7-ELEVEN INC.,US,SPEEDWAY LLC,US,Acquisition 100%,Completed,"21,000,000.00",14.05.2021,100.00000,0.00000,100.00000,447110,445120,SE,,02.08.2020,Cash,Unlisted,"21,000,000"
,,,,,,,,,,,,,,,,,,Liabilities,,n.a.
44.,2007595878,ALPINE SUB LLC,US,PHYSICIANS REALTY TRUST,US,Acquisition 100%,Completed,"21,000,000.00",01.03.2024,100.00000,0.00000,100.00000,531120,523910,,DOC,29.10.2023,Shares,Delisted,"21,000,000"
45.,2007322174,ALPINE SUB LLC,US,PHYSICIANS REALTY TRUST,US,Acquisition 100%,Completed,"21,000,000.00",01.03.2024,100.00000,0.00000,100.00000,531120,523910,,DOC,29.10.2023,Shares,Delisted,"21,000,000"
46.,1941435563,GILEAD SCIENCES INC.,US,IMMUNOMEDICS INC.,US,Acquisition 100%,Completed,"21,000,000.00",23.10.2020,100.00000,0.00000,100.00000,325412,325412,GILD,IMMU,13.09.2020,Cash,Delisted,"15,000,000"
,,,,,,,,,,,,,,,,,,Cash Reserves,,n.a.
,,,,,,,,,,,,,,,,,,Bonds,,"6,000,000"
47.,1941408793,ANALOG DEVICES INC.,US,MAXIM INTEGRATED PRODUCTS INC.,US,Acquisition 100%,Completed,"20,912,762.00",26.08.2021,100.00000,0.00000,100.00000,334413,334413,ADI,MXIM,13.07.2020,Shares,Delisted,"20,912,762"
48.,1941524272,THERMO FISHER SCIENTIFIC INC.,US,PPD INC.,US,Acquisition 100%,Completed,"20,400,000.00",08.12.2021,100.00000,0.00000,100.00000,541713,334516,TMO,PPD,15.04.2021,Cash,Delisted,"17,400,000"
,,,,,,,,,,,,,,,,,,Liabilities,,"3,000,000"
,,,,,,,,,,,,,,,,,,Cash Reserves,,n.a.
49.,2007367622,VERIZON COMMUNICATIONS INC.,US,FRONTIER COMMUNICATIONS PARENT INC.,US,Acquisition 100%,Completed,"20,000,000.00",20.01.2026,100.00000,0.00000,100.00000,517311,517919,VZ,FYBR,05.09.2024,Liabilities,Delisted,n.a.
,,,,,,,,,,,,,,,,,,Cash,,"20,000,000"
50.,1941521750,MICROSOFT CORPORATION,US,NUANCE COMMUNICATIONS INC.,US,Acquisition 100%,Completed,"19,700,000.00",04.03.2022,100.00000,0.00000,100.00000,518210,541511,MSFT,NUAN,12.04.2021,Cash,Delisted,"19,700,000"
,,,,,,,,,,,,,,,,,,Liabilities,,n.a.
51.,2007153104,ONEOK INC.,US,MAGELLAN MIDSTREAM PARTNERS LP,US,Acquisition 100%,Completed,"18,800,000.00",25.09.2023,100.00000,0.00000,100.00000,486910,221210,OKE,MMP,14.05.2023,Shares,Delisted,"8,800,000"
,,,,,,,,,,,,,,,,,,Cash,,"5,100,000"
,,,,,,,,,,,,,,,,,,Liabilities,,"5,000,000"
52.,2008547865,WATERS CORPORATION,US,BECTON DICKINSON AND COMPANY'S BIOSCIENCES AND DIAGNOSTICS SOLUTIONS BUSINESS,US,Acquisition 100%,Completed,"18,800,000.00",09.02.2026,100.00000,0.00000,100.00000,339112,334516,WAT,,14.07.2025,Shares,Unlisted,"14,800,000"
,,,,,,,,,,,,,,,,,,Cash,,"4,000,000"
53.,1941419433,TELADOC HEALTH INC.,US,LIVONGO HEALTH INC.,US,Acquisition 100%,Completed,"18,500,000.00",30.10.2020,100.00000,0.00000,100.00000,518210,518210,TDOC,LVGO,05.08.2020,Cash,Delisted,"1,108,267"
,,,,,,,,,,,,,,,,,,Shares,,"14,443,658"
54.,2007486162,"HOME DEPOT INC., THE",US,SHINGLE ACQUISITION HOLDINGS INC.,US,Acquisition 100%,Completed,"18,250,000.00",18.06.2024,100.00000,0.00000,100.00000,551112,444110,HD,,28.03.2024,Cash,Unlisted,"18,250,000"
,,,,,,,,,,,,,,,,,,Cash Reserves,,n.a.
,,,,,,,,,,,,,,,,,,Liabilities,,n.a.
55.,2007022869,JOHNSON & JOHNSON,US,ABIOMED INC.,US,Acquisition 100%,Completed,"18,191,131.00",22.12.2022,100.00000,0.00000,100.00000,334510,325412,JNJ,ABMD,01.11.2022,Cash,Delisted,"18,191,131"
,,,,,,,,,,,,,,,,,,Liabilities,,n.a.
,,,,,,,,,,,,,,,,,,Cash assumed,,n.a.
,,,,,,,,,,,,,,,,,,Cash Reserves,,n.a.
,,,,,,,,,,,,,,,,,,Earn-out,,"1,591,131"
56.,1941211603,WELLINGTON MERGER SUB II INC.,US,WELLCARE HEALTH PLANS INC.,US,Acquisition 100%,Completed,"17,300,000.00",23.01.2020,100.00000,0.00000,100.00000,621491,621491,,WCG,27.03.2019,Cash,Delisted,n.a.
,,,,,,,,,,,,,,,,,,Shares,,n.a.
,,,,,,,,,,,,,,,,,,Liabilities,,n.a.
57.,1939045146,ELDORADO RESORTS INC.,US,CAESARS ENTERTAINMENT CORPORATION,US,Acquisition 100%,Completed,"17,300,000.00",20.07.2020,100.00000,0.00000,100.00000,721120,713210,CZR,CZR,24.06.2019,Cash,Delisted,"7,200,000"
,,,,,,,,,,,,,,,,,,Shares,,n.a.
,,,,,,,,,,,,,,,,,,Liabilities,,"8,790,000"
58.,1941572090,VICI PROPERTIES INC.,US,MGM GROWTH PROPERTIES LLC,US,Acquisition 100%,Completed,"17,200,000.00",29.04.2022,100.00000,0.00000,100.00000,721120,531120,VICI,MGP,04.08.2021,Shares,Delisted,"7,100,000"
,,,,,,,,,,,,,,,,,,Cash,,"4,400,000"
,,,,,,,,,,,,,,,,,,Liabilities,,"5,700,000"
59.,2007092665,CREEK PARENT INC.,US,CATALENT INC.,US,Acquisition 100%,Completed,"16,500,000.00",18.12.2024,100.00000,0.00000,100.00000,541713,541713,,CTLT,05.02.2024,Cash,Delisted,n.a.
,,,,,,,,,,,,,,,,,,Liabilities,,n.a.
60.,1941143334,HARRIS CORPORATION,US,L3 TECHNOLOGIES INC.,US,Acquisition 100%,Completed,"15,703,802.00",29.06.2019,100.00000,0.00000,100.00000,334511,334220,LHX,LLL,12.10.2018,Shares,Delisted,"15,703,802"
61.,1939044656,SALESFORCE.COM INC.,US,TABLEAU SOFTWARE INC.,US,Acquisition 100%,Completed,"15,700,000.00",01.08.2019,100.00000,0.00000,100.00000,541511,518210,CRM,DATA,10.06.2019,Shares,Delisted,n.a.
,,,,,,,,,,,,,,,,,,Liabilities,,n.a.
62.,1941308153,GORES HOLDINGS IV INC.,US,UWM HOLDINGS LLC,US,Acquisition 100%,Completed,"15,021,000.00",21.01.2021,100.00000,0.00000,100.00000,522292,525990,GHIVU,,23.09.2020,Earn-out,Unlisted,n.a.
,,,,,,,,,,,,,,,,,,Shares,,n.a.
,,,,,,,,,,,,,,,,,,Cash,,n.a.
63.,1941253680,VIATRIS,US,UPJOHN INC.,US,Acquisition 100%,Completed,"14,942,872.04",16.11.2020,100.00000,0.00000,100.00000,325412,325412,,,29.07.2019,Shares,Unlisted,"14,942,872"
64.,2007231740,NIPPON STEEL NORTH AMERICA INC.,US,UNITED STATES STEEL CORPORATION,US,Acquisition 100%,Completed,"14,900,000.00",18.06.2025,100.00000,0.00000,100.00000,331110,331110,,X,18.12.2023,Cash,Delisted,"14,900,000"
65.,2007384927,JOHNSON & JOHNSON,US,INTRA-CELLULAR THERAPIES INC.,US,Acquisition 100%,Completed,"14,600,000.00",02.04.2025,100.00000,0.00000,100.00000,325412,325412,JNJ,ITCI,13.01.2025,Cash,Delisted,"14,600,000"
,,,,,,,,,,,,,,,,,,Cash Reserves,,n.a.
66.,2007393322,BRISTOL-MYERS SQUIBB COMPANY,US,KARUNA THERAPEUTICS INC.,US,Acquisition 100%,Completed,"14,000,000.00",18.03.2024,100.00000,0.00000,100.00000,541713,325412,BMY,KRTX,22.12.2023,Cash,Delisted,"14,000,000"
67.,1941230901,MPLX LP,US,ANDEAVOR LOGISTICS LP,US,Acquisition 100%,Completed,"14,000,000.00",30.07.2019,100.00000,0.00000,100.00000,424710,211120,MPLX,ANDX,08.05.2019,Shares,Delisted,n.a.
,,,,,,,,,,,,,,,,,,Liabilities,,"5,000,000"
68.,2007404176,HEWLETT PACKARD ENTERPRISE COMPANY,US,JUNIPER NETWORKS INC.,US,Acquisition 100%,Completed,"14,000,000.00",02.07.2025,100.00000,0.00000,100.00000,334210,334111,HPE,JNPR,09.01.2024,Cash,Delisted,"14,000,000"
69.,2007938288,FIDELITY NATIONAL INFORMATION SERVICES INC.,US,TOTAL SYSTEM SERVICES INC.,US,Acquisition 100%,Completed,"13,500,000.00",09.01.2026,100.00000,0.00000,100.00000,522320,522320,FIS,,17.04.2025,Liabilities,Unlisted,n.a.
,,,,,,,,,,,,,,,,,,Cash,,"7,700,000"
70.,2007786857,ARTHUR J GALLAGHER & COMPANY,US,DOLPHIN TOPCO INC.,US,Acquisition 100%,Completed,"13,450,000.00",18.08.2025,100.00000,0.00000,100.00000,524210,524210,AJG,,09.12.2024,Liabilities,Unlisted,n.a.
,,,,,,,,,,,,,,,,,,Cash,,"13,450,000"
,,,,,,,,,,,,,,,,,,Cash Reserves,,n.a.
71.,1941018982,DOMINION ENERGY INC.,US,SCANA CORPORATION,US,Acquisition 100%,Completed,"13,400,000.00",02.01.2019,100.00000,0.00000,100.00000,221118,221121,D,SCG,03.01.2018,Shares,Delisted,"6,800,000"
,,,,,,,,,,,,,,,,,,Liabilities,,"6,600,000"
72.,2007786809,OMNICOM GROUP INC.,US,INTERPUBLIC GROUP OF COMPANIES INC.,US,Acquisition 100%,Completed,"13,300,000.00",26.11.2025,100.00000,0.00000,100.00000,541810,541810,OMC,IPG,09.12.2024,Shares,Delisted,"13,300,000"
73.,2007485107,JOHNSON & JOHNSON,US,SHOCKWAVE MEDICAL INC.,US,Acquisition 100%,Completed,"13,100,000.00",31.05.2024,100.00000,0.00000,100.00000,541715,325412,JNJ,SWAV,05.04.2024,Cash,Delisted,"13,100,000"
,,,,,,,,,,,,,,,,,,Liabilities,,n.a.
,,,,,,,,,,,,,,,,,,Cash Reserves,,n.a.
74.,1941685687,INTERCONTINENTAL EXCHANGE INC.,US,BLACK KNIGHT INC.,US,Acquisition 100%,Completed,"13,100,000.00",05.09.2023,100.00000,0.00000,100.00000,518210,523210,ICE,BKI,04.05.2022,Shares,Delisted,"2,600,000"
,,,,,,,,,,,,,,,,,,Cash,,"10,500,000"
75.,1941444825,BRISTOL-MYERS SQUIBB COMPANY,US,MYOKARDIA INC.,US,Acquisition 100%,Completed,"13,100,000.00",17.11.2020,100.00000,0.00000,100.00000,541713,325412,BMY,MYOK,05.10.2020,Cash,Delisted,"13,100,000"
,,,,,,,,,,,,,,,,,,Cash Reserves,,n.a.
76.,2007390621,RANDOLPH ACQUISITION CORPORATION,US,NFP CORPORATION,US,Acquisition 100%,Completed,"13,000,000.00",25.04.2024,100.00000,0.00000,100.00000,524210,525990,,NFP,19.12.2023,Cash,Delisted,"7,000,000"
,,,,,,,,,,,,,,,,,,Liabilities,,n.a.
,,,,,,,,,,,,,,,,,,Shares,,"6,000,000"
77.,2007041228,UNITEDHEALTH GROUP INC.,US,CHANGE HEALTHCARE INC.,US,Acquisition 100%,Completed,"13,000,000.00",03.10.2022,100.00000,0.00000,100.00000,511210,524114,UNH,CHNG,06.01.2021,Liabilities,Delisted,"5,000,000"
,,,,,,,,,,,,,,,,,,Cash,,"8,000,000"
78.,1941412195,CHEVRON CORPORATION,US,NOBLE ENERGY INC.,US,Acquisition 100%,Completed,"13,000,000.00",05.10.2020,100.00000,0.00000,100.00000,213112,211120,CVX,NBL,20.07.2020,Liabilities,Delisted,"8,020,728"
,,,,,,,,,,,,,,,,,,Shares,,"4,979,272"
79.,1941342429,MORGAN STANLEY,US,E*TRADE FINANCIAL CORPORATION,US,Acquisition 100%,Completed,"13,000,000.00",02.10.2020,100.00000,0.00000,100.00000,518210,523110,MS,ETFC,20.02.2020,Shares,Delisted,"13,000,000"
80.,1941680009,ABACUS MERGER SUB I LLC,US,AMERICAN CAMPUS COMMUNITIES INC.,US,Acquisition 100%,Completed,"12,800,000.00",09.08.2022,100.00000,0.00000,100.00000,531110,523910,,ACC,19.04.2022,Cash,Delisted,"12,800,000"
,,,,,,,,,,,,,,,,,,Liabilities,,n.a.
81.,2008352125,SM ENERGY COMPANY,US,CIVITAS RESOURCES INC.,US,Acquisition 100%,Completed,"12,800,000.00",30.01.2026,100.00000,0.00000,100.00000,211120,211120,SM,CIVI,03.11.2025,Shares,Delisted,n.a.
,,,,,,,,,,,,,,,,,,Liabilities,,n.a.
82.,1941637789,TAKE TWO INTERACTIVE SOFTWARE INC.,US,ZYNGA INC.,US,Acquisition 100%,Completed,"12,700,000.00",23.05.2022,100.00000,0.00000,100.00000,541511,511210,TTWO,ZNGA,10.01.2022,Shares,Delisted,"8,191,500"
,,,,,,,,,,,,,,,,,,Liabilities,,n.a.
,,,,,,,,,,,,,,,,,,Cash,,"4,508,500"
,,,,,,,,,,,,,,,,,,Cash Reserves,,n.a.
83.,1941289480,LAMBDA REIT ACQUISITION LLC,US,LIBERTY PROPERTY TRUST,US,Acquisition 100%,Completed,"12,600,000.00",04.02.2020,100.00000,0.00000,100.00000,531120,531120,,LPT,27.10.2019,Shares,Delisted,n.a.
,,,,,,,,,,,,,,,,,,Liabilities,,n.a.
84.,2007594108,BLACKROCK INC.,US,GLOBAL INFRASTRUCTURE MANAGEMENT LLC'S BUSINESS,US,Acquisition 100%,Completed,"12,511,320.00",01.10.2024,100.00000,0.00000,100.00000,523910,523920,BLK,,12.01.2024,Cash,Unlisted,"3,000,000"
,,,,GLOBAL INFRASTRUCTURE MANAGEMENT LLC'S ASSETS,US,,,,,100.00000,0.00000,100.00000,523910,,,,,Deferred payment,Unlisted,n.a.
,,,,,,,,,,,,,,,,,,Shares,,"9,511,320"
85.,1941583371,INTUIT INC.,US,"ROCKET SCIENCE GROUP LLC, THE",US,Acquisition 100%,Completed,"12,000,000.00",01.11.2021,100.00000,0.00000,100.00000,518210,518210,INTU,,13.09.2021,Shares,Unlisted,"6,300,000"
,,,,,,,,,,,,,,,,,,Cash Reserves,,n.a.
,,,,,,,,,,,,,,,,,,Cash,,"5,700,000"
86.,2007725804,BLACKROCK INC.,US,HPS INVESTMENT PARTNERS LLC'S ASSETS,US,Acquisition 100%,Completed,"12,000,000.00",01.07.2025,100.00000,0.00000,100.00000,523910,523920,BLK,,03.12.2024,Shares,Unlisted,n.a.
,,,,HPS INVESTMENT PARTNERS LLC'S BUSINESS,,,,,,100.00000,0.00000,100.00000,523910,,,,,Earn-out,Unlisted,n.a.
,,,,,,,,,,,,,,,,,,Cash,,n.a.
87.,2007970283,NRG ENERGY INC.,US,LS POWER EQUITY ADVISORS LLC'S PORTFOLIO OF NATURAL GAS GENERATION FACILITIES AND A COMMERCIAL AND INDUSTRIAL VIRTUAL POWER PLANT (C&I VPP) PLATFORM,US,Acquisition 100%,Completed,"12,000,000.00",30.01.2026,100.00000,0.00000,100.00000,523910,221112,NRG,,12.05.2025,Shares,Unlisted,"2,800,000"
,,,,,,,,,,,,,,,,,,Liabilities,,"3,200,000"
,,,,,,,,,,,,,,,,,,Cash,,"6,400,000"
88.,2007262776,OCCIDENTAL PETROLEUM CORPORATION,US,CROWNROCK LP,US,Acquisition 100%,Completed,"12,000,000.00",01.08.2024,100.00000,0.00000,100.00000,213112,211120,OXY,,11.12.2023,Cash,Unlisted,n.a.
,,,,,,,,,,,,,,,,,,Liabilities,,"10,300,000"
,,,,,,,,,,,,,,,,,,Shares,,"1,700,000"
89.,1941504462,ICON US HOLDINGS INC.,US,PRA HEALTH SCIENCES INC.,US,Acquisition 100%,Completed,"12,000,000.00",01.07.2021,100.00000,0.00000,100.00000,541715,523920,,PRAH,24.02.2021,Cash Reserves,Delisted,n.a.
,,,,,,,,,,,,,,,,,,Cash,,"5,163,517"
,,,,,,,,,,,,,,,,,,Third party shares,,"5,554,396"
90.,1941463044,"PNC FINANCIAL SERVICES GROUP INC., THE",US,BBVA USA BANCSHARES INC.,US,Acquisition 100%,Completed,"11,600,000.00",01.06.2021,100.00000,0.00000,100.00000,522110,522110,PNC,CBSS,16.11.2020,Cash Reserves,Delisted,n.a.
,,,,,,,,,,,,,,,,,,Cash,,"11,600,000"
91.,1941666958,BERKSHIRE HATHAWAY INC.,US,ALLEGHANY CORPORATION,US,Acquisition 100%,Completed,"11,600,000.00",19.10.2022,100.00000,0.00000,100.00000,524126,523920,BRKB,Y,21.03.2022,Cash,Delisted,"11,600,000"
92.,1941140839,VIACOMCBS INC.,US,VIACOM INC.,US,Acquisition 100%,Completed,"11,570,377.00",04.12.2019,100.00000,0.00000,100.00000,512110,515120,PARA,VIAB,13.08.2019,Shares,Delisted,"11,570,377"
93.,1941594324,MERCK SHARP & DOHME CORPORATION,US,ACCELERON PHARMA INC.,US,Acquisition 100%,Completed,"11,500,000.00",19.11.2021,100.00000,0.00000,100.00000,541713,541713,MRK,XLRN,30.09.2021,Cash,Delisted,"11,500,000"
94.,2007744661,QUIKRETE HOLDINGS INC.,US,SUMMIT MATERIALS INC.,US,Acquisition 100%,Completed,"11,500,000.00",10.02.2025,100.00000,0.00000,100.00000,327320,327310,,SUM,24.11.2024,Liabilities,Delisted,n.a.
,,,,,,,,,,,,,,,,,,Cash,,"11,500,000"
,,,,,,,,,,,,,,,,,,Cash Reserves,,n.a.
95.,1939047314,PFIZER INC.,US,ARRAY BIOPHARMA INC.,US,Acquisition 100%,Completed,"11,400,000.00",30.07.2019,100.00000,0.00000,100.00000,541713,325412,PFE,ARRY,17.06.2019,Cash,Delisted,"11,400,000"
,,,,,,,,,,,,,,,,,,Cash Reserves,,n.a.
,,,,,,,,,,,,,,,,,,Liabilities,,n.a.
96.,1941454139,INSPIRE BRANDS INC.,US,DUNKIN' BRANDS GROUP INC.,US,Acquisition 100%,Completed,"11,300,000.00",15.12.2020,100.00000,0.00000,100.00000,722515,722511,,DNKN,30.10.2020,Cash,Delisted,"8,762,226"
,,,,,,,,,,,,,,,,,,Liabilities,,n.a.
97.,2007517194,FULTON BANK NATIONAL ASSOCIATION,US,FEDERAL DEPOSIT INSURANCE CORPORATION'S REPUBLIC FIRST BANCORP INC.'S ASSETS,US,Acquisition 100%,Completed,"11,300,000.00",26.04.2024,100.00000,0.00000,100.00000,522110,522110,,,26.04.2024,Liabilities,Unlisted,"5,300,000"
,,,,FEDERAL DEPOSIT INSURANCE CORPORATION'S REPUBLIC FIRST BANCORP INC.'S INVESTMENT INVESTMENT SECURITIES PORTFOLIO,US,,,,,100.00000,0.00000,100.00000,523110,,,,,,Unlisted,
98.,1941420443,INTERCONTINENTAL EXCHANGE INC.,US,ELLIE MAE INTERMEDIATE HOLDINGS I INC.,US,Acquisition 100%,Completed,"11,180,000.00",04.09.2020,100.00000,0.00000,100.00000,518210,523210,ICE,,06.08.2020,Cash,Unlisted,"9,250,000"
,,,,,,,,,,,,,,,,,,Liabilities,,n.a.
,,,,,,,,,,,,,,,,,,Shares,,"1,930,000"
99.,1941040317,WESTINGHOUSE AIR BRAKE TECHNOLOGIES CORPORATION,US,TRANSPORTATION SYSTEMS HOLDINGS INC.,US,Acquisition 100%,Completed,"11,100,000.00",25.02.2019,100.00000,0.00000,100.00000,551114,336390,WAB,,21.05.2018,Cash,Unlisted,n.a.
100.,2008294809,INTERNATIONAL BUSINESS MACHINES CORPORATION,US,CONFLUENT INC.,US,Acquisition 100%,Completed,"11,000,000.00",17.03.2026,100.00000,0.00000,100.00000,518210,443142,IBM,CFLT,08.12.2025,Liabilities,Delisted,n.a.
,,,,,,,,,,,,,,,,,,Cash,,"11,000,000"
,,,,,,,,,,,,,,,,,,Cash Reserves,,n.a.
101.,2007131317,EXTRA SPACE STORAGE INC.,US,LIFE STORAGE INC.,US,Acquisition 100%,Completed,"11,000,000.00",20.07.2023,100.00000,0.00000,100.00000,531130,531130,EXR,LSI,02.04.2023,Shares,Delisted,"36,000,000"
,,,,,,,,,,,,,,,,,,Liabilities,,"11,000,000"
102.,1941627459,CELANESE CORPORATION,US,DUPONT DE NEMOURS INC.’S MOBILITY AND MATERIALS UNIT,US,Acquisition unknown majority stake %,Completed,"11,000,000.00",01.11.2022,Unknown majority,0.00000,Unknown majority,325211,325199,CE,,18.02.2022,Cash,Unlisted,"11,000,000"
103.,1941599880,EMERSUB CX INC.,US,ASPEN TECHNOLOGY INC.,US,Acquisition 100%,Completed,"11,000,000.00",16.05.2022,100.00000,0.00000,100.00000,518210,518210,,AZPN,11.10.2021,Shares,Delisted,n.a.
,,,,,,,,,,,,,,,,,,Cash,,n.a.
104.,1941671948,SUNSHINE BIDCO INC.,US,SWITCH INC.,US,Acquisition 100%,Completed,"11,000,000.00",06.12.2022,100.00000,0.00000,100.00000,518210,551112,,SWCH,11.05.2022,Cash,Delisted,"11,000,000"
,,,,,,,,,,,,,,,,,,Liabilities,,n.a.
105.,1941497764,AURORA INNOVATION INC.,US,AURORA INNOVATION INC.(OLD),US,Acquisition 100%,Completed,"11,000,000.00",04.11.2021,100.00000,0.00000,100.00000,511210,511210,AUR,,14.07.2021,Cash assumed,Unlisted,"2,500,000"
,,,,,,,,,,,,,,,,,,Shares,,"11,000,000"
,,,,,,,,,,,,,,,,,,Liabilities,,n.a.
106.,2008288065,FIFTH THIRD BANCORP,US,COMERICA INC.,US,Acquisition 100%,Completed,"10,900,000.00",01.02.2026,100.00000,0.00000,100.00000,522110,522110,FITB,CMA,06.10.2025,Shares,Delisted,"10,900,000"
107.,2007137834,SPLASH MERGER SUB INC.,US,PROMETHEUS BIOSCIENCES INC.,US,Acquisition 100%,Completed,"10,800,000.00",16.06.2023,100.00000,0.00000,100.00000,541713,525990,,RXDX,15.04.2023,Cash,Delisted,"10,800,000"
108.,1941259164,BROADCOM INC.,US,SYMANTEC CORPORATION’S ENTERPRISE SECURITY BUSINESS ASSETS AND LIABILITIES,US,Acquisition 100%,Completed,"10,700,000.00",04.11.2019,100.00000,0.00000,100.00000,511210,334413,AVGO,,08.08.2019,Liabilities,Unlisted,n.a.
,,,,,,,,,,,,,,,,,,Cash,,"10,700,000"
109.,2007743130,SIEMENS INDUSTRY SOFTWARE INC.,US,ALTAIR ENGINEERING INC.,US,Acquisition 100%,Completed,"10,600,000.00",26.03.2025,100.00000,0.00000,100.00000,541511,518210,,ALTR,30.10.2024,Liabilities,Delisted,n.a.
110.,2007119011,JP MORGAN,US,FIRST REPUBLIC BANK'S ASSETS,US,Acquisition unknown majority stake %,Completed,"10,600,000.00",01.05.2023,Unknown majority,0.00000,Unknown majority,522110,523110,JPM,,01.05.2023,,Unlisted,n.a.
111.,2007076921,CVS PHARMACY INC.,US,OAK STREET HEALTH INC.,US,Acquisition 100%,Completed,"10,600,000.00",02.05.2023,100.00000,0.00000,100.00000,621111,446110,,,08.02.2023,Liabilities,Unlisted,n.a.
,,,,,,,,,,,,,,,,,,Cash,,"10,600,000"
112.,2007171413,NASDAQ INC.,US,ADENZA HOLDINGS INC.,US,Acquisition 100%,Completed,"10,500,000.00",01.11.2023,100.00000,0.00000,100.00000,511210,523210,NDAQ,,12.06.2023,Cash,Unlisted,"5,750,000"
,,,,,,,,,,,,,,,,,,Shares,,"4,750,000"
113.,2008036925,AMPHENOL CORPORATION,US,COMMSCOPE HOLDING COMPANY INC.'S CONNECTIVITY AND CABLE SOLUTIONS DIVISION,US,Acquisition 100%,Completed,"10,500,000.00",09.01.2026,100.00000,0.00000,100.00000,335921,334417,APH,,04.08.2025,Cash,Unlisted,"10,500,000"
,,,,,,,,,,,,,,,,,,Liabilities,,n.a.
114.,1941616356,AMERICAN TOWER CORPORATION,US,CORESITE REALTY CORPORATION,US,Acquisition 100%,Completed,"10,100,000.00",28.12.2021,100.00000,0.00000,100.00000,531120,531120,AMT,COR,15.11.2021,Liabilities,Delisted,n.a.
,,,,,,,,,,,,,,,,,,Cash,,n.a.
115.,2007363136,ABBVIE INC.,US,IMMUNOGEN INC.,US,Acquisition 100%,Completed,"10,100,000.00",12.02.2024,100.00000,0.00000,100.00000,541713,541713,ABBV,IMGN,30.11.2023,Cash,Delisted,"10,100,000"
116.,2008022752,BROWN & BROWN INC.,US,RSC TOPCO INC.,US,Acquisition 100%,Completed,"9,825,000.00",01.08.2025,100.00000,0.00000,100.00000,551112,524210,BRO,,10.06.2025,Shares,Unlisted,n.a.
,,,,,,,,,,,,,,,,,,Cash,,n.a.
117.,2008273154,BERKSHIRE HATHAWAY INC.,US,OCCIDENTAL CHEMICAL CORPORATION,US,Acquisition 100%,Completed,"9,700,000.00",02.01.2026,100.00000,0.00000,100.00000,325180,523920,BRKB,,02.10.2025,Cash,Unlisted,"9,700,000"
118.,1941449305,CONOCOPHILLIPS COMPANY,US,CONCHO RESOURCES INC.,US,Acquisition 100%,Completed,"9,700,000.00",15.01.2021,100.00000,0.00000,100.00000,211120,211120,COP,CXO,19.10.2020,Shares,Delisted,"9,700,000"
119.,1941551550,DANAHER CORPORATION,US,ALDEVRON LLC,US,Acquisition 100%,Completed,"9,600,000.00",30.08.2021,100.00000,0.00000,100.00000,325414,334510,DHR,,17.06.2021,Cash Reserves,Unlisted,n.a.
,,,,,,,,,,,,,,,,,,Liabilities,,n.a.
,,,,,,,,,,,,,,,,,,Cash,,"9,600,000"
120.,1941518000,HITACHI GLOBAL DIGITAL HOLDINGS CORPORATION,US,GLOBALLOGIC WORLDWIDE HOLDINGS INC.,US,Acquisition 100%,Completed,"9,600,000.00",13.07.2021,100.00000,0.00000,100.00000,541511,551112,,,31.03.2021,Cash,Unlisted,"8,500,000"
,,,,,,,,,,,,,,,,,,Liabilities,,"1,100,000"
121.,1941150729,DIAMOND SPORTS GROUP LLC,US,FOX SPORTS NET LLC,US,Acquisition 100%,Completed,"9,600,000.00",23.08.2019,100.00000,0.00000,100.00000,515120,515120,,,03.05.2019,Cash,Unlisted,"9,600,000"
122.,2008004922,AVENTIS INC.,US,BLUEPRINT MEDICINES CORPORATION,US,Acquisition 100%,Completed,"9,500,000.00",18.07.2025,100.00000,0.00000,100.00000,541713,325412,,BPMC,02.06.2025,Cash,Delisted,n.a.
,,,,,,,,,,,,,,,,,,Earn-out,,"400,000"
123.,1941590805,CONOCOPHILLIPS COMPANY,US,NEWCO,US,Acquisition 100%,Completed,"9,500,000.00",01.12.2021,100.00000,0.00000,100.00000,551114,211120,,,20.09.2021,Cash,Unlisted,"9,500,000"
124.,2008339443,THERMO FISHER SCIENTIFIC INC.,US,CLARIO HOLDINGS INC.,US,Acquisition 100%,Completed,"9,400,000.00",24.03.2026,100.00000,0.00000,100.00000,541713,334516,TMO,,29.10.2025,Cash Reserves,Unlisted,n.a.
,,,,,,,,,,,,,,,,,,Cash,,n.a.
,,,,,,,,,,,,,,,,,,Earn-out,,"400,000"
125.,2007910546,ROCKET COMPANIES INC.,US,MR COOPER GROUP INC.,US,Acquisition 100%,Completed,"9,400,000.00",01.10.2025,100.00000,0.00000,100.00000,524130,522310,RKT,COOP,31.03.2025,Shares,Delisted,"9,400,000"
126.,2007321456,SAINTS MD SUBSIDIARY INC.,US,SPIRIT REALTY CAPITAL INC.,US,Acquisition 100%,Completed,"9,300,000.00",23.01.2024,100.00000,0.00000,100.00000,531120,531120,,SRC,30.10.2023,Liabilities,Delisted,n.a.
,,,,,,,,,,,,,,,,,,Shares,,"9,300,000"
127.,2008385471,CAYMUS PURCHASER INC.,US,CIDARA THERAPEUTICS INC.,US,Acquisition 100%,Completed,"9,200,000.00",07.01.2026,100.00000,0.00000,100.00000,541713,551114,,CDTX,14.11.2025,Cash,Delisted,"9,200,000"
128.,2008378412,PFIZER INC.,US,METSERA INC.,US,Acquisition 100% - Withdrawn - Increased Bid,Completed,"9,081,499.00",13.11.2025,100.00000,0.00000,100.00000,541713,325412,PFE,MTSR,07.11.2025,Earn-out,Delisted,"2,174,295"
,,,,,,,,,,,,,,,,,,Cash,,"9,081,499"
129.,2007023375,VILLAGE PRACTICE MANAGEMENT COMPANY LLC,US,WP CITYMD TOPCO LLC,US,Acquisition 100%,Completed,"8,900,000.00",03.01.2023,100.00000,0.00000,100.00000,622110,621111,,,07.11.2022,Deferred payment,Unlisted,n.a.
,,,,,,,,,,,,,,,,,,Liabilities,,"1,900,000"
,,,,,,,,,,,,,,,,,,Cash Reserves,,n.a.
,,,,,,,,,,,,,,,,,,Shares,,"2,050,000"
,,,,,,,,,,,,,,,,,,Cash,,"4,950,000"
130.,1941412430,BOWX ACQUISITION CORPORATION,US,WEWORK INC. (OLD),US,Acquisition 100%,Completed,"8,800,000.00",20.10.2021,100.00000,0.00000,100.00000,531120,525990,WEWKQ,,26.03.2021,Shares,Unlisted,"6,553,000"
,,,,,,,,,,,,,,,,,,Liabilities,,"2,912,000"
,,,,,,,,,,,,,,,,,,Cash assumed,,"665,000"
131.,2008199148,LOWE'S COMPANIES INC.,US,FOUNDATION BUILDING MATERIALS INC.'S BUSINESS,US,Acquisition 100%,Completed,"8,800,000.00",09.10.2025,100.00000,0.00000,100.00000,332999,444110,LOW,,20.08.2025,Cash,Unlisted,"8,800,000"
132.,2007371739,ABBVIE INC.,US,CEREVEL THERAPEUTICS HOLDINGS INC.,US,Acquisition 100%,Completed,"8,700,000.00",01.08.2024,100.00000,0.00000,100.00000,541713,541713,ABBV,CERE,06.12.2023,Cash,Delisted,"8,700,000"
133.,2007139974,ALTUS MIDSTREAM COMPANY,US,BCP RAPTOR HOLDCO LP,US,Acquisition 100%,Completed,"8,653,000.00",22.02.2022,100.00000,0.00000,100.00000,211120,486210,KNTK,,21.10.2021,Shares,Unlisted,"8,653,000"
134.,2008121880,STEEL NEWCO INC.,US,SYNOVUS FINANCIAL CORPORATION,US,Acquisition 100%,Completed,"8,600,000.00",01.01.2026,100.00000,0.00000,100.00000,522110,551114,,SNV,24.07.2025,Shares,Delisted,"8,600,000"
135.,1941502168,GORES HOLDINGS V INC.,US,ARDAGH MP MERGECO INC.,US,Acquisition 100%,Completed,"8,500,000.00",04.08.2021,100.00000,0.00000,100.00000,525990,525990,GRSV,,23.02.2021,Liabilities,Unlisted,n.a.
,,,,,,,,,,,,,,,,,,Cash,,n.a.
,,,,,,,,,,,,,,,,,,Shares,,"600,000"
136.,1941070569,CENTERPOINT ENERGY INC.,US,VECTREN CORPORATION,US,Acquisition 100%,Completed,"8,481,622.00",01.02.2019,100.00000,0.00000,100.00000,221210,221210,CNP,VVC,23.04.2018,Cash,Delisted,"5,981,622"
,,,,,,,,,,,,,,,,,,Liabilities,,"2,500,000"
137.,1941477351,AMAZON.COM INC.,US,MGM HOLDINGS INC.,US,Acquisition 100%,Completed,"8,450,000.00",17.03.2022,100.00000,0.00000,100.00000,512110,454110,AMZN,,26.05.2021,,Unlisted,n.a.
138.,2007456528,"BOEING COMPANY, THE",US,SPIRIT AEROSYSTEMS HOLDINGS INC.,US,Acquisition 100%,Completed,"8,300,000.00",08.12.2025,100.00000,0.00000,100.00000,336412,336411,BA,SPR,01.07.2024,Shares,Delisted,n.a.
,,,,,,,,,,,,,,,,,,Liabilities,,n.a.
139.,2007678300,MARSH & MCLENNAN AGENCY LLC,US,TIH BLOCKER II INC.,US,Acquisition 100%,Completed,"8,250,000.00",15.11.2024,100.00000,0.00000,100.00000,524210,524210,,,30.09.2024,Cash,Unlisted,"7,750,000"
,,,,,,,,,,,,,,,,,,Cash Reserves,,n.a.
,,,,,,,,,,,,,,,,,,Liabilities,,"500,000"
140.,1941479578,TELEDYNE TECHNOLOGIES INC.,US,FLIR SYSTEMS INC.,US,Acquisition 100%,Completed,"8,200,000.00",14.05.2021,100.00000,0.00000,100.00000,333314,334419,TDY,FLIR,04.01.2021,Liabilities,Delisted,n.a.
,,,,,,,,,,,,,,,,,,Cash,,"4,000,000"
,,,,,,,,,,,,,,,,,,Shares,,"4,000,000"
141.,2008309044,RAYONIER INC.,US,POTLATCHDELTIC CORPORATION,US,Acquisition 100%,Completed,"8,200,000.00",30.01.2026,100.00000,0.00000,100.00000,531120,531120,RYN,PCH,14.10.2025,Liabilities,Delisted,n.a.
,,,,,,,,,,,,,,,,,,Shares,,n.a.
142.,1941695169,EMERSON ELECTRIC COMPANY,US,NATIONAL INSTRUMENTS CORPORATION,US,Acquisition increased from 2% to 100%,Completed,"8,200,000.00",11.10.2023,98.00000,2.00000,100.00000,334513,334513,EMR,NATI,12.04.2023,Cash,Delisted,"8,200,000"
,,,,,,,,,,,,,,,,,,Liabilities,,n.a.
,,,,,,,,,,,,,,,,,,Cash Reserves,,n.a.
143.,1941456027,MARVELL TECHNOLOGY INC.,US,INPHI CORPORATION,US,Acquisition 100%,Completed,"8,196,032.00",20.04.2021,100.00000,0.00000,100.00000,334413,334413,MRVL,IPHI,29.10.2020,Cash,Delisted,"3,427,386"
,,,,,,,,,,,,,,,,,,Shares,,"4,768,646"
,,,,,,,,,,,,,,,,,,Cash Reserves,,n.a.
144.,1941657271,NJ BOARDWALK HOLDINGS LLC,US,SOUTH JERSEY INDUSTRIES INC.,US,Acquisition 100%,Completed,"8,100,000.00",01.02.2023,100.00000,0.00000,100.00000,221210,523910,,SJI,24.02.2022,Cash,Delisted,"8,100,000"
,,,,,,,,,,,,,,,,,,Liabilities,,n.a.
145.,1941657982,HEALTHCARE TRUST OF AMERICA INC.,US,HEALTHCARE REALTY TRUST INC.,US,Acquisition 100%,Completed,"8,005,809.00",20.07.2022,100.00000,0.00000,100.00000,531190,531120,HR,HR6,28.02.2022,Cash,Delisted,"1,100,000"
,,,,,,,,,,,,,,,,,,Dividend,,"1,100,000"
,,,,,,,,,,,,,,,,,,Shares,,"6,905,809"
146.,2007503248,SALESFORCE INC.,US,INFORMATICA INC.,US,Acquisition 100%,Completed,"8,000,000.00",18.11.2025,100.00000,0.00000,100.00000,518210,518210,CRM,INFA,27.05.2025,Cash,Delisted,"8,000,000"
,,,,,,,,,,,,,,,,,,Liabilities,,n.a.
147.,2007326455,COPPER STEEL HOLDING COMPANY INC.,US,CEDAR FAIR LP,US,Merger 100%,Completed,"8,000,000.00",01.07.2024,100.00000,0.00000,100.00000,713110,331110,,FUN,02.11.2023,Shares,Delisted,"8,000,000"
,,,,SIX FLAGS ENTERTAINMENT CORPORATION,US,,,,,100.00000,0.00000,100.00000,713110,,,SIX,,Liabilities,Delisted,n.a.
148.,1941724156,CVS PHARMACY INC.,US,SIGNIFY HEALTH INC.,US,Acquisition 100%,Completed,"8,000,000.00",29.03.2023,100.00000,0.00000,100.00000,518210,446110,,SGFY,05.09.2022,Cash,Delisted,"8,000,000"
149.,1941591807,US BANCORP,US,MUFG UNION BANK NA,US,Acquisition 100%,Completed,"8,000,000.00",01.12.2022,100.00000,0.00000,100.00000,522110,522110,USB,,21.09.2021,Cash,Unlisted,"5,500,000"
,,,,,,,,,,,,,,,,,,Shares,,"2,500,000"
150.,1941476305,AMERICAN CONSOLIDATED NATURAL RESOURCES INC.,US,MURRAY ENERGY HOLDINGS COMPANY'S ASSETS,US,Acquisition 100%,Completed,"8,000,000.00",16.09.2020,100.00000,0.00000,100.00000,212111,212111,,,29.10.2019,Converted Debt,Unlisted,n.a.
151.,1941438882,SDG OPS LLC,US,GRAIL INC.,US,Acquisition increased from 14.5% to 100%,Completed,"8,000,000.00",18.08.2021,85.50000,14.50000,100.00000,541713,551112,,GRAL,21.09.2020,Cash Reserves,Listed,n.a.
,,,,,,,,,,,,,,,,,,Cash,,"3,500,000"
,,,,,,,,,,,,,,,,,,Third party shares,,"4,500,000"
152.,1941172578,ELI LILLY AND COMPANY,US,LOXO ONCOLOGY INC.,US,Acquisition 100%,Completed,"8,000,000.00",15.02.2019,100.00000,0.00000,100.00000,541713,325412,LLY,LOXO,05.01.2019,Cash,Delisted,"7,200,000"
,,,,,,,,,,,,,,,,,,Liabilities,,"800,000"
153.,1941153518,BUCKNELL MERGER SUBSIDIARY INC.,US,QUALTRICS LLC,US,Acquisition 100%,Completed,"8,000,000.00",23.01.2019,100.00000,0.00000,100.00000,518210,551112,,,11.11.2018,Cash,Unlisted,"8,000,000"
154.,1941463747,"HOME DEPOT INC., THE",US,HD SUPPLY HOLDINGS INC.,US,Acquisition 100%,Completed,"8,000,000.00",24.12.2020,100.00000,0.00000,100.00000,423830,444110,HD,HDS,16.11.2020,Cash,Delisted,"8,000,000"
,,,,,,,,,,,,,,,,,,Cash assumed,,n.a.
,,,,,,,,,,,,,,,,,,Liabilities,,n.a.
,,,,,,,,,,,,,,,,,,Cash Reserves,,n.a.
155.,1941527995,CAMECO CORPORATION,CA,WESTINGHOUSE ELECTRIC COMPANY LLC,US,Acquisition 100%,Completed,"7,875,000.00",07.11.2023,100.00000,0.00000,100.00000,424690,212291,CCO,,11.10.2022,Cash,Unlisted,n.a.
,,INSTITUTIONAL INVESTORS,,,,,,,,,,,,523910,,,,Shares,,n.a.
,,BROOKFIELD GLOBAL TRANSITION FUND I,US,,,,,,,,,,,525990,,,,Liabilities,,"3,375,000"
156.,1941343455,HALO MERGER SUB II LLC,US,CREDIT KARMA INC.,US,Acquisition 100%,Completed,"7,800,000.00",03.12.2020,100.00000,0.00000,100.00000,518210,518210,,,24.02.2020,Cash,Unlisted,"3,400,000"
,,,,,,,,,,,,,,,,,,Third party shares,,"4,700,000"
,,,,,,,,,,,,,,,,,,Deferred payment,,n.a.
157.,2008590531,GILEAD SCIENCES INC.,US,ARCELLX INC.,US,Acquisition 100%,Completed,"7,800,000.00",28.04.2026,100.00000,0.00000,100.00000,541713,325412,GILD,ACLX,23.02.2026,Earn-out,Listed,n.a.
,,,,,,,,,,,,,,,,,,Cash,,"7,800,000"
158.,2008221208,SERVICENOW INC.,US,ARMIS INC.,US,Acquisition 100%,Completed,"7,750,000.00",20.04.2026,100.00000,0.00000,100.00000,518210,518210,NOW,,23.12.2025,Cash Reserves,Unlisted,n.a.
,,,,,,,,,,,,,,,,,,Cash,,"7,750,000"
159.,1941229839,WESTERN MIDSTREAM PARTNERS LP,US,WESTERN MIDSTREAM OPERATING LP,US,Acquisition unknown stake %,Completed,"7,722,000.00",28.02.2019,Unknown %,Unknown %,98.00000,211120,211120,WES,WES,08.11.2018,Shares,Delisted,"7,722,000"
160.,1941681843,SEQUOIA PARENT LP,US,PS BUSINESS PARKS INC.,US,Acquisition 100%,Completed,"7,600,000.00",20.07.2022,100.00000,0.00000,100.00000,531120,551114,,PSB,25.04.2022,Cash,Delisted,"7,600,000"
161.,2007158316,CHEVRON CORPORATION,US,PDC ENERGY INC.,US,Acquisition 100%,Completed,"7,600,000.00",07.08.2023,100.00000,0.00000,100.00000,211120,211120,CVX,PDCE,21.05.2023,Liabilities,Delisted,"1,300,000"
,,,,,,,,,,,,,,,,,,Shares,,"6,300,000"
162.,1941451722,PEARL SECOND MERGER SUB LLC,US,PARSLEY ENERGY INC.,US,Acquisition 100%,Completed,"7,600,000.00",12.01.2021,100.00000,0.00000,100.00000,211120,211120,,PE,20.10.2020,Liabilities,Delisted,"3,100,000"
,,,,,,,,,,,,,,,,,,Third party shares,,"4,500,000"
163.,1941500980,M&T BANK CORPORATION,US,PEOPLE'S UNITED FINANCIAL INC.,US,Acquisition 100%,Completed,"7,518,439.00",02.04.2022,100.00000,0.00000,100.00000,522110,522110,MTB,PBCT,22.02.2021,Shares,Delisted,"7,518,439"
164.,1941438905,MICROSOFT CORPORATION,US,ZENIMAX MEDIA INC.,US,Acquisition 100%,Completed,"7,500,000.00",09.03.2021,100.00000,0.00000,100.00000,511210,541511,MSFT,,21.09.2020,Cash,Unlisted,"7,500,000"
165.,2007084856,XYLEM INC.,US,EVOQUA WATER TECHNOLOGIES CORPORATION,US,Acquisition 100%,Completed,"7,500,000.00",24.05.2023,100.00000,0.00000,100.00000,221310,221310,XYL,AQUA,22.01.2023,Shares,Delisted,"7,500,000"
,,,,,,,,,,,,,,,,,,Liabilities,,n.a.
166.,2008335738,HUNTINGTON BANCSHARES INC.,US,CADENCE BANK,US,Acquisition 100%,Completed,"7,400,000.00",02.02.2026,100.00000,0.00000,100.00000,522110,522110,HBAN,CADE,27.10.2025,Shares,Delisted,"7,400,000"
167.,1941540615,CABOT OIL & GAS CORPORATION,US,CIMAREX ENERGY COMPANY,US,Acquisition 100%,Completed,"7,351,544.00",01.10.2021,100.00000,0.00000,100.00000,211120,211120,CTRA,XEC,24.05.2021,Shares,Delisted,"7,351,544"
168.,2007417879,SUNOCO LP,US,NUSTAR ENERGY LP,US,Acquisition 100%,Completed,"7,300,000.00",03.05.2024,100.00000,0.00000,100.00000,486110,424720,SUN,NS,22.01.2024,Liabilities,Delisted,n.a.
,,,,,,,,,,,,,,,,,,Shares,,n.a.
169.,2007209102,BIOGEN INC.,US,REATA PHARMACEUTICALS INC.,US,Acquisition 100%,Completed,"7,300,000.00",26.09.2023,100.00000,0.00000,100.00000,325412,325412,BIIB,RETA,28.07.2023,Cash,Delisted,"7,300,000"
,,,,,,,,,,,,,,,,,,Liabilities,,n.a.
,,,,,,,,,,,,,,,,,,Cash Reserves,,n.a.
170.,1941436589,MONTES ARCHIMEDES ACQUISITION CORPORATION,US,RHINE MERGER SUB INC.,US,Acquisition 100%,Completed,"7,300,000.00",30.09.2021,100.00000,0.00000,100.00000,541713,525990,MAACU,,03.05.2021,Third party shares,Unlisted,"7,300,000"
171.,2007847498,EMERSON ELECTRIC COMPANY,US,ASPEN TECHNOLOGY INC.,US,Acquisition increased from 57% to 100%,Completed,"7,213,988.00",12.03.2025,43.00000,57.00000,100.00000,511210,334513,EMR,AZPN,27.01.2025,Cash Reserves,Delisted,n.a.
,,,,,,,,,,,,,,,,,,Cash,,"7,213,988"
172.,2007556140,WASTE MANAGEMENT INC.,US,STERICYCLE INC.,US,Acquisition 100%,Completed,"7,200,000.00",04.11.2024,100.00000,0.00000,100.00000,562211,562219,WM,SRCL,03.06.2024,Cash,Delisted,"7,200,000"
,,,,,,,,,,,,,,,,,,Liabilities,,"1,400,000"
173.,1941514331,SYNNEX CORPORATION,US,TIGER PARENT (AP) CORPORATION,US,Acquisition 100%,Completed,"7,200,000.00",01.09.2021,100.00000,0.00000,100.00000,423430,423430,SNX,,22.03.2021,Liabilities,Unlisted,n.a.
,,,,,,,,,,,,,,,,,,Shares,,"4,540,800"
,,,,,,,,,,,,,,,,,,Cash,,"1,610,000"
174.,1941499068,ENERGY TRANSFER LP,US,ENABLE MIDSTREAM PARTNERS LP,US,Acquisition 100%,Completed,"7,200,000.00",02.12.2021,100.00000,0.00000,100.00000,486210,486210,ET,ENBL,17.02.2021,Shares,Delisted,"7,200,000"
175.,1941152135,ANTERO MIDSTREAM GP LP,US,ANTERO MIDSTREAM PARTNERS LP,US,Acquisition 100%,Completed,"7,200,000.00",12.03.2019,100.00000,Unknown %,100.00000,486210,211120,AM,AM,09.10.2018,Liabilities,Delisted,n.a.
,,,,,,,,,,,,,,,,,,Cash,,"598,000"
,,,,,,,,,,,,,,,,,,Shares,,"188,100"
176.,1941143890,NEXSTAR MEDIA GROUP INC.,US,TRIBUNE MEDIA COMPANY,US,Acquisition 100%,Completed,"7,200,000.00",19.09.2019,100.00000,0.00000,100.00000,515120,515120,NXST,TRCO,03.12.2018,Liabilities,Delisted,n.a.
,,,,,,,,,,,,,,,,,,Cash,,n.a.
177.,2007833015,EMERSON ELECTRIC COMPANY,US,ASPEN TECHNOLOGY INC.,US,Acquisition increased from 57.4% to 100%,Completed,"7,200,000.00",12.03.2025,42.60000,57.40000,100.00000,518210,334513,EMR,,27.01.2025,Cash,Unlisted,"7,200,000"
,,,,,,,,,,,,,,,,,,Cash Reserves,,n.a.
178.,2007231717,PACHYDERM MERGER SUB LLC,US,CRESTWOOD EQUITY PARTNERS LP,US,Acquisition 100%,Completed,"7,100,000.00",03.11.2023,100.00000,0.00000,100.00000,424720,525990,,CEQP,16.08.2023,Liabilities,Delisted,"3,300,000"
,,,,,,,,,,,,,,,,,,Shares,,"7,100,000"
179.,1941489746,JAGUAR PARENTCO INC.,US,PERSPECTA INC.,US,Acquisition increased from 14.5% to 100%,Completed,"7,100,000.00",06.05.2021,85.50000,14.50000,100.00000,541512,551112,,PRSP,27.01.2021,Cash,Delisted,"7,100,000"
180.,1941497575,II-VI INC.,US,COHERENT INC.,US,Acquisition 100%,Completed,"7,017,237.00",01.07.2022,100.00000,0.00000,100.00000,334510,333314,COHR,COHR,25.03.2021,Liabilities,Delisted,"142,086"
,,,,,,,,,,,,,,,,,,Shares,,"1,496,445"
,,,,,,,,,,,,,,,,,,Cash Reserves,,n.a.
,,,,,,,,,,,,,,,,,,Cash,,"5,378,705"
181.,1941737464,CENTENNIAL RESOURCE PRODUCTION LLC,US,COLGATE ENERGY PARTNERS III LLC,US,Acquisition 100%,Completed,"7,000,000.00",01.09.2022,100.00000,0.00000,100.00000,211120,211120,,,19.05.2022,Shares,Unlisted,"5,075,000"
,,,,,,,,,,,,,,,,,,Cash,,"525,000"
,,,,,,,,,,,,,,,,,,Liabilities,,"1,400,000"
,,,,,,,,,,,,,,,,,,Cash Reserves,,n.a.
182.,1941460332,GIBRALTAR ACQUISITION HOLDINGS LLC,US,WR GRACE & COMPANY,US,Acquisition 100%,Completed,"7,000,000.00",22.09.2021,100.00000,0.00000,100.00000,325998,325998,,GRA,26.04.2021,Cash,Delisted,"7,000,000"
183.,1941446859,MORGAN STANLEY,US,EATON VANCE CORPORATION,US,Acquisition 100%,Completed,"7,000,000.00",01.03.2021,100.00000,0.00000,100.00000,523920,523110,MS,EV,08.10.2020,Cash,Delisted,"3,500,000"
,,,,,,,,,,,,,,,,,,Shares,,"3,500,000"
184.,1941435878,VERIZON COMMUNICATIONS INC.,US,TRACFONE WIRELESS INC.,US,Acquisition 100%,Completed,"6,900,000.00",23.11.2021,100.00000,0.00000,100.00000,517312,517919,VZ,,14.09.2020,Deferred payment,Unlisted,n.a.
,,,,,,,,,,,,,,,,,,Shares,,"3,125,000"
,,,,,,,,,,,,,,,,,,Cash,,"3,775,000"
,,,,,,,,,,,,,,,,,,Earn-out,,"500,000"
185.,2007008634,RWE RENEWABLES AMERICAS LLC,US,CON EDISON CLEAN ENERGY BUSINESSES INC.,US,Acquisition 100%,Completed,"6,800,000.00",01.03.2023,100.00000,0.00000,100.00000,221118,221114,,,01.10.2022,Liabilities,Unlisted,n.a.
186.,1941228470,3M COMPANY,US,ACELITY INC.,US,Acquisition 100%,Completed,"6,725,000.00",11.10.2019,100.00000,0.00000,100.00000,339112,339999,MMM,,02.05.2019,Liabilities,Unlisted,n.a.
,,,,,,,,,,,,,,,,,,Cash,,"4,445,000"
,,,,,,,,,,,,,,,,,,Cash Reserves,,n.a.
187.,1941629787,RENTOKIL INITIAL US HOLDINGS INC.,US,TERMINIX GLOBAL HOLDINGS INC.,US,Acquisition 100%,Completed,"6,700,000.00",12.10.2022,100.00000,0.00000,100.00000,561710,523910,,TMX,14.12.2021,Cash,Delisted,"1,300,000"
,,,,,,,,,,,,,,,,,,Liabilities,,n.a.
,,,,,,,,,,,,,,,,,,Shares,,"5,288,487"
188.,2007782173,NOVOLEX HOLDINGS LLC,US,PACTIV EVERGREEN INC.,US,Acquisition 100%,Completed,"6,700,000.00",01.04.2025,100.00000,0.00000,100.00000,322220,326112,,PTVE,09.12.2024,Cash,Delisted,"6,700,000"
,,,,,,,,,,,,,,,,,,Liabilities,,n.a.
189.,1941629839,PFIZER INC.,US,ARENA PHARMACEUTICALS INC.,US,Acquisition 100%,Completed,"6,700,000.00",11.03.2022,100.00000,0.00000,100.00000,325412,325412,PFE,ARNA,13.12.2021,Cash,Delisted,"6,700,000"
,,,,,,,,,,,,,,,,,,Cash Reserves,,n.a.
190.,2007252698,ENBRIDGE ELEPHANT HOLDINGS LLC,US,"EAST OHIO GAS COMPANY, THE",US,Acquisition 100%,Completed,"6,600,000.00",06.03.2024,100.00000,0.00000,100.00000,221210,486110,,,05.09.2023,Cash,Unlisted,"4,300,000"
,,,,,,,,,,,,,,,,,,Liabilities,,"2,300,000"
191.,2007089789,WPF HOLDINGS INC.,US,VEZBI INC.,US,Acquisition 87%,Completed,"6,579,542.00",28.04.2023,87.00000,0.00000,87.00000,511210,511210,,,30.01.2023,Shares,Unlisted,"6,579,542"
192.,1941425351,JOHNSON & JOHNSON,US,MOMENTA PHARMACEUTICALS INC.,US,Acquisition 100%,Completed,"6,500,000.00",01.10.2020,100.00000,0.00000,100.00000,541713,325412,JNJ,MNTA,19.08.2020,Cash,Delisted,"6,500,000"
193.,1941601026,COLUMBIA BANKING SYSTEM INC.,US,UMPQUA HOLDINGS CORPORATION,US,Acquisition 100%,Completed,"6,500,000.00",01.03.2023,100.00000,0.00000,100.00000,522110,522110,COLB,UMPQ,12.10.2021,Shares,Delisted,"6,500,000"
194.,1941544263,OLD NATIONAL BANCORP,US,FIRST MIDWEST BANCORP INC.,US,Acquisition 100%,Completed,"6,500,000.00",16.02.2022,100.00000,0.00000,100.00000,522110,522110,ONB,FMBI,01.06.2021,Shares,Delisted,"6,500,000"
195.,1941340652,FRANKLIN RESOURCES INC.,US,LEGG MASON INC.,US,Acquisition 100%,Completed,"6,500,000.00",31.07.2020,100.00000,0.00000,100.00000,523920,523920,BEN,LM,18.02.2020,Liabilities,Delisted,"2,000,000"
,,,,,,,,,,,,,,,,,,Cash,,"4,500,000"
196.,2007919822,OPENAI GLOBAL LLC,US,IO PRODUCTS INC.,US,Acquisition 100%,Completed,"6,500,000.00",09.07.2025,100.00000,0.00000,100.00000,518210,541511,,,22.05.2025,,Unlisted,n.a.
197.,2007471919,INTERNATIONAL BUSINESS MACHINES CORPORATION,US,HASHICORP INC.,US,Acquisition 100%,Completed,"6,400,000.00",27.02.2025,100.00000,0.00000,100.00000,518210,443142,IBM,HCP,24.04.2024,Cash Reserves,Delisted,n.a.
,,,,,,,,,,,,,,,,,,Liabilities,,n.a.
,,,,,,,,,,,,,,,,,,Cash,,"6,400,000"
198.,1941263599,NEW YORK LIFE INSURANCE COMPANY,US,CIGNA CORPORATION'S GROUP LIFE AND DISABILITY INSURANCE BUSINESS,US,Acquisition 100%,Completed,"6,300,000.00",31.12.2020,100.00000,0.00000,100.00000,524114,524210,,,18.12.2019,Cash,Unlisted,"6,300,000"
199.,2007679473,NORSE HOLDINGS INC.,US,NORDSTROM INC.,US,Acquisition increased from 43% to 100%,Completed,"6,250,000.00",20.05.2025,57.00000,43.00000,100.00000,448120,551114,,JWN,23.12.2024,Cash,Delisted,"6,250,000"
,,,,,,,,,,,,,,,,,,Cash Reserves,,n.a.
200.,1943226768,IMOLA ACQUISITION CORPORATION,US,GCL INVESTMENT MANAGEMENT INC.,US,Acquisition 100%,Completed,"6,225,000.00",02.07.2021,100.00000,0.00000,100.00000,523920,525990,,,10.12.2020,Earn-out,Unlisted,"325,000"
,,,,,,,,,,,,,,,,,,Cash,,"6,225,000"
201.,1941665565,KASEYA HOLDINGS INC.,US,DATTO HOLDING CORPORATION,US,Acquisition 100%,Completed,"6,200,000.00",23.06.2022,100.00000,0.00000,100.00000,518210,511210,,MSP,11.04.2022,Cash,Delisted,"6,200,000"
202.,2008196919,NEXSTAR MEDIA GROUP INC.,US,TEGNA INC.,US,Merger 100%,Completed,"6,200,000.00",19.03.2026,100.00000,0.00000,100.00000,515120,515120,NXST,TGNA,19.08.2025,Cash,Delisted,"6,200,000"
,,,,,,,,,,,,,,,,,,Liabilities,,n.a.
203.,1941532535,PIONEER NATURAL RESOURCES USA INC.,US,DOUBLE EAGLE III MIDCO 1 LLC,US,Acquisition 100%,Completed,"6,200,000.00",04.05.2021,100.00000,0.00000,100.00000,551114,211120,,,01.04.2021,Liabilities,Unlisted,"890,000"
,,,,,,,,,,,,,,,,,,Cash,,"1,000,000"
,,,,,,,,,,,,,,,,,,Cash Reserves,,n.a.
,,,,,,,,,,,,,,,,,,Third party shares,,"4,310"
204.,2007651455,SIXTH STREET PARTNERS LLC,US,HENLEY LP,US,Acquisition unknown majority stake %,Completed,"6,100,000.00",19.08.2025,Unknown majority,0.00000,Unknown majority,711211,523920,,HYNLZ,20.03.2025,,Delisted,n.a.
,,UNDISCLOSED ACQUIRORS,,,,,,,,,,,,551114,,,,,,
,,BILL CHISHOLM,US,,,,,,,,,,,525920,,,,,,
,,WILLIAM CHISHOLM,US,,,,,,,,,,,525920,,,,,,
,,MR ROB HALE,US,,,,,,,,,,,525920,,,,,,
,,BRUCE A BEAL JR,US,,,,,,,,,,,525920,,,,,,
,,ADITYA MITTAL,IN,,,,,,,,,,,525920,,,,,,
205.,2007035666,BRISTOL-MYERS SQUIBB COMPANY,US,MIRATI THERAPEUTICS INC.,US,Acquisition 100%,Completed,"5,800,000.00",23.01.2024,100.00000,0.00000,100.00000,541713,325412,BMY,MRTX,08.10.2023,Earn-out,Delisted,"1,000,000"
,,,,,,,,,,,,,,,,,,Cash,,"5,800,000"
206.,1941654140,PIKE MERGER SUB I LLC,US,PREFERRED APARTMENT COMMUNITIES INC.,US,Acquisition 100%,Completed,"5,800,000.00",23.06.2022,100.00000,0.00000,100.00000,531110,523910,,APTS,16.02.2022,Cash,Delisted,"5,800,000"
207.,1941180356,ETHICON INC.,US,AURIS HEALTH INC.,US,Acquisition 100%,Completed,"5,750,000.00",01.04.2019,100.00000,0.00000,100.00000,541715,339112,,,13.02.2019,Cash,Unlisted,n.a.
,,,,,,,,,,,,,,,,,,Earn-out,,"2,350,000"
208.,2007799959,FORGED FIBER 37 LLC,US,LUMEN TECHNOLOGIES INC.'S MASS MARKETS FIBER-TO-THE-HOME BUSINESS,US,Acquisition 100%,Completed,"5,750,000.00",02.02.2026,100.00000,0.00000,100.00000,517311,551114,,,21.05.2025,Cash,Unlisted,"5,750,000"
209.,1941226217,DASSAULT SYSTEMES AMERICAS CORPORATION,US,MEDIDATA SOLUTIONS INC.,US,Acquisition 100%,Completed,"5,743,500.00",28.10.2019,100.00000,0.00000,100.00000,518210,511210,,MDSO,12.06.2019,Liabilities,Delisted,n.a.
,,,,,,,,,,,,,,,,,,Cash,,"5,743,500"
210.,1941629864,ENTEGRIS INC.,US,CMC MATERIALS INC.,US,Acquisition 100%,Completed,"5,700,000.00",06.07.2022,100.00000,0.00000,100.00000,325998,334513,ENTG,CCMP,15.12.2021,Cash Reserves,Delisted,n.a.
,,,,,,,,,,,,,,,,,,Cash,,"3,800,000"
,,,,,,,,,,,,,,,,,,Liabilities,,"900,000"
,,,,,,,,,,,,,,,,,,Shares,,"800,000"
,,,,,,,,,,,,,,,,,,Cash assumed,,"200,000"
211.,1941529360,HUMANA INC.,US,"KINDRED HEALTHCARE LLC'S HOME HEALTH, HOSPICE AND COMMUNITY CARE BUSINESSES",US,Acquisition increased from 40% to 100%,Completed,"5,700,000.00",17.08.2021,60.00000,40.00000,100.00000,621610,524114,HUM,,27.04.2021,Cash Reserves,Unlisted,n.a.
,,,,,,,,,,,,,,,,,,Cash,,"5,700,000"
212.,2007848512,EOG RESOURCES INC.,US,ENCINO ACQUISITION PARTNERS LLC,US,Acquisition 100%,Completed,"5,684,000.00",01.08.2025,100.00000,0.00000,100.00000,211120,211120,EOG,,30.05.2025,Cash Reserves,Unlisted,n.a.
,,,,,,,,,,,,,,,,,,Cash,,"4,484,000"
,,,,,,,,,,,,,,,,,,Liabilities,,"1,200,000"
213.,1941408867,CHURCHILL CAPITAL CORPORATION III,US,POLARIS PARENT CORPORATION,US,Acquisition 100%,Completed,"5,678,000.00",08.10.2020,100.00000,0.00000,100.00000,518210,525990,CTEV,,12.07.2020,Cash,Unlisted,"1,521,000"
,,,,,,,,,,,,,,,,,,Shares,,"4,157,000"
214.,2007626733,"JM SMUCKER COMPANY, THE",US,HOSTESS BRANDS INC.,US,Acquisition 100%,Completed,"5,600,000.00",07.11.2023,100.00000,0.00000,100.00000,311812,311999,SJM,TWNK,11.09.2023,Liabilities,Delisted,"1,049,558"
,,,,,,,,,,,,,,,,,,Cash,,"3,985,789"
,,,,,,,,,,,,,,,,,,Shares,,"564,653"
,,,,,,,,,,,,,,,,,,Cash Reserves,,n.a.
215.,2007243382,"JM SMUCKER COMPANY, THE",US,HOSTESS BRANDS INC.,US,Acquisition 100%,Completed,"5,600,000.00",07.11.2023,100.00000,0.00000,100.00000,311812,311999,SJM,TWNK,11.09.2023,Cash,Delisted,"3,985,789"
,,,,,,,,,,,,,,,,,,Shares,,"564,653"
,,,,,,,,,,,,,,,,,,Liabilities,,"1,049,558"
,,,,,,,,,,,,,,,,,,Cash Reserves,,n.a.
216.,1941608999,"COCA-COLA COMPANY, THE",US,BA SPORTS NUTRITION LLC,US,Acquisition increased from 15% to 100%,Completed,"5,600,000.00",01.11.2021,85.00000,15.00000,100.00000,312111,312111,KO,,01.11.2021,Cash,Unlisted,"5,600,000"
,,,,,,,,,,,,,,,,,,Cash Reserves,,n.a.
217.,1941265734,HILCORP ALASKA LLC,US,BP EXPLORATION (ALASKA) INC.,US,Acquisition unknown%,Completed,"5,600,000.00",18.12.2020,100.00000,0.00000,100.00000,211120,213112,,,27.08.2019,Earn-out,Unlisted,"1,600,000"
,,,,ALYESKA PIPELINE SERVICE COMPANY,US,,,,,Unknown %,Unknown %,Unknown %,486110,,,,,,Unlisted,
,,,,POINT THOMSON EXPORT PIPELINE,US,,,,,50.00000,0.00000,50.00000,486110,,,,,,Unlisted,
,,,,MILNE POINT PIPELINE LLC,US,,,,,Unknown %,Unknown %,Unknown %,486110,,,,,,Unlisted,
,,,,PRINCE WILLIAM SOUND OIL SPILL RESPONSE CORPORATION,US,,,,,Unknown %,Unknown %,Unknown %,486110,,,,,,Unlisted,
218.,1941457528,REINVENT TECHNOLOGY PARTNERS Z,US,HIPPO ENTERPRISES INC.,US,Acquisition 100%,Completed,"5,522,000.00",02.08.2021,100.00000,0.00000,100.00000,524210,525990,HIPO,,04.03.2021,Cash,Unlisted,n.a.
,,,,,,,,,,,,,,,,,,Shares,,n.a.
,,,,,,,,,,,,,,,,,,Earn-out,,n.a.
219.,2008094462,"HOME DEPOT INC., THE",US,GMS INC.,US,Acquisition 100%,Completed,"5,500,000.00",04.09.2025,100.00000,0.00000,100.00000,423390,444110,HD,GMS,30.06.2025,Cash,Delisted,"5,500,000"
,,,,,,,,,,,,,,,,,,Liabilities,,n.a.
,,,,,,,,,,,,,,,,,,Cash Reserves,,n.a.
220.,2007175147,BAE SYSTEMS INC.,US,BALL AEROSPACE SYSTEMS,US,Acquisition 100%,Completed,"5,500,000.00",16.02.2024,100.00000,0.00000,100.00000,336413,336992,,,17.07.2023,Cash,Unlisted,n.a.
,,,,,,,,,,,,,,,,,,Cash Reserves,,n.a.
221.,2007172214,PATTERSON-UTI ENERGY INC.,US,NEXTIER OILFIELD SOLUTIONS INC.,US,Acquisition 100%,Completed,"5,400,000.00",01.09.2023,100.00000,0.00000,100.00000,213111,213111,PTEN,NEX,15.06.2023,Liabilities,Delisted,n.a.
,,,,,,,,,,,,,,,,,,Shares,,"5,400,000"
222.,1941725353,PFIZER INC.,US,GLOBAL BLOOD THERAPEUTICS INC.,US,Acquisition 100%,Completed,"5,400,000.00",04.10.2022,100.00000,0.00000,100.00000,541713,325412,PFE,GBT,07.08.2022,Liabilities,Delisted,"941,000"
,,,,,,,,,,,,,,,,,,Cash,,"4,459,000"
,,,,,,,,,,,,,,,,,,Cash Reserves,,n.a.
223.,1941651038,GOOGLE LLC,US,MANDIANT INC.,US,Acquisition 100%,Completed,"5,400,000.00",12.09.2022,100.00000,0.00000,100.00000,518210,519130,GOOGL,MNDT,08.03.2022,Cash assumed,Delisted,n.a.
,,,,,,,,,,,,,,,,,,Cash,,n.a.
224.,1941214620,UGI CORPORATION,US,AMERIGAS PARTNERS LP,US,Acquisition increased from 26% to 100%,Completed,"5,400,000.00",21.08.2019,74.00000,26.00000,100.00000,454310,221210,UGI,APU,01.04.2019,Cash,Delisted,"527,996"
,,,,,,,,,,,,,,,,,,Shares,,"1,917,532"
,,,,,,,,,,,,,,,,,,Liabilities,,n.a.
225.,1941671216,UNITEDHEALTH GROUP INC.,US,LHC GROUP INC.,US,Acquisition 100%,Completed,"5,386,043.00",22.02.2023,100.00000,0.00000,100.00000,621610,524114,UNH,LHCG,29.03.2022,Cash,Delisted,"5,386,043"
226.,1941292018,ROPER TECHNOLOGIES INC.,US,VERTAFORE INC.,US,Acquisition 100%,Completed,"5,350,000.00",03.09.2020,100.00000,0.00000,100.00000,518210,333914,ROP,ROP,13.08.2020,Cash Reserves,Listed,n.a.
,,,,,,,,,,,,,,,,,,Cash,,"5,350,000"
227.,1941439931,NEOGEN CORPORATION,US,GARDEN SPINCO CORPORATION,US,Acquisition 100%,Completed,"5,341,000.00",01.09.2022,100.00000,0.00000,100.00000,541380,325413,NEOG,,14.12.2021,Liabilities,Unlisted,"1,000,000"
,,,,,,,,,,,,,,,,,,Shares,,"4,341,000"
228.,1941567490,PERKINELMER INC.,US,BIOLEGEND INC.,US,Acquisition 100%,Completed,"5,250,000.00",17.09.2021,100.00000,0.00000,100.00000,541713,334516,RVTY,,26.07.2021,Cash,Unlisted,n.a.
,,,,,,,,,,,,,,,,,,Shares,,n.a.
229.,1941514005,PPL ENERGY HOLDINGS LLC,US,"NARRAGANSETT ELECTRIC COMPANY, THE",US,Acquisition 100%,Completed,"5,218,000.00",25.05.2022,100.00000,0.00000,100.00000,221122,221118,,,18.03.2021,Cash,Unlisted,"3,770,000"
,,,,,,,,,,,,,,,,,,Dividend,,"52,000"
,,,,,,,,,,,,,,,,,,Liabilities,,"1,396,000"
230.,1941170650,TRANSFORM HOLDCO LLC,US,SEARS HOLDINGS CORPORATION'S ASSETS,US,Acquisition 100%,Completed,"5,200,000.00",11.02.2019,100.00000,0.00000,100.00000,452210,452210,,,11.02.2019,Converted Debt,Unlisted,n.a.
231.,2007044244,NRG ENERGY INC.,US,VIVINT SMART HOME INC.,US,Acquisition 100%,Completed,"5,200,000.00",10.03.2023,100.00000,0.00000,100.00000,561621,221112,NRG,,06.12.2022,Shares,Unlisted,n.a.
,,,,,,,,,,,,,,,,,,Cash,,"2,800,000"
232.,1941244287,CONYERS PARK II ACQUISITION CORPORATION,US,ADVANTAGE SOLUTIONS INC. (OLD),US,Acquisition 100%,Completed,"5,200,000.00",28.10.2020,100.00000,0.00000,100.00000,541613,525990,ADV,,08.09.2020,Cash,Unlisted,"450,000"
,,,,,,,,,,,,,,,,,,Liabilities,,n.a.
,,,,,,,,,,,,,,,,,,Shares,,"2,271,200"
,,,,,,,,,,,,,,,,,,Cash Reserves,,n.a.
233.,2008534931,CAPITAL ONE FINANCIAL CORPORATION,US,BREX INC.,US,Acquisition 100%,Completed,"5,150,000.00",07.04.2026,100.00000,0.00000,100.00000,518210,522110,COF,,22.01.2026,Cash,Unlisted,"2,750,000"
,,,,,,,,,,,,,,,,,,Shares,,"2,400,000"
234.,1941525982,WEBSTER FINANCIAL CORPORATION,US,STERLING BANCORP,US,Acquisition 100%,Completed,"5,115,048.00",01.02.2022,100.00000,0.00000,100.00000,522110,522110,WBS,STL,19.04.2021,Shares,Delisted,"5,115,048"
235.,1941272445,ENERGY TRANSFER LP,US,SEMGROUP CORPORATION,US,Acquisition 100%,Completed,"5,100,000.00",05.12.2019,100.00000,0.00000,100.00000,486110,486210,ET,SEMG,16.09.2019,Cash,Delisted,"2,040,000"
,,,,,,,,,,,,,,,,,,Shares,,"3,060,000"
,,,,,,,,,,,,,,,,,,Liabilities,,n.a.
236.,2007607425,WPX ENERGY WILLISTON LLC,US,GRAYSON MILL INTERMEDIATE HOLDCO II LLC,US,Acquisition 100%,Completed,"5,000,000.00",27.09.2024,100.00000,0.00000,100.00000,551114,211120,,,08.07.2024,Shares,Unlisted,"1,750,000"
,,,,GRAYSON MILL INTERMEDIATE HOLDCO III LLC,US,,,,,100.00000,0.00000,100.00000,551114,,,,,Cash,Unlisted,"3,250,000"
237.,2008043444,CASA DEL FUEGO FAMILY OFFICE AND TRUST LLC,US,DIGITAL GLOBAL SYSTEMS INC.,US,Acquisition 100%,Completed,"5,000,000.00",23.06.2025,100.00000,0.00000,100.00000,518210,523920,,,23.06.2025,,Unlisted,n.a.
238.,2007838642,MOTOROLA SOLUTIONS INC.,US,SILVUS TECHNOLOGIES HOLDINGS INC.,US,Acquisition 100%,Completed,"5,000,000.00",06.08.2025,100.00000,0.00000,100.00000,334220,334210,MSI,,21.05.2025,Cash,Unlisted,n.a.
,,,,,,,,,,,,,,,,,,Earn-out,,"600,000"
,,,,,,,,,,,,,,,,,,Shares,,n.a.
239.,2007150869,TEMPUR SEALY INTERNATIONAL INC.,US,MATTRESS FIRM GROUP INC.,US,Acquisition 100%,Completed,"5,000,000.00",05.02.2025,100.00000,0.00000,100.00000,442110,337910,SGI,,09.05.2023,Shares,Unlisted,"2,232,000"
,,,,,,,,,,,,,,,,,,Cash,,"2,700,000"
240.,1941487281,REINVENT TECHNOLOGY PARTNERS,US,JOBY AERO INC.,US,Acquisition 100%,Completed,"5,000,000.00",10.08.2021,100.00000,0.00000,100.00000,336411,525990,JOBY,,24.02.2021,Shares,Unlisted,"5,000,000"
241.,2007134259,HONEYWELL INTERNATIONAL INC.,US,GLOBAL ACCESS SOLUTIONS,US,Acquisition 100%,Completed,"4,950,000.00",03.06.2024,100.00000,0.00000,100.00000,333415,336413,HON,,08.12.2023,Liabilities,Unlisted,n.a.
,,,,,,,,,,,,,,,,,,Cash,,"4,950,000"
242.,2007812130,STRYKER CORPORATION,US,INARI MEDICAL INC.,US,Acquisition 100%,Completed,"4,900,000.00",19.02.2025,100.00000,0.00000,100.00000,339112,339113,SYK,NARI,06.01.2025,Cash,Delisted,"4,900,000"
243.,2007659853,ADVANCED MICRO DEVICES INC.,US,ZT GROUP INTERNATIONAL INC.,US,Acquisition 100%,Completed,"4,900,000.00",31.03.2025,100.00000,0.00000,100.00000,334118,334413,AMD,,19.08.2024,Shares,Unlisted,"1,225,000"
,,,,,,,,,,,,,,,,,,Cash,,"3,675,000"
,,,,,,,,,,,,,,,,,,Earn-out,,"400,000"
244.,2007084849,EXXON MOBIL CORPORATION,US,DENBURY INC.,US,Acquisition 100%,Completed,"4,900,000.00",02.11.2023,100.00000,0.00000,100.00000,211120,211120,XOM,DNR,13.07.2023,Shares,Delisted,"4,900,000"
245.,1941346200,GILEAD SCIENCES INC.,US,FORTY SEVEN INC.,US,Acquisition 100%,Completed,"4,900,000.00",07.04.2020,100.00000,0.00000,100.00000,541713,325412,GILD,FTSV,01.03.2020,Cash,Delisted,"4,900,000"
246.,2007414517,SH RESIDENTIAL HOLDINGS LLC,US,MDC HOLDINGS INC.,US,Acquisition 100%,Completed,"4,900,000.00",19.04.2024,100.00000,0.00000,100.00000,522310,551114,,MDC,18.01.2024,Cash,Delisted,"4,900,000"
247.,2007019788,REGAL REXNORD CORPORATION,US,ALTRA INDUSTRIAL MOTION CORPORATION,US,Acquisition 100%,Completed,"4,894,120.00",27.03.2023,100.00000,0.00000,100.00000,335311,334513,RRX,AIMC,27.10.2022,Cash,Delisted,"4,034,120"
,,,,,,,,,,,,,,,,,,Liabilities,,"860,000"
248.,2008479724,BIOMARIN PHARMACEUTICAL INC.,US,AMICUS THERAPEUTICS INC.,US,Acquisition 100%,Completed,"4,800,000.00",27.04.2026,100.00000,0.00000,100.00000,541713,325414,BMRN,FOLD,19.12.2025,Cash,Listed,"4,800,000"
,,,,,,,,,,,,,,,,,,Cash Reserves,,n.a.
249.,1941725420,SITIO ROYALTIES CORPORATION,US,BRIGHAM MINERALS INC.,US,Acquisition 100%,Completed,"4,800,000.00",29.12.2022,100.00000,0.00000,100.00000,213115,523910,STR,MNRL,06.09.2022,Shares,Delisted,"1,548,010"
,,,,,,,,,,,,,,,,,,Liabilities,,"862,000"
250.,1941543610,ALI GROUP NORTH AMERICA CORPORATION,US,WELBILT INC.,US,Acquisition 100%,Completed,"4,800,000.00",28.07.2022,100.00000,0.00000,100.00000,333241,333249,,WBT,17.06.2022,Cash,Delisted,"3,500,000"
,,,,,,,,,,,,,,,,,,Liabilities,,"1,300,000"
,,,,,,,,,,,,,,,,,,Cash Reserves,,n.a.
251.,2008037076,ITT INDUSTRIES HOLDINGS INC.,US,LSF11 REDWOOD TOPCO LLC,US,Acquisition 100%,Completed,"4,775,000.00",02.03.2026,100.00000,0.00000,100.00000,333249,551112,,,05.12.2025,Cash,Unlisted,"4,075,000"
,,,,,,,,,,,,,,,,,,Shares,,"700,000"
252.,2007580930,NEW PLUTO GLOBAL INC.,US,SKYDANCE MEDIA LLC,US,Acquisition 100%,Completed,"4,760,000.00",07.08.2025,100.00000,0.00000,100.00000,512110,551114,PSKY,,07.07.2024,Liabilities,Unlisted,n.a.
253.,2008483019,ALPHABET INC.,US,INTERSECT POWER LLC,US,Acquisition 100%,Completed,"4,750,000.00",10.03.2026,100.00000,0.00000,100.00000,221114,519130,GOOGL,,22.12.2025,Cash,Unlisted,"4,750,000"
,,,,,,,,,,,,,,,,,,Liabilities,,n.a.
254.,2007040532,L3HARRIS TECHNOLOGIES INC.,US,AEROJET ROCKETDYNE HOLDINGS INC.,US,Acquisition 100%,Completed,"4,700,000.00",28.07.2023,100.00000,0.00000,100.00000,336415,334511,LHX,AJRD,17.12.2022,Cash,Delisted,"4,700,000"
,,,,,,,,,,,,,,,,,,Liabilities,,n.a.
,,,,,,,,,,,,,,,,,,Cash Reserves,,n.a.
255.,1941083372,FIFTH THIRD BANCORP,US,MB FINANCIAL INC.,US,Acquisition 100%,Completed,"4,700,000.00",22.03.2019,100.00000,0.00000,100.00000,522110,522110,FITB,MBFI,21.05.2018,Shares,Delisted,"4,230,000"
,,,,,,,,,,,,,,,,,,Cash,,"470,000"
256.,1941737803,EQT CORPORATION,US,THQ APPALACHIA I LLC'S UPSTREAM ASSETS,US,Acquisition 100%,Completed,"4,610,663.00",22.08.2023,100.00000,0.00000,100.00000,213112,211120,EQT,,06.09.2022,Cash,Unlisted,"2,400,000"
,,,,THQ-XCL HOLDINGS I LLC'S GATHERING AND PROCESSING ASSETS,US,,,,,100.00000,0.00000,100.00000,237120,,,,,Cash Reserves,Unlisted,n.a.
,,,,,,,,,,,,,,,,,,Shares,,"2,210,663"
257.,2008470710,CENCORA INC.,US,ONEONCOLOGY LLC,US,Acquisition unknown majority stake %,Completed,"4,600,000.00",12.01.2026,Unknown majority,0.00000,Unknown majority,621111,424210,COR,,15.12.2025,Cash,Unlisted,"4,600,000"
,,,,,,,,,,,,,,,,,,Liabilities,,n.a.
258.,2007500871,VERTEX PHARMACEUTICALS INC.,US,ALPINE IMMUNE SCIENCES INC.,US,Acquisition 100%,Completed,"4,600,000.00",20.05.2024,100.00000,0.00000,100.00000,541713,541713,VRTX,ALPN,10.04.2024,Cash assumed,Delisted,n.a.
,,,,,,,,,,,,,,,,,,Cash,,"4,600,000"
259.,2007180366,INTERNATIONAL BUSINESS MACHINES CORPORATION,US,APPTIO INC.,US,Acquisition 100%,Completed,"4,600,000.00",10.08.2023,100.00000,0.00000,100.00000,518210,443142,IBM,APTI,26.06.2023,Cash,Delisted,"4,600,000"
,,,,,,,,,,,,,,,,,,Cash Reserves,,n.a.
260.,1941401311,WASTE MANAGEMENT INC.,US,ADVANCED DISPOSAL SERVICES INC.,US,Acquisition 100% - Bid 2 - Decreased offer,Completed,"4,600,000.00",30.10.2020,100.00000,0.00000,100.00000,562111,562219,WM,ADSW,24.06.2020,Cash,Delisted,"2,800,000"
,,,,,,,,,,,,,,,,,,Liabilities,,"1,800,000"
261.,1941552857,WALNUT SYCAMORE HOLDINGS LLC,US,SANDERSON FARMS INC.,US,Acquisition 100%,Completed,"4,530,000.00",22.07.2022,100.00000,0.00000,100.00000,311615,311615,,SAFM,09.08.2021,Cash,Delisted,"4,530,000"
262.,2007401349,APA CORPORATION,US,CALLON PETROLEUM COMPANY,US,Acquisition 100%,Completed,"4,500,000.00",01.04.2024,100.00000,0.00000,100.00000,211120,211120,APA,CPE,03.01.2024,Liabilities,Delisted,n.a.
,,,,,,,,,,,,,,,,,,Shares,,n.a.
263.,2007236095,PERMIAN RESOURCES CORPORATION,US,EARTHSTONE ENERGY INC.,US,Acquisition 100%,Completed,"4,500,000.00",01.11.2023,100.00000,0.00000,100.00000,211120,211120,PR,ESTE,21.08.2023,Liabilities,Delisted,n.a.
,,,,,,,,,,,,,,,,,,Shares,,"4,500,000"
264.,1941566691,SSW PARTNERS LP,US,VEONEER INC.,US,Acquisition 100%,Completed,"4,500,000.00",31.03.2022,100.00000,0.00000,100.00000,336390,523910,,VNE,05.08.2021,Cash,Delisted,"4,500,000"
,,,,,,,,,,,,,,,,,,Cash Reserves,,n.a.
265.,1941484605,CISCO SYSTEMS INC.,US,ACACIA COMMUNICATIONS INC.,US,Acquisition unknown remaining stake %,Completed,"4,500,000.00",01.03.2021,Unknown remaining %,Unknown %,100.00000,334210,334210,CSCO,ACIA,14.01.2021,Cash,Delisted,"4,500,000"
266.,1941315236,WESCO INTERNATIONAL INC.,US,ANIXTER INTERNATIONAL INC.,US,Acquisition 100%,Completed,"4,500,000.00",22.06.2020,100.00000,0.00000,100.00000,423610,423610,WCC,AXE,13.01.2020,Shares,Delisted,"1,014,837"
,,,,,,,,,,,,,,,,,,Cash,,"2,367,953"
,,,,,,,,,,,,,,,,,,Liabilities,,"1,117,209"
267.,2008002373,GABX LEASING LLC,US,WELLS FARGO & COMPANY INC.'S RAIL EQUIPMENT LEASING BUSINESS,US,Acquisition 100%,Completed,"4,400,000.00",01.01.2026,100.00000,0.00000,100.00000,336510,541618,,,29.05.2025,,Unlisted,n.a.
,,GATX RAIL LOCOMOTIVE GROUP LLC,US,,,,,,,,,,,541618,,,,,,
,,BFLX LEASING HOLDINGS LLC,CA,,,,,,,,,,,541618,,,,,,
268.,2007758536,CENCORA INC.,US,RETINAL CONSULTANTS MEDICAL GROUP INC.,US,Acquisition 85%,Completed,"4,400,000.00",02.01.2025,85.00000,0.00000,85.00000,621320,424210,COR,,06.11.2024,Liabilities,Unlisted,n.a.
,,,,,,,,,,,,,,,,,,Earn-out,,"500,000"
,,,,,,,,,,,,,,,,,,Cash,,n.a.
269.,2007028352,CHART INDUSTRIES INC.,US,GRANITE US HOLDINGS LP,US,Acquisition 100%,Completed,"4,400,000.00",17.03.2023,100.00000,0.00000,100.00000,551114,333249,GTLS,,09.11.2022,,Unlisted,n.a.
,,,,GRANITE ACQUISITION GMBH,DE,,,,,100.00000,0.00000,100.00000,551114,,,,,,Unlisted,
,,,,GRANITE CANADA HOLDINGS ACQUISITION CORPORATION,CA,,,,,100.00000,0.00000,100.00000,551114,,,,,,Unlisted,
,,,,HOWMEX HOLDINGS S DE RL DE CV,MX,,,,,100.00000,0.00000,100.00000,551114,,,,,,Unlisted,
270.,1941313644,APERGY CORPORATION,US,CHAMPIONX HOLDING INC.,US,Acquisition 100%,Completed,"4,342,000.00",03.06.2020,100.00000,0.00000,100.00000,213112,333132,CHX,,19.12.2019,Liabilities,Unlisted,"492,000"
,,,,,,,,,,,,,,,,,,Cash assumed,,"45,000"
,,,,,,,,,,,,,,,,,,Shares,,"3,895,000"
271.,2007774021,ELK MERGER SUB I LLC,US,ENLINK MIDSTREAM LLC,US,Acquisition increased from 44% to 100%,Completed,"4,300,000.00",31.01.2025,56.00000,44.00000,100.00000,221210,221210,,ENLC,24.11.2024,Shares,Delisted,"4,300,000"
272.,2007536131,T-MOBILE US INC.,US,UNITED STATES CELLULAR CORPORATION'S WIRELESS OPERATIONS,US,Acquisition 100%,Completed,"4,300,000.00",01.08.2025,100.00000,0.00000,100.00000,517312,517312,TMUS,,28.05.2024,Cash,Unlisted,"2,600,000"
,,,,,,,,,,,,,,,,,,Liabilities,,"1,700,000"
273.,2007436481,GILEAD SCIENCES INC.,US,CYMABAY THERAPEUTICS INC.,US,Acquisition 100%,Completed,"4,300,000.00",22.03.2024,100.00000,0.00000,100.00000,541713,325412,GILD,CBAY,12.02.2024,Cash,Delisted,"4,300,000"
274.,2007252716,ENBRIDGE QUAIL HOLDINGS LLC,US,QUESTAR GAS COMPANY,US,Acquisition 100%,Completed,"4,300,000.00",03.06.2024,100.00000,0.00000,100.00000,221210,486110,,,01.12.2023,Liabilities,Unlisted,"1,300,000"
,,,,WEXPRO COMPANY,US,,,,,100.00000,0.00000,100.00000,221210,,,,,Cash,Unlisted,"3,000,000"
,,,,FALL WEST HOLDCO LLC,US,,,,,100.00000,0.00000,100.00000,221210,,,,,,Unlisted,
275.,1941188174,022019 MERGER SUBSIDIARY INC.,US,SPARK THERAPEUTICS INC.,US,Acquisition 100%,Completed,"4,300,000.00",17.12.2019,100.00000,0.00000,100.00000,541713,551112,,ONCE,25.02.2019,Liabilities,Delisted,n.a.
,,,,,,,,,,,,,,,,,,Cash,,"4,800,000"
,,,,,,,,,,,,,,,,,,Cash assumed,,"500,000"
276.,1941005361,OPTUM INC.,US,DAVITA MEDICAL GROUP,US,Acquisition 100%,Completed,"4,300,000.00",19.06.2019,100.00000,0.00000,100.00000,621111,518210,,,06.12.2017,Cash,Unlisted,"4,300,000"
277.,1941664277,OVINTIV INC.,US,BLACK SWAN OIL & GAS LLC'S ASSETS,US,Acquisition 100%,Completed,"4,275,000.00",12.06.2023,100.00000,0.00000,100.00000,213112,211120,OVV,,03.04.2023,Cash,Unlisted,"3,125,000"
,,,,PIEDRA RESOURCES LLC'S ASSETS,US,,,,,100.00000,0.00000,100.00000,211120,,,,,Shares,Unlisted,"1,200,000"
,,,,PETROLEGACY ENERGY OPERATING LLC'S ASSETS,US,,,,,100.00000,0.00000,100.00000,211120,,,,,Cash Reserves,Unlisted,n.a.
278.,2007285849,BAMBOO US BIDCO LLC,US,BAXTER PHARMACEUTICAL SOLUTIONS LLC,US,Acquisition 100%,Completed,"4,250,000.00",29.09.2023,100.00000,0.00000,100.00000,325411,523910,,,09.05.2023,Cash,Unlisted,"4,250,000"
,,BAMBOO BIDCO GMBH,DE,BAXTER ONCOLOGY GMBH,DE,,,,,100.00000,0.00000,100.00000,325411,523910,,,,,Unlisted,
279.,1941434007,VECTOR ACQUISITION CORPORATION,US,ROCKET LAB USA INC. (OLD),US,Acquisition 100%,Completed,"4,228,800.00",25.08.2021,100.00000,0.00000,100.00000,334220,525990,RKLB,,01.03.2021,Cash assumed,Unlisted,"48,000"
,,,,,,,,,,,,,,,,,,Earn-out,,"316,800"
,,,,,,,,,,,,,,,,,,Shares,,"4,276,800"
280.,2007567276,BECTON DICKINSON AND COMPANY,US,EDWARDS LIFESCIENCES CORPORATION'S CRITICAL CARE PRODUCT GROUP,US,Acquisition 100%,Completed,"4,200,000.00",03.09.2024,100.00000,0.00000,100.00000,339113,339112,BDX,,03.06.2024,Cash,Unlisted,"4,200,000"
281.,2008226462,"PNC FINANCIAL SERVICES GROUP INC., THE",US,FIRSTBANK HOLDING COMPANY,US,Acquisition 100%,Completed,"4,100,000.00",05.01.2026,100.00000,0.00000,100.00000,522110,522110,PNC,,08.09.2025,Cash,Unlisted,"1,200,000"
,,,,,,,,,,,,,,,,,,Shares,,"2,900,000"
282.,2007014097,BP PRODUCTS NORTH AMERICA INC.,US,ARCHAEA ENERGY INC.,US,Acquisition 100%,Completed,"4,100,000.00",28.12.2022,100.00000,0.00000,100.00000,211120,213112,,LFG,16.10.2022,Cash,Delisted,"3,300,000"
,,,,,,,,,,,,,,,,,,Liabilities,,"800,000"
283.,2008008140,VIPER ENERGY INC.,US,SITIO ROYALTIES CORPORATION,US,Acquisition 100%,Completed,"4,100,000.00",19.08.2025,100.00000,0.00000,100.00000,523910,211120,VNOM,STR,03.06.2025,Liabilities,Delisted,"1,100,000"
,,,,,,,,,,,,,,,,,,Shares,,"4,100,000"
284.,2007810945,PAYCHEX INC.,US,PAYCOR HCM INC.,US,Acquisition 100%,Completed,"4,100,000.00",14.04.2025,100.00000,0.00000,100.00000,518210,561499,PAYX,PYCR,07.01.2025,Cash,Delisted,"4,100,000"
,,,,,,,,,,,,,,,,,,Liabilities,,n.a.
285.,2007787343,PARADIGM PARENT LLC,US,PATTERSON COMPANIES INC.,US,Acquisition 100%,Completed,"4,100,000.00",17.04.2025,100.00000,0.00000,100.00000,423450,525990,,PDCO,11.12.2024,Liabilities,Delisted,n.a.
,,,,,,,,,,,,,,,,,,Cash,,"4,100,000"
286.,2007769381,AEROVIRONMENT INC.,US,BLUEHALO LLC,US,Acquisition 100%,Completed,"4,100,000.00",01.05.2025,100.00000,0.00000,100.00000,541330,336411,AVAV,,19.11.2024,Shares,Unlisted,"4,100,000"
,,,,,,,,,,,,,,,,,,Liabilities,,n.a.
287.,1941698920,BRISTOL-MYERS SQUIBB COMPANY,US,TURNING POINT THERAPEUTICS INC.,US,Acquisition 100%,Completed,"4,100,000.00",17.08.2022,100.00000,0.00000,100.00000,541713,325412,BMY,TPTX,03.06.2022,Cash,Delisted,"4,100,000"
288.,2007394795,BRISTOL-MYERS SQUIBB COMPANY,US,RAYZEBIO INC.,US,Acquisition 100%,Completed,"4,100,000.00",26.02.2024,100.00000,0.00000,100.00000,541713,325412,BMY,RYZB,25.12.2023,Liabilities,Delisted,n.a.
,,,,,,,,,,,,,,,,,,Cash,,"4,100,000"
289.,1941637009,PROJECT ROADRUNNER PARENT INC.,US,CLOUDMED LLC,US,Acquisition 100%,Completed,"4,100,000.00",21.06.2022,100.00000,0.00000,100.00000,518210,541611,,,10.01.2022,Shares,Unlisted,"4,100,000"
,,,,,,,,,,,,,,,,,,Liabilities,,n.a.
290.,2007853360,DIAMONDBACK E&P LLC,US,DE PERMIAN LLC,US,Acquisition 100%,Completed,"4,020,435.00",01.04.2025,100.00000,0.00000,100.00000,211120,211120,,,18.02.2025,Shares,Unlisted,n.a.
,,,,DE IV COMBO LLC,US,,,,,100.00000,0.00000,100.00000,211120,,,,,Cash,Unlisted,n.a.
,,,,DE IV OPERATING LLC,US,,,,,100.00000,0.00000,100.00000,211120,,,,,,Unlisted,
291.,1941153165,WESTERN MIDSTREAM OPERATING LP,US,DBM OIL SERVICES LLC,US,Acquisition unknown%,Completed,"4,015,000.00",28.02.2019,100.00000,0.00000,100.00000,211120,211120,WES,,08.11.2018,Shares,Unlisted,"2,007,500"
,,,,APC WATER HOLDINGS I LLC,US,,,,,100.00000,0.00000,100.00000,213112,,,,,Cash,Unlisted,"2,007,500"
,,,,ANADARKO WATTENBERG OIL COMPLEX LLC,US,,,,,100.00000,0.00000,100.00000,211120,,,,,,Unlisted,
,,,,ANADARKO DJ OIL PIPELINE LLC,US,,,,,Unknown %,Unknown %,Unknown %,211120,,,,,,Unlisted,
,,,,ANADARKO DJ GAS PROCESSING LLC,US,,,,,Unknown %,Unknown %,Unknown %,211120,,,,,,Unlisted,
,,,,WAMSUTTER PIPELINE LLC,US,,,,,100.00000,0.00000,100.00000,486110,,,,,,Unlisted,
,,,,ANADARKO PECOS MIDSTREAM LLC,US,,,,,Unknown %,Unknown %,Unknown %,551114,,,,,,Unlisted,
,,,,ANADARKO MI VIDA LLC,US,,,,,Unknown %,Unknown %,Unknown %,211120,,,,,,Unlisted,
,,,,SADDLEHORN PIPELINE COMPANY LLC,US,,,,,20.00000,Unknown %,Unknown %,486110,,,,,,Unlisted,
,,,,PANOLA PIPELINE COMPANY LLC,US,,,,,15.00000,Unknown %,Unknown %,486110,,,,,,Unlisted,
292.,1941302250,PUG LLC,US,STUBHUB INC.,US,Acquisition 100%,Completed,"4,005,000.00",13.02.2020,100.00000,0.00000,100.00000,518210,518210,,,25.11.2019,Cash,Unlisted,"4,005,000"
293.,2008437995,POWER GRID COMPONENTS INC.,US,MACLEAN POWER LLC,US,Acquisition 100%,Completed,"4,000,000.00",04.03.2026,100.00000,0.00000,100.00000,335931,423610,,,10.12.2025,,Unlisted,n.a.
294.,2007744284,THERMO FISHER SCIENTIFIC INC.,US,SOLVENTUM CORPORATION'S PURIFICATION AND FILTRATION BUSINESS,US,Acquisition 100%,Completed,"4,000,000.00",02.09.2025,100.00000,0.00000,100.00000,339112,334516,TMO,,25.02.2025,Cash,Unlisted,"4,000,000"
295.,1941723279,GLOBAL PAYMENTS INC.,US,EVO PAYMENTS INC.,US,Acquisition 100%,Completed,"4,000,000.00",24.03.2024,100.00000,0.00000,100.00000,511210,522320,GPN,EVOP,01.08.2022,Liabilities,Delisted,n.a.
,,,,,,,,,,,,,,,,,,Cash,,"1,410,125"
,,,,,,,,,,,,,,,,,,Cash Reserves,,n.a.
296.,1941612568,INDUSTRIAL LOGISTICS PROPERTIES TRUST,US,MONMOUTH REAL ESTATE INVESTMENT CORPORATION,US,Acquisition 100%,Completed,"4,000,000.00",28.02.2022,100.00000,0.00000,100.00000,531120,531120,ILPT,MNR,05.11.2021,Cash,Delisted,"3,591,000"
,,,,,,,,,,,,,,,,,,Liabilities,,"409,000"
297.,1941506205,VICI PROPERTIES LP,US,LAS VEGAS SANDS CORPORATION'S THE VENETIAN RESORT LAS VEGAS AND THE SANDS EXPO AND CONVENTION CENTER REAL ESTATE AND REAL ESTATE-RELATED ASSETS,US,Acquisition 100%,Completed,"4,000,000.00",23.02.2022,100.00000,0.00000,100.00000,721120,531120,,,03.03.2021,Cash,Unlisted,"4,000,000"
298.,1941406719,"ALLSTATE CORPORATION, THE",US,NATIONAL GENERAL HOLDINGS CORPORATION,US,Acquisition 100%,Completed,"4,000,000.00",04.01.2021,100.00000,0.00000,100.00000,524126,524126,ALL,NGHC,07.07.2020,Cash,Delisted,"4,000,000"
,,,,,,,,,,,,,,,,,,Cash Reserves,,n.a.
299.,1941112138,TRANSDIGM GROUP INC.,US,ESTERLINE TECHNOLOGIES CORPORATION,US,Acquisition 100%,Completed,"4,000,000.00",14.03.2019,100.00000,0.00000,100.00000,336413,336413,TDG,ESL,09.10.2018,Liabilities,Delisted,n.a.
,,,,,,,,,,,,,,,,,,Cash,,n.a.
,,,,,,,,,,,,,,,,,,Cash Reserves,,n.a.
300.,1941052707,PROLOGIS TARGETED US LOGISTICS FUND LP,US,INDUSTRIAL PROPERTY TRUST INC.'S ASSETS,US,Acquisition 100%,Completed,"4,000,000.00",08.01.2020,100.00000,0.00000,100.00000,531130,525990,,,15.07.2019,Cash,Unlisted,"4,000,000"
,,PROLOGIS US LOGISTICS VENTURE LLC,US,,,,,,,,,,,525990,,,,Liabilities,,n.a.
301.,1941149061,CHESAPEAKE ENERGY CORPORATION,US,WILDHORSE RESOURCE DEVELOPMENT CORPORATION,US,Acquisition 100%,Completed,"3,977,000.00",01.02.2019,100.00000,0.00000,100.00000,211120,211120,EXE,WRD,30.10.2018,Cash,Delisted,n.a.
,,,,,,,,,,,,,,,,,,Shares,,n.a.
,,,,,,,,,,,,,,,,,,Liabilities,,"930,000"
302.,2007764430,COTERRA ENERGY INC.,US,AVANT NATURAL RESOURCES LLC'S CERTAIN PERMIAN BASIN ASSETS,US,Acquisition 100%,Completed,"3,950,000.00",27.01.2025,100.00000,0.00000,100.00000,211120,211120,CTRA,,13.11.2024,Shares,Unlisted,"1,000,000"
,,,,,,,,,,,,,,,,,,Cash Reserves,,n.a.
,,,,,,,,,,,,,,,,,,Cash,,"2,950,000"
303.,2007764187,COTERRA ENERGY INC.,US,FRANKLIN MOUNTAIN ENERGY LLC'S CERTAIN PERMIAN BASIN ASSETS,US,Acquisition 100%,Completed,"3,950,000.00",27.01.2025,100.00000,0.00000,100.00000,211120,211120,CTRA,,13.11.2024,Cash,Unlisted,"2,950,000"
,,,,,,,,,,,,,,,,,,Cash Reserves,,n.a.
,,,,,,,,,,,,,,,,,,Shares,,"1,000,000"
304.,1941466707,FARMERS GROUP INC.,US,METLIFE INC.'S US PROPERTY AND CASUALTY BUSINESS,US,Acquisition 100%,Completed,"3,940,000.00",07.04.2021,100.00000,0.00000,100.00000,524126,524113,,,11.12.2020,Liabilities,Unlisted,n.a.
,,,,,,,,,,,,,,,,,,Cash,,"3,940,000"
305.,1941292858,FIRST HORIZON NATIONAL CORPORATION,US,IBERIABANK CORPORATION,US,Acquisition 100%,Completed,"3,937,104.00",01.07.2020,100.00000,0.00000,100.00000,522110,522110,FHN,IBKC,04.11.2019,Shares,Delisted,"3,937,104"
306.,1941711252,AMAZON.COM INC.,US,1LIFE HEALTHCARE INC.,US,Acquisition 100%,Completed,"3,900,000.00",22.02.2023,100.00000,0.00000,100.00000,518210,454110,AMZN,ONEM,21.07.2022,Cash,Delisted,"3,492,855"
,,,,,,,,,,,,,,,,,,Liabilities,,n.a.
307.,1941375779,JAWS ACQUISITION CORPORATION,US,PRIMARY CARE (ITC) INTERMEDIATE HOLDINGS LLC,US,Acquisition 100%,Completed,"3,897,000.00",03.06.2021,100.00000,0.00000,100.00000,621498,525990,CANOQ,,12.11.2020,Shares,Unlisted,"3,032,000"
,,,,,,,,,,,,,,,,,,Liabilities,,"400,000"
,,,,,,,,,,,,,,,,,,Cash,,"465,000"
308.,1941524572,KIMCO REALTY CORPORATION,US,WEINGARTEN REALTY INVESTORS,US,Acquisition 100%,Completed,"3,872,971.00",03.08.2021,100.00000,0.00000,100.00000,531120,531120,KIM,WRI,15.04.2021,Cash,Delisted,"369,183"
,,,,,,,,,,,,,,,,,,Shares,,"3,503,788"
309.,1941352822,PEPSICO INC.,US,ROCKSTAR INC.,US,Acquisition 100%,Completed,"3,850,000.00",24.04.2020,100.00000,0.00000,100.00000,312111,312111,PEP,,11.03.2020,Cash,Unlisted,"3,850,000"
,,,,,,,,,,,,,,,,,,Deferred payment,,n.a.
310.,1941731516,PHILLIPS 66 INC.,US,DCP MIDSTREAM LP,US,Acquisition 86.8%,Completed,"3,800,000.00",15.06.2023,86.80000,Unknown %,Unknown %,211120,324110,PSX,DCP,05.01.2023,Cash,Delisted,"3,800,000"
311.,1941348676,ARES MANAGEMENT CORPORATION,US,CAPITAL AUTOMOTIVE REIT,US,Acquisition 100%,Completed,"3,800,000.00",17.02.2022,100.00000,0.00000,100.00000,531190,523920,ARES,CARS,17.02.2022,Liabilities,Delisted,n.a.
312.,1941735655,ROPER T2 LLC,US,FRONTLINE TECHNOLOGIES GROUP LLC,US,Acquisition 100%,Completed,"3,725,000.00",04.10.2022,100.00000,0.00000,100.00000,518210,333914,,,30.08.2022,Cash,Unlisted,"3,725,000"
313.,1941656114,CUMMINS INC.,US,MERITOR INC.,US,Acquisition 100%,Completed,"3,700,000.00",03.08.2022,100.00000,0.00000,100.00000,333612,333618,CMI,MTOR,22.02.2022,Cash assumed,Delisted,n.a.
,,,,,,,,,,,,,,,,,,Cash,,"3,700,000"
,,,,,,,,,,,,,,,,,,Cash Reserves,,n.a.
,,,,,,,,,,,,,,,,,,Liabilities,,n.a.
314.,1941643629,BLACKSTONE REAL ESTATE INCOME TRUST INC.,US,RESOURCE REIT INC.,US,Acquisition 100%,Completed,"3,700,000.00",19.05.2022,100.00000,0.00000,100.00000,531110,531120,BSTT,,24.01.2022,Cash,Unlisted,n.a.
,,,,,,,,,,,,,,,,,,Liabilities,,n.a.
315.,1939047275,BIDFAIR USA INC.,US,SOTHEBY'S INC.,US,Acquisition 100%,Completed,"3,700,000.00",03.10.2019,100.00000,0.00000,100.00000,453920,453920,,BID,17.06.2019,Liabilities,Delisted,n.a.
,,,,,,,,,,,,,,,,,,Cash,,"2,580,000"
316.,2007592661,BOSTON SCIENTIFIC CORPORATION,US,AXONICS INC.,US,Acquisition 100%,Completed,"3,700,000.00",15.11.2024,100.00000,0.00000,100.00000,339113,339112,BSX,AXNX,08.01.2024,Liabilities,Delisted,n.a.
,,,,,,,,,,,,,,,,,,Cash,,"3,700,000"
317.,2007333536,HEALTH CARE SERVICE CORPORATION,US,"CIGNA GROUP, THE'S MEDICARE ADVANTAGE BUSINESS",US,Acquisition 100%,Completed,"3,700,000.00",19.03.2025,100.00000,0.00000,100.00000,524114,524114,,,31.01.2024,,Unlisted,n.a.
,,,,"CIGNA GROUP, THE'S MEDICARE PART D",US,,,,,100.00000,0.00000,100.00000,524114,,,,,,Unlisted,
,,,,"CIGNA GROUP, THE'S CAREALLIES BUSINESSES",US,,,,,100.00000,0.00000,100.00000,524114,,,,,,Unlisted,
,,,,"CIGNA GROUP, THE'S SUPPLEMENTAL BENEFITS",US,,,,,100.00000,0.00000,100.00000,524114,,,,,,Unlisted,
318.,1941725334,AMGEN INC.,US,CHEMOCENTRYX INC.,US,Acquisition 100%,Completed,"3,700,000.00",20.10.2022,100.00000,0.00000,100.00000,541713,325412,AMGN,CCXI,04.08.2022,Cash,Delisted,n.a.
,,,,,,,,,,,,,,,,,,Liabilities,,n.a.
319.,1941646742,SONY INTERACTIVE ENTERTAINMENT LLC,US,BUNGIE INC.,US,Acquisition 100%,Completed,"3,700,000.00",15.07.2022,100.00000,0.00000,100.00000,541511,511210,,,31.01.2022,,Unlisted,n.a.
320.,1941202167,PARKER HANNIFIN CORPORATION,US,LORD CORPORATION,US,Acquisition 100%,Completed,"3,675,000.00",29.10.2019,100.00000,0.00000,100.00000,325520,334513,PH,,29.04.2019,Cash,Unlisted,"3,675,000"
321.,1941099582,GRAY TELEVISION INC.,US,RAYCOM MEDIA INC.,US,Acquisition 100%,Completed,"3,647,000.00",03.01.2019,100.00000,0.00000,100.00000,515120,515120,GTN,,23.06.2018,Liabilities,Unlisted,n.a.
,,,,,,,,,,,,,,,,,,Cash,,"2,850,000"
,,,,,,,,,,,,,,,,,,Shares,,"797,000"
322.,1941467257,FS KKR CAPITAL CORPORATION,US,FS KKR CAPITAL CORPORATION II,US,Acquisition 100%,Completed,"3,642,214.00",16.06.2021,100.00000,0.00000,100.00000,525990,525990,FSK,FSKR,24.11.2020,Liabilities,Delisted,n.a.
,,,,,,,,,,,,,,,,,,Shares,,"3,642,214"
323.,1941414663,NRG ENERGY INC.,US,DIRECT ENERGY LP,US,Acquisition 100%,Completed,"3,625,000.00",05.01.2021,100.00000,0.00000,100.00000,221122,221112,NRG,,24.07.2020,Cash,Unlisted,"3,625,000"
324.,2007743264,GLATFELTER CORPORATION,US,"BERRY GLOBAL GROUP INC.'S HEALTH, HYGIENE AND SPECIALITIES SEGMENT",US,Acquisition unknown majority stake %,Completed,"3,600,000.00",04.11.2024,Unknown majority,0.00000,Unknown majority,326112,322121,MAGN,,07.02.2024,,Unlisted,n.a.
325.,2007386008,KOCH AG & ENERGY SOLUTIONS LLC,US,IOWA FERTILIZER COMPANY LLC,US,Acquisition 100%,Completed,"3,600,000.00",29.08.2024,100.00000,0.00000,100.00000,325311,325311,,,18.12.2023,,Unlisted,n.a.
326.,2007205118,THALES USA INC.,US,IMPERVA HOLDINGS LLC,US,Acquisition 100%,Completed,"3,600,000.00",04.12.2023,100.00000,0.00000,100.00000,541519,334511,,,25.07.2023,Liabilities,Unlisted,n.a.
,,,,,,,,,,,,,,,,,,Cash,,"3,600,000"
327.,1941592876,BLACKSTONE INC.,US,BLUEROCK RESIDENTIAL GROWTH REIT INC.,US,Acquisition 100%,Completed,"3,600,000.00",06.10.2022,100.00000,0.00000,100.00000,531110,523920,BX,BRG,20.12.2021,Cash,Delisted,"3,600,000"
,,,,,,,,,,,,,,,,,,Liabilities,,n.a.
328.,1941483450,SOLAR NEW US HOLDING COMPANY LLC,US,CANTEL MEDICAL CORPORATION,US,Acquisition 100%,Completed,"3,600,000.00",02.06.2021,100.00000,0.00000,100.00000,339112,551114,,CMD,12.01.2021,Cash,Delisted,"719,914"
,,,,,,,,,,,,,,,,,,Liabilities,,"1,000,000"
,,,,,,,,,,,,,,,,,,Shares,,"2,880,085"
329.,1941704311,TARGA RESOURCES CORPORATION,US,LUCID ENERGY DELAWARE LLC,US,Acquisition 100%,Completed,"3,550,000.00",29.07.2022,100.00000,0.00000,100.00000,333611,211120,,,16.06.2022,Cash,Unlisted,"3,550,000"
,,,,,,,,,,,,,,,,,,Cash Reserves,,n.a.
330.,1941523146,GREAT-WEST LIFE & ANNUITY INSURANCE COMPANY,US,PRUDENTIAL FINANCIAL INC.'S RETIREMENT BUSINESS,US,Acquisition 100%,Completed,"3,550,000.00",01.04.2022,100.00000,0.00000,100.00000,525110,524113,,,21.07.2021,Cash assumed,Unlisted,n.a.
331.,1941660735,NEW OHM LLC,US,WHITING PETROLEUM CORPORATION,US,Acquisition 100%,Completed,"3,519,075.00",01.07.2022,100.00000,0.00000,100.00000,211120,551112,,WLL,07.03.2022,Shares,Delisted,"3,273,820"
,,,,,,,,,,,,,,,,,,Cash,,"245,255"
332.,1941490097,MASSACHUSETTS MUTUAL LIFE INSURANCE COMPANY,US,GREAT AMERICAN LIFE INSURANCE COMPANY,US,Acquisition 100%,Completed,"3,500,000.00",28.05.2021,100.00000,0.00000,100.00000,524113,524113,,,27.01.2021,Cash,Unlisted,"3,500,000"
,,,,AAG INSURANCE AGENCY INC.,US,,,,,100.00000,0.00000,100.00000,524210,,,,,,Unlisted,
,,,,GREAT AMERICAN ADVISORS INC.,US,,,,,100.00000,0.00000,100.00000,523930,,,,,,Unlisted,
333.,2007856995,SCOPELY INC.,US,NIANTIC INC.'S VIDEO GAME BUSINESS,US,Acquisition 100%,Completed,"3,500,000.00",29.05.2025,100.00000,0.00000,100.00000,511210,511210,,,12.03.2025,,Unlisted,n.a.
334.,1941459501,AMERICAN TOWER INVESTMENTS LLC,US,IWG HOLDINGS LLC,US,Acquisition 100%,Completed,"3,500,000.00",23.12.2020,100.00000,0.00000,100.00000,237130,525990,,,05.11.2020,Cash,Unlisted,n.a.
,,,,,,,,,,,,,,,,,,Cash Reserves,,n.a.
,,,,,,,,,,,,,,,,,,Liabilities,,n.a.
,,,,,,,,,,,,,,,,,,Cash assumed,,n.a.
335.,1941268976,PRUDENTIAL FINANCIAL INC.,US,ASSURANCE IQ INC.,US,Acquisition 100%,Completed,"3,500,000.00",10.10.2019,100.00000,0.00000,100.00000,518210,524113,PRU,,05.09.2019,Shares,Unlisted,n.a.
,,,,,,,,,,,,,,,,,,Earn-out,,"1,150,000"
,,,,,,,,,,,,,,,,,,Cash,,n.a.
336.,1941135605,SIRIUS XM HOLDINGS INC.,US,PANDORA MEDIA INC.,US,Acquisition 100%,Completed,"3,500,000.00",01.02.2019,100.00000,0.00000,100.00000,518210,515112,SIRI,P,24.09.2018,Shares,Delisted,"3,500,000"
337.,1941568900,CITIZENS FINANCIAL GROUP INC.,US,INVESTORS BANCORP INC.,US,Acquisition 100%,Completed,"3,500,000.00",07.04.2022,100.00000,0.00000,100.00000,522110,522110,CFG,ISBC,28.07.2021,Cash,Delisted,"350,000"
,,,,,,,,,,,,,,,,,,Shares,,"3,150,000"
338.,1941450711,KHOSLA VENTURES ACQUISITION COMPANY II,US,NEXTDOOR INC. (OLD),US,Acquisition 100%,Completed,"3,500,000.00",05.11.2021,100.00000,0.00000,100.00000,518210,525990,,,06.07.2021,Shares,Unlisted,"3,500,000"
339.,1941182172,TCF FINANCIAL CORPORATION,US,TCF FINANCIAL CORPORATION (OLD),US,Acquisition 100%,Completed,"3,500,000.00",01.08.2019,100.00000,0.00000,100.00000,522110,522110,TCF,TCF,28.01.2019,Shares,Delisted,"3,500,000"
340.,1941096033,AMAZON.COM INC.,US,YANKEES ENTERTAINMENT & SPORTS NETWORK LLC,US,Acquisition increased from 20% to 100%,Completed,"3,470,000.00",29.08.2019,80.00000,20.00000,100.00000,515120,454110,AMZN,,29.08.2019,Liabilities,Unlisted,n.a.
,,SINCLAIR BROADCAST GROUP INC.,US,,,,,,,,,,,515120,SBTA,,,,,
,,YANKEE GLOBAL ENTERPRISES LLC,US,,,,,,,,,,,711211,,,,,,
341.,1941421356,NEW STARSHIP PARENT INC.,US,PAYONEER INC.,US,Acquisition 100%,Completed,"3,468,000.00",25.06.2021,100.00000,0.00000,100.00000,522320,522320,,,03.02.2021,Cash,Unlisted,"457,000"
,,,,,,,,,,,,,,,,,,Earn-out,,"450,000"
,,,,,,,,,,,,,,,,,,Shares,,"3,011,000"
342.,2007113239,VISTRA OPERATIONS COMPANY LLC,US,ENERGY HARBOR CORPORATION,US,Acquisition 100%,Completed,"3,430,000.00",01.03.2024,100.00000,0.00000,100.00000,221111,525990,,ENGH,06.03.2023,Third party shares,Delisted,n.a.
,,,,,,,,,,,,,,,,,,Cash,,"3,000,000"
,,,,,,,,,,,,,,,,,,Liabilities,,"430,000"
343.,1941737390,TRUIST INSURANCE HOLDINGS INC.,US,BANKDIRECT CAPITAL FINANCE LLC,US,Acquisition 100%,Completed,"3,400,000.00",01.11.2022,100.00000,0.00000,100.00000,522110,524210,,,06.09.2022,Cash,Unlisted,"3,400,000"
344.,1941473040,SILVER MERGER SUB 1 LLC,US,TAUBMAN CENTERS INC.,US,Acquisition 100%,Completed,"3,400,000.00",29.12.2020,100.00000,0.00000,100.00000,531120,531120,,TCO,15.11.2020,Cash Reserves,Delisted,n.a.
,,,,,,,,,,,,,,,,,,Cash,,"2,654,180"
,,,,,,,,,,,,,,,,,,Liabilities,,n.a.
345.,1941455801,PERATON INC.,US,NORTHROP GRUMMAN CORPORATION'S FEDERAL IT AND MISSION SUPPORT SERVICES BUSINESS,US,Acquisition 100%,Completed,"3,400,000.00",01.02.2021,100.00000,0.00000,100.00000,541512,541511,,,07.12.2020,Cash,Unlisted,"3,400,000"
346.,1941432006,HOLCIM PARTICIPATIONS (US) INC.,US,FIRESTONE BUILDING PRODUCTS COMPANY LLC,US,Acquisition 100%,Completed,"3,400,000.00",01.04.2021,100.00000,0.00000,100.00000,423330,327310,,,07.01.2021,Cash,Unlisted,n.a.
347.,1941538203,ZENSAR TECHNOLOGIES LTD,IN,M3BI INDIA PVT LTD,IN,Acquisition unknown % and 100%,Completed,"3,387,184.78",08.07.2021,Unknown %,Unknown %,Unknown %,518210,541512,ZENSARTECH,,15.05.2021,Cash,Unlisted,"33,872"
,,ZENSAR TECHNOLOGIES INC.,US,M3BI LLC,US,,,,,100.00000,0.00000,100.00000,518210,511210,,,,Cash Reserves,Unlisted,n.a.
,,,,,,,,,,,,,,,,,,Earn-out,,"8,802"
348.,2008415774,PALO ALTO NETWORKS INC.,US,CHRONOSPHERE INC.,US,Acquisition 100%,Completed,"3,350,000.00",29.01.2026,100.00000,0.00000,100.00000,518210,518210,PANW,,19.11.2025,Shares,Unlisted,n.a.
,,,,,,,,,,,,,,,,,,Cash,,n.a.
349.,1941492489,HORMEL FOODS CORPORATION,US,"KRAFT HEINZ COMPANY'S PLANTERS SNACK BUSINESS, THE",US,Acquisition 100%,Completed,"3,350,000.00",07.06.2021,100.00000,0.00000,100.00000,311919,311615,HRL,,11.02.2021,Cash,Unlisted,"3,350,000"
350.,2007181472,UNITEDHEALTH GROUP INC.,US,AMEDISYS INC.,US,Acquisition 100%,Completed,"3,300,000.00",14.08.2025,100.00000,0.00000,100.00000,621610,524114,UNH,AMED,26.06.2023,Cash,Delisted,"3,300,000"
351.,2007250059,BERKSHIRE HATHAWAY ENERGY COMPANY,US,COVE POINT LNG LP,US,Acquisition increased from 25% to 75%,Completed,"3,300,000.00",01.09.2023,50.00000,25.00000,75.00000,211120,221118,,,10.07.2023,,Unlisted,n.a.
352.,1941670610,HP INC.,US,PLANTRONICS INC.,US,Acquisition 100%,Completed,"3,300,000.00",29.08.2022,100.00000,0.00000,100.00000,334310,334118,HPQ,PTM,28.03.2022,Cash,Delisted,"1,711,155"
,,,,,,,,,,,,,,,,,,Liabilities,,"1,588,845"
,,,,,,,,,,,,,,,,,,Cash Reserves,,n.a.
353.,1941350589,VECTOIQ ACQUISITION CORPORATION,US,NIKOLA CORPORATION,US,Acquisition 100%,Completed,"3,300,000.00",03.06.2020,100.00000,0.00000,100.00000,336320,525990,NKLAQ,,03.03.2020,Liabilities,Unlisted,n.a.
,,,,,,,,,,,,,,,,,,Cash,,n.a.
,,,,,,,,,,,,,,,,,,Shares,,"525,000"
,,,,,,,,,,,,,,,,,,Cash Reserves,,n.a.
354.,1941441799,CLEVELAND-CLIFFS INC.,US,ARCELORMITTAL USA LLC,US,Acquisition 100%,Completed,"3,300,000.00",09.12.2020,100.00000,0.00000,100.00000,331513,212210,CLF,ISG,28.09.2020,Cash,Delisted,"505,000"
,,,,,,,,,,,,,,,,,,Liabilities,,"1,884,000"
,,,,,,,,,,,,,,,,,,Shares,,"459,816"
355.,1941437007,LACTALIS AMERICAN GROUP INC.,US,"KRAFT HEINZ COMPANY, THE'S NATURAL, GRATED, CULTURED, AND SPECIALITY CHEESE BUSINESSES IN THE US",US,Acquisition 100%,Completed,"3,300,000.00",29.11.2021,100.00000,0.00000,100.00000,311513,311513,,,15.09.2020,Cash,Unlisted,"3,200,000"
,,,,"KRAFT HEINZ COMPANY, THE'S GRATED CHEESE BUSINESS IN CANADA",CA,,,,,100.00000,0.00000,100.00000,311513,,,,,,Unlisted,
,,,,"KRAFT HEINZ COMPANY, THE'S GRATED, PROCESSED, AND NATURAL CHEESE BUSINESSES OUTSIDE THE US AND CANADA",,,,,,100.00000,0.00000,100.00000,311513,,,,,,Unlisted,
356.,1941636978,ENTERPRISE PRODUCTS PARTNERS LP,US,NAVITAS MIDSTREAM PARTNERS LLC,US,Acquisition 100%,Completed,"3,250,000.00",17.02.2022,100.00000,0.00000,100.00000,211120,486210,EPD,,10.01.2022,Cash,Unlisted,"3,250,000"
,,,,,,,,,,,,,,,,,,Cash Reserves,,n.a.
357.,2008449513,MARVELL TECHNOLOGY INC.,US,CELESTIAL AI INC.,US,Acquisition 100%,Completed,"3,250,000.00",02.02.2026,100.00000,0.00000,100.00000,511210,334413,MRVL,,02.12.2025,Earn-out,Unlisted,n.a.
,,,,,,,,,,,,,,,,,,Cash,,n.a.
,,,,,,,,,,,,,,,,,,Shares,,n.a.
358.,2007586181,ENERGY TRANSFER LP,US,WTG MIDSTREAM HOLDINGS LLC,US,Acquisition 100%,Completed,"3,250,000.00",15.07.2024,100.00000,0.00000,100.00000,211120,486210,ET,,28.05.2024,Shares,Unlisted,n.a.
,,,,,,,,,,,,,,,,,,Cash,,"2,275,000"
359.,2007414646,TKO OPERATING COMPANY LLC,US,"PROFESSIONAL BULL RIDERS INC., THE",US,Acquisition 100%,Completed,"3,250,000.00",28.02.2025,100.00000,0.00000,100.00000,711310,711310,,,24.10.2024,Shares,Unlisted,n.a.
,,,,ON LOCATION EVENTS LLC,US,,,,,100.00000,0.00000,100.00000,561599,,,,,Third party shares,Unlisted,n.a.
,,,,IMG WORLDWIDE LLC'S BUSINESS,US,,,,,100.00000,0.00000,100.00000,711410,,,,,Cash,Unlisted,n.a.
360.,2007110018,ALTRIA GROUP INC.,US,NJOY HOLDINGS INC.,US,Acquisition 100%,Completed,"3,250,000.00",01.06.2023,100.00000,0.00000,100.00000,339999,312230,MO,,03.03.2023,Earn-out,Unlisted,"500,000"
,,,,,,,,,,,,,,,,,,Cash,,"3,250,000"
,,,,,,,,,,,,,,,,,,Cash Reserves,,n.a.
361.,1941329714,SOUTH STATE CORPORATION,US,CENTERSTATE BANK CORPORATION,US,Acquisition 100%,Completed,"3,221,960.00",07.06.2020,100.00000,0.00000,100.00000,522110,522110,SSB,CSFL,27.01.2020,Shares,Delisted,"3,221,960"
362.,1941402412,KENSINGTON CAPITAL ACQUISITION CORPORATION,US,QUANTUMSCAPE CORPORATION,US,Acquisition 100%,Completed,"3,217,000.00",27.11.2020,100.00000,0.00000,100.00000,541715,525990,QS,QS,03.09.2020,Cash assumed,Listed,"417,000"
,,,,,,,,,,,,,,,,,,Shares,,"3,688,000"
,,,,,,,,,,,,,,,,,,Liabilities,,n.a.
363.,2008678552,TOM DUNDON,US,TRAIL BLAZERS INC.,US,Acquisition 80.1%,Completed,"3,204,000.00",31.03.2026,80.10000,0.00000,80.10000,711211,525920,,,13.05.2025,,Unlisted,n.a.
,,SHEEL TYLE,,,,,,,,,,,,525920,,,,,,
,,CHERNG FAMILY TRUST,US,,,,,,,,,,,523920,,,,,,
,,MARC ZAHR,,,,,,,,,,,,525920,,,,,,
364.,2007607327,ELI LILLY AND COMPANY,US,MORPHIC HOLDING INC.,US,Acquisition 100%,Completed,"3,200,000.00",16.08.2024,100.00000,0.00000,100.00000,541713,325412,LLY,MORF,08.07.2024,Cash,Delisted,"3,200,000"
365.,2007252539,ENBRIDGE PARROT HOLDINGS LLC,US,PUBLIC SERVICE COMPANY OF NORTH CAROLINA INC.,US,Acquisition 100%,Completed,"3,200,000.00",30.09.2024,100.00000,0.00000,100.00000,221210,486110,,,05.09.2023,Cash,Unlisted,"2,000,000"
,,,,FALL NORTH CAROLINA HOLDCO LLC,US,,,,,100.00000,0.00000,100.00000,523910,,,,,Liabilities,Unlisted,"1,200,000"
366.,2007078067,ASBURY AUTOMOTIVE GROUP LLC,US,LARRY H MILLER DEALERSHIPS,US,Acquisition 100%,Completed,"3,200,000.00",17.12.2021,100.00000,0.00000,100.00000,441110,441110,,,28.09.2021,,Unlisted,n.a.
,,,,TOTAL CARE AUTO POWERED BY LANDCAR,US,,,,,100.00000,0.00000,100.00000,524210,,,,,,Unlisted,
367.,1941587929,WATERFALL ASSET MANAGEMENT LLC,US,KEYBANK NATIONAL ASSOCIATION’S INDIRECT RETAIL AUTO LOAN PORTFOLIO,US,Acquisition 100%,Completed,"3,200,000.00",10.09.2021,100.00000,0.00000,100.00000,522390,523920,,,10.09.2021,,Unlisted,n.a.
368.,1941447852,TWILIO INC.,US,SEGMENT.IO INC.,US,Acquisition 100%,Completed,"3,200,000.00",02.11.2020,100.00000,0.00000,100.00000,518210,518210,TWLO,,12.10.2020,Shares,Unlisted,"3,200,000"
369.,1941406172,SUNRUN INC.,US,VIVINT SOLAR INC.,US,Acquisition 100%,Completed,"3,200,000.00",08.10.2020,100.00000,0.00000,100.00000,238210,221114,RUN,VSLR,06.07.2020,Shares,Delisted,"1,371,372"
,,,,,,,,,,,,,,,,,,Liabilities,,"1,828,627"
370.,1941153160,II-VI INC.,US,FINISAR CORPORATION,US,Acquisition 100%,Completed,"3,200,000.00",24.09.2019,100.00000,0.00000,100.00000,334290,333314,COHR,FNSR,09.11.2018,Cash Reserves,Delisted,n.a.
,,,,,,,,,,,,,,,,,,Cash,,n.a.
,,,,,,,,,,,,,,,,,,Shares,,n.a.
371.,2007255775,SUMMIT MATERIALS INC.,US,ARGOS NORTH AMERICA CORPORATION,US,Acquisition 100%,Completed,"3,200,000.00",12.01.2024,100.00000,0.00000,100.00000,327310,327320,SUM,,07.09.2023,Shares,Unlisted,"1,969,200"
,,,,,,,,,,,,,,,,,,Cash,,"1,200,000"
,,,,,,,,,,,,,,,,,,Liabilities,,n.a.
372.,1941668964,CWP BIDCO LP,US,NRF HOLDCO LLC,US,Acquisition 100%,Completed,"3,180,000.00",28.02.2022,100.00000,0.00000,100.00000,622110,523910,,,08.09.2021,Cash,Unlisted,"161,000"
,,,,,,,,,,,,,,,,,,Liabilities,,"2,864,000"
,,,,,,,,,,,,,,,,,,Bonds,,"155,000"
373.,1941156255,COLFAX CORPORATION,US,DJO GLOBAL INC.,US,Acquisition unknown stake %,Completed,"3,150,000.00",25.02.2019,Unknown %,Unknown %,Unknown %,339112,339112,ENOV,,19.11.2018,Cash Reserves,Unlisted,n.a.
,,,,,,,,,,,,,,,,,,Cash,,"3,150,000"
374.,2007189927,ECHOSTAR CORPORATION,US,DISH NETWORK CORPORATION,US,Acquisition unknown stake %,Completed,"3,140,611.00",31.12.2023,Unknown %,Unknown %,Unknown %,515210,443142,SATS,DISH,08.08.2023,Shares,Delisted,"3,140,611"
375.,1941458890,CAPITOL INVESTMENT CORPORATION V,US,DOMA HOLDINGS INC.,US,Acquisition 100%,Completed,"3,124,438.00",28.07.2021,100.00000,0.00000,100.00000,518210,525990,CAP.U,,03.03.2021,Earn-out,Unlisted,"288,438"
,,,,,,,,,,,,,,,,,,Shares,,"3,124,438"
376.,2008345384,TEREX CORPORATION,US,REV GROUP INC.,US,Acquisition 100%,Completed,"3,104,565.00",02.02.2026,100.00000,0.00000,100.00000,336111,333924,TEX,REVG,30.10.2025,Cash,Delisted,"425,000"
,,,,,,,,,,,,,,,,,,Shares,,"2,679,565"
377.,1941616525,GLOBUS MEDICAL INC.,US,NUVASIVE INC.,US,Acquisition 100%,Completed,"3,100,000.00",01.09.2023,100.00000,0.00000,100.00000,339112,339113,GMED,NUVA,09.02.2023,Shares,Delisted,"3,100,000"
378.,2007381757,MILTER BRANDS,US,PGT INNOVATIONS INC.,US,Acquisition 100%,Completed,"3,100,000.00",28.03.2024,100.00000,0.00000,100.00000,332321,332311,,PGTI,15.02.2024,Cash,Delisted,"3,100,000"
,,,,,,,,,,,,,,,,,,Liabilities,,n.a.
,,,,,,,,,,,,,,,,,,Cash Reserves,,n.a.
379.,1941587745,TRANS UNION LLC,US,AERIAL ULTIMATE HOLDINGS CORPORATION,US,Acquisition 100%,Completed,"3,100,000.00",01.12.2021,100.00000,0.00000,100.00000,518210,561450,,,13.09.2021,Cash,Unlisted,"3,100,000"
380.,1941514700,NEXTGEN ACQUISITION CORPORATION II,US,VIECO USA INC.,US,Acquisition 100%,Completed,"3,100,000.00",29.12.2021,100.00000,0.00000,100.00000,481112,525990,VORB,,23.08.2021,Shares,Unlisted,"3,100,000"
381.,1941643398,STRYKER CORPORATION,US,VOCERA COMMUNICATIONS INC.,US,Acquisition 100%,Completed,"3,090,000.00",23.02.2022,100.00000,0.00000,100.00000,518210,339113,SYK,VCRA,06.01.2022,Liabilities,Delisted,n.a.
,,,,,,,,,,,,,,,,,,Cash,,"3,090,000"
382.,1941608240,PHILLIPS 66 INC.,US,PHILLIPS 66 PARTNERS LP,US,Acquisition increased from 74.345% to 100%,Completed,"3,064,104.00",09.03.2022,25.65500,74.34500,100.00000,486110,324110,PSX,PSXP,27.10.2021,Shares,Delisted,"3,064,104"
383.,2008399069,JOHNSON & JOHNSON,US,HALDA THERAPEUTICS OPCO LLC,US,Acquisition 100%,Completed,"3,050,000.00",29.12.2025,100.00000,0.00000,100.00000,541713,325412,JNJ,,17.11.2025,Cash,Unlisted,"3,050,000"
384.,2007842832,COTIVITI INC.,US,EDIFECS INC.,US,Acquisition 100%,Completed,"3,000,000.00",31.03.2025,100.00000,0.00000,100.00000,511210,518210,,,10.02.2025,,Unlisted,n.a.
385.,2007433579,COHESITY INC.,US,VERITAS TECHNOLOGIES LLC'S DATA PROTECTION BUSINESS,US,Acquisition 100%,Completed,"3,000,000.00",10.12.2024,100.00000,0.00000,100.00000,518210,518210,,,07.02.2024,Shares,Unlisted,n.a.
,,,,,,,,,,,,,,,,,,Cash,,n.a.
386.,2007315971,NUCOR CORPORATION,US,CHI OVERHEAD DOORS INC.,US,Acquisition 100%,Completed,"3,000,000.00",24.06.2022,100.00000,0.00000,100.00000,332321,331110,NUE,,16.05.2022,,Unlisted,n.a.
387.,2007280501,COMPANY,US,VIRGIN PULSE INC.,US,Merger unknown stake %Merger 100%,Completed,"3,000,000.00",09.11.2023,Unknown %,0.00000,Unknown %,518210,523910,,,27.09.2023,,Unlisted,n.a.
,,,,HEALTHCOMPARE INSURANCE SERVICES INC.,US,,,,,Unknown %,0.00000,Unknown %,518210,,,,,,Unlisted,
388.,2007023403,MARATHON OIL CORPORATION,US,ENSIGN NATURAL RESOURCES LLC'S EAGLE FORD ASSETS,US,Acquisition 100%,Completed,"3,000,000.00",27.12.2022,100.00000,0.00000,100.00000,213112,211120,MRO,,02.11.2022,Cash Reserves,Unlisted,n.a.
,,,,,,,,,,,,,,,,,,Cash,,"3,000,000"
389.,1941725968,WHIRLPOOL CORPORATION,US,EMERSON ELECTRIC COMPANY'S INSINKERATOR BUSINESS,US,Acquisition 100%,Completed,"3,000,000.00",31.10.2022,100.00000,0.00000,100.00000,334513,335220,WHR,,08.08.2022,Cash Reserves,Unlisted,n.a.
,,,,,,,,,,,,,,,,,,Cash,,"500,000"
390.,1941690132,NUCOR CORPORATION,US,ARTHUR HOLDINGS CORPORATION,US,Acquisition 100%,Completed,"3,000,000.00",24.06.2022,100.00000,0.00000,100.00000,332321,331110,NUE,,16.05.2022,Cash,Unlisted,"3,000,000"
391.,1941674630,FIRST WASHINGTON REALTY TRUST INC.,US,DONAHUE SCHRIBER REALTY GROUP INC.,US,Acquisition 100%,Completed,"3,000,000.00",31.03.2022,100.00000,0.00000,100.00000,531190,531190,,,31.03.2022,,Unlisted,n.a.
392.,1941584874,QUANTA SERVICES INC.,US,BLATTNER HOLDING COMPANY,US,Acquisition 100%,Completed,"3,000,000.00",14.10.2021,100.00000,0.00000,100.00000,237130,238990,PWR,,02.09.2021,Earn-out,Unlisted,"300,000"
,,,,,,,,,,,,,,,,,,Cash Reserves,,n.a.
,,,,,,,,,,,,,,,,,,Cash,,n.a.
,,,,,,,,,,,,,,,,,,Shares,,n.a.
393.,1941499513,ALDEL FINANCIAL INC.,US,"HAGERTY GROUP LLC, THE",US,Acquisition 100%,Completed,"3,000,000.00",03.12.2021,100.00000,0.00000,100.00000,524210,525990,HGTY,,18.08.2021,Cash,Unlisted,"500,000"
,,,,,,,,,,,,,,,,,,Shares,,"2,500,000"
394.,1941306171,CLEVELAND-CLIFFS INC.,US,AK STEEL HOLDING CORPORATION,US,Acquisition 100%,Completed,"3,000,000.00",13.03.2020,100.00000,0.00000,100.00000,331110,212210,CLF,AKS,03.12.2019,Liabilities,Delisted,"1,900,000"
,,,,,,,,,,,,,,,,,,Shares,,"1,100,000"
395.,1941305742,ASTELLAS US HOLDING INC.,US,AUDENTES THERAPEUTICS INC.,US,Acquisition 100%,Completed,"3,000,000.00",15.01.2020,100.00000,0.00000,100.00000,541713,325412,,BOLD,02.12.2019,Cash,Delisted,"3,000,000"
396.,1941143573,TWILIO INC.,US,SENDGRID INC.,US,Acquisition 100%,Completed,"3,000,000.00",01.02.2019,100.00000,0.00000,100.00000,518210,518210,TWLO,SEND,15.10.2018,Shares,Delisted,"3,000,000"
397.,2007983918,SANMINA CORPORATION,US,ZT GROUP INTERNATIONAL INC.,US,Acquisition 100%,Completed,"3,000,000.00",27.10.2025,100.00000,0.00000,100.00000,334118,334413,SANM,,19.05.2025,Shares,Unlisted,"150,000"
,,,,,,,,,,,,,,,,,,Earn-out,,"450,000"
,,,,,,,,,,,,,,,,,,Cash,,"2,850,000"
398.,2007215827,INVESTORS,,HORNETS SPORTS & ENTERTAINMENT,US,Acquisition unknown majority stake %,Completed,"3,000,000.00",03.08.2023,Unknown majority,0.00000,Unknown majority,711211,523910,,,16.06.2023,,Unlisted,n.a.
,,MR JERMAINE LAMARR COLE,,,,,,,,,,,,525920,,,,,,
,,DYAL HOMECOURT PARTNERS LP,US,,,,,,,,,,,525990,,,,,,
,,MR GABE PLOTKIN,US,,,,,,,,,,,525920,,,,,,
,,MR RICK SCHNALL,,,,,,,,,,,,525920,,,,,,
,,MR CHRIS SHUMWAY,,,,,,,,,,,,525920,,,,,,
,,MR DAN SUNDHEIM,,,,,,,,,,,,525920,,,,,,
,,MR IAN LORING,,,,,,,,,,,,525920,,,,,,
,,MR ERIC CHURCH,,,,,,,,,,,,525920,,,,,,
,,MS AMY LEVINE DAWSON,,,,,,,,,,,,525920,,,,,,
,,MR DAMIAN MILLS,,,,,,,,,,,,525920,,,,,,
,,ANDREW SCHWARTZBERG,US,,,,,,,,,,,525920,,,,,,
399.,1941269829,TC SKYWARD AVIATION US INC.,US,AVIATION CAPITAL GROUP LLC,US,Acquisition increased from 24.5% to 100%,Completed,"2,983,000.00",05.12.2019,75.50000,24.50000,100.00000,532411,532411,,,09.09.2019,Cash Reserves,Unlisted,n.a.
,,,,,,,,,,,,,,,,,,Cash,,"2,983,000"
400.,1941522654,BANCORPSOUTH BANK,US,CADENCE BANCORPORATION LLC,US,Acquisition 100%,Completed,"2,966,080.00",29.10.2021,100.00000,0.00000,100.00000,522110,522110,CADE,CADE,12.04.2021,Dividend,Delisted,"155,572"
,,,,,,,,,,,,,,,,,,Shares,,"2,810,507"
401.,2007264433,EQT CORPORATION,US,ALTA RESOURCES DEVELOPMENT LLC'S UPSTREAM AND MIDSTREAM SUBSIDIARIES' MEMBERSHIP INTERESTS,US,Acquisition 100%,Completed,"2,925,000.00",30.09.2021,100.00000,0.00000,100.00000,213112,211120,EQT,,06.05.2021,Liabilities,Unlisted,n.a.
,,,,,,,,,,,,,,,,,,Shares,,"1,925,000"
,,,,,,,,,,,,,,,,,,Cash Reserves,,n.a.
,,,,,,,,,,,,,,,,,,Cash,,"1,000,000"
402.,1941411592,VECTOR DOMESTICATION MERGER SUB LLC,US,GRIFFEY GLOBAL HOLDINGS INC.,US,Acquisition 100%,Completed,"2,912,000.00",22.07.2022,100.00000,0.00000,100.00000,519190,551112,,,10.12.2021,Cash,Unlisted,"589,000"
,,,,,,,,,,,,,,,,,,Shares,,"2,323,000"
403.,2008204108,CRESCENT ENERGY COMPANY,US,VITAL ENERGY INC.,US,Acquisition 100%,Completed,"2,900,000.00",15.12.2025,100.00000,0.00000,100.00000,211120,211120,CRGY,VTLE,25.08.2025,Shares,Delisted,n.a.
,,,,,,,,,,,,,,,,,,Liabilities,,"2,300,000"
404.,1941705401,MONDELEZ INTERNATIONAL INC.,US,CLIF BAR & COMPANY,US,Acquisition 100%,Completed,"2,900,000.00",01.08.2022,100.00000,0.00000,100.00000,311999,311919,MDLZ,,20.06.2022,Earn-out,Unlisted,n.a.
,,,,,,,,,,,,,,,,,,Cash,,"2,900,000"
405.,1941585652,AVANTOR INC.,US,MASTERFLEX LLC,US,Acquisition 100%,Completed,"2,900,000.00",01.11.2021,100.00000,0.00000,100.00000,333996,325412,AVTR,,07.09.2021,Cash,Unlisted,"2,900,000"
406.,1941112288,SYNOVUS FINANCIAL CORPORATION,US,FCB FINANCIAL HOLDINGS INC.,US,Acquisition 100%,Completed,"2,900,000.00",02.01.2019,100.00000,0.00000,100.00000,522110,522110,SNV,FCB,24.07.2018,Shares,Delisted,"2,900,000"
407.,2007937986,HERC HOLDINGS INC.,US,H&E EQUIPMENT SERVICES INC.,US,Acquisition 100%,Completed,"2,887,714.00",02.06.2025,100.00000,0.00000,100.00000,532412,532412,HRI,HEES,16.04.2025,Cash,Delisted,"2,887,714"
408.,1941477245,NANTKWEST INC.,US,IMMUNITYBIO INC.,US,Acquisition 100%,Completed,"2,864,983.00",09.03.2021,100.00000,0.00000,100.00000,541713,541713,IBRX,IBRX,21.12.2020,Shares,Listed,"2,864,983"
409.,1941447411,FOREST ROAD ACQUISITION CORPORATION,US,BEACHBODY LLC,US,Acquisition 100%,Completed,"2,859,875.00",25.06.2021,100.00000,0.00000,100.00000,454110,525990,BODI,,10.02.2021,Shares,Unlisted,"2,859,875"
,,,,MYX FITNESS HOLDINGS LLC,US,,,,,100.00000,0.00000,100.00000,339920,,,,,,Unlisted,
410.,2007875821,SERVICENOW INC.,US,MOVEWORKS INC.,US,Acquisition 100%,Completed,"2,850,000.00",15.12.2025,100.00000,0.00000,100.00000,518210,518210,NOW,,10.03.2025,Liabilities,Unlisted,n.a.
,,,,,,,,,,,,,,,,,,Shares,,n.a.
,,,,,,,,,,,,,,,,,,Cash,,n.a.
411.,2007062074,"WALT DISNEY COMPANY, THE",US,BAMTECH LLC,US,Acquisition increased from 75% to 100%,Completed,"2,830,000.00",29.11.2022,25.00000,75.00000,100.00000,511210,512110,DIS,,08.08.2017,,Unlisted,n.a.
412.,1941630423,OC ACQUISITION LLC,US,CERNER CORPORATION,US,Acquisition 100%,Completed,"2,830,000.00",08.06.2022,100.00000,0.00000,100.00000,541511,518210,,CERN,20.12.2021,Cash,Delisted,"2,830,000"
413.,2007107499,GRAY TELEVISION INC.,US,MEREDITH CORPORATION,US,Acquisition 100% - Bid 2 - Increased Offer,Completed,"2,825,000.00",01.12.2021,100.00000,0.00000,100.00000,511120,515120,GTN,MDP,03.06.2021,Cash,Delisted,"2,700,000"
,,,,,,,,,,,,,,,,,,Liabilities,,n.a.
414.,2007762354,CARDINAL HEALTH INC.,US,GI ALLIANCE MANAGEMENT LLC,US,Acquisition 73%,Completed,"2,800,000.00",30.06.2025,73.00000,0.00000,73.00000,621111,424210,CAH,,11.11.2024,Cash,Unlisted,"2,800,000"
415.,2007208967,HIGHGATE HOTELS LP,US,COLONY CAPITAL INC.'S SIX HOSPITALITY PORTFOLIOS,US,Acquisition 100%,Completed,"2,800,000.00",25.03.2021,100.00000,0.00000,100.00000,237210,721110,,,24.09.2020,Liabilities,Unlisted,"2,700,000"
416.,1941712940,ESTEE LAUDER COMPANIES INC.,US,TOM FORD INTERNATIONAL LLC,US,Acquisition 100%,Completed,"2,800,000.00",28.04.2024,100.00000,0.00000,100.00000,315220,325620,EL,,15.11.2022,Cash Reserves,Unlisted,n.a.
,,,,,,,,,,,,,,,,,,Liabilities,,"500,000"
,,,,,,,,,,,,,,,,,,Deferred payment,,n.a.
,,,,,,,,,,,,,,,,,,Cash,,"2,300,000"
417.,1941253947,EXACT SCIENCES CORPORATION,US,GENOMIC HEALTH INC.,US,Acquisition 100%,Completed,"2,800,000.00",08.11.2019,100.00000,0.00000,100.00000,541380,541713,EXAS,GHDX,29.07.2019,Shares,Delisted,"1,649,704"
,,,,,,,,,,,,,,,,,,Cash,,"1,019,480"
418.,1941041290,FORTIVE CORPORATION,US,ADVANCED STERILIZATION PRODUCTS SERVICES INC.,US,Acquisition 100%,Completed,"2,800,000.00",01.04.2019,100.00000,0.00000,100.00000,339112,334510,FTV,,06.06.2018,Cash,Unlisted,"2,700,000"
,,,,,,,,,,,,,,,,,,Business assets,,"100,000"
419.,1941564009,KITE REALTY GROUP TRUST,US,RETAIL PROPERTIES OF AMERICA INC.,US,Acquisition 100%,Completed,"2,787,229.00",22.10.2021,100.00000,0.00000,100.00000,531120,531120,KRG,RPAI,19.07.2021,Liabilities,Delisted,n.a.
,,,,,,,,,,,,,,,,,,Shares,,"2,787,229"
420.,1941576344,HYATT HOTELS CORPORATION,US,APPLE LEISURE GROUP,US,Acquisition 100%,Completed,"2,769,000.00",01.11.2021,100.00000,0.00000,100.00000,721110,721110,H,,15.08.2021,Earn-out,Unlisted,"69,000"
,,,,CASABLANCA GLOBAL GP LTD,KY,,,,,100.00000,0.00000,100.00000,523910,,,,,Cash Reserves,Unlisted,n.a.
,,,,,,,,,,,,,,,,,,Cash,,n.a.
421.,2007061133,VICI PROPERTIES INC.,US,BLACKSTONE REAL ESTATE INCOME TRUST INC. AND VICI PROPERTIES INC.'S MGM GRAND LAS VEGAS AND MANDALAY BAY RESORT JOINT VENTURE,US,Acquisition increased from 50.1% to 100%,Completed,"2,767,000.00",09.01.2023,49.90000,50.10000,100.00000,721120,531120,VICI,,01.12.2022,Cash Reserves,Unlisted,n.a.
,,,,,,,,,,,,,,,,,,Liabilities,,"1,497,000"
,,,,,,,,,,,,,,,,,,Cash,,"1,270,000"
422.,1941243682,SWITCHBACK ENERGY ACQUISITION CORPORATION,US,CHARGEPOINT INC. (OLD),US,Acquisition 100%,Completed,"2,758,020.00",26.02.2021,100.00000,0.00000,100.00000,447190,525990,CHPT,,24.07.2020,Liabilities,Unlisted,n.a.
,,,,,,,,,,,,,,,,,,Shares,,n.a.
,,,,,,,,,,,,,,,,,,Earn-out,,"358,020"
,,,,,,,,,,,,,,,,,,Cash,,n.a.
,,,,,,,,,,,,,,,,,,Cash Reserves,,n.a.
423.,1941656849,CHEVRON CORPORATION,US,RENEWABLE ENERGY GROUP INC.,US,Acquisition 100%,Completed,"2,750,000.00",13.06.2022,100.00000,0.00000,100.00000,325199,211120,CVX,REGI,28.02.2022,Cash assumed,Delisted,"400,000"
,,,,,,,,,,,,,,,,,,Cash,,"2,750,000"
,,,,,,,,,,,,,,,,,,Liabilities,,n.a.
424.,1941656482,CHURCHILL DOWNS INC.,US,PENINSULA PACIFIC ENTERTAINMENT LLC'S VIRGINIA AND NEW YORK ASSETS,US,Acquisition 100%,Completed,"2,750,000.00",01.11.2022,100.00000,0.00000,100.00000,523910,711212,CHDN,,22.02.2022,Cash,Unlisted,"2,750,000"
,,,,PENINSULA PACIFIC ENTERTAINMENT LLC'S SIOUX CITY CASINO PROPERTY OPERATION,US,,,,,100.00000,0.00000,100.00000,721120,,,,,Liabilities,Unlisted,n.a.
,,,,,,,,,,,,,,,,,,Cash Reserves,,n.a.
425.,1941476517,DAVIES MERGER SUB INC.,US,BIOTELEMETRY INC.,US,Acquisition 100%,Completed,"2,750,000.00",09.02.2021,100.00000,0.00000,100.00000,334510,523910,,BEAT,18.12.2020,Cash assumed,Delisted,n.a.
,,,,,,,,,,,,,,,,,,Liabilities,,n.a.
,,,,,,,,,,,,,,,,,,Cash,,n.a.
426.,1941459007,MERCK & COMPANY INC.,US,VELOSBIO INC.,US,Acquisition 100%,Completed,"2,750,000.00",18.12.2020,100.00000,0.00000,100.00000,541713,325412,MRK,,05.11.2020,Cash,Unlisted,"2,750,000"
427.,1941529367,SKYWORKS SOLUTIONS INC.,US,SILICON LABORATORIES INC.'S INFRASTRUCTURE & AUTOMOTIVE BUSINESS,US,Acquisition 100%,Completed,"2,750,000.00",26.07.2021,100.00000,0.00000,100.00000,541512,334413,SWKS,,22.04.2021,Cash,Unlisted,"2,750,000"
,,,,SILICON LABORATORIES INC.'S BUSINESS ASSET,US,,,,,100.00000,0.00000,100.00000,541512,,,,,,Unlisted,
428.,1941516922,QUIKRETE HOLDINGS INC.,US,FORTERRA INC.,US,Acquisition 100%,Completed,"2,740,000.00",18.03.2022,100.00000,0.00000,100.00000,327332,327310,,FRTA,16.03.2022,Liabilities,Delisted,n.a.
,,,,,,,,,,,,,,,,,,Cash,,"2,740,000"
429.,1941276548,WILLSCOT CORPORATION,US,MOBILE MINI INC.,US,Acquisition 100%,Completed,"2,739,265.00",01.07.2020,100.00000,0.00000,100.00000,332311,532490,WSC,MINI,02.03.2020,Shares,Delisted,n.a.
,,,,,,,,,,,,,,,,,,Liabilities,,"876,926"
430.,1941471033,DAWN MERGER SUB II LLC,,LUMINAR TECHNOLOGIES INC.,US,Acquisition 100%,Completed,"2,718,000.00",02.12.2020,100.00000,0.00000,100.00000,541511,551112,,,24.08.2020,Shares,Unlisted,n.a.
,,,,,,,,,,,,,,,,,,Earn-out,,n.a.
,,,,,,,,,,,,,,,,,,Cash assumed,,"170,000"
431.,2007906124,LPL FINANCIAL HOLDINGS INC.,US,CFN HOLDING COMPANY LLC,US,Acquisition 100%,Completed,"2,700,000.00",01.08.2025,100.00000,0.00000,100.00000,523120,523930,LPLA,,28.03.2025,Cash,Unlisted,"2,700,000"
,,,,,,,,,,,,,,,,,,Liabilities,,n.a.
,,,,,,,,,,,,,,,,,,Cash Reserves,,n.a.
432.,1941547819,SOUTHWESTERN ENERGY COMPANY,US,INDIGO NATURAL RESOURCES LLC,US,Acquisition 100%,Completed,"2,700,000.00",01.09.2021,100.00000,0.00000,100.00000,211120,211120,SWN,,02.06.2021,Cash,Unlisted,"400,000"
,,,,,,,,,,,,,,,,,,Shares,,"1,600,000"
,,,,,,,,,,,,,,,,,,Bonds,,"700,000"
433.,2007737094,ALLISON TRANSMISSION HOLDINGS INC.,US,DANA INC.'S OFF-HIGHWAY BUSINESS,US,Acquisition 100%,Completed,"2,700,000.00",02.01.2026,100.00000,0.00000,100.00000,336390,336350,ALSN,,11.06.2025,Cash Reserves,Unlisted,n.a.
,,,,,,,,,,,,,,,,,,Cash,,"2,700,000"
434.,2007073138,TG NATURAL RESOURCES LLC,US,ROCKCLIFF ENERGY II LLC,US,Acquisition 100%,Completed,"2,700,000.00",05.01.2024,100.00000,0.00000,100.00000,221210,213112,,,16.12.2023,Cash,Unlisted,n.a.
,,,,,,,,,,,,,,,,,,Liabilities,,n.a.
435.,1941711571,DOMTAR CORPORATION,US,RESOLUTE FOREST PRODUCTS INC.,US,Acquisition 100%,Completed,"2,700,000.00",01.03.2023,100.00000,0.00000,100.00000,322121,322121,UFS,RFP,06.07.2022,Liabilities,Delisted,n.a.
,,,,,,,,,,,,,,,,,,Earn-out,,n.a.
,,,,,,,,,,,,,,,,,,Cash,,"2,700,000"
436.,1941658277,CPA18 MERGER SUB LLC,US,CORPORATE PROPERTY ASSOCIATES 18 - GLOBAL INC.,US,Acquisition 100%,Completed,"2,700,000.00",01.08.2022,100.00000,0.00000,100.00000,531120,531120,,,28.02.2022,Liabilities,Unlisted,"1,112,105"
,,,,,,,,,,,,,,,,,,Cash,,"449,610"
,,,,,,,,,,,,,,,,,,Shares,,"1,138,285"
437.,1941308741,MERCK SHARP & DOHME CORPORATION,US,ARQULE INC.,US,Acquisition 100%,Completed,"2,700,000.00",16.01.2020,100.00000,0.00000,100.00000,541713,541713,MRK,ARQL,09.12.2019,Cash,Delisted,"2,700,000"
438.,2008624629,EH PARENT LLC,US,SOHO HOUSE & COMPANY INC.,US,Acquisition 100%,Completed,"2,700,000.00",29.01.2026,100.00000,0.00000,100.00000,518210,518210,,SHCO,18.08.2025,Liabilities,Listed,n.a.
,,,,,,,,,,,,,,,,,,Cash,,"2,700,000"
439.,2008563004,COLUMBUS MCKINNON CORPORATION,US,KITO CROSBY LTD,US,Acquisition 100%,Completed,"2,700,000.00",03.02.2026,100.00000,0.00000,100.00000,333120,333923,CMCO,,10.02.2025,Cash,Unlisted,"2,700,000"
440.,2007153500,TPG INC.,US,ANGELO GORDON & COMPANY LP,US,Acquisition 100%,Completed,"2,700,000.00",02.11.2023,100.00000,0.00000,100.00000,523920,523920,TPG,,14.05.2023,Cash Reserves,Unlisted,n.a.
,,,,,,,,,,,,,,,,,,Shares,,"1,330,000"
,,,,,,,,,,,,,,,,,,Cash,,"970,000"
,,,,,,,,,,,,,,,,,,Earn-out,,"400,000"
441.,1941491781,HORIZON THERAPEUTICS USA INC.,US,VIELA BIO INC.,US,Acquisition 100%,Completed,"2,670,000.00",15.03.2021,100.00000,0.00000,100.00000,541713,325412,,VIE,01.02.2021,Cash assumed,Delisted,"380,000"
,,,,,,,,,,,,,,,,,,Cash,,"3,050,000"
,,,,,,,,,,,,,,,,,,Cash Reserves,,n.a.
442.,1941695337,GATEWAY VELOCITY HOLDING CORPORATION,US,VGP HOLDINGS LLC,US,Acquisition 100%,Completed,"2,650,000.00",01.03.2023,100.00000,0.00000,100.00000,324191,551112,,,01.08.2022,Cash,Unlisted,"2,650,000"
443.,1941644027,CHESAPEAKE ENERGY CORPORATION,US,CHIEF E&D HOLDINGS LP,US,Acquisition 100%,Completed,"2,650,000.00",09.03.2022,100.00000,0.00000,100.00000,486210,211120,EXE,,25.01.2022,Shares,Unlisted,"650,000"
,,,,,,,,,,,,,,,,,,Cash,,"2,000,000"
,,,,,,,,,,,,,,,,,,Cash Reserves,,n.a.
444.,1941403150,UBER TECHNOLOGIES INC.,US,POSTMATES INC.,US,Acquisition 100%,Completed,"2,650,000.00",01.12.2020,100.00000,0.00000,100.00000,518210,511210,UBER,,06.07.2020,Shares,Unlisted,"2,650,000"
445.,2007690415,MASTERCARD INC.,US,RECORDED FUTURE INC.,US,Acquisition 100%,Completed,"2,650,000.00",20.12.2024,100.00000,0.00000,100.00000,518210,522210,MA,,12.09.2024,,Unlisted,n.a.
446.,1941440516,"EW SCRIPPS COMPANY, THE",US,ION MEDIA NETWORKS INC.,US,Acquisition 100%,Completed,"2,650,000.00",07.01.2021,100.00000,0.00000,100.00000,515120,511110,SSP,IIONQ,24.09.2020,,Delisted,n.a.
447.,2007718417,LANGKAWI CORPORATION,US,LONGBOARD PHARMACEUTICALS INC.,US,Acquisition 100%,Completed,"2,600,000.00",02.12.2024,100.00000,0.00000,100.00000,541713,551112,,LBPH,14.10.2024,Cash,Delisted,"2,600,000"
,,,,,,,,,,,,,,,,,,Cash Reserves,,n.a.
448.,2008482107,CACI INC. - FEDERAL,US,ARKA GROUP LP,US,Acquisition 100%,Completed,"2,600,000.00",09.03.2026,100.00000,0.00000,100.00000,511210,541512,,,22.12.2025,Cash,Unlisted,"2,600,000"
,,,,,,,,,,,,,,,,,,Cash Reserves,,n.a.
449.,2007672005,ONEOK INC.,US,MEDALLION MIDSTREAM LLC,US,Acquisition 100%,Completed,"2,600,000.00",31.10.2024,100.00000,0.00000,100.00000,213112,221210,OKE,,28.08.2024,Cash,Unlisted,"2,600,000"
450.,2007411644,BERKSHIRE HATHAWAY INC.,US,PILOT TRAVEL CENTERS LLC,US,Acquisition increased from 80% to 100%,Completed,"2,600,000.00",16.01.2024,20.00000,80.00000,100.00000,447110,523920,BRKB,,16.01.2024,,Unlisted,n.a.
451.,1941528669,NEW YORK COMMUNITY BANCORP INC.,US,FLAGSTAR BANCORP INC.,US,Acquisition 100%,Completed,"2,600,000.00",01.12.2022,100.00000,0.00000,100.00000,522120,522110,FLG,FBC,26.04.2021,Shares,Delisted,"2,600,000"
452.,1939043832,GOOGLE LLC,US,LOOKER DATA SCIENCES INC.,US,Acquisition 100%,Completed,"2,600,000.00",12.02.2020,100.00000,0.00000,100.00000,518210,519130,GOOGL,,06.06.2019,Cash,Unlisted,"2,600,000"
453.,1941222219,LEMS I LLC,US,LIBERTY EXPEDIA HOLDINGS INC.,US,Acquisition 100%,Completed,"2,588,968.00",26.07.2019,100.00000,0.00000,100.00000,518210,518210,,LEXEA,16.04.2019,Shares,Delisted,"2,588,968"
454.,2007360140,MS MIRIAM ADELSON,,DALLAS BASKETBALL LTD,US,Acquisition 73%,Completed,"2,555,000.00",31.12.2023,73.00000,0.00000,73.00000,711211,525920,,,29.11.2023,Cash,Unlisted,"2,555,000"
,,"MIRIAM ADELSON TRUST, THE",US,,,,,,,,,,,523991,,,,Cash Reserves,,n.a.
,,PATRICK DUMONT,US,,,,,,,,,,,525920,,,,,,
455.,1941442184,DEVON ENERGY CORPORATION,US,WPX ENERGY INC.,US,Acquisition 100%,Completed,"2,550,261.00",07.01.2021,100.00000,0.00000,100.00000,211120,211120,DVN,WPX,07.01.2021,Shares,Delisted,"2,550,261"
456.,1941559180,SANTANDER HOLDINGS USA INC.,US,SANTANDER CONSUMER USA HOLDINGS INC.,US,Acquisition increased from 80% to 100%,Completed,"2,540,000.00",31.01.2022,20.00000,80.00000,100.00000,522220,522110,,SC,24.08.2021,Cash,Delisted,"2,540,000"
457.,1941444914,ATLAS CREST INVESTMENT CORPORATION,US,ARCHER AVIATION INC. (OLD),US,Acquisition 100%,Completed,"2,525,000.00",16.09.2021,100.00000,0.00000,100.00000,336411,525990,ACHR,,10.02.2021,Shares,Unlisted,"2,525,000"
458.,2007604092,DENALI CAPITAL ACQUISITION CORPORATION,KY,SEMNUR PHARMACEUTICALS INC.,US,Acquisition 100%,Completed,"2,500,000.00",22.09.2025,100.00000,0.00000,100.00000,541715,525990,,,03.09.2024,Cash Reserves,Unlisted,n.a.
,,,,,,,,,,,,,,,,,,Cash,,n.a.
459.,2008482244,SHIONOGI INC.,US,RADIANCE NEWCO LLC,US,Acquisition 100%,Completed,"2,500,000.00",02.04.2026,100.00000,0.00000,100.00000,424210,541713,,,22.12.2025,,Unlisted,n.a.
460.,2008217675,"LYNC GROUP PURCHASER, CO.",US,"PADRES HOLDINGS, INC.",US,Acquisition 100%,Completed,"2,500,000.00",28.02.2020,100.00000,0.00000,100.00000,551114,551114,,,28.02.2020,,Unlisted,n.a.
461.,2007711419,MERLIN PARENT 2024 INC.,US,AT&T MVPG HOLDINGS LLC,US,Acquisition 100%,Completed,"2,500,000.00",02.07.2025,100.00000,0.00000,100.00000,551114,525990,,,30.09.2024,Cash,Unlisted,"2,500,000"
,,,,,,,,,,,,,,,,,,Deferred payment,,n.a.
462.,1941632811,CROCS INC.,US,FULL FORTUNE INTELLECTUAL LTD,HK,Acquisition unknown%,Completed,"2,500,000.00",17.02.2022,100.00000,0.00000,100.00000,316210,316210,CROX,,23.12.2021,Shares,Unlisted,"450,000"
,,,,FULL FORTUNE WORLDWIDE LTD,HK,,,,,100.00000,0.00000,100.00000,316210,,,,,Liabilities,Unlisted,n.a.
,,,,FULL FORTUNE ONLINE LTD,HK,,,,,100.00000,0.00000,100.00000,316210,,,,,Cash,Unlisted,"2,050,000"
,,,,HAPPY ONE LLC,US,,,,,Unknown %,Unknown %,Unknown %,316210,,,,,,Unlisted,
,,,,LUCKY TOP INC.,US,,,,,Unknown %,Unknown %,Unknown %,316210,,,,,,Unlisted,
463.,1941603559,CDW LLC,US,GRANITE PARENT INC.,US,Acquisition 100%,Completed,"2,500,000.00",01.12.2021,100.00000,0.00000,100.00000,541512,443142,,,18.10.2021,Cash,Unlisted,"2,500,000"
464.,1941538703,PERFORMANCE FOOD GROUP COMPANY,US,CORE-MARK HOLDING COMPANY INC.,US,Acquisition 100%,Completed,"2,500,000.00",01.09.2021,100.00000,0.00000,100.00000,424410,424410,PFGC,CORE,18.05.2021,Shares,Delisted,n.a.
,,,,,,,,,,,,,,,,,,Liabilities,,n.a.
,,,,,,,,,,,,,,,,,,Cash,,n.a.
465.,1941501566,GOODYEAR TIRE & RUBBER COMPANY,US,COOPER TIRE & RUBBER COMPANY,US,Acquisition 100%,Completed,"2,500,000.00",07.06.2021,100.00000,0.00000,100.00000,326211,326211,GT,CTB,22.02.2021,Cash assumed,Delisted,"241,428"
,,,,,,,,,,,,,,,,,,Cash,,"2,105,773"
,,,,,,,,,,,,,,,,,,Shares,,"635,655"
,,,,,,,,,,,,,,,,,,Liabilities,,n.a.
466.,1941423025,GOLDMAN SACHS BANK USA,US,GENERAL MOTORS COMPANY'S CREDIT CARD UNIT,US,Acquisition 100%,Completed,"2,500,000.00",18.02.2022,100.00000,0.00000,100.00000,522291,523110,,,15.01.2021,,Unlisted,n.a.
467.,1941385819,OPTUMHEALTH INC.,US,NAVIHEALTH INC.,US,Acquisition 55%,Completed,"2,500,000.00",18.05.2020,55.00000,Unknown %,Unknown %,511210,621999,,,18.05.2020,Liabilities,Unlisted,"1,500,000"
468.,1941229642,PK DOMESTIC SUB LLC,US,CHESAPEAKE LODGING TRUST,US,Acquisition 100%,Completed,"2,500,000.00",18.09.2019,100.00000,0.00000,100.00000,531120,531120,,CHSP,06.05.2019,Liabilities,Delisted,n.a.
,,,,,,,,,,,,,,,,,,Shares,,n.a.
,,,,,,,,,,,,,,,,,,Cash,,n.a.
469.,1941147248,WPX ENERGY INC.,US,FELIX ENERGY HOLDINGS II LLC,US,Acquisition 100%,Completed,"2,500,000.00",06.03.2020,100.00000,0.00000,100.00000,213112,211120,WPX,,16.12.2019,Cash,Unlisted,"900,000"
,,,,,,,,,,,,,,,,,,Shares,,"1,600,000"
470.,1939051636,EXCELLENCE HEALTH INC.,US,MOJAVE PHARMA INC.,US,Acquisition 100%,Completed,"2,500,000.00",24.06.2019,100.00000,0.00000,100.00000,541715,813920,,,24.06.2019,Cash,Unlisted,"2,500,000"
471.,2007974857,DICK'S SPORTING GOODS INC.,US,FOOT LOCKER INC.,US,Acquisition 100%,Completed,"2,500,000.00",08.09.2025,100.00000,0.00000,100.00000,448210,451110,DKS,FL,15.05.2025,Cash,Delisted,"2,500,000"
472.,1941568305,AMGEN INC.,US,TENEOBIO INC.,US,Acquisition 100%,Completed,"2,500,000.00",19.10.2021,100.00000,0.00000,100.00000,541713,325412,AMGN,,27.07.2021,Cash,Unlisted,"2,500,000"
,,,,,,,,,,,,,,,,,,Earn-out,,"1,600,000"
473.,1941130121,SCIENCE APPLICATIONS INTERNATIONAL CORPORATION,US,ENGILITY HOLDINGS INC.,US,Acquisition 100%,Completed,"2,500,000.00",14.01.2019,100.00000,0.00000,100.00000,541330,541512,SAIC,EGL,10.09.2018,Liabilities,Delisted,"900,000"
,,,,,,,,,,,,,,,,,,Shares,,"1,600,000"
474.,2007668049,MCKESSON CORPORATION,US,COMMUNITY ONCOLOGY REVITALIZATION ENTERPRISE VENTURES LLC,US,Acquisition 70%,Completed,"2,490,000.00",03.06.2025,70.00000,0.00000,70.00000,541715,424210,MCK,,26.08.2024,Cash,Unlisted,"2,490,000"
475.,2008135100,SPIRE INC.,US,PIEDMONT NATURAL GAS COMPANY INC.'S LOCAL DISTRIBUTION BUSINESS IN TENNESSEE,US,Acquisition 100%,Completed,"2,480,000.00",31.03.2026,100.00000,0.00000,100.00000,221210,221210,SR,,27.07.2025,Cash,Unlisted,"2,480,000"
476.,1941473800,GORES HOLDINGS VI INC.,US,MATTERPORT INC.,US,Acquisition 100%,Completed,"2,423,350.00",22.07.2021,100.00000,0.00000,100.00000,511210,525990,MTTR,,08.02.2021,Earn-out,Unlisted,"234,600"
,,,,,,,,,,,,,,,,,,Shares,,"2,423,350"
477.,1943348847,NUTEX HEALTH INC.,US,NUTEX HEALTH LLC,US,Acquisition 100%,Completed,"2,420,196.00",01.04.2022,100.00000,0.00000,100.00000,622110,518210,NUTX,,29.11.2021,Shares,Unlisted,"2,420,196"
478.,2008539332,LEIDOS INC.,US,ENTRUST SOLUTIONS GROUP LLC,US,Acquisition 100%,Completed,"2,400,000.00",30.03.2026,100.00000,0.00000,100.00000,541330,541330,,,23.01.2026,Cash Reserves,Unlisted,n.a.
,,,,,,,,,,,,,,,,,,Cash,,"2,400,000"
479.,2007876574,ROCKET COMPANIES INC.,US,REDFIN CORPORATION,US,Acquisition 100%,Completed,"2,400,000.00",30.06.2025,100.00000,0.00000,100.00000,531210,522310,RKT,RDFN,10.03.2025,Liabilities,Delisted,n.a.
,,,,,,,,,,,,,,,,,,Shares,,"1,750,000"
480.,2007663060,JTI (US) HOLDING INC.,US,VECTOR GROUP LTD,US,Acquisition 100%,Completed,"2,400,000.00",07.10.2024,100.00000,0.00000,100.00000,312230,312230,,VGR,21.08.2024,Cash,Delisted,"2,400,000"
481.,2007639950,ARCOSA MS9 LLC,US,STAVOLA HOLDING CORPORATION'S CERTAIN IDENTIFIED ASSETS,US,Acquisition 100%,Completed,"2,400,000.00",01.10.2024,100.00000,0.00000,100.00000,551114,551114,,,01.08.2024,Cash,Unlisted,"1,200,000"
,,,,STAVOLA HOLDINGS PENNSYLVANIA LLC'S CERTAIN IDENTIFIED ASSETS,US,,,,,100.00000,0.00000,100.00000,551114,,,,,Liabilities,Unlisted,"1,200,000"
,,,,STAVOLA TRUCKING COMPANY INC.'S CERTAIN IDENTIFIED ASSETS,US,,,,,100.00000,0.00000,100.00000,541614,,,,,,Unlisted,
,,,,STAVOLA MANAGEMENT COMPANY INC.'S CERTAIN IDENTIFIED ASSETS,US,,,,,100.00000,0.00000,100.00000,551114,,,,,,Unlisted,
,,,,STAVOLA REALTY COMPANY'S CERTAIN IDENTIFIED ASSETS,US,,,,,100.00000,0.00000,100.00000,531210,,,,,,Unlisted,
482.,2007599039,NORTHERN OIL AND GAS INC.,US,XCL RESOURCES LLC'S UINTA BASIN OIL AND GAS ASSETS,US,Acquisition 100% and 20%,Completed,"2,400,000.00",01.10.2024,100.00000,0.00000,100.00000,211120,211120,NOG,,27.06.2024,Cash,Unlisted,"2,400,000"
,,SM ENERGY COMPANY,US,,,,,,,,,,,211120,SM,,,Cash Reserves,,n.a.
483.,2007260435,LEGENDS HOSPITALITY LLC,US,ASM GLOBAL,US,Acquisition 100%,Completed,"2,400,000.00",23.08.2024,100.00000,0.00000,100.00000,561210,541613,,,07.11.2023,,Unlisted,n.a.
484.,2007177472,ELI LILLY AND COMPANY,US,DICE THERAPEUTICS INC.,US,Acquisition 100%,Completed,"2,400,000.00",09.08.2023,100.00000,0.00000,100.00000,541713,325412,LLY,DICE,20.06.2023,Cash,Delisted,"2,400,000"
485.,1941460321,VF CORPORATION,US,SUPREME HOLDINGS INC.,US,Acquisition 100%,Completed,"2,400,000.00",28.12.2020,100.00000,0.00000,100.00000,448110,315240,VFC,,09.11.2020,Liabilities,Unlisted,n.a.
,,,,,,,,,,,,,,,,,,Earn-out,,"300,000"
486.,2007347873,NOVANT HEALTH INC.,US,TENET HEALTHCARE CORPORATION'S 3 HOSPITALS IN SOUTH CAROLINA,US,Acquisition 100%,Completed,"2,400,000.00",01.02.2024,100.00000,0.00000,100.00000,622110,622110,,,17.11.2023,Cash,Unlisted,"2,400,000"
487.,1941293982,TAYLOR MORRISON HOME CORPORATION,US,WILLIAM LYON HOMES INC.,US,Acquisition 100%,Completed,"2,400,000.00",06.02.2020,100.00000,0.00000,100.00000,236115,236115,TMHC,WLH,06.11.2019,Liabilities,Delisted,"1,390,000"
,,,,,,,,,,,,,,,,,,Shares,,n.a.
,,,,,,,,,,,,,,,,,,Cash,,n.a.
488.,2007984681,MPLX LP,US,NORTHWIND DELAWARE HOLDINGS LLC,US,Acquisition unknown stake %,Completed,"2,375,000.00",02.09.2025,Unknown %,Unknown %,Unknown %,213112,211120,MPLX,,31.07.2025,Cash,Unlisted,"2,375,000"
,,,,,,,,,,,,,,,,,,Liabilities,,n.a.
489.,1941533707,BILL.COM HOLDINGS INC.,US,DIVVYPAY INC.,US,Acquisition 100%,Completed,"2,375,000.00",01.06.2021,100.00000,0.00000,100.00000,518210,518210,BILL,,06.05.2021,Cash assumed,Unlisted,"125,000"
,,,,,,,,,,,,,,,,,,Shares,,"1,875,000"
,,,,,,,,,,,,,,,,,,Cash,,"625,000"
490.,1941452813,AUTHENTIC BRANDS GROUP LLC,US,REEBOK INTERNATIONAL LTD,US,Acquisition 100%,Completed,"2,356,347.25",01.03.2022,100.00000,0.00000,100.00000,316210,541810,,RBK,01.03.2022,Cash,Delisted,n.a.
,,,,,,,,,,,,,,,,,,Earn-out,,n.a.
,,,,,,,,,,,,,,,,,,Deferred payment,,n.a.
491.,1941434460,EMPOWER RETIREMENT LLC,US,MASSACHUSETTS MUTUAL LIFE INSURANCE COMPANY'S RETIREMENT PLAN BUSINESS,US,Acquisition 100%,Completed,"2,350,000.00",04.01.2021,100.00000,0.00000,100.00000,523930,523930,,,08.09.2020,,Unlisted,n.a.
492.,2008111059,TALEN GENERATION LLC,US,GUERNSEY POWER HOLDINGS LLC,US,Acquisition 100%,Completed,"2,330,000.00",25.11.2025,100.00000,0.00000,100.00000,221118,221118,,,17.07.2025,Cash,Unlisted,"2,330,000"
493.,2007219460,CAMPBELL SOUP COMPANY,US,SOVOS BRANDS INC.,US,Acquisition 100%,Completed,"2,328,209.00",12.03.2024,100.00000,0.00000,100.00000,523910,311422,CPB,,07.08.2023,Cash,Unlisted,"2,328,209"
,,,,,,,,,,,,,,,,,,Liabilities,,n.a.
494.,2007481692,INGERSOLL RAND INC.,US,ILC DOVER LP,US,Acquisition 100%,Completed,"2,325,000.00",03.06.2024,100.00000,0.00000,100.00000,339113,333912,IR,,25.03.2024,Earn-out,Unlisted,n.a.
,,,,,,,,,,,,,,,,,,Cash,,"2,325,000"
495.,1941486289,GORES METROPOULOS II INC.,US,SONDER HOLDINGS INC.,US,Acquisition 100%,Completed,"2,321,603.00",18.01.2022,100.00000,0.00000,100.00000,518210,525990,SONDQ,SONDQ,30.04.2021,Shares,Listed,"2,321,603"
,,,,,,,,,,,,,,,,,,Earn-out,,"145,000"
496.,2007122858,PROPERTY SOLUTIONS ACQUISITION CORPORATION,US,FARADAY&FUTURE INC.,US,Acquisition 100%,Completed,"2,312,000.00",21.07.2021,100.00000,0.00000,100.00000,336111,525990,FFIE,,28.01.2021,Shares,Unlisted,"2,312,000"
497.,2008459885,TROPIC MERGER SUB LLC,US,ALEXANDER & BALDWIN INC.,US,Acquisition 100%,Completed,"2,300,000.00",12.03.2026,100.00000,0.00000,100.00000,237210,237210,,ALEX,08.12.2025,Cash,Delisted,"2,300,000"
,,,,,,,,,,,,,,,,,,Liabilities,,n.a.
498.,2007636526,CBIZ INC.,US,MARCUM ADVISORY GROUP LLC,US,Acquisition 100%,Completed,"2,300,000.00",01.11.2024,100.00000,0.00000,100.00000,541211,541211,CBZ,,31.07.2024,Cash,Unlisted,"1,100,000"
,,,,,,,,,,,,,,,,,,Earn-out,,"60,000"
,,,,,,,,,,,,,,,,,,Shares,,"1,200,000"
,,,,,,,,,,,,,,,,,,Deferred payment,,n.a.
499.,1941624694,CYCLADES PARENT INC.,US,GCP APPLIED TECHNOLOGIES INC.,US,Acquisition 100%,Completed,"2,300,000.00",27.09.2022,100.00000,0.00000,100.00000,325998,525990,,GCP,06.12.2021,Cash,Delisted,"2,300,000"
500.,1941555693,VENTAS INC.,US,NEW SENIOR INVESTMENT GROUP INC.,US,Acquisition 100%,Completed,"2,300,000.00",21.09.2021,100.00000,0.00000,100.00000,531110,531120,VTR,SNR,28.06.2021,Liabilities,Delisted,"1,500,000"
,,,,,,,,,,,,,,,,,,Shares,,"800,000"
501.,1941540226,MARTIN MARIETTA MATERIALS INC.,US,LEHIGH HANSON INC.'S WEST REGION BUSINESS,US,Acquisition 100%,Completed,"2,300,000.00",01.10.2021,100.00000,0.00000,100.00000,327331,212321,MLM,,24.05.2021,Cash,Unlisted,"2,300,000"
502.,1941512008,TYLER TECHNOLOGIES INC.,US,NIC INC.,US,Acquisition 100%,Completed,"2,300,000.00",21.04.2021,100.00000,0.00000,100.00000,518210,518210,TYL,EGOV,10.02.2021,Cash Reserves,Delisted,n.a.
,,,,,,,,,,,,,,,,,,Cash,,"2,300,000"
503.,1941477745,MARTIN MARIETTA MATERIALS INC.,US,LEHIGH HANSON INC.'S US WEST REGION ASSETS AND OPERATIONS,US,Acquisition 100%,Completed,"2,300,000.00",01.10.2021,100.00000,0.00000,100.00000,327310,212321,MLM,,26.05.2021,Cash,Unlisted,"2,300,000"
504.,2007438088,WALMART INC.,US,VIZIO HOLDING CORPORATION,US,Acquisition 100%,Completed,"2,300,000.00",03.12.2024,100.00000,0.00000,100.00000,334310,445110,WMT,,20.02.2024,Cash Reserves,Unlisted,n.a.
,,,,,,,,,,,,,,,,,,Cash,,"2,300,000"
505.,2007386676,INTERNATIONAL BUSINESS MACHINES CORPORATION,US,WEBMETHODS INC.,US,Acquisition 100%,Completed,"2,286,939.33",01.07.2024,100.00000,0.00000,100.00000,541511,443142,IBM,WEBM,18.12.2023,Cash,Delisted,"2,286,939"
,,,,STREAMSETS INC.,US,,,,,100.00000,0.00000,100.00000,511210,,,,,Cash Reserves,Unlisted,n.a.
506.,2007662416,CONSOL ENERGY INC.,US,ARCH RESOURCES INC.,US,Acquisition 100%,Completed,"2,271,626.00",14.01.2025,100.00000,0.00000,100.00000,212112,212112,CNR,ARCH,21.08.2024,Shares,Delisted,"2,271,626"
507.,1941283729,PARSLEY ENERGY INC.,US,JAGGED PEAK ENERGY INC.,US,Acquisition 100%,Completed,"2,270,000.00",10.01.2020,100.00000,0.00000,100.00000,211120,211120,PE,JAG,14.10.2019,Liabilities,Delisted,"625,000"
,,,,,,,,,,,,,,,,,,Shares,,n.a.
508.,2008658948,"CLOROX COMPANY, THE",US,GOJO INDUSTRIES INC.,US,Acquisition 100%,Completed,"2,250,000.00",01.04.2026,100.00000,0.00000,100.00000,325612,325611,CLX,,22.01.2026,Cash,Unlisted,"2,250,000"
509.,2008571699,QXO INC.,US,KODIAK BUILDING PARTNERS LLC,US,Acquisition 100%,Completed,"2,250,000.00",01.04.2026,100.00000,0.00000,100.00000,332312,423330,QXO,,11.02.2026,Shares,Unlisted,"250,000"
,,,,,,,,,,,,,,,,,,Cash,,"2,000,000"
510.,2007308102,CITRIX SYSTEMS INC.,US,WRIKE INC.,US,Acquisition 100%,Completed,"2,250,000.00",01.03.2021,100.00000,0.00000,100.00000,518210,518210,CTXS,,19.01.2021,Cash,Unlisted,"2,250,000"
,,,,,,,,,,,,,,,,,,Cash Reserves,,n.a.
511.,1941540696,UBER FREIGHT HOLDING CORPORATION,US,TUPELO PARENT INC.,US,Acquisition 100%,Completed,"2,250,000.00",15.11.2021,100.00000,0.00000,100.00000,518210,518210,,,22.07.2021,Cash,Unlisted,"2,250,000"
512.,1941484963,CITRIX SYSTEMS INC.,US,WRANGLER TOPCO LLC,US,Acquisition 100%,Completed,"2,250,000.00",01.03.2021,100.00000,0.00000,100.00000,518210,518210,CTXS,,19.01.2021,Cash,Unlisted,"2,250,000"
,,,,,,,,,,,,,,,,,,Cash Reserves,,n.a.
513.,1941466046,REVOLUTION ACCELERATION ACQUISITION CORPORATION,US,BERKSHIRE GREY INC. (OLD),US,Acquisition 100%,Completed,"2,250,000.00",21.07.2021,100.00000,0.00000,100.00000,333318,525990,,BGRY,24.02.2021,Shares,Delisted,"2,250,000"
514.,1941442204,SUPERNOVA PARTNERS ACQUISITION COMPANY INC.,US,OFFERPAD INC.,US,Acquisition 100%,Completed,"2,250,000.00",01.09.2021,100.00000,0.00000,100.00000,518210,525990,OPAD,,18.03.2021,Shares,Unlisted,"2,250,000"
515.,2007219409,CIVITAS RESOURCES INC.,US,HIBERNIA ENERGY III LLC,US,Acquisition 100%,Completed,"2,250,000.00",07.08.2023,100.00000,0.00000,100.00000,213112,211120,CIVI,,20.06.2023,Cash Reserves,Unlisted,n.a.
,,,,HIBERNIA ENERGY III-B LLC,US,,,,,100.00000,0.00000,100.00000,213112,,,,,Cash,Unlisted,"2,250,000"
516.,1941454624,EXACT SCIENCES CORPORATION,US,THRIVE EARLIER DETECTION CORPORATION,US,Acquisition unknown remaining stake %,Completed,"2,240,557.00",05.01.2021,Unknown remaining %,Unknown %,100.00000,541713,541713,EXAS,,27.10.2020,Cash,Unlisted,"1,040,000"
,,,,,,,,,,,,,,,,,,Cash Reserves,,n.a.
,,,,,,,,,,,,,,,,,,Shares,,"1,200,557"
,,,,,,,,,,,,,,,,,,Earn-out,,"450,000"
517.,1941440206,DECARBONIZATION PLUS ACQUISITION CORPORATION,US,HYZON MOTORS INC.,US,Acquisition 100%,Completed,"2,232,500.00",16.07.2021,100.00000,0.00000,100.00000,336120,525990,HYZN,,09.02.2021,Earn-out,Unlisted,"232,500"
,,,,,,,,,,,,,,,,,,Shares,,"2,232,500"
518.,1941589118,GOLDMAN SACHS BANK USA,US,GREENSKY INC.,US,Acquisition 100%,Completed,"2,230,588.00",29.03.2022,100.00000,0.00000,100.00000,518210,523110,,GSKY,15.09.2021,Shares,Delisted,"2,230,588"
519.,2007836642,CSG ELEVATE II INC.,US,VISTA OUTDOOR INC.,US,Acquisition 100% Bid 6 - Increased Offer,Completed,"2,225,000.00",27.11.2024,100.00000,0.00000,100.00000,339920,339920,,VSTO,04.10.2024,Third party shares,Delisted,n.a.
,,,,,,,,,,,,,,,,,,Cash,,n.a.
520.,1941555010,ROCKWELL AUTOMATION INC.,US,PLEX SYSTEMS HOLDINGS INC.,US,Acquisition 100%,Completed,"2,220,000.00",31.08.2021,100.00000,0.00000,100.00000,518210,334513,ROK,,25.06.2021,Cash,Unlisted,"2,220,000"
,,,,,,,,,,,,,,,,,,Liabilities,,n.a.
,,,,,,,,,,,,,,,,,,Cash assumed,,n.a.
521.,2008527172,GLAXOSMITHKLINE LLC,US,RAPT THERAPEUTICS INC.,US,Acquisition 100%,Completed,"2,200,000.00",03.03.2026,100.00000,0.00000,100.00000,541713,325412,,RAPT,20.01.2026,Cash,Delisted,"2,200,000"
522.,2008493801,TRANSDIGM GROUP INC.,US,JET PARTS ENGINEERING LLC,US,Acquisition 100%,Completed,"2,200,000.00",07.04.2026,100.00000,0.00000,100.00000,336413,336413,TDG,,16.01.2026,Cash Reserves,Unlisted,n.a.
,,,,VICTOR SIERRA AVIATION HOLDINGS LLC,US,,,,,100.00000,0.00000,100.00000,488190,,,,,Cash,Unlisted,"2,200,000"
523.,2008152113,HNI CORPORATION,US,STEELCASE INC.,US,Acquisition 100%,Completed,"2,200,000.00",10.12.2025,100.00000,0.00000,100.00000,337214,337211,HNI,SCS,04.08.2025,Cash,Delisted,866
,,,,,,,,,,,,,,,,,,Shares,,"1,334"
524.,2008108922,STARWOOD PROPERTY TRUST INC.,US,FUNDAMENTAL INCOME PROPERTIES LLC,US,Acquisition 100%,Completed,"2,200,000.00",23.07.2025,100.00000,0.00000,100.00000,531120,525990,STWD,,16.07.2025,Cash,Unlisted,n.a.
,,,,,,,,,,,,,,,,,,Liabilities,,n.a.
,,,,,,,,,,,,,,,,,,Cash Reserves,,n.a.
525.,2007889123,ADVANCED INSTRUMENTS INC.,US,NOVA BIOMEDICAL CORPORATION,US,Acquisition 100%,Completed,"2,200,000.00",10.07.2025,100.00000,0.00000,100.00000,334516,334516,,,19.03.2025,Liabilities,Unlisted,n.a.
526.,2007812941,PHILLIPS 66 INC.,US,EPIC Y-GRADE GP LLC,US,Acquisition 100%,Completed,"2,200,000.00",01.04.2025,100.00000,0.00000,100.00000,237120,324110,PSX,,06.01.2025,Cash,Unlisted,"2,200,000"
,,,,EPIC Y-GRADE LP,US,,,,,100.00000,0.00000,100.00000,237120,,,,,,Unlisted,
527.,2007454171,FIRST ADVANTAGE CORPORATION,US,STERLING CHECK CORPORATION,US,Acquisition 100%,Completed,"2,200,000.00",31.10.2024,100.00000,0.00000,100.00000,561611,511210,FA,STER,29.02.2024,Cash,Delisted,"1,200,000"
,,,,,,,,,,,,,,,,,,Liabilities,,n.a.
,,,,,,,,,,,,,,,,,,Shares,,"1,000,000"
528.,2007206602,PUBLIC STORAGE INC.,US,SIMPLY STORAGE MANAGEMENT LLC,US,Acquisition 100%,Completed,"2,200,000.00",14.09.2023,100.00000,0.00000,100.00000,493110,531130,PSA,,24.07.2023,,Unlisted,n.a.
529.,2007098274,BLACKSTONE REAL ESTATE INCOME TRUST INC.,US,"CABOT PROPERTIES INC.'S 102 PROPERTIES LOCATED IN INLAND EMPIRE, CALIFORNIA, EASTERN PENNSYLVANIA, SOUTH FLORIDA AND THE NEW YORK METROPOLITAN AREA",US,Acquisition 100%,Completed,"2,200,000.00",30.11.2021,100.00000,0.00000,100.00000,523910,531120,BSTT,,30.11.2021,,Unlisted,n.a.
530.,1941657675,CARVANA LLC,US,ADESA INC.'S US PHYSICAL AUCTION BUSINESS,US,Acquisition 100%,Completed,"2,200,000.00",09.05.2022,100.00000,0.00000,100.00000,454110,518210,,,24.02.2022,Liabilities,Unlisted,n.a.
,,,,,,,,,,,,,,,,,,Cash,,"2,200,000"
531.,1941650992,REPUBLIC SERVICES INC.,US,US ECOLOGY INC.,US,Acquisition 100%,Completed,"2,200,000.00",02.05.2022,100.00000,0.00000,100.00000,562211,562111,RSG,ECOL,09.02.2022,Cash,Delisted,"2,200,000"
,,,,,,,,,,,,,,,,,,Liabilities,,"700,000"
532.,1941575007,CHESAPEAKE ENERGY CORPORATION,US,VINE ENERGY INC.,US,Acquisition 100%,Completed,"2,200,000.00",01.11.2021,100.00000,0.00000,100.00000,213112,211120,EXE,VEI,11.08.2021,Cash,Delisted,"176,000"
,,,,,,,,,,,,,,,,,,Shares,,"2,024,000"
533.,1941552599,SITEL WORLDWIDE CORPORATION,US,SYKES ENTERPRISES INC.,US,Acquisition 100%,Completed,"2,200,000.00",27.08.2021,100.00000,0.00000,100.00000,561422,561422,,SYKE,18.06.2021,Cash,Delisted,"2,200,000"
534.,1941479913,CENTENE CORPORATION,US,MAGELLAN HEALTH INC.,US,Acquisition 100%,Completed,"2,200,000.00",04.01.2022,100.00000,0.00000,100.00000,621420,524114,CNC,MGLN,04.01.2021,Liabilities,Delisted,n.a.
,,,,,,,,,,,,,,,,,,Cash,,n.a.
535.,1941453409,ZANITE ACQUISITION CORPORATION,US,EVE UAM LLC,US,Acquisition 100%,Completed,"2,200,000.00",09.05.2022,100.00000,0.00000,100.00000,336411,525990,ZNTE,,21.12.2021,Shares,Unlisted,"2,200,000"
536.,1941124168,"HARTFORD FINANCIAL SERVICES GROUP INC., THE",US,"NAVIGATORS GROUP INC., THE",US,Acquisition 100%,Completed,"2,200,000.00",23.05.2019,100.00000,0.00000,100.00000,524126,524126,HIG,NAVG,22.08.2018,Cash Reserves,Delisted,n.a.
,,,,,,,,,,,,,,,,,,Cash,,"2,200,000"
537.,2007870307,HONEYWELL INTERNATIONAL INC.,US,SUNDYNE LLC,US,Acquisition 100%,Completed,"2,160,000.00",09.06.2025,100.00000,0.00000,100.00000,333914,336413,HON,,04.03.2025,Cash,Unlisted,"2,160,000"
538.,1941450311,FIRST CITIZENS BANCSHARES INC.,US,CIT GROUP INC.,US,Acquisition 100%,Completed,"2,156,590.00",03.01.2022,100.00000,0.00000,100.00000,522110,522110,FCNCA,CIT,16.10.2020,Shares,Delisted,"2,156,590"
539.,1941552273,ROYAL BUILDING PRODUCTS (USA) INC.,US,BORAL LTD'S NORTH AMERICAN BUILDING PRODUCTS BUSINESS,US,Acquisition 100%,Completed,"2,150,000.00",01.10.2021,100.00000,0.00000,100.00000,327120,325211,,,20.06.2021,Cash,Unlisted,"2,150,000"
,,,,,,,,,,,,,,,,,,Earn-out,,"65,000"
540.,1941534415,SOUTHERN COL MIDCO LLC,US,CENTERPOINT ENERGY RESOURCES CORPORATION'S GAS DISTRIBUTION ASSETS IN ARKANSAS AND OKLAHOMA,US,Acquisition 100%,Completed,"2,150,000.00",10.01.2022,100.00000,0.00000,100.00000,221210,221210,,,29.04.2021,Liabilities,Unlisted,"425,000"
,,,,,,,,,,,,,,,,,,Cash,,"1,725,000"
541.,1941194409,DIAMONDBACK ENERGY INC.,US,QEP RESOURCES INC.,US,Acquisition 100%,Completed,"2,150,000.00",17.03.2021,100.00000,0.00000,100.00000,211120,211120,FANG,QEP,21.12.2020,Shares,Delisted,"555,171"
,,,,,,,,,,,,,,,,,,Liabilities,,"1,594,829"
542.,1941491222,TUSCAN HOLDINGS CORPORATION,US,MICROVAST INC.,US,Acquisition 100%,Completed,"2,110,000.00",27.07.2021,100.00000,0.00000,100.00000,335911,525990,MVST,,01.02.2021,Shares,Unlisted,"2,100,000"
,,,,,,,,,,,,,,,,,,Liabilities,,"30,000"
,,,,,,,,,,,,,,,,,,Cash assumed,,"20,000"
543.,2007289562,CIVITAS RESOURCES INC.,US,"VENCER ENERGY LLC'S OIL PRODUCING ASSETS IN MIDLAND BASIN, TEXAS",US,Acquisition 100%,Completed,"2,104,486.00",02.01.2024,100.00000,0.00000,100.00000,211120,211120,CIVI,,04.10.2023,Cash,Unlisted,"1,550,000"
,,,,,,,,,,,,,,,,,,Shares,,"554,486"
,,,,,,,,,,,,,,,,,,Deferred payment,,n.a.
544.,2007224647,FORWARD AIR CORPORATION,US,OMNI LOGISTICS LLC,US,Acquisition 100%,Completed,"2,100,000.00",25.01.2024,100.00000,0.00000,100.00000,488510,484121,FWRD,,10.08.2023,Cash,Unlisted,"20,000"
,,,,,,,,,,,,,,,,,,Liabilities,,n.a.
,,,,,,,,,,,,,,,,,,Shares,,"2,080,000"
545.,1939047248,PROSPERITY BANCSHARES INC.,US,LEGACYTEXAS FINANCIAL GROUP INC.,US,Acquisition 100%,Completed,"2,100,000.00",01.11.2019,100.00000,0.00000,100.00000,522110,522110,PB,LTXB,16.06.2019,Cash,Delisted,n.a.
,,,,,,,,,,,,,,,,,,Shares,,n.a.
546.,2008059435,ABBVIE INC.,US,CAPSTAN THERAPEUTICS INC.,US,Acquisition 100%,Completed,"2,100,000.00",19.08.2025,100.00000,0.00000,100.00000,541713,541713,ABBV,,30.06.2025,Cash,Unlisted,"2,100,000"
547.,2007621857,AMPHENOL CORPORATION,US,COMMSCOPE INC.'S MOBILE NETWORKS BUSINESSES,US,Acquisition 100%,Completed,"2,100,000.00",03.02.2025,100.00000,0.00000,100.00000,334220,334417,APH,,18.07.2024,Cash,Unlisted,"2,100,000"
548.,2007546231,ARTEMIS MERGER SUB INC.,US,SILVERBOW RESOURCES INC.,US,Acquisition 100%,Completed,"2,100,000.00",02.08.2024,100.00000,0.00000,100.00000,211120,211120,,SBOW,16.05.2024,Cash,Delisted,n.a.
,,,,,,,,,,,,,,,,,,Shares,,n.a.
,,,,,,,,,,,,,,,,,,Liabilities,,n.a.
549.,2007433048,CALIFORNIA RESOURCES CORPORATION,US,AERA ENERGY LLC,US,Acquisition 100%,Completed,"2,100,000.00",01.07.2024,100.00000,0.00000,100.00000,211120,211120,CRC,,07.02.2024,Shares,Unlisted,"2,100,000"
,,,,,,,,,,,,,,,,,,Liabilities,,n.a.
550.,2007349375,CRH AMERICAS MATERIALS INC.,US,MARTIN MARIETTA MATERIALS INC.'S CEMENT AND READYMIXED CONCRETE ASSETS IN TEXAS,US,Acquisition 100%,Completed,"2,100,000.00",12.02.2024,100.00000,0.00000,100.00000,212321,423320,,,21.11.2023,Cash,Unlisted,"2,100,000"
551.,2007149181,PRINCE INTERNATIONAL CORPORATION,US,FERRO CORPORATION,US,Acquisition 100%,Completed,"2,100,000.00",21.04.2022,100.00000,0.00000,100.00000,325510,325998,,FOE,11.05.2021,Cash,Delisted,"2,100,000"
552.,1941661210,VECTRUS INC.,US,VERTEX AEROSPACE SERVICES HOLDING CORPORATION,US,Acquisition 100%,Completed,"2,100,000.00",05.07.2022,100.00000,0.00000,100.00000,488190,561210,VVX,,15.06.2022,Shares,Unlisted,"2,100,000"
553.,1941546550,1LIFE HEALTHCARE INC.,US,IORA HEALTH INC.,US,Acquisition 100%,Completed,"2,100,000.00",01.09.2021,100.00000,0.00000,100.00000,621999,518210,ONEM,,07.06.2021,Shares,Unlisted,"2,100,000"
554.,1941495041,ELECTRONIC ARTS INC.,US,GLU MOBILE INC.,US,Acquisition unknown remaining stake %,Completed,"2,100,000.00",29.04.2021,Unknown remaining %,Unknown %,100.00000,511210,511210,EA,GLUU,08.02.2021,Cash Reserves,Delisted,n.a.
,,,,,,,,,,,,,,,,,,Cash,,n.a.
,,,,,,,,,,,,,,,,,,Liabilities,,n.a.
,,,,,,,,,,,,,,,,,,Cash assumed,,"365,000"
555.,1941302562,PMHC II INC.,US,FERRO CORPORATION,US,Acquisition 100%,Completed,"2,100,000.00",21.04.2022,100.00000,0.00000,100.00000,325510,325998,,FOE,11.05.2021,Liabilities,Delisted,n.a.
,,,,,,,,,,,,,,,,,,Cash,,n.a.
556.,1941275144,GOOGLE LLC,US,FITBIT INC.,US,Acquisition 100%,Completed,"2,100,000.00",14.01.2021,100.00000,0.00000,100.00000,334519,519130,GOOGL,FIT,01.11.2019,Cash,Delisted,"2,100,000"
557.,1941264491,VMWARE INC.,US,CARBON BLACK INC.,US,Acquisition 100%,Completed,"2,100,000.00",08.10.2019,100.00000,0.00000,100.00000,518210,518210,VMW,CBLK,22.08.2019,Cash,Delisted,n.a.
,,,,,,,,,,,,,,,,,,Liabilities,,n.a.
,,,,,,,,,,,,,,,,,,Cash Reserves,,n.a.
558.,1941206378,MECHANICS BANK,US,RABOBANK NA,US,Acquisition 100%,Completed,"2,100,000.00",31.08.2019,100.00000,0.00000,100.00000,522110,551111,MCHB,,15.03.2019,Shares,Unlisted,n.a.
559.,2008197593,PIR VENTURES LP,US,PLYMOUTH INDUSTRIAL REIT INC.,US,Acquisition 100%,Completed,"2,100,000.00",27.01.2026,100.00000,0.00000,100.00000,531120,551114,,PLYM,24.10.2025,Cash,Delisted,"2,100,000"
560.,2007656136,PERFORMANCE FOOD GROUP INC.,US,CHENEY BROTHERS INC.,US,Acquisition 100%,Completed,"2,095,000.00",08.10.2024,100.00000,0.00000,100.00000,424410,424410,,,14.08.2024,Cash,Unlisted,"2,095,000"
561.,1941222389,DEAC NV MERGER CORPORATION,US,DRAFTKINGS INC.,US,Acquisition 100%,Completed,"2,055,000.00",23.04.2020,100.00000,0.00000,100.00000,518210,525990,,,22.12.2019,Shares,Unlisted,"2,055,000"
562.,2007124413,HEICO CORPORATION,US,WENCOR GROUP LLC,US,Acquisition 100%,Completed,"2,050,000.00",04.08.2023,100.00000,0.00000,100.00000,336413,336413,HEI,,15.05.2023,Cash,Unlisted,"1,900,000"
,,,,,,,,,,,,,,,,,,Shares,,"150,000"
563.,2007436359,MARTIN MARIETTA MATERIALS INC.,US,"BLUE WATER INDUSTRIES LLC'S PORTFOLIO OF 20 ACTIVE AGGREGATES OPERATIONS IN ALABAMA, SOUTH CAROLINA, SOUTH FLORIDA, TENNESSEE AND VIRGINIA",US,Acquisition 100%,Completed,"2,050,000.00",05.04.2024,100.00000,0.00000,100.00000,324121,212321,MLM,,12.02.2024,Cash,Unlisted,"2,050,000"
,,,,,,,,,,,,,,,,,,Cash Reserves,,n.a.
564.,2007781077,LG ENERGY SOLUTION MICHIGAN INC.,US,ULTIUM CELLS LLC'S BATTERY CELL PLANT IN LANSING,US,Acquisition 100%,Completed,"2,040,000.00",08.05.2025,100.00000,0.00000,100.00000,335911,335911,,,01.04.2025,,Unlisted,n.a.
565.,1941412676,HOLICITY INC.,US,ASTRA SPACE INC. (OLD),US,Acquisition 100%,Completed,"2,030,000.00",30.06.2021,100.00000,0.00000,100.00000,336412,525990,ASTR,,02.02.2021,Shares,Unlisted,"2,030,000"
566.,1941244830,ADAPTHEALTH CORPORATION,US,AEROCARE HOLDINGS INC.,US,Acquisition 100%,Completed,"2,026,000.00",01.02.2021,100.00000,0.00000,100.00000,339112,446199,AHCO,,01.12.2020,Cash,Unlisted,"1,100,000"
,,,,,,,,,,,,,,,,,,Shares,,"926,000"
567.,2007427202,AMPHENOL CORPORATION,US,CARLISLE COMPANIES INC.'S INTERCONNECT TECHNOLOGIES BUSINESS,US,Acquisition 100%,Completed,"2,025,000.00",21.05.2024,100.00000,0.00000,100.00000,327390,334417,APH,,30.01.2024,Cash,Unlisted,"2,025,000"
,,,,,,,,,,,,,,,,,,Cash Reserves,,n.a.
568.,2008448177,GOLDMAN SACHS GROUP INC.,US,INNOVATOR CAPITAL MANAGEMENT LLC,US,Acquisition unknown stake %,Completed,"2,000,000.00",02.04.2026,100.00000,0.00000,100.00000,523920,523110,GS,,01.12.2025,Cash,Unlisted,n.a.
,,,,,,,,,,,,,,,,,,Earn-out,,n.a.
,,,,,,,,,,,,,,,,,,Shares,,n.a.
569.,2008277326,META PLATFORMS INC.,US,RIVOS INC.,US,Acquisition 100%,Completed,"2,000,000.00",30.09.2025,100.00000,0.00000,100.00000,518210,518210,META,,30.09.2025,Liabilities,Unlisted,n.a.
570.,2008162042,WESTERN MIDSTREAM PARTNERS LP,US,ARIS WATER SOLUTIONS INC.,US,Acquisition 100%,Completed,"2,000,000.00",15.10.2025,100.00000,0.00000,100.00000,237110,211120,WES,ARIS,06.08.2025,Liabilities,Delisted,n.a.
,,,,,,,,,,,,,,,,,,Cash,,"415,000"
,,,,,,,,,,,,,,,,,,Shares,,"1,085,000"
571.,2008064573,CALABRIO INC.,US,VERINT SYSTEMS INC.,US,Acquisition 100%,Completed,"2,000,000.00",26.11.2025,100.00000,0.00000,100.00000,511210,541511,,VRNT,25.08.2025,Cash,Delisted,"2,000,000"
,,,,,,,,,,,,,,,,,,Liabilities,,n.a.
572.,2007943454,COLUMBIA BANKING SYSTEM INC.,US,PACIFIC PREMIER BANCORP INC.,US,Acquisition 100%,Completed,"2,000,000.00",02.09.2025,100.00000,0.00000,100.00000,522110,522110,COLB,PPBI,23.04.2025,Shares,Delisted,"2,000,000"
573.,2007664737,FOURPOINT ENERGY LLC,US,OVINTIV INC.'S UINTA BASIN ASSETS,US,Acquisition 100%,Completed,"2,000,000.00",22.01.2025,100.00000,0.00000,100.00000,211120,211120,,,14.11.2024,Cash,Unlisted,"2,000,000"
574.,2007654803,STANCORP FINANCIAL GROUP INC.,US,AMERICAN HERITAGE LIFE INSURANCE COMPANY,US,Acquisition 100%,Completed,"2,000,000.00",01.04.2025,100.00000,0.00000,100.00000,524210,524113,SFG,,13.08.2024,Cash,Unlisted,"2,000,000"
,,,,AMERICAN HERITAGE SERVICE COMPANY,US,,,,,100.00000,0.00000,100.00000,561990,,,,,,Unlisted,
575.,2007624399,TEREX CORPORATION,US,ENVIRONMENTAL SOLUTIONS GROUP,US,Acquisition 100%,Completed,"2,000,000.00",08.10.2024,100.00000,0.00000,100.00000,423830,333924,TEX,,22.07.2024,Cash,Unlisted,"2,000,000"
,,,,,,,,,,,,,,,,,,Cash Reserves,,n.a.
576.,2007520230,UMB FINANCIAL CORPORATION,US,HEARTLAND FINANCIAL USA INC.,US,Acquisition 100%,Completed,"2,000,000.00",31.01.2025,100.00000,0.00000,100.00000,522110,522110,UMBF,HTLF,29.04.2024,Shares,Delisted,"2,000,000"
577.,2007281832,AGCO CORPORATION,US,PTX TRIMBLE LLC,US,Acquisition 85%,Completed,"2,000,000.00",01.04.2024,85.00000,0.00000,85.00000,518210,333111,AGCO,,28.09.2023,Liabilities,Unlisted,n.a.
,,,,,,,,,,,,,,,,,,Cash,,"2,000,000"
,,,,,,,,,,,,,,,,,,Cash Reserves,,n.a.
578.,2007103944,HQI US HOLDING LLC,US,GREAT RIVER HYDRO LLC,US,Acquisition 100%,Completed,"2,000,000.00",10.02.2023,100.00000,0.00000,100.00000,221111,221111,,,12.10.2022,,Unlisted,n.a.
579.,1941704887,ADAPTHEALTH CORPORATION,US,AEROCARE HOLDINGS INC.,US,Acquisition 100%,Completed,"2,000,000.00",02.02.2021,100.00000,0.00000,100.00000,339112,446199,AHCO,,01.12.2020,Shares,Unlisted,n.a.
,,,,,,,,,,,,,,,,,,Cash,,"1,100,000"
580.,1941562431,PLURALSIGHT INC.,US,A CLOUD GURU LTD,US,Acquisition 100%,Completed,"2,000,000.00",08.07.2021,100.00000,0.00000,100.00000,518210,518210,PS,,02.06.2021,,Unlisted,n.a.
581.,1941530880,INTERNATIONAL BUSINESS MACHINES CORPORATION,US,TURBONOMIC INC.,US,Acquisition 100%,Completed,"2,000,000.00",17.06.2021,100.00000,0.00000,100.00000,518210,443142,IBM,,29.04.2021,,Unlisted,n.a.
582.,1941498096,ARCHIMEDES TECH SPAC PARTNERS COMPANY,US,SOUNDHOUND INC.,US,Acquisition 100%,Completed,"2,000,000.00",26.04.2022,100.00000,0.00000,100.00000,518210,525990,SOUN,,16.11.2021,Shares,Unlisted,"2,000,000"
583.,1941486305,SIXTH STREET PARTNERS LLC,US,TALCOTT RESOLUTION LIFE INSURANCE COMPANY,US,Acquisition 100%,Completed,"2,000,000.00",01.07.2021,100.00000,0.00000,100.00000,524113,523920,,,20.01.2021,,Unlisted,n.a.
584.,1941477461,SERVIER PHARMACEUTICALS LLC,US,AGIOS PHARMACEUTICALS INC.'S SPECIFIED ASSETS AND LIABILITIES RELATING TO ONCOLOGY BUSINESS,US,Acquisition 100%,Completed,"2,000,000.00",31.03.2021,100.00000,0.00000,100.00000,325412,325412,,,21.12.2020,Cash,Unlisted,"2,000,000"
,,,,,,,,,,,,,,,,,,Liabilities,,n.a.
,,,,,,,,,,,,,,,,,,Earn-out,,"200,000"
585.,1941428452,GOOD WORKS ACQUISITION CORPORATION,US,CIPHER MINING TECHNOLOGIES INC. (OLD),US,Acquisition 100%,Completed,"2,000,000.00",27.08.2021,100.00000,0.00000,100.00000,334118,525990,CIFR,,05.03.2021,Shares,Unlisted,"2,000,000"
586.,1941226707,HEALTHEQUITY INC.,US,WAGEWORKS INC.,US,Acquisition 100%,Completed,"2,000,000.00",30.08.2019,100.00000,0.00000,100.00000,524292,522120,HQY,WAGE,27.06.2019,Liabilities,Delisted,n.a.
,,,,,,,,,,,,,,,,,,Cash,,"2,000,000"
587.,1941160036,FIRST INFRASTRUCTURE CAPITAL ADVISORS LLC,US,WHITEWATER MIDSTREAM LLC,US,Acquisition 100%,Completed,"2,000,000.00",22.02.2019,100.00000,0.00000,100.00000,237120,523910,,,04.02.2019,Liabilities,Unlisted,n.a.
588.,1941133072,UNIVAR INC.,US,NEXEO SOLUTIONS INC.,US,Acquisition 100%,Completed,"2,000,000.00",01.03.2019,100.00000,0.00000,100.00000,424690,424690,UNVR,NXEOU,17.09.2018,Cash,Delisted,n.a.
,,,,,,,,,,,,,,,,,,Shares,,n.a.
,,,,,,,,,,,,,,,,,,Liabilities,,n.a.
,,,,,,,,,,,,,,,,,,Cash Reserves,,n.a.
589.,1941019078,ENERGIZER HOLDINGS INC.,US,SPECTRUM BRANDS HOLDINGS INC.'S BATTERY BUSINESS,US,Acquisition 100%,Completed,"2,000,000.00",02.01.2019,100.00000,0.00000,100.00000,335999,335912,ENR,,15.01.2018,Cash,Unlisted,"2,000,000"
,,,,,,,,,,,,,,,,,,Cash Reserves,,n.a.
590.,1909614105,FRESENIUS MEDICAL CARE HOLDINGS INC.,US,NXSTAGE MEDICAL INC.,US,Acquisition 100%,Completed,"2,000,000.00",21.02.2019,100.00000,0.00000,100.00000,339112,339112,,NXTM,21.02.2019,Cash,Delisted,n.a.
591.,2007549130,SOUTH STATE CORPORATION,US,INDEPENDENT BANK GROUP INC.,US,Acquisition 100%,Completed,"2,000,000.00",01.01.2025,100.00000,0.00000,100.00000,522110,522110,SSB,IBTX,20.05.2024,Shares,Delisted,"2,000,000"
592.,2007031034,UNITED RENTALS (NORTH AMERICA) INC.,US,XTREME RE-RENTAL LLC'S EQUPIMENT RENTAL AND SALE ASSETS,US,Acquisition 100%,Completed,"2,000,000.00",07.12.2022,100.00000,0.00000,100.00000,532412,532412,,,14.11.2022,Cash,Unlisted,"2,000,000"
,,,,AHERN RENTALS INC.'S EQUIPMENT RENTAL AND SALE ASSETS,US,,,,,100.00000,0.00000,100.00000,532412,,,,,,Unlisted,
593.,1941157938,NASCAR HOLDINGS INC.,US,INTERNATIONAL SPEEDWAY CORPORATION,US,Acquisition increased from 50% to 100%,Completed,"2,000,000.00",18.10.2019,50.00000,50.00000,100.00000,711212,711212,,ISCA,22.05.2019,Cash,Delisted,n.a.
594.,2007233182,SUN COMMUNITIES OPERATING LIMITED PARTNERSHIP,US,SAFE HARBOR MARINAS LLC,US,Acquisition 100%,Completed,"1,995,200.00",30.10.2020,100.00000,0.00000,100.00000,713930,531110,,,29.09.2020,Cash,Unlisted,"1,100,000"
,,,,,,,,,,,,,,,,,,Liabilities,,"829,100"
,,,,,,,,,,,,,,,,,,Shares,,"66,100"
595.,1941600703,SOUTHWEST GAS HOLDINGS INC.,US,DOMINION ENERGY QUESTAR PIPELINE LLC,US,Acquisition 100%,Completed,"1,975,000.00",31.12.2021,100.00000,0.00000,100.00000,486210,221210,SWX,,05.10.2021,Cash,Unlisted,"1,545,000"
,,,,,,,,,,,,,,,,,,Liabilities,,"430,000"
596.,2007078885,L3HARRIS TECHNOLOGIES INC.,US,VIASAT INC.'S TACTICAL DATA LINK BUSINESS ASSETS,US,Acquisition 100%,Completed,"1,960,000.00",03.01.2023,100.00000,0.00000,100.00000,334220,334511,LHX,,01.10.2022,Cash,Unlisted,"1,960,000"
,,,,,,,,,,,,,,,,,,Liabilities,,n.a.
597.,2007017519,SHELL USA INC.,US,SHELL MIDSTREAM PARTNERS LP,US,Acquisition increased from 68.5% to 100%,Completed,"1,960,000.00",19.10.2022,31.50000,68.50000,100.00000,486210,211120,,SHLX,25.07.2022,Cash,Delisted,"1,960,000"
598.,2007007713,L3HARRIS TECHNOLOGIES INC.,US,VIASAT INC.'S LINK-16 TACTICAL DATA LINKS CERTAIN ASSETS,US,Acquisition 100%,Completed,"1,960,000.00",03.01.2023,100.00000,0.00000,100.00000,334220,334511,LHX,,01.10.2022,Cash,Unlisted,"1,960,000"
,,,,,,,,,,,,,,,,,,Liabilities,,n.a.
599.,1941628007,CHATHAM ASSET MANAGEMENT LLC,US,RR DONNELLEY & SONS COMPANY,US,Acquisition increased from 14.99% to 100% Bid 3 - Increased offer,Completed,"1,955,230.00",25.02.2022,85.01000,14.99000,100.00000,323111,523920,,RRD,09.12.2021,Cash,Delisted,"897,000"
,,,,,,,,,,,,,,,,,,Liabilities,,"1,058,230"
600.,1941595463,PEGASUS CORPORATION ONE,US,MAILGUN TECHNOLOGIES INC.,US,Acquisition 100%,Completed,"1,950,000.00",07.12.2021,100.00000,0.00000,100.00000,518210,518210,,,30.09.2021,Liabilities,Unlisted,n.a.
,,,,,,,,,,,,,,,,,,Shares,,"1,025"
,,,,,,,,,,,,,,,,,,Cash,,"925,000"
601.,2007395248,WILLIAMS COMPANIES INC.,US,HARTREE PARTNERS LP'S AFFILIATE'S PORTFOLIO OF NATURAL GAS STORAGE ASSETS,US,Acquisition 100%,Completed,"1,950,000.00",03.01.2024,100.00000,0.00000,100.00000,523130,486210,WMB,,27.12.2023,,Unlisted,n.a.
602.,2007884663,PEPSICO INC.,US,VNGR BEVERAGE LLC,US,Acquisition 100%,Completed,"1,950,000.00",19.05.2025,100.00000,0.00000,100.00000,424490,312111,PEP,,17.03.2025,Earn-out,Unlisted,n.a.
603.,1941648206,FIRST INTERSTATE BANCSYSTEM INC.,US,GREAT WESTERN BANCORP INC.,US,Acquisition 100%,Completed,"1,949,842.00",01.02.2022,100.00000,0.00000,100.00000,522110,522110,FIBK,GWB,15.09.2021,Shares,Delisted,"1,949,842"
604.,1941493875,T-MOBILE US INC.,US,SHENANDOAH TELECOMMUNICATIONS COMPANY'S SHENTEL WIRELESS ASSETS,US,Acquisition 100%,Completed,"1,940,000.00",01.07.2021,100.00000,0.00000,100.00000,517312,517312,TMUS,,02.02.2021,Cash,Unlisted,"1,940,000"
605.,1941125628,EVEREST MERGER SUB INC.,US,BLUE RIDGE MOUNTAIN RESOURCES INC.,US,Acquisition 100%,Completed,"1,938,591.00",28.02.2019,100.00000,0.00000,100.00000,211120,211120,,MHR,27.08.2018,Shares,Delisted,"1,938,591"
606.,1941633615,FACTSET RESEARCH SYSTEMS INC.,US,S&P GLOBAL INC.'S CUSIP GLOBAL SERVICES BUSINESS,US,Acquisition 100%,Completed,"1,925,000.00",01.03.2022,100.00000,0.00000,100.00000,518210,511210,FDS,,27.12.2021,Cash,Unlisted,"1,925,000"
,,,,,,,,,,,,,,,,,,Liabilities,,n.a.
,,,,,,,,,,,,,,,,,,Cash Reserves,,n.a.
607.,2008172897,GI ALLIANCE MANAGEMENT LLC,US,SOLARIS HEALTH HOLDINGS LLC,US,Acquisition 100%,Completed,"1,900,000.00",03.11.2025,100.00000,0.00000,100.00000,621111,621111,,,12.08.2025,Cash,Unlisted,"1,900,000"
,,,,,,,,,,,,,,,,,,Cash Reserves,,n.a.
608.,2007108057,SITIO ROYALTIES CORPORATION,US,DPM HOLDCO LLC,US,Acquisition 100%,Completed,"1,900,000.00",07.06.2022,100.00000,0.00000,100.00000,523910,523910,STR,,11.01.2022,Shares,Unlisted,"235,000"
,,,,,,,,,,,,,,,,,,Liabilities,,n.a.
,,,,,,,,,,,,,,,,,,Earn-out,,n.a.
609.,1941286461,JANUS PARENT INC.,US,JUNIPER INDUSTRIAL HOLDINGS INC.,US,Acquisition 100%,Completed,"1,900,000.00",07.06.2021,100.00000,0.00000,100.00000,525990,334290,JBI,JIH,22.12.2020,Cash,Delisted,"540,000"
,,,,,,,,,,,,,,,,,,Shares,,"946,000"
,,,,,,,,,,,,,,,,,,Cash Reserves,,n.a.
610.,2008411015,ADOBE INC.,US,SEMRUSH HOLDINGS INC.,US,Acquisition 100%,Completed,"1,900,000.00",28.04.2026,100.00000,0.00000,100.00000,518210,511210,ADBE,SEMR,19.11.2025,Cash,Listed,"1,900,000"
611.,2008100828,HUNTINGTON BANCSHARES INC.,US,VERITEX HOLDINGS INC.,US,Acquisition 100%,Completed,"1,900,000.00",20.10.2025,100.00000,0.00000,100.00000,522110,522110,HBAN,VBTX,14.07.2025,Shares,Delisted,"1,900,000"
612.,2007466553,HONEYWELL INTERNATIONAL INC.,US,CAES SYSTEMS HOLDINGS LLC,US,Acquisition 100%,Completed,"1,900,000.00",04.09.2024,100.00000,0.00000,100.00000,334220,336413,HON,,20.06.2024,Cash,Unlisted,"1,900,000"
613.,2007365759,ALASKA AIR GROUP INC.,US,HAWAIIAN HOLDINGS INC.,US,Acquisition 100%,Completed,"1,900,000.00",18.09.2024,100.00000,0.00000,100.00000,481111,481111,ALK,HA,03.12.2023,Cash,Delisted,"1,000,000"
,,,,,,,,,,,,,,,,,,Liabilities,,"900,000"
614.,2007323765,AMETEK INC.,US,PARAGON MEDICAL INC.,US,Acquisition 100%,Completed,"1,900,000.00",08.12.2023,100.00000,0.00000,100.00000,339112,334510,AME,,31.10.2023,Cash,Unlisted,"1,900,000"
615.,2007295980,S USA LIFE INSURANCE COMPANY INC.,US,NATIONAL WESTERN LIFE GROUP INC.,US,Acquisition 100%,Completed,"1,900,000.00",09.07.2024,100.00000,0.00000,100.00000,524113,524113,,NWLI,09.10.2023,Liabilities,Delisted,n.a.
,,,,,,,,,,,,,,,,,,Cash,,"1,900,000"
,,,,,,,,,,,,,,,,,,Cash Reserves,,n.a.
616.,1941673995,ADVANCED MICRO DEVICES INC.,US,PENSANDO SYSTEMS INC.,US,Acquisition 100%,Completed,"1,900,000.00",26.05.2022,100.00000,0.00000,100.00000,518210,334413,AMD,,04.04.2022,,Unlisted,n.a.
617.,1941606525,AMENTUM GOVERNMENT SERVICES HOLDINGS LLC,US,PAE INC.,US,Acquisition 100%,Completed,"1,900,000.00",15.02.2022,100.00000,0.00000,100.00000,541330,541330,,PAE,25.10.2021,Cash,Delisted,n.a.
,,,,,,,,,,,,,,,,,,Liabilities,,n.a.
618.,1941511053,AMGEN INC.,US,FIVE PRIME THERAPEUTICS INC.,US,Acquisition 100%,Completed,"1,900,000.00",16.04.2021,100.00000,0.00000,100.00000,541713,325412,AMGN,FPRX,04.03.2021,Cash,Delisted,"1,900,000"
619.,1941247811,HILLENBRAND INC.,US,MILACRON HOLDINGS CORPORATION,US,Acquisition 100%,Completed,"1,900,000.00",21.11.2019,100.00000,0.00000,100.00000,333249,339995,HI,MCRN,12.07.2019,Cash,Delisted,"834,808"
,,,,,,,,,,,,,,,,,,Liabilities,,"686,000"
,,,,,,,,,,,,,,,,,,Shares,,"443,580"
620.,2007836456,WELLTOWER INC.,US,NORTHSTAR HEALTHCARE INCOME INC.,US,Acquisition 100%,Completed,"1,886,749.00",09.06.2025,100.00000,0.00000,100.00000,531120,531120,WELL,NHHS,29.01.2025,Liabilities,Listed,n.a.
,,,,,,,,,,,,,,,,,,Cash,,"1,886,749"
621.,1941629202,SPRING VALLEY ACQUISITION CORPORATION,US,NUSCALE POWER LLC,US,Acquisition 100%,Completed,"1,875,000.00",02.05.2022,100.00000,0.00000,100.00000,332410,525990,SMR,,14.12.2021,Shares,Unlisted,"1,875,000"
622.,1941532033,CABLE ONE INC.,US,HARGRAY ACQUISITION HOLDINGS LLC,US,Acquisition increased from 15% to 100%,Completed,"1,870,000.00",03.05.2021,85.00000,15.00000,100.00000,517312,517312,CABO,,15.02.2021,Cash,Unlisted,n.a.
,,,,,,,,,,,,,,,,,,Cash Reserves,,n.a.
,,,,,,,,,,,,,,,,,,Liabilities,,n.a.
623.,1941635209,THERMO FISHER SCIENTIFIC INC.,US,PEPROTECH INC.,US,Acquisition 100%,Completed,"1,850,000.00",30.12.2021,100.00000,0.00000,100.00000,325411,334516,TMO,,30.12.2021,Cash,Unlisted,"1,850,000"
624.,1941586088,SOUTHWESTERN ENERGY COMPANY,US,GEP HAYNESVILLE LLC,US,Acquisition 100%,Completed,"1,850,000.00",31.12.2021,100.00000,0.00000,100.00000,211130,211120,SWN,,04.11.2021,Cash,Unlisted,"1,325,000"
,,,,,,,,,,,,,,,,,,Shares,,"525,000"
625.,2008313784,COMMERCIAL METALS COMPANY,US,FOLEY PRODUCTS COMPANY LLC,US,Acquisition 100%,Completed,"1,840,000.00",15.12.2025,100.00000,0.00000,100.00000,327332,331110,CMC,,16.10.2025,Cash,Unlisted,"1,840,000"
626.,2007582031,MRC TORO LLC,US,AMEREDEV STATELINE II LLC,US,Acquisition 100%,Completed,"1,832,000.00",19.09.2024,100.00000,0.00000,100.00000,211120,551114,,,12.06.2024,Cash,Unlisted,"1,832,000"
627.,1941574421,EQUIFAX INC.,US,APPRISS INSIGHTS LLC,US,Acquisition 100%,Completed,"1,825,000.00",01.10.2021,100.00000,0.00000,100.00000,518210,561450,EFX,,10.08.2021,Cash,Unlisted,"1,825,000"
628.,1941497577,AMCI ACQUISITION CORPORATION II,US,LANZATECH NZ INC.,US,Acquisition 100%,Completed,"1,817,000.00",09.02.2023,100.00000,0.00000,100.00000,325998,525990,LNZA,,08.03.2022,Shares,Unlisted,"1,817,000"
629.,2007332473,KINDER MORGAN INC.,US,NET MIDSTREAM LLC,US,Acquisition 100%,Completed,"1,815,000.00",28.12.2023,100.00000,0.00000,100.00000,221210,486910,KMI,,06.11.2023,Cash,Unlisted,"1,815,000"
,,,,NEP DC HOLDINGS LLC,US,,,,,100.00000,0.00000,100.00000,211120,,,,,,Unlisted,
630.,2007610920,HONEYWELL INTERNATIONAL INC.,US,AIR PRODUCTS AND CHEMICALS INC.'S LIQUEFIED NATURAL GAS (LNG) PROCESS TECHNOLOGY AND EQUIPMENT BUSINESS,US,Acquisition 100%,Completed,"1,810,000.00",30.09.2024,100.00000,0.00000,100.00000,325998,336413,HON,,10.07.2024,Cash,Unlisted,"1,810,000"
631.,2008482370,HOWMET AEROSPACE INC.,US,CONSOLIDATED AEROSPACE MANUFACTURING LLC,US,Acquisition unknown stake %,Completed,"1,805,000.00",06.04.2026,100.00000,0.00000,100.00000,332722,331313,HWM,,22.12.2025,Cash,Unlisted,"1,805,000"
632.,2008358052,SONIDA SENIOR LIVING INC.,US,CNL HEALTHCARE PROPERTIES INC.,US,Acquisition 100%,Completed,"1,800,000.00",11.03.2026,100.00000,0.00000,100.00000,531120,623312,SNDA,CHTH,05.11.2025,Cash,Delisted,"612,000"
,,,,,,,,,,,,,,,,,,Shares,,"1,188,000"
633.,2008061533,PACKAGING CORPORATION OF AMERICA,US,GREIF CONTAINERBOARD SOLUTIONS LLC,US,Acquisition 100%,Completed,"1,800,000.00",02.09.2025,100.00000,0.00000,100.00000,322130,322211,PKG,,01.07.2025,Cash,Unlisted,"1,800,000"
,,,,BOX-BOARD HOLDING CORPORATION,US,,,,,100.00000,0.00000,100.00000,322130,,,,,Cash Reserves,Unlisted,n.a.
634.,2007942041,EQT CORPORATION,US,OLYMPUS ENERGY HOLDINGS LLC'S UPSTREAM AND MIDSTREAM ASSETS,US,Acquisition 100% and 100%,Completed,"1,800,000.00",01.07.2025,100.00000,0.00000,100.00000,211130,211120,EQT,,22.04.2025,Cash,Unlisted,"500,000"
,,,,HYPERION MIDSTREAM LLC'S UPSTREAM AND MIDSTREAM ASSETS,,,,,,100.00000,0.00000,100.00000,486210,,,,,Shares,Unlisted,"1,300,000"
,,,,BOW & ARROW LAND COMPANY LLC'S UPSTREAM AND MIDSTREAM ASSETS,,,,,,100.00000,0.00000,100.00000,531210,,,,,Cash Reserves,Unlisted,n.a.
635.,2007860005,CELSIUS HOLDINGS INC.,US,ALANI NUTRITION LLC,US,Acquisition 100%,Completed,"1,800,000.00",01.04.2025,100.00000,0.00000,100.00000,325412,312111,CELH,,20.02.2025,Earn-out,Unlisted,"25,000"
,,,,,,,,,,,,,,,,,,Shares,,"500,000"
,,,,,,,,,,,,,,,,,,Cash Reserves,,n.a.
,,,,,,,,,,,,,,,,,,Cash,,"1,300,000"
636.,2007597298,KODA RESOURCES LLC,US,CAERUS OIL & GAS LLC’S PICEANCE BASIN ASSETS,US,Acquisition 100%,Completed,"1,800,000.00",19.08.2024,100.00000,0.00000,100.00000,211120,213112,,,26.06.2024,,Unlisted,n.a.
,,QB ENERGY,US,CAERUS OIL & GAS LLC’S UINTA BASSIN ASSETS,US,,,,,100.00000,0.00000,100.00000,211120,213112,,,,,Unlisted,
637.,2007552064,BIOGEN INC.,US,HUMAN IMMUNOLOGY BIOSCIENCES INC.,US,Acquisition 100%,Completed,"1,800,000.00",02.07.2024,100.00000,0.00000,100.00000,541713,325412,BIIB,,22.05.2024,Earn-out,Unlisted,"650,000"
,,,,,,,,,,,,,,,,,,Cash,,n.a.
638.,1941727336,DEVON ENERGY CORPORATION,US,VALIDUS ENERGY SERVICES LLC,US,Acquisition 100%,Completed,"1,800,000.00",28.09.2022,100.00000,0.00000,100.00000,211120,211120,DVN,,09.08.2022,Cash,Unlisted,"1,800,000"
639.,1941512920,ROCHE HOLDINGS INC.,US,GENMARK DIAGNOSTICS INC.,US,Acquisition 100%,Completed,"1,800,000.00",22.04.2021,100.00000,0.00000,100.00000,334510,325412,,GNMK,15.03.2021,Cash,Delisted,"1,800,000"
640.,1941415392,BLACK KNIGHT INC.,US,OB ACQUISITION LLC,US,Acquisition 100%,Completed,"1,800,000.00",15.09.2020,100.00000,0.00000,100.00000,518210,518210,BKI,,27.07.2020,Liabilities,Unlisted,n.a.
,,,,,,,,,,,,,,,,,,Cash,,"1,800,000"
,,,,,,,,,,,,,,,,,,Cash Reserves,,n.a.
641.,1941207944,JONES LANG LASALLE INC.,US,HFF INC.,US,Acquisition 100%,Completed,"1,800,000.00",01.07.2019,100.00000,0.00000,100.00000,522310,531390,JLL,HF,19.03.2019,Shares,Delisted,n.a.
,,,,,,,,,,,,,,,,,,Cash Reserves,,n.a.
,,,,,,,,,,,,,,,,,,Cash,,n.a.
642.,1941168877,GREIF INC.,US,CARAUSTAR INDUSTRIES INC.,US,Acquisition 100%,Completed,"1,800,000.00",11.02.2019,100.00000,0.00000,100.00000,322130,322211,GEF,CSARQ,20.12.2018,Cash,Delisted,"1,800,000"
,,,,,,,,,,,,,,,,,,Liabilities,,n.a.
643.,2008068280,ARCLIN INC.,US,DUPONT DE NEMOURS INC.'S KEVLAR AND NOMEX BRANDS,US,Acquisition 100%,Completed,"1,800,000.00",01.04.2026,100.00000,0.00000,100.00000,325199,325211,,,29.08.2025,Cash,Unlisted,"1,200,000"
,,,,,,,,,,,,,,,,,,Bonds,,"300,000"
,,,,,,,,,,,,,,,,,,Shares,,"325,000"
644.,1941607413,CRESTWOOD EQUITY PARTNERS LP,US,OASIS MIDSTREAM PARTNERS LP,US,Acquisition 100%,Completed,"1,800,000.00",01.02.2022,100.00000,0.00000,100.00000,211120,424720,CEQP,OMP,26.10.2021,Cash,Delisted,"160,000"
,,,,,,,,,,,,,,,,,,Shares,,"980,000"
,,,,,,,,,,,,,,,,,,Liabilities,,"660,000"
645.,1941114594,US FOODS INC.,US,AMERIFRESH INC.,US,Acquisition 100%,Completed,"1,800,000.00",13.09.2019,100.00000,0.00000,100.00000,424480,424410,,,30.07.2018,Cash,Unlisted,"1,800,000"
,,,,AMERISTAR MEATS INC.,US,,,,,100.00000,0.00000,100.00000,424470,,,,,,Unlisted,
,,,,FOOD SERVICES OF AMERICA INC.,US,,,,,100.00000,0.00000,100.00000,424490,,,,,,Unlisted,
,,,,GAMPAC EXPRESS INC.,US,,,,,100.00000,0.00000,100.00000,488510,,,,,,Unlisted,
,,,,SYSTEMS SERVICES OF AMERICA INC.,US,,,,,100.00000,0.00000,100.00000,488510,,,,,,Unlisted,
646.,1941139226,CLOUDERA INC.,US,HORTONWORKS INC.,US,Acquisition 100%,Completed,"1,794,207.00",03.01.2019,100.00000,0.00000,100.00000,518210,518210,CLDR,HDP,03.10.2018,Shares,Delisted,"1,794,207"
647.,1941464302,JAWS SPITFIRE ACQUISITION CORPORATION,US,VELO3D INC.,US,Acquisition 100%,Completed,"1,787,375.00",29.09.2021,100.00000,0.00000,100.00000,334118,525990,VELO,,22.03.2021,Shares,Unlisted,n.a.
,,,,,,,,,,,,,,,,,,Earn-out,,"287,375"
648.,2007821055,WESTINGHOUSE AIR BRAKE TECHNOLOGIES CORPORATION,US,EVIDENT SCIENTIFIC INC.'S INSPECTION TECHNOLOGIES DIVISION,US,Acquisition 100%,Completed,"1,780,000.00",01.07.2025,100.00000,0.00000,100.00000,334516,336390,WAB,,14.01.2025,Cash,Unlisted,n.a.
,,,,,,,,,,,,,,,,,,Cash Reserves,,n.a.
649.,1941414687,DMY TECHNOLOGY GROUP INC.,US,RUSH STREET INTERACTIVE LP,US,Acquisition 100%,Completed,"1,780,000.00",29.12.2020,100.00000,0.00000,100.00000,713290,551112,RSI,,27.07.2020,Shares,Unlisted,"1,625,000"
,,,,,,,,,,,,,,,,,,Cash,,"125,000"
,,,,,,,,,,,,,,,,,,Cash Reserves,,n.a.
,,,,,,,,,,,,,,,,,,Liabilities,,n.a.
650.,2008259501,NEW MACKINAC HOLDCO INC.,US,SPARTANNASH COMPANY,US,Acquisition 100%,Completed,"1,770,000.00",22.09.2025,100.00000,0.00000,100.00000,445110,551114,,SPTN,23.06.2025,Liabilities,Delisted,n.a.
,,,,,,,,,,,,,,,,,,Cash,,"1,770,000"
651.,2008366895,PLAINS ALL AMERICAN PIPELINE LP,US,EPIC CRUDE HOLDINGS LP,US,Acquisition 55%,Completed,"1,763,000.00",07.11.2025,55.00000,0.00000,55.00000,486110,486110,PAA,,02.09.2025,,Unlisted,n.a.
,,PLAINS GP HOLDINGS LP,US,,,,,,,,,,,486110,PAGP,,,,,
652.,1941345930,EQUITRANS MIDSTREAM CORPORATION,US,EQM MIDSTREAM PARTNERS LP,US,Acquisition unknown remaining stake %,Completed,"1,762,367.00",17.06.2020,Unknown remaining %,Unknown %,100.00000,211120,211120,ETRN-RM,EQM,27.02.2020,Shares,Delisted,"1,762,367"
653.,2007397775,FOCUS IMPACT BH3 ACQUISITION CORPORATION,US,XCF GLOBAL CAPITAL INC.,US,Acquisition 100%,Completed,"1,750,000.00",06.06.2025,100.00000,0.00000,100.00000,324199,525990,SAFX,,11.03.2024,Liabilities,Unlisted,n.a.
654.,1941589560,FRANKLIN RESOURCES INC.,US,LEXINGTON PARTNERS LP,US,Acquisition 100%,Completed,"1,750,000.00",01.04.2022,100.00000,0.00000,100.00000,523910,523920,BEN,,01.11.2021,Cash,Unlisted,"1,750,000"
,,,,,,,,,,,,,,,,,,Cash Reserves,,n.a.
,,,,,,,,,,,,,,,,,,Deferred payment,,n.a.
655.,1941408056,SPARTAN ENERGY ACQUISITION CORPORATION,US,FISKER INC. (OLD),US,Acquisition 100%,Completed,"1,750,000.00",29.10.2020,100.00000,0.00000,100.00000,336111,525990,FSRN,,13.07.2020,Shares,Unlisted,"1,750,000"
656.,2007621552,QUANTA SERVICES INC.,US,CUPERTINO ELECTRIC INC.,US,Acquisition 100%,Completed,"1,740,000.00",17.07.2024,100.00000,0.00000,100.00000,541330,238990,PWR,,17.07.2024,Earn-out,Unlisted,"200,000"
,,,,,,,,,,,,,,,,,,Cash,,"1,300,000"
,,,,,,,,,,,,,,,,,,Cash Reserves,,n.a.
,,,,,,,,,,,,,,,,,,Shares,,"225,000"
657.,1941448516,AMERICOLD REALTY TRUST,US,AGRO MERCHANTS GROUP LLC,US,Acquisition 100%,Completed,"1,740,000.00",30.12.2020,100.00000,0.00000,100.00000,493120,493120,COLD,,13.10.2020,Cash,Unlisted,"519,000"
,,AMERICOLD REALTY OPERATING PARTNERSHIP LP,US,AGRO MERCHANTS NORTH AMERICA HOLDINGS INC.,US,,,,,100.00000,0.00000,100.00000,493120,531190,,,,Liabilities,Unlisted,"670,000"
,,,,AGRO MERCHANTS GLOBAL INC.,US,,,,,100.00000,0.00000,100.00000,493120,,,,,Shares,Unlisted,"554,300"
,,,,AGRO MERCHANTS LATAM HOLDINGS SARL,LU,,,,,100.00000,0.00000,100.00000,551114,,,,,,Unlisted,
,,,,AGRO MERCHANTS EUROPEAN INTERMEDIATE HOLDINGS SARL,LU,,,,,100.00000,0.00000,100.00000,551114,,,,,,Unlisted,
,,,,AGRO MERCHANTS EUROPEAN HOLDINGS II SARL,LU,,,,,100.00000,0.00000,100.00000,551114,,,,,,Unlisted,
,,,,AM AUS HOLDCO PTY LTD,AU,,,,,100.00000,0.00000,100.00000,551114,,,,,,Unlisted,
658.,1941607229,NTHRIVE INC.,US,TRANSUNION HEALTHCARE INC.,US,Acquisition 100%,Completed,"1,735,000.00",17.12.2021,100.00000,0.00000,100.00000,518210,518210,,,26.10.2021,Cash,Unlisted,"1,735,000"
659.,1941217619,TRINE ACQUISITION CORPORATION,US,DESKTOP METAL INC.,US,Acquisition 100%,Completed,"1,731,000.00",10.12.2020,100.00000,0.00000,100.00000,333318,525990,DM,,26.08.2020,Shares,Unlisted,"1,830,000"
,,,,,,,,,,,,,,,,,,Cash assumed,,"99,000"
660.,1941253981,PARKER HANNIFIN CORPORATION,US,EMFCO HOLDINGS INC.,US,Acquisition 100%,Completed,"1,725,000.00",16.09.2019,100.00000,0.00000,100.00000,332322,334513,PH,,29.07.2019,Cash,Unlisted,"1,725,000"
661.,2007946484,RYDER MERGER SUB II INC.,US,NV5 GLOBAL INC.,US,Acquisition 100%,Completed,"1,700,000.00",04.08.2025,100.00000,0.00000,100.00000,541330,523920,,NVEE,15.05.2025,Shares,Delisted,"847,960"
,,,,,,,,,,,,,,,,,,Cash Reserves,,n.a.
,,,,,,,,,,,,,,,,,,Cash,,"652,277"
662.,2007691673,SENTRY INSURANCE COMPANY,US,PERMANENT GENERAL COMPANIES INC.,US,Acquisition 100%,Completed,"1,700,000.00",01.01.2025,100.00000,0.00000,100.00000,524126,524126,,,12.09.2024,Liabilities,Unlisted,"600,000"
,,,,,,,,,,,,,,,,,,Cash,,"1,100,000"
663.,2007601093,GENERAL ATLANTIC CORPORATION,US,HIRERIGHT HOLDINGS CORPORATION,US,Acquisition 100%,Completed,"1,700,000.00",28.06.2024,100.00000,0.00000,100.00000,561499,523910,,HRT,28.06.2024,Cash,Delisted,"1,700,000"
,,STONE POINT CAPITAL LLC,US,,,,,,,,,,,523910,,,,,,
664.,2007151816,CLEOPATRA ACQUISTION CORPORATION,US,CTI BIOPHARMA CORPORATION,US,Acquisition 100%,Completed,"1,700,000.00",26.06.2023,100.00000,0.00000,100.00000,541713,525990,,CTIC,10.05.2023,Cash,Delisted,"1,700,000"
665.,1941542927,DIGITAL WORLD ACQUISITION CORPORATION,US,TRUMP MEDIA & TECHNOLOGY GROUP CORPORATION,US,Acquisition 100%,Completed,"1,700,000.00",25.03.2024,100.00000,0.00000,100.00000,511210,525990,,DJT,21.10.2021,Earn-out,Listed,"825,000"
,,,,,,,,,,,,,,,,,,Liabilities,,n.a.
,,,,,,,,,,,,,,,,,,Shares,,"1,700,000"
666.,1941258502,PDC ENERGY INC.,US,SRC ENERGY INC.,US,Acquisition 100%,Completed,"1,700,000.00",14.01.2020,100.00000,0.00000,100.00000,211120,211120,PDCE,SRCI,26.08.2019,Shares,Delisted,"1,700,000"
,,,,,,,,,,,,,,,,,,Liabilities,,"685,000"
667.,1941210137,THERMO FISHER SCIENTIFIC INC.,US,BRAMMER BIO MA LLC,US,Acquisition 100%,Completed,"1,700,000.00",01.05.2019,100.00000,0.00000,100.00000,325412,334516,TMO,,24.03.2019,Cash,Unlisted,"1,700,000"
668.,2007871394,COREWEAVE INC.,US,WEIGHTS AND BIASES INC.,US,Acquisition 100%,Completed,"1,700,000.00",05.05.2025,100.00000,0.00000,100.00000,518210,518210,CRWV,,04.03.2025,,Unlisted,n.a.
669.,2007647350,TEXAS DEPARTMENT OF TRANSPORTATION,US,BLUERIDGE TRANSPORTATION GROUP LLC'S SH-288 HIGHWAY ASSET,US,Acquisition 100%,Completed,"1,700,000.00",08.10.2024,100.00000,0.00000,100.00000,926120,485119,,,31.07.2024,,Unlisted,n.a.
670.,1941493828,MAGNITE INC.,US,SPOTX INC.,US,Acquisition 100%,Completed,"1,700,000.00",30.04.2021,100.00000,0.00000,100.00000,518210,518210,MGNI,,05.02.2021,Liabilities,Unlisted,n.a.
,,,,,,,,,,,,,,,,,,Cash,,"640,000"
,,,,,,,,,,,,,,,,,,Cash Reserves,,n.a.
,,,,,,,,,,,,,,,,,,Shares,,"501,150"
671.,1941473365,AMPHENOL CORPORATION,US,MTS SYSTEMS CORPORATION,US,Acquisition 100%,Completed,"1,700,000.00",07.04.2021,100.00000,0.00000,100.00000,334519,334417,APH,MTSC,09.12.2020,Cash,Delisted,n.a.
,,,,,,,,,,,,,,,,,,Liabilities,,n.a.
,,,,,,,,,,,,,,,,,,Cash Reserves,,n.a.
672.,1941449843,MACQUARIE MANAGEMENT HOLDINGS INC.,US,WADDELL & REED FINANCIAL INC.,US,Acquisition 100%,Completed,"1,700,000.00",30.04.2021,100.00000,0.00000,100.00000,523920,523910,,WDR,02.12.2020,Cash,Delisted,"1,700,000"
673.,1941616408,CUBESMART LP,US,LAACO LTD,US,Acquisition 100%,Completed,"1,690,000.00",09.12.2021,100.00000,0.00000,100.00000,531130,531120,,LAACZ,15.11.2021,Cash,Delisted,"1,649,100"
,,,,,,,,,,,,,,,,,,Liabilities,,"40,900"
674.,2007085809,MRC HAT MESA LLC,US,ADVANCE ENERGY PARTNERS HOLDINGS LLC,US,Acquisition 100%,Completed,"1,690,000.00",12.04.2023,100.00000,0.00000,100.00000,213112,551114,,,24.01.2023,Cash,Unlisted,"1,690,000"
,,,,,,,,,,,,,,,,,,Earn-out,,"90,000"
,,,,,,,,,,,,,,,,,,Cash Reserves,,n.a.
675.,2008279234,DELTICUS HOLDCO LP,US,STERLING WANDER LLLP,US,Acquisition 100%,Completed,"1,680,000.00",29.09.2025,100.00000,0.00000,100.00000,523920,523920,,,29.09.2025,Cash,Unlisted,"1,680,000"
676.,1941523794,NEW RESIDENTIAL INVESTMENT CORPORATION,US,CALIBER HOME LOANS INC.,US,Acquisition 100%,Completed,"1,675,000.00",23.08.2021,100.00000,0.00000,100.00000,522292,531110,RITM,,14.04.2021,Cash Reserves,Unlisted,n.a.
,,,,,,,,,,,,,,,,,,Cash,,"1,675,000"
677.,2007626157,CF INDUSTRIES HOLDINGS INC.,US,INCITEC PIVOT LTD'S PRODUCTION FACILITY IN WAGGAMAN,US,Acquisition 100%,Completed,"1,675,000.00",01.12.2023,100.00000,0.00000,100.00000,325920,325311,CF,,20.03.2023,Cash Reserves,Unlisted,n.a.
,,,,,,,,,,,,,,,,,,Cash,,"1,675,000"
678.,2007364492,CF INDUSTRIES HOLDINGS INC.,US,INCITEC PIVOT LTD'S PRODUCTION FACILITY IN WAGGAMAN,US,Acquisition 100%,Completed,"1,675,000.00",01.12.2023,100.00000,0.00000,100.00000,325920,325311,CF,,20.03.2023,Cash,Unlisted,"1,675,000"
,,,,,,,,,,,,,,,,,,Cash Reserves,,n.a.
679.,2007038950,CF INDUSTRIES EAST POINT LLC,US,"DYNO NOBEL LOUISIANA AMMONIA LLC'S AMMONIA MANUFACTURING FACILITY IN WAGGAMAN, LOUISIANA",US,Acquisition 100%,Completed,"1,675,000.00",01.12.2023,100.00000,0.00000,100.00000,325920,325311,,,20.03.2023,Cash Reserves,Unlisted,n.a.
,,,,,,,,,,,,,,,,,,Cash,,"1,250,000"
680.,1941503120,MERCK SHARP & DOHME CORPORATION,US,PANDION THERAPEUTICS INC.,US,Acquisition 88.6%,Completed,"1,666,207.00",01.04.2021,88.60000,0.00000,88.60000,541713,541713,MRK,PAND,25.02.2021,Cash,Delisted,"1,666,207"
681.,1941559362,HUNTINGTON INGALLS INDUSTRIES INC.,US,ALION HOLDING CORPORATION,US,Acquisition 100%,Completed,"1,650,000.00",19.08.2021,100.00000,0.00000,100.00000,511210,336611,HII,,06.07.2021,Cash,Unlisted,"1,650,000"
682.,2007870650,ROPER TECHNOLOGIES INC.,US,CENTRALREACH LLC,US,Acquisition 100%,Completed,"1,650,000.00",21.04.2025,100.00000,0.00000,100.00000,518210,333914,ROP,,24.03.2025,,Unlisted,n.a.
683.,1941476838,UPBOUND GROUP INC.,US,ACIMA HOLDINGS LLC,US,Acquisition 100%,Completed,"1,650,000.00",17.02.2021,100.00000,0.00000,100.00000,511210,532210,UPBD,,20.12.2020,Cash Reserves,Unlisted,n.a.
,,,,,,,,,,,,,,,,,,Shares,,"377,000"
,,,,,,,,,,,,,,,,,,Cash,,"1,273,000"
684.,1941312883,LEIDOS HOLDINGS INC.,US,DYNETICS INC.,US,Acquisition 100%,Completed,"1,650,000.00",31.01.2020,100.00000,0.00000,100.00000,541715,541512,LDOS,,17.12.2019,Cash Reserves,Unlisted,n.a.
,,,,,,,,,,,,,,,,,,Cash,,"1,650,000"
685.,2007270700,DIAMOND COMMUNICATIONS LLC,US,MELODY WIRELESS INFRASTRUCTURE INC.,US,Acquisition 100%,Completed,"1,625,000.00",15.06.2021,100.00000,0.00000,100.00000,523910,517311,,,05.05.2021,,Unlisted,n.a.
,,SCULPTOR REAL ESTATE LP,US,,,,,,,,,,,541611,,,,,,
686.,1941584938,MGM RESORTS INTERNATIONAL,US,NEVADA PROPERTY 1 LLC,US,Acquisition 100%,Completed,"1,625,000.00",17.05.2022,100.00000,0.00000,100.00000,721120,721120,MGM,,27.09.2021,Cash,Unlisted,"1,625,000"
687.,1941487570,ISOS ACQUISITION CORPORATION,US,BOWLERO CORPORATION,US,Acquisition 100%,Completed,"1,607,750.00",15.12.2021,100.00000,0.00000,100.00000,713950,525990,LUCK,LUCK,01.07.2021,Shares,Listed,"1,298,750"
,,,,,,,,,,,,,,,,,,Cash,,"309,000"
,,,,,,,,,,,,,,,,,,Earn-out,,"103,750"
688.,1941614374,COOPERSURGICAL INC.,US,GI GENERATE PARENT LLC,US,Acquisition 100%,Completed,"1,605,000.00",17.12.2021,100.00000,0.00000,100.00000,493190,339112,,,10.11.2021,Cash,Unlisted,"1,605,000"
689.,2008242344,RITHM CAPITAL CORPORATION,US,PARAMOUNT GROUP INC.,US,Acquisition 100%,Completed,"1,600,000.00",19.12.2025,100.00000,0.00000,100.00000,531120,531110,RITM,PGRE,17.09.2025,Cash,Delisted,"1,600,000"
690.,2007513416,COSTAR GROUP INC.,US,MATTERPORT INC.,US,Acquisition 100%,Completed,"1,600,000.00",28.02.2025,100.00000,0.00000,100.00000,511210,518210,CSGP,MTTR,22.04.2024,Cash,Delisted,"800,000"
,,,,,,,,,,,,,,,,,,Shares,,"800,000"
,,,,,,,,,,,,,,,,,,Liabilities,,n.a.
691.,1941660359,PENTAIR COMMERCIAL ICE LLC,US,MANITOWOC ICE INC.,US,Acquisition 100%,Completed,"1,600,000.00",28.07.2022,100.00000,0.00000,100.00000,335220,334513,,,03.03.2022,Cash,Unlisted,"1,600,000"
692.,1941639211,OWENS & MINOR INC.,US,APRIA INC.,US,Acquisition 100%,Completed,"1,600,000.00",29.03.2022,100.00000,0.00000,100.00000,339112,488510,ACH,APR,10.01.2022,Liabilities,Delisted,"150,000"
,,,,,,,,,,,,,,,,,,Cash Reserves,,n.a.
,,,,,,,,,,,,,,,,,,Cash,,"1,600,000"
693.,1941603514,BLUE OWL CAPITAL INC.,US,OAK STREET REAL ESTATE CAPITAL LLC,US,Acquisition 100%,Completed,"1,600,000.00",30.12.2021,100.00000,0.00000,100.00000,523910,523920,OWL,,18.10.2021,Shares,Unlisted,n.a.
,,,,,,,,,,,,,,,,,,Cash,,n.a.
,,,,,,,,,,,,,,,,,,Earn-out,,"650,000"
,,,,,,,,,,,,,,,,,,Cash Reserves,,n.a.
694.,1941429828,EMERSON ELECTRIC COMPANY,US,OPEN SYSTEMS INTERNATIONAL INC.,US,Acquisition 100%,Completed,"1,600,000.00",01.10.2020,100.00000,0.00000,100.00000,511210,334513,EMR,,27.08.2020,Cash,Unlisted,"1,600,000"
695.,1941156205,CIMAREX ENERGY COMPANY,US,RESOLUTE ENERGY CORPORATION,US,Acquisition 100%,Completed,"1,600,000.00",01.03.2019,100.00000,0.00000,100.00000,211120,211120,XEC,REN,19.11.2018,Cash Reserves,Delisted,n.a.
,,,,,,,,,,,,,,,,,,Liabilities,,"710,000"
,,,,,,,,,,,,,,,,,,Cash,,n.a.
,,,,,,,,,,,,,,,,,,Shares,,n.a.
696.,1941577055,STANLEY BLACK & DECKER INC.,US,MTD HOLDINGS INC.,US,Acquisition increased from 20% to 100%,Completed,"1,600,000.00",01.12.2021,80.00000,20.00000,100.00000,333112,333991,SWK,,17.08.2021,Cash Reserves,Unlisted,n.a.
,,,,,,,,,,,,,,,,,,Cash,,"1,600,000"
697.,1943252564,GENERAL MOTORS COMPANY,US,ULTIUM CELLS LLC,US,Acquisition increased from 100% to 100%,Completed,"1,598,038.45",28.02.2024,Unknown %,100.00000,100.00000,335911,336111,GM,,16.04.2021,Cash,Unlisted,"1,598,038"
,,LG ENERGY SOLUTION MICHIGAN INC.,US,,,,,,,,,,,335911,,,,,,
698.,2007012350,DIAMONDBACK ENERGY INC.,US,FIREBIRD ENERGY LLC'S CERTAIN OIL AND GAS ASSETS,US,Acquisition 100%,Completed,"1,597,217.00",30.11.2022,100.00000,0.00000,100.00000,211120,211120,FANG,,11.10.2022,Shares,Unlisted,"822,217"
,,,,,,,,,,,,,,,,,,Cash Reserves,,n.a.
,,,,,,,,,,,,,,,,,,Cash,,"775,000"
699.,1941210413,COUSINS PROPERTIES INC.,US,TIER REIT INC.,US,Acquisition 100%,Completed,"1,589,433.00",14.06.2019,100.00000,0.00000,100.00000,531120,531120,CUZ,TIER,25.03.2019,Shares,Delisted,"1,589,433"
700.,1941261511,VMWARE INC.,US,PIVOTAL SOFTWARE INC.,US,Acquisition unknown remaining stake %,Completed,"1,583,889.00",30.12.2019,Unknown remaining %,Unknown %,100.00000,518210,518210,VMW,PVTL,30.12.2019,Liabilities,Delisted,n.a.
,,,,,,,,,,,,,,,,,,Shares,,n.a.
,,,,,,,,,,,,,,,,,,Cash,,"1,583,889"
701.,1941487011,FIFTH WALL ACQUISITION CORPORATION I,US,SMARTRENT.COM INC.,US,Acquisition 100%,Completed,"1,577,000.00",24.08.2021,100.00000,0.00000,100.00000,518210,525990,SMRT,SMRT,22.04.2021,Shares,Listed,"1,577,000"
702.,1941235873,GRAF INDUSTRIAL CORPORATION,US,VELODYNE LIDAR INC.,US,Acquisition 100%,Completed,"1,566,275.00",29.09.2020,100.00000,0.00000,100.00000,334519,525990,VLDR,,02.07.2020,Shares,Unlisted,"1,499,275"
,,,,,,,,,,,,,,,,,,Cash assumed,,"200,000"
,,,,,,,,,,,,,,,,,,Earn-out,,275
,,,,,,,,,,,,,,,,,,Cash,,"267,000"
,,,,,,,,,,,,,,,,,,Liabilities,,n.a.
,,,,,,,,,,,,,,,,,,Cash Reserves,,n.a.
703.,2008144325,QUANTA SERVICES INC.,US,DYNAMIC SYSTEMS INC.,US,Acquisition 100%,Completed,"1,566,000.00",25.07.2025,100.00000,0.00000,100.00000,541690,238990,PWR,,25.07.2025,Shares,Unlisted,n.a.
,,,,,,,,,,,,,,,,,,Cash,,n.a.
,,,,,,,,,,,,,,,,,,Cash Reserves,,n.a.
,,,,,,,,,,,,,,,,,,Earn-out,,"216,000"
704.,1941652885,ZURN WATER SOLUTIONS CORPORATION,US,ELKAY MANUFACTURING COMPANY,US,Acquisition 100%,Completed,"1,563,975.00",01.07.2022,100.00000,0.00000,100.00000,332913,333613,ZWS,,14.02.2022,Shares,Unlisted,"1,563,975"
705.,1941574706,DRAFTKINGS INC.,US,GOLDEN NUGGET ONLINE GAMING INC.,US,Acquisition 100%,Completed,"1,560,000.00",05.05.2022,100.00000,0.00000,100.00000,713210,518210,DKNG,LCAHU,09.08.2021,Shares,Delisted,"1,560,000"
706.,1941263757,PEMBINA US CORPORATION,US,KINDER MORGAN COCHIN LLC,US,Acquisition 100%,Completed,"1,546,000.00",16.12.2019,100.00000,0.00000,100.00000,486210,486210,,,21.08.2019,Cash,Unlisted,"1,546,000"
707.,1941466140,NEBULA CARAVEL ACQUISITION CORPORATION,US,A PLACE FOR ROVER INC.,US,Acquisition 100%,Completed,"1,530,000.00",30.07.2021,100.00000,0.00000,100.00000,518210,525990,,,11.02.2021,Earn-out,Unlisted,"225,000"
,,,,,,,,,,,,,,,,,,Shares,,"1,530,000"
708.,1941712044,COLUMBUS HOLDING COMPANY,US,MERIDIAN BIOSCIENCE INC.,US,Acquisition 100%,Completed,"1,530,000.00",31.01.2023,100.00000,0.00000,100.00000,325413,525990,,VIVO,16.09.2022,Cash,Delisted,"1,530,000"
709.,2008620515,NUVEEN S&P 500 DYNAMIC OVERWRITE FUND,US,NUVEEN S&P 500 BUY-WRITE INCOME FUND,US,Acquisition 100%,Completed,"1,529,146.00",30.03.2026,100.00000,0.00000,100.00000,525990,525990,SPXX,BXMX,05.03.2026,Shares,Delisted,n.a.
,,,,,,,,,,,,,,,,,,Liabilities,,n.a.
710.,1941446945,CF FINANCE ACQUISITION CORPORATION III,US,AEYE TECHNOLOGIES INC.,US,Acquisition 100%,Completed,"1,526,000.00",16.08.2021,100.00000,0.00000,100.00000,511210,525990,LIDR,,17.02.2021,Shares,Unlisted,"1,526,000"
711.,1941698725,BECTON DICKINSON AND COMPANY,US,PARATA SYSTEMS LLC,US,Acquisition 100%,Completed,"1,525,000.00",18.07.2022,100.00000,0.00000,100.00000,541511,339112,BDX,,06.06.2022,Cash,Unlisted,"1,525,000"
712.,2007862034,APOLLO GLOBAL MANAGEMENT INC.,US,BRIDGE INVESTMENT GROUP HOLDINGS INC.,US,Acquisition 100%,Completed,"1,500,000.00",02.09.2025,100.00000,0.00000,100.00000,523920,523910,APO,BRDG,24.02.2025,Shares,Delisted,"1,500,000"
713.,1941460745,ADOBE INC.,US,WORKFRONT INC.,US,Acquisition 100%,Completed,"1,500,000.00",07.12.2020,100.00000,0.00000,100.00000,518210,511210,ADBE,,09.11.2020,,Unlisted,n.a.
714.,1941443229,NORTHERN STAR ACQUISITION CORPORATION,US,BARKBOX INC.,US,Acquisition 100%,Completed,"1,500,000.00",01.06.2021,100.00000,0.00000,100.00000,453910,525990,XL,,17.12.2020,Shares,Unlisted,"1,500,000"
715.,1941425863,GROWTH CAPITAL ACQUISITION CORPORATION,US,CEPTON TECHNOLOGIES INC.,US,Acquisition 100%,Completed,"1,500,000.00",10.02.2022,100.00000,0.00000,100.00000,334419,525990,CPTN,,05.08.2021,Earn-out,Unlisted,"70,000"
,,,,,,,,,,,,,,,,,,Shares,,"1,570,000"
716.,2008571833,SALTCHUK RESOURCES INC.,US,GREAT LAKES DREDGE & DOCK CORPORATION,US,Acquisition 100%,Completed,"1,500,000.00",01.04.2026,100.00000,0.00000,100.00000,237990,483111,,GLDD,11.02.2026,Cash,Delisted,"1,200,000"
717.,2008226315,QUANTA SERVICES INC.,US,WILSON CONSTRUCTION COMPANY,US,Acquisition 100%,Completed,"1,500,000.00",31.12.2025,100.00000,0.00000,100.00000,237130,238990,PWR,,31.12.2025,Shares,Unlisted,n.a.
,,,,,,,,,,,,,,,,,,Cash,,n.a.
718.,2008050274,STAG MERGER SUB LLC,US,MRC GLOBAL INC.,US,Acquisition 100%,Completed,"1,500,000.00",06.11.2025,100.00000,0.00000,100.00000,423830,423830,,MRC,26.06.2025,Shares,Delisted,"1,500,000"
719.,2007802813,XEROX HOLDINGS CORPORATION,US,LEXMARK INTERNATIONAL II LLC,US,Acquisition 100%,Completed,"1,500,000.00",01.07.2025,100.00000,0.00000,100.00000,423430,333318,XRX,,22.12.2024,Cash,Unlisted,"1,500,000"
,,,,,,,,,,,,,,,,,,Liabilities,,n.a.
,,,,,,,,,,,,,,,,,,Cash Reserves,,n.a.
720.,2007775335,ROCHE HOLDINGS INC.,US,POSEIDA THERAPEUTICS INC.,US,Acquisition 100%,Completed,"1,500,000.00",08.01.2025,100.00000,0.00000,100.00000,541713,325412,,PSTX,26.11.2024,Cash,Delisted,n.a.
,,,,,,,,,,,,,,,,,,Earn-out,,n.a.
721.,2007688394,SOUTHPORT ACQUISITION CORPORATION,US,ANGEL STUDIOS INC.,US,Acquisition 100%,Completed,"1,500,000.00",10.09.2025,100.00000,0.00000,100.00000,518210,525990,ANGX,ANGX,11.09.2024,Shares,Listed,"1,500,000"
,,,,,,,,,,,,,,,,,,Liabilities,,n.a.
722.,2007291917,METROPOLIS TECHNOLOGIES INC.,US,SP PLUS CORPORATION,US,Acquisition 100%,Completed,"1,500,000.00",16.05.2024,100.00000,0.00000,100.00000,812930,518210,,SP,05.10.2023,Shares,Delisted,n.a.
,,,,,,,,,,,,,,,,,,Cash,,"1,050,000"
,,,,,,,,,,,,,,,,,,Liabilities,,"650,000"
723.,2007269776,AUTHENTIC BRANDS GROUP LLC,US,HANESBRANDS INC.'S GLOBAL CHAMPION BUSINESS,US,Acquisition 100%,Completed,"1,500,000.00",30.09.2024,100.00000,0.00000,100.00000,315280,541810,,,05.06.2024,Cash,Unlisted,n.a.
,,,,"HANESBRANDS INC.'S GLOBAL CHAMPION BUSINESS INTELLECTUAL PROPERTY, BRAND AND CERTAIN OPERATING ASSETS",US,,,,,100.00000,0.00000,100.00000,315280,,,,,Earn-out,Unlisted,"300,000"
724.,2007180997,POSEIDON ACQUIRER INC.,US,ENFUSION INC.,US,Acquisition 100%,Completed,"1,500,000.00",21.04.2025,100.00000,0.00000,100.00000,518210,523910,,ENFN,10.01.2025,Shares,Delisted,"151,200"
,,,,,,,,,,,,,,,,,,Cash,,"760,000"
,,,,,,,,,,,,,,,,,,Cash Reserves,,n.a.
725.,2007107295,LA CAISSE DE DEPOT ET PLACEMENT DU QUEBEC,CA,AMERICAN ELECTRIC POWER COMPANY INC.'S 1365-MEGAWATT (MW) UNREGULATED RENEWABLES PORTFOLIO,US,Acquisition 100%,Completed,"1,500,000.00",16.08.2023,100.00000,0.00000,100.00000,221112,523920,,,23.02.2023,,Unlisted,n.a.
,,BLACKSTONE INC.,US,,,,,,,,,,,523920,BX,,,,,
,,IRG ACQUISITION HOLDINGS LLC,US,,,,,,,,,,,221118,,,,,,
726.,2007059684,WILLIAMS COMPANIES INC.,US,MOUNTAINWEST PIPELINES HOLDING CO,US,Acquisition 100%,Completed,"1,500,000.00",14.02.2023,100.00000,0.00000,100.00000,211120,486210,WMB,,14.12.2022,Liabilities,Unlisted,"430,000"
,,,,,,,,,,,,,,,,,,Cash,,"1,070"
727.,2007033677,DIAMONDBACK E&P LLC,US,LARIO PERMIAN LLC'S RELATED ASSETS,US,Acquisition 100%,Completed,"1,500,000.00",31.01.2023,100.00000,0.00000,100.00000,211120,211120,,,16.11.2022,Cash Reserves,Unlisted,n.a.
,,,,,,,,,,,,,,,,,,Shares,,"698,185"
,,,,,,,,,,,,,,,,,,Cash,,"850,000"
728.,1941676239,VETCOR GROUP HOLDINGS CORPORATION,US,PEOPLE PETS & VETS LLC,US,Acquisition 100%,Completed,"1,500,000.00",07.09.2022,100.00000,0.00000,100.00000,523910,541940,,,07.09.2022,,Unlisted,n.a.
729.,1941567750,ALPHA HEALTHCARE ACQUISITION CORPORATION III,US,CARMELL THERAPEUTICS CORPORATION,US,Acquisition 100%,Completed,"1,500,000.00",14.07.2023,100.00000,0.00000,100.00000,541713,525990,XAGE,,04.01.2023,Shares,Unlisted,"1,500,000"
730.,1941119291,WSFS FINANCIAL CORPORATION,US,BENEFICIAL BANCORP INC.,US,Acquisition 100%,Completed,"1,500,000.00",01.03.2019,100.00000,0.00000,100.00000,522110,522110,WSFS,BNCL,08.08.2018,Cash,Delisted,"219,628"
,,,,,,,,,,,,,,,,,,Shares,,"1,280,373"
731.,1941056297,HCA HEALTHCARE INC.,US,MISSION HEALTH SYSTEM INC.'S ASSETS,US,Acquisition 100%,Completed,"1,500,000.00",01.02.2019,100.00000,0.00000,100.00000,621491,622110,HCA,,31.08.2018,,Unlisted,n.a.
732.,2008323825,JERA UPSTREAM AMERICA LLC,US,GEP HAYNESVILLE II LLC'S SHALE GAS ASSET IN THE HAYNESVILLE AND MID-BOSSIER FORMATIONS,US,Acquisition 100%,Completed,"1,500,000.00",12.02.2026,100.00000,0.00000,100.00000,211120,221112,,,23.10.2025,,Unlisted,n.a.
,,,,SOUTH MANSFIELD E&P LLC,US,,,,,100.00000,0.00000,100.00000,211120,,,,,,Unlisted,
733.,2007891221,PAYWARD INC.,US,NINJATRADER GROUP LLC,US,Acquisition 100%,Completed,"1,500,000.00",01.05.2025,100.00000,0.00000,100.00000,518210,518210,,,20.03.2025,,Unlisted,n.a.
734.,1941457270,COUPA SOFTWARE INC.,US,LAUREL PARENT HOLDINGS INC.,US,Acquisition 100%,Completed,"1,500,000.00",02.11.2020,100.00000,0.00000,100.00000,511210,518210,COUP,,02.11.2020,Shares,Unlisted,"643,474"
,,,,,,,,,,,,,,,,,,Cash,,"795,000"
,,,,,,,,,,,,,,,,,,Liabilities,,"61,526"
735.,1941439300,NESTLE USA INC.,US,FRESHLY INC.,US,Acquisition increased from 16% to 100%,Completed,"1,500,000.00",30.10.2020,84.00000,16.00000,100.00000,311999,311999,,,30.10.2020,Earn-out,Unlisted,"550,000"
736.,2007748575,ORGANON & COMPANY,US,DERMAVANT SCIENCES LTD,US,Acquisition 100%,Completed,"1,486,000.00",28.10.2024,100.00000,0.00000,100.00000,325412,325412,OGN,,18.09.2024,Earn-out,Unlisted,"1,025,000"
,,,,,,,,,,,,,,,,,,Liabilities,,"286,000"
737.,2007033377,PTC INC.,US,SERVICEMAX INC.,US,Acquisition 90%,Completed,"1,485,000.00",03.01.2023,90.00000,0.00000,90.00000,518210,518210,PTC,,17.11.2022,Deferred payment,Unlisted,n.a.
,,,,,,,,,,,,,,,,,,Cash,,"1,485,000"
,,,,,,,,,,,,,,,,,,Cash Reserves,,n.a.
738.,2007329451,ADTALEM GLOBAL EDUCATION INC.,US,WALDEN UNIVERSITY LLC,US,Acquisition 100%,Completed,"1,480,000.00",12.08.2021,100.00000,0.00000,100.00000,611310,611310,CVSA,,11.09.2020,Cash,Unlisted,"1,480,000"
739.,1941589046,ADTALEM GLOBAL EDUCATION INC.,US,WALDEN E-LEARNING LLC,US,Acquisition 100%,Completed,"1,480,000.00",12.08.2021,100.00000,0.00000,100.00000,611310,611310,CVSA,,11.09.2020,Cash,Unlisted,"1,480,000"
,,,,,,,,,,,,,,,,,,Cash Reserves,,n.a.
740.,2007789455,GEN DIGITAL INC.,US,MONEYLION INC.,US,Acquisition 100%,Completed,"1,479,794.00",17.04.2025,100.00000,0.00000,100.00000,518210,511210,GEN,ML,10.12.2024,Cash,Delisted,"910,301"
,,,,,,,,,,,,,,,,,,Earn-out,,"569,493"
,,,,,,,,,,,,,,,,,,Shares,,"569,493"
741.,1941224437,MURPHY EXPLORATION & PRODUCTION COMPANY,US,LLOG BLUEWATER HOLDINGS LLC'S GULF OF MEXICO ASSETS,US,Acquisition 100%,Completed,"1,477,000.00",03.06.2019,100.00000,0.00000,100.00000,213112,211120,,,23.04.2019,Cash,Unlisted,"1,477,000"
,,,,LLOG EXPLORATION COMPANY LLC'S GULF OF MEXICO ASSETS,US,,,,,100.00000,0.00000,100.00000,213112,,,,,Earn-out,Unlisted,"250,000"
,,,,,,,,,,,,,,,,,,Cash Reserves,,n.a.
742.,1941477600,STAR PEAK CORPORATION II,US,BENSON HILL INC.,US,Acquisition 100%,Completed,"1,475,627.00",29.09.2021,100.00000,0.00000,100.00000,541713,525990,BHIL,,10.05.2021,Shares,Unlisted,"1,475,627"
,,,,,,,,,,,,,,,,,,Earn-out,,"175,627"
743.,1941470588,NESCO HOLDINGS INC.,US,CUSTOM TRUCK ONE SOURCE LP,US,Acquisition 100%,Completed,"1,475,000.00",01.04.2021,100.00000,0.00000,100.00000,532490,532490,,,03.12.2020,,Unlisted,n.a.
,,,,UTILITY ONE SOURCE GP LLC,US,,,,,100.00000,0.00000,100.00000,532490,,,,,,Unlisted,
744.,2008110800,TALEN GENERATION LLC,US,MOXIE FREEDOM LLC,US,Acquisition 100%,Completed,"1,460,000.00",25.11.2025,100.00000,0.00000,100.00000,221118,221118,,,17.07.2025,Cash,Unlisted,"1,460,000"
745.,2008259619,COMPASS INC.,US,ANYWHERE REAL ESTATE INC.,US,Acquisition 100%,Completed,"1,457,430.00",09.01.2026,100.00000,0.00000,100.00000,531210,531210,COMP,HOUS,22.09.2025,Liabilities,Delisted,n.a.
,,,,,,,,,,,,,,,,,,Shares,,"1,457,430"
746.,2007148330,HF SINCLAIR CORPORATION,US,HOLLY ENERGY PARTNERS LP,US,Acquisition increased from 47.161% to 100%,Completed,"1,450,449.00",01.12.2023,52.83900,47.16100,100.00000,486910,324110,DINO,HEP,15.08.2023,Cash,Delisted,"267,241"
,,,,,,,,,,,,,,,,,,Shares,,"1,183,208"
747.,2007874418,GE HEALTHCARE TECHNOLOGIES INC.,US,BK MEDICAL HOLDING COMPANY INC.,US,Acquisition 100%,Completed,"1,450,000.00",21.12.2021,100.00000,0.00000,100.00000,334510,334510,GEHC,,23.09.2021,Cash,Unlisted,"1,450,000"
748.,2007855835,ASBURY AUTOMOTIVE GROUP LLC,US,"HERB CHAMBERS COMPANIES, THE'S 33 DEALERSHIPS, 52 FRANCHISES AND THREE COLLISION CENTERS ASSETS",US,Acquisition 100%,Completed,"1,450,000.00",21.07.2025,100.00000,0.00000,100.00000,441110,441110,,,18.02.2025,Cash,Unlisted,n.a.
,,,,,,,,,,,,,,,,,,Cash Reserves,,n.a.
749.,2007124991,ENERGY TRANSFER LP,US,LOTUS MIDSTREAM OPERATIONS LLC,US,Acquisition 100%,Completed,"1,450,000.00",02.05.2023,100.00000,0.00000,100.00000,237120,486210,ET,,27.03.2023,Shares,Unlisted,"550,000"
,,,,,,,,,,,,,,,,,,Cash,,"900,000"
750.,1941592798,GENERAL ELECTRIC COMPANY,US,BKM HOLDING COMPANY INC.,US,Acquisition 100%,Completed,"1,450,000.00",21.12.2021,100.00000,0.00000,100.00000,334510,541715,GE,,23.09.2021,Cash,Unlisted,"1,045,000"
751.,1941568233,AVERY DENNISON CORPORATION,US,VESTCOM INTERNATIONAL INC.,US,Acquisition 100%,Completed,"1,450,000.00",31.08.2021,100.00000,0.00000,100.00000,323111,325211,AVY,VESC,28.07.2021,Cash,Delisted,"1,450,000"
752.,2007765606,GENERAL MILLS INC.,US,WHITEBRIDGE PET BRANDS LLC'S NORTH AMERICAN PREMIUM CAT FEEDING AND PET TREATING BUSINESS,US,Acquisition 100%,Completed,"1,450,000.00",18.12.2024,100.00000,0.00000,100.00000,311111,311999,GIS,,14.11.2024,Cash,Unlisted,"1,450,000"
,,,,,,,,,,,,,,,,,,Cash Reserves,,n.a.
753.,2007542052,WINDSTREAM PARENT INC.,US,UNITI GROUP INC.,US,Acquisition 100%,Completed,"1,448,752.00",01.08.2025,100.00000,0.00000,100.00000,531120,551114,,UNIT,03.05.2024,,Delisted,n.a.
754.,2007869096,WE SODA US LLC,US,GENESIS ALKALI,US,Acquisition 100%,Completed,"1,425,000.00",28.02.2025,100.00000,0.00000,100.00000,325180,551114,,,28.02.2025,Shares,Unlisted,n.a.
,,,,,,,,,,,,,,,,,,Cash,,"1,010,000"
,,,,,,,,,,,,,,,,,,Liabilities,,n.a.
755.,1941625963,FORTIVE CORPORATION,US,PROVATION SOFTWARE INC.,US,Acquisition 100%,Completed,"1,425,000.00",27.12.2021,100.00000,0.00000,100.00000,518210,334510,FTV,,03.12.2021,Cash,Unlisted,"1,425,000"
,,,,,,,,,,,,,,,,,,Cash Reserves,,n.a.
756.,1941504191,PALM HOLDCO INC.,US,FALCON'S BEYOND GLOBAL LLC,US,Acquisition 100%,Completed,"1,420,000.00",05.10.2023,100.00000,0.00000,100.00000,541330,551112,,,11.07.2022,Earn-out,Unlisted,"400,000"
,,,,,,,,,,,,,,,,,,Cash,,"222,000"
,,,,,,,,,,,,,,,,,,Shares,,"800,000"
,,,,,,,,,,,,,,,,,,Liabilities,,"34,000"
757.,2007766654,CHAI TRUST COMPANY LLC,US,ARDENT HEALTH PARTNERS INC.,US,Acquisition 54.1%,Completed,"1,419,791.00",30.09.2024,54.10000,0.00000,54.10000,622110,523991,,ARDT,30.09.2024,Cash,Listed,"1,419,791"
758.,2007760837,OLD NATIONAL BANCORP,US,BREMER FINANCIAL CORPORATION,US,Acquisition 100%,Completed,"1,401,000.00",01.05.2025,100.00000,0.00000,100.00000,523910,522110,ONB,,25.11.2024,Cash,Unlisted,n.a.
,,,,,,,,,,,,,,,,,,Shares,,n.a.
759.,2008217659,HILTON GRAND VACATIONS INC.,US,DIAMOND RESORTS INTERNATIONAL INC.,US,Acquisition 100%,Completed,"1,400,000.00",02.08.2021,100.00000,0.00000,100.00000,721110,531190,HGV,DRII,02.08.2021,Shares,Delisted,"1,400,000"
760.,2007747465,ABBVIE INC.,US,ALIADA THERAPEUTICS INC.,US,Acquisition 100%,Completed,"1,400,000.00",11.12.2024,100.00000,0.00000,100.00000,541713,541713,ABBV,,28.10.2024,Cash,Unlisted,"1,400,000"
761.,2007505647,RESIDEO TECHNOLOGIES INC.,US,SNAP ONE HOLDINGS CORPORATION,US,Acquisition 100%,Completed,"1,400,000.00",14.06.2024,100.00000,0.00000,100.00000,423620,334512,REZI,SNPO,15.04.2024,Cash,Delisted,"1,400,000"
,,,,,,,,,,,,,,,,,,Liabilities,,"460,000"
762.,2007156314,REGENCY CENTERS CORPORATION,US,URSTADT BIDDLE PROPERTIES INC.,US,Acquisition 100%,Completed,"1,400,000.00",18.08.2023,100.00000,0.00000,100.00000,531120,531120,REG,UBA,18.05.2023,Shares,Delisted,n.a.
,,,,,,,,,,,,,,,,,,Liabilities,,n.a.
763.,2007105278,INEOS ENERGY LLC,US,"CHESAPEAKE ENERGY CORPORATION'S EAGLE FORD ASSET DIMMIT, LASALLE AND MCMULLEN",US,Acquisition 100%,Completed,"1,400,000.00",03.05.2023,100.00000,0.00000,100.00000,211120,211120,,,21.02.2023,Deferred payment,Unlisted,n.a.
764.,1941648058,HILTON GRAND VACATIONS BORROWER LLC,US,DAKOTA HOLDINGS INC.,US,Acquisition 100%,Completed,"1,400,000.00",02.08.2021,100.00000,0.00000,100.00000,721110,523910,,,10.03.2021,Shares,Unlisted,"1,400,000"
765.,1941483970,QUALCOMM TECHNOLOGIES INC.,US,NUVIA INC.,US,Acquisition 100%,Completed,"1,400,000.00",16.03.2021,100.00000,0.00000,100.00000,541715,334413,,,13.01.2021,Cash,Unlisted,"1,400,000"
766.,1941438948,STARRY HOLDINGS INC.,US,STARRY INC.,US,Acquisition 100%,Completed,"1,400,000.00",29.03.2022,100.00000,0.00000,100.00000,517312,517312,STRY,,07.10.2021,Shares,Unlisted,"1,400,000"
767.,1941292685,GORES HOLDINGS III INC.,US,SHAY HOLDING CORPORATION,US,Acquisition 72%,Completed,"1,400,000.00",10.02.2020,72.00000,0.00000,72.00000,541330,525990,PAE,,01.11.2019,Shares,Unlisted,"255,000"
,,,,,,,,,,,,,,,,,,Cash Reserves,,n.a.
,,,,,,,,,,,,,,,,,,Cash,,"444,000"
,,,,,,,,,,,,,,,,,,Liabilities,,"572,000"
,,,,,,,,,,,,,,,,,,Earn-out,,"4,000"
768.,1941234781,HEWLETT PACKARD ENTERPRISE COMPANY,US,CRAY INC.,US,Acquisition 100%,Completed,"1,400,000.00",25.09.2019,100.00000,0.00000,100.00000,334111,334111,HPE,CRAY,17.05.2019,Cash,Delisted,n.a.
,,,,,,,,,,,,,,,,,,Cash assumed,,n.a.
,,,,,,,,,,,,,,,,,,Cash Reserves,,n.a.
769.,1941234467,DISH NETWORK CORPORATION,US,T-MOBILE US INC.'S PREPAID BUSINESS,US,Acquisition 100%,Completed,"1,400,000.00",01.07.2020,100.00000,0.00000,100.00000,517312,515210,DISH,,26.07.2019,,Unlisted,n.a.
770.,1941164314,TIVITY HEALTH INC.,US,NUTRISYSTEM INC.,US,Acquisition 100%,Completed,"1,400,000.00",08.03.2019,100.00000,0.00000,100.00000,311999,812990,TVTY,NTRI,09.12.2018,Liabilities,Delisted,n.a.
,,,,,,,,,,,,,,,,,,Cash assumed,,n.a.
,,,,,,,,,,,,,,,,,,Cash,,n.a.
,,,,,,,,,,,,,,,,,,Shares,,n.a.
,,,,,,,,,,,,,,,,,,Cash Reserves,,n.a.
771.,1941079617,CADENCE BANCORPORATION LLC,US,STATE BANK FINANCIAL CORPORATION,US,Acquisition 100%,Completed,"1,400,000.00",01.01.2019,100.00000,0.00000,100.00000,551111,522110,CADE,STBZ,13.05.2018,Shares,Delisted,"1,400,000"
772.,1939045731,PBF HOLDING COMPANY LLC,US,EQUILON ENTERPRISES LLC'S MARTINEZ REFINERY IN SAN FRANCISCO AND RELATED LOGISTICS ASSETS,US,Acquisition 100%,Completed,"1,400,000.00",01.02.2020,100.00000,0.00000,100.00000,324110,324110,,,11.06.2019,Cash,Unlisted,n.a.
,,,,,,,,,,,,,,,,,,Earn-out,,"400,000"
773.,2007220611,ROPER TECHNOLOGIES INC.,US,SYNTELLIS PERFORMANCE SOLUTIONS LLC,US,Acquisition 100%,Completed,"1,400,000.00",07.08.2023,100.00000,0.00000,100.00000,518210,333914,ROP,,07.08.2023,Liabilities,Unlisted,n.a.
,,,,,,,,,,,,,,,,,,Cash,,"1,400,000"
,,,,,,,,,,,,,,,,,,Cash Reserves,,n.a.
774.,1941480061,BLACKSTONE TACTICAL OPPORTUNITIES ADVISORS LLC,US,PHOENIX TOWER INTERNATIONAL LLC,US,Acquisition unknown majority stake %,Completed,"1,400,000.00",03.02.2020,Unknown majority,Unknown %,Unknown majority,237130,523920,,,03.02.2020,,Unlisted,n.a.
775.,1941296653,CERTAINTEED GYPSUM AND CEILINGS USA INC.,US,CONTINENTAL BUILDING PRODUCTS INC.,US,Acquisition 100%,Completed,"1,400,000.00",03.02.2020,100.00000,0.00000,100.00000,327420,551114,,CBPX,12.11.2019,Cash,Delisted,"1,400,000"
776.,1941588378,AVIENT CORPORATION,US,DSM PROTECTIVE MATERIALS INTERNATIONAL BV,NL,Acquisition 100%,Completed,"1,387,066.38",01.09.2022,100.00000,0.00000,100.00000,325220,325211,AVNT,,20.04.2022,Liabilities,Unlisted,n.a.
,,,,DSM PROTECTIVE MATERIALS BV,NL,,,,,100.00000,0.00000,100.00000,325220,,,,,,Unlisted,
,,,,DSM PROTECTIVE MATERIALS LLC,US,,,,,100.00000,0.00000,100.00000,325220,,,,,,Unlisted,
,,,,KONINKLIJKE DSM NV'S CERTAIN ASSETS OF PROTECTIVE MATERIALS BUSINESS,,,,,,100.00000,0.00000,100.00000,325220,,,,,,Unlisted,
777.,1941485273,THIMBLE POINT ACQUISITION CORPORATION,US,PEAR THERAPEUTICS INC. (OLD),US,Acquisition 100%,Completed,"1,385,934.00",03.12.2021,100.00000,0.00000,100.00000,511210,525990,PEARQ,,22.06.2021,Shares,Unlisted,"1,385,934"
,,,,,,,,,,,,,,,,,,Earn-out,,"185,934"
778.,2007336703,TRANSDIGM GROUP INC.,US,COMMUNICATIONS & POWER INDUSTRIES LLC'S ELECTRON DEVICE BUSINESS,US,Acquisition 100%,Completed,"1,385,000.00",06.06.2024,100.00000,0.00000,100.00000,334419,336413,TDG,,09.11.2023,Cash,Unlisted,"1,385,000"
,,,,,,,,,,,,,,,,,,Cash Reserves,,n.a.
779.,1941257562,ARCTIC HOLDINGS LLC,US,GANNETT COMPANY INC.,US,Acquisition 100%,Completed,"1,381,111.00",19.11.2019,100.00000,0.00000,100.00000,511110,523910,,GCI,05.08.2019,Shares,Delisted,"665,361"
,,,,,,,,,,,,,,,,,,Cash,,"715,750"
,,,,,,,,,,,,,,,,,,Cash Reserves,,n.a.
780.,2007462015,BENDING SPOONS US INC.,US,VIMEO INC.,US,Acquisition 100%,Completed,"1,380,000.00",24.11.2025,100.00000,0.00000,100.00000,518210,511210,,VMEO,10.09.2025,Cash,Delisted,"1,380,000"
781.,1941655222,PARKWAY GENERATION LLC,US,PSEG FOSSIL LLC'S 4.8 GW POWER GENERATING PORTFOLIO LOCATED IN NEW JERSEY AND MARYLAND,US,Acquisition 100%,Completed,"1,370,000.00",18.02.2022,100.00000,0.00000,100.00000,221210,523910,,,12.08.2021,,Unlisted,n.a.
782.,2007099707,WATERS TECHNOLOGIES CORPORATION,US,WYATT TECHNOLOGY CORPORATION,US,Acquisition 100%,Completed,"1,360,000.00",16.05.2023,100.00000,0.00000,100.00000,334510,334513,,,15.02.2023,Cash,Unlisted,"1,360,000"
783.,1941550381,TOPO BUYER COMPANY LLC,US,NET POWER LLC,US,Acquisition 100%,Completed,"1,357,000.00",08.06.2023,100.00000,0.00000,100.00000,541511,551112,,,14.12.2022,Shares,Unlisted,"1,357,000"
784.,2007100081,CUNA MUTUAL HOLDING COMPANY,US,ASSURANT INC.'S PREARRANGED FUNERAL INSURANCE AND FINAL EXPENSE BUSINESS IN US,US,Acquisition 100%,Completed,"1,350,000.00",02.08.2021,100.00000,0.00000,100.00000,524126,524126,,,09.03.2021,Cash,Unlisted,"1,350,000"
,,,,ASSURANT INC.'S PREARRANGED FUNERAL INSURANCE AND FINAL EXPENSE BUSINESS IN CANADA,CA,,,,,100.00000,0.00000,100.00000,524126,,,,,,Unlisted,
785.,1941686149,PRIME THERAPEUTICS LLC,US,MAGELLAN RX MANAGEMENT LLC,US,Acquisition 100%,Completed,"1,350,000.00",05.12.2022,100.00000,0.00000,100.00000,446110,561110,,,05.05.2022,,Unlisted,n.a.
786.,1941631430,SONOCO PRODUCTS COMPANY,US,BALL METALPACK LLC,US,Acquisition 100%,Completed,"1,350,000.00",27.01.2022,100.00000,0.00000,100.00000,332431,322220,SON,,21.12.2021,Cash,Unlisted,"1,350,000"
787.,1941514438,AMETEK INC.,US,ABACO SYSTEMS INC.,US,Acquisition 100%,Completed,"1,350,000.00",29.04.2021,100.00000,0.00000,100.00000,511210,334510,AME,,22.03.2021,Cash,Unlisted,"1,350,000"
788.,1941492111,CM LIFE SCIENCES II INC.,US,SOMALOGIC INC. (OLD),US,Acquisition 100%,Completed,"1,350,000.00",01.09.2021,100.00000,0.00000,100.00000,541713,525990,CMIIU,,29.03.2021,Earn-out,Unlisted,"100,000"
,,,,,,,,,,,,,,,,,,Shares,,"1,300,000"
,,,,,,,,,,,,,,,,,,Cash,,"50,000"
789.,1941559334,KNIGHT-SWIFT TRANSPORTATION HOLDINGS INC.,US,AAA COOPER TRANSPORTATION INC.,US,Acquisition 100%,Completed,"1,350,000.00",05.07.2021,100.00000,0.00000,100.00000,484122,484121,KNX,,05.07.2021,Liabilities,Unlisted,n.a.
,,,,,,,,,,,,,,,,,,Cash Reserves,,n.a.
,,,,,,,,,,,,,,,,,,Cash,,"1,300,000"
,,,,,,,,,,,,,,,,,,Shares,,"10,000"
,,,,,,,,,,,,,,,,,,Cash assumed,,n.a.
790.,2007034946,MERCK SHARP & DOHME LLC,US,IMAGO BIOSCIENCES INC.,US,Acquisition 100%,Completed,"1,350,000.00",11.01.2023,100.00000,0.00000,100.00000,325412,325412,,,21.11.2022,Cash,Unlisted,"1,350,000"
791.,2008493710,BALDWIN INSURANCE GROUP INC.,US,CAC HOLDINGS LLC,US,Acquisition 100% and 60.19%,Completed,"1,347,000.00",02.01.2026,60.19000,0.00000,60.19000,524210,524210,BWIN,,02.12.2025,Deferred payment,Unlisted,n.a.
,,,,CACH ACQUISITION LLC,US,,,,,100.00000,0.00000,100.00000,524210,,,,,Earn-out,Unlisted,"250,000"
,,,,CAC GROUP LIFE LLC,US,,,,,100.00000,0.00000,100.00000,524210,,,,,Cash,Unlisted,"758,000"
,,,,,,,,,,,,,,,,,,Shares,,"589,000"
792.,2007882740,TOYOTA TSUSHO AMERICA INC.,US,RADIUS RECYCLING INC.,US,Acquisition 100%,Completed,"1,340,000.00",10.07.2025,100.00000,0.00000,100.00000,423510,423510,,RDUS,13.03.2025,Liabilities,Delisted,n.a.
,,,,,,,,,,,,,,,,,,Cash,,"1,340,000"
793.,1941496869,ARROWROOT ACQUISITION CORPORATION,US,ILEARNINGENGINES INC.,US,Acquisition 100%,Completed,"1,339,000.00",16.04.2024,100.00000,0.00000,100.00000,518210,525990,AILEQ,AILEQ,26.04.2023,Shares,Listed,"1,339,000"
794.,2008398157,GIBRALTAR INDUSTRIES INC.,US,ARUNDEL SQUARE GARDEN LLC,US,Acquisition 100%,Completed,"1,335,000.00",02.02.2026,100.00000,0.00000,100.00000,332999,339999,ROCK,,17.11.2025,Cash,Unlisted,"1,335,000"
,,,,,,,,,,,,,,,,,,Cash Reserves,,n.a.
795.,2007744165,MERCK & COMPANY INC.,US,MODIFI BIOSCIENCES INC.,US,Acquisition 100%,Completed,"1,330,000.00",23.10.2024,100.00000,0.00000,100.00000,541713,325412,MRK,,23.10.2024,Earn-out,Unlisted,"1,300,000"
796.,1941345046,SALESFORCE.COM INC.,US,VLOCITY INC.,US,Acquisition unknown remaining stake %,Completed,"1,330,000.00",29.02.2020,Unknown remaining %,Unknown %,100.00000,511210,518210,CRM,,25.02.2020,Cash,Unlisted,"1,330,000"
797.,2007932767,LOWE'S COMPANIES INC.,US,ARTISAN DESIGN GROUP LLC,US,Acquisition 100%,Completed,"1,325,000.00",02.06.2025,100.00000,0.00000,100.00000,238330,444110,LOW,,14.04.2025,Cash,Unlisted,"1,325,000"
,,,,,,,,,,,,,,,,,,Cash Reserves,,n.a.
798.,1941314304,TILRAY INC.,US,PRIVATEER HOLDINGS INC.,US,Acquisition 100%,Completed,"1,324,741.00",12.12.2019,100.00000,0.00000,100.00000,523910,111419,TLRY,,12.12.2019,Shares,Unlisted,"1,324,741"
799.,2007287231,ELI LILLY AND COMPANY,US,POINT BIOPHARMA GLOBAL INC.,US,Acquisition 100%,Completed,"1,322,074.00",27.12.2023,100.00000,0.00000,100.00000,541715,325412,LLY,PNT,03.10.2023,Cash,Delisted,"1,322,074"
800.,2008355732,CBRE GROUP INC.,US,PEARCE SERVICES LLC,US,Acquisition 100%,Completed,"1,315,000.00",04.11.2025,100.00000,0.00000,100.00000,811213,531210,CBRE,,04.11.2025,Earn-out,Unlisted,"115,000"
,,,,,,,,,,,,,,,,,,Cash,,n.a.
801.,1941017204,TOPAZ HOLDINGS LLC,US,ALGECO US HOLDINGS LLC,US,Acquisition 100%,Completed,"1,311,000.00",15.03.2019,100.00000,0.00000,100.00000,321991,321991,,,13.11.2018,Cash,Unlisted,"562,000"
,,,,ARROW BIDCO LLC,US,,,,,100.00000,0.00000,100.00000,531110,,,,,Liabilities,Unlisted,n.a.
,,,,,,,,,,,,,,,,,,Third party shares,,"749,000"
,,,,,,,,,,,,,,,,,,Cash Reserves,,n.a.
802.,1941495282,BRC INC.,US,AUTHENTIC BRANDS LLC,US,Acquisition 100%,Completed,"1,306,000.00",09.02.2022,100.00000,0.00000,100.00000,445299,445299,BRCC,,02.11.2021,Shares,Unlisted,"1,306,000"
803.,2007130451,ANTECH DIAGNOSTICS INC.,US,HESKA CORPORATION,US,Acquisition 100%,Completed,"1,305,122.00",13.06.2023,100.00000,0.00000,100.00000,334510,541713,,HSKA,03.04.2023,Cash,Delisted,"1,305,122"
804.,2007111217,AUTHENTIC BRANDS GROUP LLC,US,BOARDRIDERS INC.,US,Acquisition 100%,Completed,"1,300,000.00",01.09.2023,100.00000,0.00000,100.00000,315240,541810,,ZQKSQ,31.03.2023,,Delisted,n.a.
805.,1941637039,MOTION INDUSTRIES INC.,US,RUBY HOLDINGS II LLC,US,Acquisition 100%,Completed,"1,300,000.00",03.01.2022,100.00000,0.00000,100.00000,423830,423830,,,16.12.2021,Cash,Unlisted,"1,300,000"
806.,2008157141,ZEBRA TECHNOLOGIES CORPORATION,US,ELO TOUCH SOLUTIONS INC.,US,Acquisition 100%,Completed,"1,300,000.00",01.10.2025,100.00000,0.00000,100.00000,334111,333244,ZBRA,,05.08.2025,Cash,Unlisted,"1,300,000"
,,,,,,,,,,,,,,,,,,Cash Reserves,,n.a.
807.,2008067429,BLACKSTONE INC.,US,CVENT HOLDING CORPORATION,US,Acquisition unknown remaining stake %,Completed,"1,300,000.00",02.07.2025,Unknown remaining %,Unknown majority,100.00000,518210,523920,BX,CVT,02.07.2025,,Delisted,n.a.
808.,2008036475,GULF MSR HOLDCO LLC,US,GUILD HOLDINGS COMPANY LLC,US,Acquisition 100%,Completed,"1,300,000.00",28.11.2025,100.00000,0.00000,100.00000,522310,522110,,GHLD,18.06.2025,Cash,Delisted,"1,300,000"
809.,2008032493,ELI LILLY AND COMPANY,US,VERVE THERAPEUTICS INC.,US,Acquisition 100%,Completed,"1,300,000.00",25.07.2025,100.00000,0.00000,100.00000,541713,325412,LLY,VERV,17.06.2025,Cash,Delisted,"1,300,000"
,,,,,,,,,,,,,,,,,,Earn-out,,"300,000"
810.,2007679981,ATLANTIC UNION BANKSHARES CORPORATION,US,SANDY SPRING BANCORP INC.,US,Acquisition 100%,Completed,"1,300,000.00",01.04.2025,100.00000,0.00000,100.00000,522110,522110,AUB,SASR,21.10.2024,Shares,Delisted,"1,300,000"
,,,,,,,,,,,,,,,,,,Cash,,n.a.
811.,2007630472,MR COOPER GROUP INC.,US,FLAGSTAR BANCORP INC.'S RESIDENTIAL MORTGAGE SERVICING BUSINESS,US,Acquisition 100%,Completed,"1,300,000.00",01.11.2024,100.00000,0.00000,100.00000,522120,524130,COOP,,25.07.2024,Cash,Unlisted,"1,300,000"
812.,2007575682,COGNIZANT DOMESTIC HOLDINGS CORPORATION,US,PROPULSION HOLDINGS LLC,US,Acquisition 100%,Completed,"1,300,000.00",27.08.2024,100.00000,0.00000,100.00000,541330,541512,,,10.06.2024,Third party shares,Unlisted,"97,000"
,,,,,,,,,,,,,,,,,,Cash,,"1,190,000"
,,,,,,,,,,,,,,,,,,Cash Reserves,,n.a.
813.,2007180808,DATABRICKS INC.,US,MOSAIC ML INC.,US,Acquisition 100%,Completed,"1,300,000.00",19.07.2023,100.00000,0.00000,100.00000,518210,518210,,,26.06.2023,Shares,Unlisted,"1,300,000"
814.,1941745427,PROVIDENT FINANCIAL SERVICES INC.,US,LAKELAND BANCORP INC.,US,Acquisition 100%,Completed,"1,300,000.00",16.05.2024,100.00000,0.00000,100.00000,522110,522110,PFS,LBAI,27.09.2022,Shares,Delisted,"1,300,000"
815.,1941676419,MOMENTUM MIDSTREAM LLC,US,MIDCOAST ENERGY LLC'S PIPELINE ASSETS IN THE EAST TEXAS PORTION OF THE HAYNESVILLE FORMATION,US,Acquisition 100%,Completed,"1,300,000.00",22.09.2022,100.00000,0.00000,100.00000,213112,237120,,,15.07.2022,Liabilities,Unlisted,n.a.
816.,1941658396,PDC ENERGY INC.,US,GREAT WESTERN PETROLEUM LLC,US,Acquisition 100%,Completed,"1,300,000.00",06.05.2022,100.00000,0.00000,100.00000,211120,211120,PDCE,,28.02.2022,Cash,Unlisted,"542,500"
,,,,,,,,,,,,,,,,,,Liabilities,,"500,000"
,,,,,,,,,,,,,,,,,,Shares,,"257,000"
,,,,,,,,,,,,,,,,,,Cash Reserves,,n.a.
817.,1941448046,SL FINANCIAL HOLDINGS INC.,US,SUNLIGHT FINANCIAL LLC,US,Acquisition 100%,Completed,"1,300,000.00",09.07.2021,100.00000,0.00000,100.00000,522298,551112,,,25.01.2021,Third party shares,Unlisted,"668,000"
,,,,,,,,,,,,,,,,,,Cash,,"632,000"
818.,1941397547,BRP HOLD 11 INC.,US,OPEN LENDING LLC,US,Acquisition 100%,Completed,"1,300,000.00",10.06.2020,100.00000,0.00000,100.00000,518210,551114,,,06.01.2020,Cash,Unlisted,n.a.
,,,,,,,,,,,,,,,,,,Shares,,n.a.
,,,,,,,,,,,,,,,,,,Cash Reserves,,n.a.
,,,,,,,,,,,,,,,,,,Earn-out,,n.a.
,,,,,,,,,,,,,,,,,,Liabilities,,n.a.
819.,2007101154,BP PRODUCTS NORTH AMERICA INC.,US,TRAVELCENTERS OF AMERICA INC.,US,Acquisition 100%,Completed,"1,300,000.00",15.05.2023,100.00000,0.00000,100.00000,447110,213112,,TA,16.02.2023,Cash,Delisted,"1,300,000"
820.,1941344248,CORNERSTONE ONDEMAND INC.,US,SABA SOFTWARE INC.,US,Acquisition 100%,Completed,"1,295,000.00",22.04.2020,100.00000,0.00000,100.00000,518210,518210,CSOD,SABA,24.02.2020,Cash,Delisted,"1,262,000"
,,,,,,,,,,,,,,,,,,Shares,,"33,000"
821.,1941551947,VULCAN MATERIALS COMPANY,US,US CONCRETE INC.,US,Acquisition 100%,Completed,"1,294,000.00",26.08.2021,100.00000,0.00000,100.00000,327320,212321,VMC,RMIXQ,07.06.2021,Cash,Delisted,"1,294,000"
822.,1941745284,TALOS ENERGY INC.,US,QUARTERNORTH ENERGY LLC,US,Acquisition 100%,Completed,"1,290,000.00",04.03.2024,100.00000,0.00000,100.00000,211120,211120,TALO,,15.01.2024,Cash,Unlisted,"965,000"
,,,,,,,,,,,,,,,,,,Shares,,"325,000"
823.,2007075977,ASTRAZENECA FINANCE AND HOLDINGS INC.,US,CINCOR PHARMA INC.,US,Acquisition 100%,Completed,"1,287,000.00",24.02.2023,100.00000,0.00000,100.00000,541713,523910,,CINC,09.01.2023,Earn-out,Delisted,"500,000"
,,,,,,,,,,,,,,,,,,Cash,,"1,800,000"
,,,,,,,,,,,,,,,,,,Cash assumed,,"522,000"
824.,2007835287,ZIMMER BIOMET HOLDINGS INC.,US,PARAGON 28 INC.,US,Acquisition 100%,Completed,"1,283,720.00",21.04.2025,100.00000,0.00000,100.00000,339113,339113,ZBH,,28.01.2025,Cash,Unlisted,"1,183,720"
,,,,,,,,,,,,,,,,,,Earn-out,,"83,720"
,,,,,,,,,,,,,,,,,,Liabilities,,"100,000"
825.,1941661050,AZZ INC.,US,PRECOAT METALS INC.,US,Acquisition 100%,Completed,"1,280,000.00",13.05.2022,100.00000,0.00000,100.00000,332812,332812,AZZ,,07.03.2022,Cash,Unlisted,n.a.
,,,,,,,,,,,,,,,,,,Cash Reserves,,n.a.
826.,1941525457,HERMAN MILLER INC.,US,KNOLL INC.,US,Acquisition 100%,Completed,"1,278,849.00",19.07.2021,100.00000,0.00000,100.00000,337214,337122,MLKN,KNL,19.04.2021,Cash,Delisted,"558,760"
,,,,,,,,,,,,,,,,,,Shares,,"720,089"
827.,1939068013,FIRSTBANK PUERTO RICO,US,SANTANDER BANCORP,US,Acquisition 100%,Completed,"1,277,600.00",01.09.2020,100.00000,0.00000,100.00000,551111,522110,,,21.10.2019,Cash,Unlisted,"1,277,600"
828.,2007694245,CACI INC. - FEDERAL,US,AZURE SUMMIT TECHNOLOGY INC.,US,Acquisition 100%,Completed,"1,275,000.00",30.10.2024,100.00000,0.00000,100.00000,541330,541512,,,16.09.2024,Cash Reserves,Unlisted,n.a.
,,,,,,,,,,,,,,,,,,Cash,,"1,275,000"
829.,1941578767,ADOBE INC.,US,FRAME.IO INC.,US,Acquisition 100%,Completed,"1,275,000.00",07.10.2021,100.00000,0.00000,100.00000,518210,511210,ADBE,,19.08.2021,,Unlisted,n.a.
830.,1941217338,UGI ENERGY SERVICES LLC,US,COLUMBIA MIDSTREAM GROUP LLC,US,Acquisition 100%,Completed,"1,275,000.00",01.08.2019,100.00000,0.00000,100.00000,486210,221210,,,02.07.2019,Cash,Unlisted,n.a.
,,,,,,,,,,,,,,,,,,Cash Reserves,,n.a.
831.,1941145444,1912 MERGER SUB LLC,US,INFRAREIT INC.,US,Acquisition 100%,Completed,"1,275,000.00",16.05.2019,100.00000,0.00000,100.00000,531190,237210,,HIFR,18.10.2018,Liabilities,Delisted,"945,000"
,,,,,,,,,,,,,,,,,,Cash,,"1,275,000"
832.,2008476401,PEORIA RESOURCES ACQUISITION COMPANY LLC,US,VERDAD RESOURCES INTERMEDIATE HOLDINGS LLC,US,Acquisition 100%,Completed,"1,260,000.00",28.02.2026,100.00000,0.00000,100.00000,211120,211120,,,18.12.2025,Liabilities,Unlisted,n.a.
833.,1941155628,ENERGIZER HOLDINGS INC.,US,SPECTRUM BRANDS HOLDINGS INC.'S GLOBAL AUTO CARE BUSINESS,US,Acquisition 100%,Completed,"1,251,200.00",28.01.2019,100.00000,0.00000,100.00000,335999,335912,ENR,,15.11.2018,Shares,Unlisted,"312,500"
,,,,,,,,,,,,,,,,,,Cash,,"938,700"
834.,2008448123,TARGA RESOURCES CORPORATION,US,STAKEHOLDER MIDSTREAM LLC,US,Acquisition 100%,Completed,"1,250,000.00",06.01.2026,100.00000,0.00000,100.00000,237120,211120,,,01.12.2025,Cash Reserves,Unlisted,n.a.
,,,,,,,,,,,,,,,,,,Cash,,"1,250,000"
835.,2008352147,VERTIV CORPORATION,US,PURGE RITE INTERMEDIATE LLC,US,Acquisition 100%,Completed,"1,250,000.00",04.12.2025,100.00000,0.00000,100.00000,541513,334111,,,03.11.2025,Cash,Unlisted,"1,250,000"
,,,,,,,,,,,,,,,,,,Earn-out,,"250,000"
836.,2008124971,WAYSTAR HOLDING CORPORATION,US,IODINE SOFTWARE LLC,US,Acquisition 100%,Completed,"1,250,000.00",01.10.2025,100.00000,0.00000,100.00000,511210,518210,WAY,,23.07.2025,Liabilities,Unlisted,n.a.
,,,,,,,,,,,,,,,,,,Cash,,"625,000"
,,,,,,,,,,,,,,,,,,Shares,,"612,604"
837.,2007837964,NATIONWIDE MUTUAL INSURANCE COMPANY,US,DIRECT GENERAL LIFE INSURANCE COMPANY,US,Acquisition 100%,Completed,"1,250,000.00",01.07.2025,100.00000,0.00000,100.00000,524210,524113,,,30.01.2025,Cash,Unlisted,"1,250,000"
,,,,NSM SALES CORPORATION,US,,,,,100.00000,0.00000,100.00000,524210,,,,,,Unlisted,
,,,,"ASSOCIATION BENEFITS SOLUTION LLC, THE",US,,,,,100.00000,0.00000,100.00000,524210,,,,,,Unlisted,
838.,2007384918,EQUINOR USA ONSHORE PROPERTIES INC.,US,EQT CORPORATION'S OIL AND GAS ASSETS LOCATED IN NORTHEAST PENNSYLVANIA,US,Acquisition unknown stake %,Completed,"1,250,000.00",31.12.2024,Unknown %,Unknown %,100.00000,211120,211120,,,29.10.2024,Cash,Unlisted,"1,250,000"
,,EQUINOR NATURAL GAS LLC,US,,,,,,,,,,,211120,,,,,,
839.,1941568940,BAXTER INTERNATIONAL INC.,US,HILL-ROM HOLDINGS INC.,US,Acquisition 100%,Completed,"1,250,000.00",13.12.2021,100.00000,0.00000,100.00000,339113,334510,BAX,HRC,02.09.2021,Cash,Delisted,"1,250,000"
,,,,,,,,,,,,,,,,,,Liabilities,,n.a.
840.,1941571483,CLEAN HARBORS INC.,US,HYDROCHEM LLC,US,Acquisition 100%,Completed,"1,250,000.00",08.10.2021,100.00000,0.00000,100.00000,812332,562111,CLH,,04.08.2021,Cash,Unlisted,"1,250,000"
,,,,,,,,,,,,,,,,,,Cash Reserves,,n.a.
841.,1941221859,AMERICOLD REALTY TRUST,US,CHILLER HOLDCO LLC,US,Acquisition 100%,Completed,"1,240,000.00",01.05.2019,100.00000,0.00000,100.00000,493120,493120,COLD,,16.04.2019,,Unlisted,n.a.
842.,1941492869,NOVUS CAPITAL CORPORATION II,US,ENERGY VAULT INC.,US,Acquisition 100%,Completed,"1,230,000.00",11.02.2022,100.00000,0.00000,100.00000,335911,525990,NRGV,,09.09.2021,Shares,Unlisted,"1,114,000"
,,,,,,,,,,,,,,,,,,Earn-out,,"90,000"
843.,2007960575,RIETER HOLDING AG,CH,OERLIKON TEXTILE GMBH & CO. KG,DE,Acquisition 100%,Completed,"1,228,315.58",02.02.2026,100.00000,0.00000,100.00000,333249,333249,RIEN,,06.05.2025,Earn-out,Unlisted,"129,296"
,,RIETER NORTH AMERICA INC,US,OC OERLIKON TEXTILE HOLDING AG,CH,,,,,100.00000,0.00000,100.00000,333249,333249,,SAUN,,Liabilities,Delisted,n.a.
,,,,OERLIKON TEXTILE INC,US,,,,,100.00000,0.00000,100.00000,333249,,,,,,Unlisted,
844.,1941544755,KINDER MORGAN INC.,US,STAGECOACH GAS SERVICES LLC,US,Acquisition 100%,Completed,"1,225,000.00",09.07.2021,100.00000,0.00000,100.00000,486210,486910,KMI,,01.06.2021,,Unlisted,n.a.
845.,1941487391,BOSTON SCIENTIFIC CORPORATION,US,PREVENTICE SOLUTIONS INC.,US,Acquisition increased from 22% to 100%,Completed,"1,225,000.00",02.03.2021,78.00000,22.00000,100.00000,334510,339112,BSX,,21.01.2021,Earn-out,Unlisted,"300,000"
,,,,,,,,,,,,,,,,,,Cash,,"925,000"
846.,1941606984,VALLEY NATIONAL BANCORP,US,BANK LEUMI LE-ISRAEL CORPORATION,US,Acquisition 100%,Completed,"1,220,000.00",01.04.2022,100.00000,0.00000,100.00000,522110,522110,VLY,,23.09.2021,Shares,Unlisted,"1,107"
,,,,,,,,,,,,,,,,,,Cash,,"113,000"
847.,1941469392,MARQUEE RAINE ACQUISITION CORPORATION,US,ENJOY TECHNOLOGY INC. (OLD),US,Acquisition 100%,Completed,"1,207,000.00",15.10.2021,100.00000,0.00000,100.00000,518210,525990,MRAC,,28.04.2021,Shares,Unlisted,"1,104,000"
,,,,,,,,,,,,,,,,,,Cash,,"103,000"
848.,1941063298,XPERI CORPORATION,US,TIVO CORPORATION,US,Acquisition 100%,Completed,"1,206,655.00",01.06.2020,100.00000,0.00000,100.00000,334310,334413,XPER,TIVO,19.12.2019,Liabilities,Delisted,n.a.
,,,,,,,,,,,,,,,,,,Shares,,"1,206,655"
849.,2008502759,RYLS MERGER CORPORATION,US,VENTYX BIOSCIENCES INC.,US,Acquisition 100%,Completed,"1,200,000.00",04.03.2026,100.00000,0.00000,100.00000,541713,551114,,VTYX,07.01.2026,Cash,Delisted,"1,200,000"
850.,2008142943,ABBVIE INC.,US,GILGAMESH PHARMACEUTICALS INC.'S BRETISILOCIN ASSETS,US,Acquisition 100%,Completed,"1,200,000.00",17.10.2025,100.00000,0.00000,100.00000,541713,541713,ABBV,,25.08.2025,Earn-out,Unlisted,n.a.
851.,2007962113,DOORDASH INC.,US,SEVENROOMS INC.,US,Acquisition 100%,Completed,"1,200,000.00",13.06.2025,100.00000,0.00000,100.00000,518210,518210,DASH,,06.05.2025,Cash,Unlisted,"1,200,000"
852.,2007871145,ARTHUR J GALLAGHER & COMPANY,US,WOODRUFF-SAWYER & COMPANY INC.,US,Acquisition 100%,Completed,"1,200,000.00",10.04.2025,100.00000,0.00000,100.00000,524210,524210,AJG,,04.03.2025,,Unlisted,n.a.
853.,2007769880,DTM INTERSTATE TRANSPORTATION LLC,US,MIDWESTERN GAS TRANSMISSION COMPANY,US,Acquisition 100%,Completed,"1,200,000.00",31.12.2024,100.00000,0.00000,100.00000,486210,211120,,,19.11.2024,Cash,Unlisted,"1,200,000"
,,,,VIKING GAS TRANSMISSION COMPANY,US,,,,,100.00000,0.00000,100.00000,486210,,,,,,Unlisted,
,,,,GUARDIAN PIPELINE LLC,US,,,,,100.00000,0.00000,100.00000,486210,,,,,,Unlisted,
854.,2007749107,AUTOMATIC DATA PROCESSING INC.,US,WORKFORCE SOFTWARE LLC,US,Acquisition 100%,Completed,"1,200,000.00",15.10.2024,100.00000,0.00000,100.00000,518210,518210,ADP,,15.10.2024,,Unlisted,n.a.
855.,2007737703,METLIFE INVESTMENT MANAGEMENT LLC,US,PINEBRIDGE INVESTMENTS LLC,US,Acquisition 100%,Completed,"1,200,000.00",30.12.2025,100.00000,0.00000,100.00000,523910,522298,,,23.12.2024,Earn-out,Unlisted,"400,000"
,,,,,,,,,,,,,,,,,,Cash,,"800,000"
856.,2007707481,AUTOMATIC DATA PROCESSING INC.,US,WORKFORCE SOFTWARE LLC,US,Acquisition 100%,Completed,"1,200,000.00",15.10.2024,100.00000,0.00000,100.00000,518210,518210,ADP,,15.10.2024,,Unlisted,n.a.
857.,2007635044,RENASANT CORPORATION,US,"FIRST BANCSHARES INC., THE (MISSISSIPPI)",US,Acquisition 100%,Completed,"1,200,000.00",01.04.2025,100.00000,0.00000,100.00000,522110,522110,RNST,FBMS,29.07.2024,Shares,Delisted,n.a.
,,,,,,,,,,,,,,,,,,Cash,,n.a.
858.,2007623577,WOODSIDE ENERGY HOLDINGS (NA) LLC,US,TELLURIAN INC.,US,Acquisition 100%,Completed,"1,200,000.00",08.10.2024,100.00000,0.00000,100.00000,211120,211120,,TELL,21.07.2024,Cash,Delisted,"900,000"
,,,,,,,,,,,,,,,,,,Liabilities,,n.a.
859.,2007426100,CARDINAL HEALTH INC.,US,SPECIALTY NETWORKS CONSULTING LLC,US,Acquisition 100%,Completed,"1,200,000.00",18.03.2024,100.00000,0.00000,100.00000,518210,424210,CAH,,31.01.2024,Cash,Unlisted,"1,200,000"
860.,2007171367,ARETEC GROUP INC.,US,AVANTAX INC.,US,Acquisition 100%,Completed,"1,200,000.00",27.11.2023,100.00000,0.00000,100.00000,541611,523120,RCAPQ,AVTA,11.09.2023,Cash,Delisted,n.a.
,,,,,,,,,,,,,,,,,,Liabilities,,n.a.
861.,2007096616,POST HOLDINGS INC.,US,JM SMUCKER COMPANY'S PET FOOD BRANDS,US,Acquisition 100%,Completed,"1,200,000.00",28.04.2023,100.00000,0.00000,100.00000,311999,311230,POST,,08.02.2023,Cash Reserves,Unlisted,n.a.
,,,,,,,,,,,,,,,,,,Cash,,"700,000"
,,,,,,,,,,,,,,,,,,Shares,,"539,000"
862.,2007077177,WESTLAKE CORPORATION,US,HEXION COATINGS AND COMPOSITES (US) INC.,US,Acquisition 100%,Completed,"1,200,000.00",01.02.2022,100.00000,0.00000,100.00000,325211,325211,WLK,,24.11.2021,Cash,Unlisted,"1,200,000"
863.,1941702984,PONO CAPITAL TWO INC.,US,SBC MEDICAL GROUP HOLDINGS INC.,US,Acquisition unknown stake %,Completed,"1,200,000.00",17.09.2024,Unknown %,Unknown %,Unknown %,622110,525990,SBC,,31.01.2023,Shares,Unlisted,"1,200,000"
864.,1941689283,CORTEVA INC.,US,STOLLER ENTERPRISES INC.,US,Acquisition 100%,Completed,"1,200,000.00",02.03.2023,100.00000,0.00000,100.00000,325320,541715,CTVA,,30.11.2022,Cash,Unlisted,"1,200,000"
865.,1941615494,BOOKING HOLDINGS INC.,US,CONSUMER CLUB INC.,US,Acquisition 100%,Completed,"1,200,000.00",30.12.2021,100.00000,0.00000,100.00000,518210,518210,BKNG,,12.11.2021,,Unlisted,n.a.
866.,1941565498,FORTIVE CORPORATION,US,SERVICECHANNEL.COM INC.,US,Acquisition 100%,Completed,"1,200,000.00",12.07.2023,100.00000,0.00000,100.00000,518210,334510,FTV,,12.07.2021,Cash Reserves,Unlisted,n.a.
,,,,,,,,,,,,,,,,,,Cash,,"1,200,000"
867.,1941537851,GENERAL MILLS INC.,US,TYSON PET PRODUCTS INC.,US,Acquisition 100%,Completed,"1,200,000.00",06.07.2021,100.00000,0.00000,100.00000,311111,311999,GIS,,14.05.2021,Cash,Unlisted,"1,200,000"
,,,,,,,,,,,,,,,,,,Cash Reserves,,n.a.
868.,1941435191,BLACKSTONE REAL ESTATE INCOME TRUST INC.,US,SIMPLY SELF STORAGE INC.,US,Acquisition 100%,Completed,"1,200,000.00",18.12.2020,100.00000,0.00000,100.00000,493110,531120,BSTT,,25.10.2020,,Unlisted,n.a.
869.,1941260990,TRINITY MERGER SUB II LLC,US,BRELF III LLC,US,Acquisition 100%,Completed,"1,200,000.00",14.11.2019,100.00000,0.00000,100.00000,525910,522310,,,12.08.2019,Cash,Unlisted,"98,000"
,,,,BRELF IV LLC,US,,,,,100.00000,0.00000,100.00000,531210,,,,,Shares,Unlisted,"1,100,000"
,,,,PBRELF I LLC,US,,,,,100.00000,0.00000,100.00000,522310,,,,,Cash Reserves,Unlisted,n.a.
,,,,BRELF II LLC,US,,,,,100.00000,0.00000,100.00000,525910,,,,,,Unlisted,
,,,,PYATT BROADMARK MANAGEMENT LLC,US,,,,,100.00000,0.00000,100.00000,522310,,,,,,Unlisted,
,,,,BROADMARK REAL ESTATE MANAGEMENT II LLC,US,,,,,100.00000,0.00000,100.00000,522310,,,,,,Unlisted,
,,,,BROADMARK REAL ESTATE MANAGEMENT IV LLC,US,,,,,100.00000,0.00000,100.00000,531210,,,,,,Unlisted,
870.,1941235463,SPIRIT AEROSYSTEMS GLOBAL HOLDINGS LTD,GB,BOMBARDIER AEROSPACE NORTH AFRICA SAS,MA,Acquisition 100%,Completed,"1,200,000.00",30.10.2020,100.00000,0.00000,100.00000,336413,336413,,,31.10.2019,Cash,Unlisted,"275,000"
,,,,SHORT BROTHERS PLC,GB,,,,,100.00000,0.00000,100.00000,336413,,,,,Liabilities,Unlisted,"824,000"
,,,,"BOMBARDIER INC.'S MAINTENANCE, REPAIR AND OVERHAUL BUSINESS IN DALLAS, TEXAS",US,,,,,100.00000,0.00000,100.00000,336411,,,,,,Unlisted,
871.,1941220830,CATALENT PHARMA SOLUTIONS INC.,US,PARAGON BIOSERVICES INC.,US,Acquisition 100%,Completed,"1,200,000.00",20.05.2019,100.00000,0.00000,100.00000,325412,541713,,,15.04.2019,Cash,Unlisted,"1,200,000"
872.,2007256665,ASBURY AUTOMOTIVE GROUP LLC,US,JIM KOONS AUTOMOTIVE COMPANIES INC.'S ASSETS,US,Acquisition 100%,Completed,"1,200,000.00",11.12.2023,100.00000,0.00000,100.00000,441110,441110,,,08.09.2023,Cash,Unlisted,"1,200,000"
,,,,JIM KOONS AUTOMOTIVE COMPANIES INC.'S BUSINESS,US,,,,,100.00000,0.00000,100.00000,441110,,,,,Cash Reserves,Unlisted,n.a.
873.,1941614541,"HERSHEY COMPANY, THE",US,PRETZELS LLC,US,Acquisition 100%,Completed,"1,200,000.00",15.12.2021,100.00000,0.00000,100.00000,311812,311351,HSY,,10.11.2021,Cash,Unlisted,"1,200,000"
,,,,,,,,,,,,,,,,,,Cash Reserves,,n.a.
874.,1941477733,GREENLIGHT BIOSCIENCES HOLDINGS PBC,US,GREENLIGHT BIOSCIENCES INC.,US,Acquisition 100%,Completed,"1,200,000.00",04.02.2022,100.00000,0.00000,100.00000,325320,518210,GRNA,,10.08.2021,Shares,Unlisted,"1,200,000"
875.,1941334904,SCIENCE APPLICATIONS INTERNATIONAL CORPORATION,US,UNISYS CORPORATION'S US FEDERAL BUSINESS,US,Acquisition 100%,Completed,"1,200,000.00",13.03.2020,100.00000,0.00000,100.00000,511210,541512,SAIC,,06.02.2020,Cash,Unlisted,"1,200,000"
,,,,,,,,,,,,,,,,,,Liabilities,,n.a.
,,,,,,,,,,,,,,,,,,Cash Reserves,,n.a.
876.,1941378520,ALEXION PHARMACEUTICALS INC.,US,PORTOLA PHARMACEUTICALS INC.,US,Acquisition 100%,Completed,"1,197,705.00",02.07.2020,100.00000,0.00000,100.00000,541713,541713,ALXN,PTLA,05.05.2020,Cash assumed,Delisted,"215,000"
,,,,,,,,,,,,,,,,,,Cash,,"1,197,705"
,,,,,,,,,,,,,,,,,,Cash Reserves,,n.a.
877.,1941698797,HORIZON MERGER SUB 2022 LLC,US,CATCHMARK TIMBER TRUST INC.,US,Acquisition 86%,Completed,"1,196,500.00",14.09.2022,86.00000,0.00000,86.00000,531190,525990,,CTT,31.05.2022,Liabilities,Delisted,"277,500"
,,,,,,,,,,,,,,,,,,Shares,,"919,000"
878.,1941451101,FINTECH ACQUISITION CORPORATION III PARENT CORPORATION,US,GTCR ULTRA-HOLDINGS II LLC,US,Acquisition 100%,Completed,"1,185,000.00",16.10.2020,100.00000,0.00000,100.00000,541511,525990,,,03.08.2020,Cash,Unlisted,"565,000"
,,,,GTCR/ULTRA BLOCKER INC.,US,,,,,100.00000,0.00000,100.00000,541511,,,,,Shares,Unlisted,"620,000"
,,,,,,,,,,,,,,,,,,Earn-out,,"140,000"
,,,,,,,,,,,,,,,,,,Cash Reserves,,n.a.
879.,2007586877,BOSTON SCIENTIFIC CORPORATION,US,SILK ROAD MEDICAL INC.,US,Acquisition 100%,Completed,"1,180,000.00",17.09.2024,100.00000,0.00000,100.00000,339112,339112,BSX,SILK,18.06.2024,Liabilities,Delisted,n.a.
,,,,,,,,,,,,,,,,,,Cash assumed,,"104,000"
,,,,,,,,,,,,,,,,,,Cash,,"1,280,000"
880.,1941422755,FUNIMATION GLOBAL GROUP LLC,US,ELLATION HOLDINGS INC.,US,Acquisition 100%,Completed,"1,175,000.00",09.08.2021,100.00000,0.00000,100.00000,518210,512110,,,09.12.2020,Cash,Unlisted,"1,175,000"
881.,1941653461,OPTIMAL BLUE I LLC,US,OPTIMAL BLUE HOLDCO LLC,US,Acquisition unknown remaining stake %,Completed,"1,156,000.00",15.02.2022,Unknown remaining %,Unknown %,100.00000,518210,523910,,,15.02.2022,Third party shares,Unlisted,"722,500"
,,,,,,,,,,,,,,,,,,Cash,,"433,500"
882.,2008022447,CRANE COMPANY,US,PANAMETRICS LLC,US,Acquisition 100%,Completed,"1,150,000.00",01.01.2026,100.00000,0.00000,100.00000,541715,336411,CR,,09.06.2025,Cash Reserves,Unlisted,n.a.
,,,,,,,,,,,,,,,,,,Cash,,"1,150,000"
883.,2007457312,UNITED RENTALS INC.,US,YAK ACCESS LLC,US,Acquisition 100%,Completed,"1,150,000.00",15.03.2024,100.00000,0.00000,100.00000,423310,532412,URI,,04.03.2024,Earn-out,Unlisted,"50,000"
,,,,YAK MAT LLC,US,,,,,100.00000,0.00000,100.00000,423310,,,,,Cash,Unlisted,"1,150,000"
,,,,NEW SOUTH ACCESS & ENVIRONMENTAL SOLUTIONS LLC,US,,,,,100.00000,0.00000,100.00000,237310,,,,,,Unlisted,
884.,2007031714,CRYOVAC INTERNATIONAL HOLDINGS INC.,US,LIQUI-BOX INC.,US,Acquisition 100%,Completed,"1,150,000.00",31.01.2023,100.00000,0.00000,100.00000,326112,322220,,,01.11.2022,Cash,Unlisted,"1,150,000"
,,,,,,,,,,,,,,,,,,Cash Reserves,,n.a.
885.,1941468836,PPG INDUSTRIES INC.,US,ENNIS-FLINT INC.,US,Acquisition 100%,Completed,"1,150,000.00",24.12.2020,100.00000,0.00000,100.00000,325510,325510,PPG,,30.11.2020,,Unlisted,n.a.
886.,1941570796,CELANESE CORPORATION,US,EXXON MOBIL CORPORATION'S SANTOPRENE BUSINESS,US,Acquisition 100%,Completed,"1,150,000.00",01.12.2021,100.00000,0.00000,100.00000,325211,325199,CE,,30.06.2021,Cash,Unlisted,n.a.
,,,,,,,,,,,,,,,,,,Cash Reserves,,n.a.
887.,2007632545,CASEY'S GENERAL STORES INC.,US,FIKES WHOLESALE INC.,US,Acquisition 100%,Completed,"1,145,000.00",05.11.2024,100.00000,0.00000,100.00000,445120,447110,CASY,,26.07.2024,Cash,Unlisted,"1,145,000"
,,,,GROUP PETROLEUM SERVICES INC.,US,,,,,100.00000,0.00000,100.00000,454310,,,,,Cash Reserves,Unlisted,n.a.
888.,1941736924,ACS INFRASTRUCTURE DEVELOPMENT INC.,US,BLUERIDGE TRANSPORTATION GROUP LLC,US,Acquisition increased from 21.65% to 78.41%,Completed,"1,143,965.24",18.01.2023,56.76000,21.65000,78.41000,237310,237310,,,31.08.2022,,Unlisted,n.a.
889.,2007632266,BURTECH ACQUISITION CORPORATION,US,BLAIZE INC.,US,Acquisition 100%,Completed,"1,134,056.00",13.01.2025,100.00000,0.00000,100.00000,334413,525990,BZAI,,18.07.2024,Earn-out,Unlisted,"150,000"
,,,,,,,,,,,,,,,,,,Shares,,"1,134,056"
890.,2007587278,NEXTERA ENERGY RESOURCES LLC,US,ENERGY POWER PARTNERS LLC'S PORTFOLIO OF OPERATING LANDFILL GAS-TO-ELECTRIC FACILITIES,US,Acquisition 100%,Completed,"1,134,000.00",21.03.2023,100.00000,0.00000,100.00000,221118,221118,,,28.10.2022,Liabilities,Unlisted,"34,000"
,,,,,,,,,,,,,,,,,,Cash,,"1,100,000"
891.,1941278209,STABLE ROAD ACQUISITION CORPORATION,US,MOMENTUS INC.,US,Acquisition 100%,Completed,"1,131,000.00",12.08.2021,100.00000,0.00000,100.00000,481212,525990,MNTS,,07.10.2020,Shares,Unlisted,"1,131,000"
892.,1941397414,TREBIA ACQUISITION CORPORATION,US,S1 HOLDCO LLC,US,Acquisition 100%,Completed,"1,130,000.00",27.01.2022,100.00000,0.00000,100.00000,518210,525990,SST,,29.06.2021,Shares,Unlisted,"667,500"
,,,,,,,,,,,,,,,,,,Cash,,"462,500"
893.,1941534869,BONANZA CREEK ENERGY INC.,US,EXTRACTION OIL & GAS INC.,US,Acquisition 100%,Completed,"1,126,983.00",01.11.2021,100.00000,0.00000,100.00000,211120,211120,CIVI,XOG,10.05.2021,Shares,Delisted,"1,126,983"
894.,1941449778,LIFESCI ACQUISITION II CORPORATION,US,SCIENCE 37 INC. (OLD),US,Acquisition 100%,Completed,"1,125,000.00",07.10.2021,100.00000,0.00000,100.00000,518210,525990,SNCE,,07.05.2021,Shares,Unlisted,"1,125,000"
,,,,,,,,,,,,,,,,,,Earn-out,,"125,000"
895.,1941644484,VITERRA USA INVESTMENT LLC,US,GAVILON AGRICULTURE INVESTMENT INC.,US,Acquisition 100%,Completed,"1,125,000.00",03.10.2022,100.00000,0.00000,100.00000,424510,551114,,,26.01.2022,Cash Reserves,Unlisted,n.a.
,,,,,,,,,,,,,,,,,,Cash assumed,,n.a.
,,,,,,,,,,,,,,,,,,Cash,,n.a.
896.,1941569405,QUALTRICS LLC,US,CLARABRIDGE INC.,US,Acquisition 100%,Completed,"1,125,000.00",01.10.2021,100.00000,0.00000,100.00000,511210,518210,,,29.07.2021,Shares,Unlisted,"1,125,000"
897.,1941189887,COVETRUS INC.,US,DIRECT VET MARKETING INC.,US,Acquisition 100%,Completed,"1,120,000.00",08.02.2019,100.00000,0.00000,100.00000,518210,541715,CVET,,23.04.2018,Cash,Unlisted,"1,100,000"
898.,1941552676,UNIFRAX I LLC,US,LYDALL INC.,US,Acquisition 100%,Completed,"1,118,980.00",08.10.2021,100.00000,0.00000,100.00000,333999,327120,,LDL,21.06.2021,Cash,Delisted,"1,118,980"
,,,,,,,,,,,,,,,,,,Liabilities,,n.a.
899.,2007700566,CARDINAL HEALTH INC.,US,INTEGRATED ONCOLOGY NETWORK LLC,US,Acquisition 100%,Completed,"1,115,000.00",02.12.2024,100.00000,0.00000,100.00000,541611,424210,CAH,,20.09.2024,Cash,Unlisted,"1,115,000"
900.,1941459048,LIVE OAK ACQUISITION CORPORATION II,US,NAVITAS SEMICONDUCTOR IRELAND LLC,US,Acquisition 100%,Completed,"1,115,000.00",19.10.2021,100.00000,0.00000,100.00000,334413,525990,NVTS,,07.05.2021,Shares,Unlisted,"1,115,000"
,,,,,,,,,,,,,,,,,,Earn-out,,"165,000"
901.,2007508917,MIDFIRST BANK,US,"AMERANT BANK NA'S ASSETS AND LIABILITIES OF THE BANKING OPERATIONS AND SIX BRANCHES IN THE HOUSTON, TEXAS METROPOLITAN STATISTICAL AREA",US,Acquisition 100%,Completed,"1,105,000.00",08.11.2024,100.00000,0.00000,100.00000,522110,522110,,,17.04.2024,Cash assumed,Unlisted,n.a.
,,,,,,,,,,,,,,,,,,Liabilities,,n.a.
902.,1941720075,MASTEC INC.,US,INFRASTRUCTURE & ENERGY ALTERNATIVES INC.,US,Acquisition 100%,Completed,"1,100,000.00",07.10.2022,100.00000,0.00000,100.00000,237990,237990,MTZ,IEA,25.07.2022,Liabilities,Delisted,"490,200"
,,,,,,,,,,,,,,,,,,Shares,,"9,800"
,,,,,,,,,,,,,,,,,,Cash,,"600,000"
903.,2008463968,ANTERO MIDSTREAM PARTNERS LP,US,HG ENERGY II MIDSTREAM HOLDINGS LLC,US,Acquisition 100%,Completed,"1,100,000.00",03.02.2026,100.00000,0.00000,100.00000,211120,486210,AM,,08.12.2025,Cash,Unlisted,"1,100,000"
904.,2007941068,ARES MANAGEMENT CORPORATION,US,MEADE PIPELINE COMPANY LLC,US,Acquisition 100%,Completed,"1,100,000.00",29.09.2025,100.00000,0.00000,100.00000,486210,523920,ARES,,29.09.2025,Cash,Unlisted,"1,100,000"
905.,2007844492,STRIPE INC.,US,BRIDGE VENTURES INC.,US,Acquisition 100%,Completed,"1,100,000.00",04.02.2025,100.00000,0.00000,100.00000,518210,518210,,,23.10.2024,,Unlisted,n.a.
906.,2007794079,BERKSHIRE HILLS BANCORP INC.,US,BROOKLINE BANCORP INC.,US,Acquisition 100%,Completed,"1,100,000.00",01.09.2025,100.00000,0.00000,100.00000,522110,522110,BBT,BRKL,16.12.2024,Shares,Delisted,"1,100,000"
,,,,,,,,,,,,,,,,,,Liabilities,,n.a.
907.,2007777316,ACRISURE LLC,US,HEARTLAND PAYMENT SYSTEMS INC.,US,Acquisition 100%,Completed,"1,100,000.00",01.10.2025,100.00000,0.00000,100.00000,522320,524210,,HPY,28.05.2025,,Delisted,n.a.
908.,2007735162,STRIPE INC.,US,BRIDGE VENTURES INC.,US,Acquisition 100%,Completed,"1,100,000.00",21.10.2024,100.00000,0.00000,100.00000,518210,518210,,,21.10.2024,,Unlisted,n.a.
909.,2007632508,NORTHERN OIL AND GAS INC.,US,POINT ENERGY PARTNERS LLC'S US SHALE ASSETS,US,Acquisition 100%,Completed,"1,100,000.00",23.09.2024,100.00000,0.00000,100.00000,211120,211120,NOG,,28.07.2024,Cash,Unlisted,"1,100,000"
,,VITAL ENERGY INC.,US,,,,,,,,,,,211120,VTLE,,,,,
910.,2007430551,CBRE GROUP INC.,US,J&J WORLDWIDE SERVICES INC.,US,Acquisition 100%,Completed,"1,100,000.00",27.02.2024,100.00000,0.00000,100.00000,541330,531210,CBRE,,05.02.2024,Cash,Unlisted,n.a.
,,,,,,,,,,,,,,,,,,Earn-out,,"250,000"
911.,2007322436,HUBBELL INC.,US,NORTHERN STAR HOLDINGS LLC,US,Acquisition 100%,Completed,"1,100,000.00",12.12.2023,100.00000,0.00000,100.00000,335314,335313,HUBB,,30.10.2023,Cash,Unlisted,n.a.
,,,,,,,,,,,,,,,,,,Cash Reserves,,n.a.
,,,,,,,,,,,,,,,,,,Liabilities,,"600,000"
912.,1941743177,TALOS ENERGY INC.,US,ENVEN ENERGY CORPORATION,US,Acquisition 100%,Completed,"1,100,000.00",13.02.2023,100.00000,0.00000,100.00000,211120,211120,TALO,,22.09.2022,Shares,Unlisted,"837,500"
,,,,,,,,,,,,,,,,,,Liabilities,,"50,000"
,,,,,,,,,,,,,,,,,,Cash,,"212,500"
913.,1941633732,DARLING INGREDIENTS INC.,US,VALLEY PROTEINS INC.,US,Acquisition 100%,Completed,"1,100,000.00",02.05.2022,100.00000,0.00000,100.00000,562920,325998,DAR,,28.12.2021,Cash,Unlisted,"1,100,000"
914.,1941633400,UNITED SURGICAL PARTNERS INTERNATIONAL INC.,US,SURGCENTER DEVELOPMENT'S OWNERSHIP INTERESTS IN AMBULATORY SURGERY CENTRES AND RELATED AMBULATORY SUPPORT SERVICES,US,Acquisition 100%,Completed,"1,100,000.00",22.12.2021,100.00000,0.00000,100.00000,622110,621493,USPI,,08.11.2021,,Unlisted,n.a.
,,TENET HEALTHCARE CORPORATION,US,,,,,,,,,,,622110,THC,,,,,
915.,1941604996,RAYMOND JAMES FINANCIAL INC.,US,TRISTATE CAPITAL HOLDINGS INC.,US,Acquisition 100%,Completed,"1,100,000.00",01.06.2022,100.00000,0.00000,100.00000,522110,523110,RJF,TSC,20.10.2021,Cash,Delisted,"354,000"
,,,,,,,,,,,,,,,,,,Shares,,"746,000"
916.,1941577915,STEWARD HEALTH CARE SYSTEM LLC,US,CORAL GABLES HOSPITAL,US,Acquisition 100%,Completed,"1,100,000.00",02.08.2021,100.00000,0.00000,100.00000,622110,622110,,,16.06.2021,Cash assumed,Unlisted,n.a.
,,,,FLORIDA MEDICAL CENTER INC.,US,,,,,100.00000,0.00000,100.00000,622110,,,,,Cash,Unlisted,"1,100,000"
,,,,HIALEAH HOSPITAL,US,,,,,100.00000,0.00000,100.00000,622110,,,,,,Unlisted,
,,,,NORTH SHORE MEDICAL CENTER,US,,,,,100.00000,0.00000,100.00000,622110,,,,,,Unlisted,
,,,,PALMETTO GENERAL HOSPITAL,US,,,,,100.00000,0.00000,100.00000,622110,,,,,,Unlisted,
917.,1941571211,MARVELL TECHNOLOGY INC.,US,INNOVIUM INC.,US,Acquisition 100%,Completed,"1,100,000.00",05.10.2021,100.00000,0.00000,100.00000,541715,334413,MRVL,,03.08.2021,Cash assumed,Unlisted,"145,000"
,,,,,,,,,,,,,,,,,,Shares,,"1,100,000"
918.,1941493624,UBER TECHNOLOGIES INC.,US,"DRIZLY GROUP INC., THE",US,Acquisition 100%,Completed,"1,100,000.00",13.10.2021,100.00000,0.00000,100.00000,445310,511210,UBER,,02.02.2021,Shares,Unlisted,"990,000"
,,,,,,,,,,,,,,,,,,Cash,,"110,000"
919.,1941463055,ASPEN DENTAL MANAGEMENT INC.,US,CLEARCHOICE HOLDINGS LLC,US,Acquisition 100%,Completed,"1,100,000.00",30.12.2020,100.00000,0.00000,100.00000,621210,621210,,,16.11.2020,,Unlisted,n.a.
920.,1941320768,ELI LILLY AND COMPANY,US,DERMIRA INC.,US,Acquisition 100%,Completed,"1,100,000.00",20.02.2020,100.00000,0.00000,100.00000,541713,325412,LLY,DERM,10.01.2020,Cash,Delisted,"1,100,000"
921.,1941315520,CULLIGAN INTERNATIONAL COMPANY,US,AQUAVENTURE HOLDINGS LTD,US,Acquisition 100%,Completed,"1,100,000.00",30.03.2020,100.00000,0.00000,100.00000,237110,333318,,,23.12.2019,Liabilities,Unlisted,n.a.
,,,,,,,,,,,,,,,,,,Cash,,n.a.
922.,1941313789,SANTANDER CONSUMER USA HOLDINGS INC.,US,GATEWAY ONE LENDING & FINANCE LLC'S INDIRECT AUTO LOAN PORTFOLIO,US,Acquisition 100%,Completed,"1,100,000.00",18.12.2019,100.00000,0.00000,100.00000,522220,522220,SC,,18.12.2019,,Unlisted,n.a.
923.,1941298659,UNITED BANKSHARES INC.,US,CAROLINA FINANCIAL CORPORATION,US,Acquisition 100%,Completed,"1,100,000.00",01.05.2020,100.00000,0.00000,100.00000,522110,522110,UBSI,CARO,18.11.2019,Shares,Delisted,"1,100,000"
924.,1941259097,SIEMENS MEDICAL SOLUTIONS USA INC.,US,CORINDUS VASCULAR ROBOTICS INC.,US,Acquisition 100%,Completed,"1,100,000.00",29.10.2019,100.00000,0.00000,100.00000,334510,334510,,CVRS,08.08.2019,Cash,Delisted,"1,100,000"
925.,1941445122,TORTOISE ACQUISITION CORPORATION,US,HYLIION INC.,US,Acquisition 100%,Completed,"1,097,000.00",01.10.2020,100.00000,0.00000,100.00000,336330,525990,HYLN,,19.06.2020,Cash,Unlisted,n.a.
,,,,,,,,,,,,,,,,,,Liabilities,,"1,000"
,,,,,,,,,,,,,,,,,,Cash assumed,,"520,000"
,,,,,,,,,,,,,,,,,,Cash Reserves,,n.a.
926.,1941118087,SJW GROUP,US,CONNECTICUT WATER SERVICE INC.,US,Acquisition 100% Bid 2 - Increased,Completed,"1,095,000.00",09.10.2019,100.00000,0.00000,100.00000,221310,221310,HTO,CTWS,20.02.2019,Liabilities,Delisted,"257,000"
,,,,,,,,,,,,,,,,,,Cash,,"838,000"
927.,1941256738,ADVANCED DRAINAGE SYSTEMS INC.,US,INFILTRATOR WATER TECHNOLOGIES LLC,US,Acquisition 100%,Completed,"1,080,000.00",01.08.2019,100.00000,0.00000,100.00000,326199,326122,WMS,,01.08.2019,,Unlisted,n.a.
928.,1941518721,ARES HOLDINGS LP,US,LANDMARK PARTNERS INC.,US,Acquisition 100%,Completed,"1,080,000.00",02.06.2021,100.00000,0.00000,100.00000,523910,551112,,,31.03.2021,Shares,Unlisted,"293,000"
,,,,,,,,,,,,,,,,,,Cash,,"787,000"
,,,,,,,,,,,,,,,,,,Liabilities,,n.a.
929.,2007765884,CRESCENT ENERGY FINANCE LLC,US,RIDGEMAR EAGLE FORD LLC,US,Acquisition 100%,Completed,"1,075,000.00",31.01.2025,100.00000,0.00000,100.00000,211120,211120,,,03.12.2024,Cash,Unlisted,n.a.
,,,,,,,,,,,,,,,,,,Earn-out,,n.a.
,,,,,,,,,,,,,,,,,,Shares,,n.a.
930.,2007141581,AMPHASTAR MEDICATION COMPANY LLC,US,ELI LILLY AND COMPANY'S BAQSIMI BUSINESS UNIT,US,Acquisition 100,Completed,"1,075,000.00",30.06.2023,100.00000,0.00000,100.00000,325412,325412,,,24.04.2023,Cash,Unlisted,"1,075,000"
,,,,ELI LILLY AND COMPANY'S BAQSIMI CERTAIN ASSETS,US,,,,,100.00000,0.00000,100.00000,325412,,,,,Liabilities,Unlisted,n.a.
,,,,,,,,,,,,,,,,,,Deferred payment,,n.a.
,,,,,,,,,,,,,,,,,,Earn-out,,"450,000"
,,,,,,,,,,,,,,,,,,Cash Reserves,,n.a.
931.,2007061143,HR NEVADA LLC,US,"MIRAGE CASINO-HOTEL LLC, THE",US,Acquisition 100%,Completed,"1,075,000.00",19.12.2022,100.00000,0.00000,100.00000,721120,722511,,,13.12.2021,Cash,Unlisted,"1,075,000"
932.,1941616666,HARD ROCK INTERNATIONAL INC.,US,MGM RESORTS INTERNATIONAL'S THE MIRAGE OPERATION IN LAS VEGAS,US,Acquisition 100%,Completed,"1,075,000.00",19.12.2022,100.00000,0.00000,100.00000,721120,722511,,,13.12.2021,Cash,Unlisted,"1,075,000"
933.,1941547196,BONANZA CREEK ENERGY INC.,US,CPPIB CRESTONE PEAK RESOURCES AMERICA INC.,US,Acquisition 100%,Completed,"1,073,700.00",01.11.2021,100.00000,0.00000,100.00000,211120,211120,CIVI,,07.06.2021,Shares,Unlisted,"1,073,700"
934.,1941272817,MOSAIC ACQUISITION CORPORATION,US,VIVINT SMART HOME INC.,US,Acquisition 100%,Completed,"1,071,225.00",17.01.2020,100.00000,0.00000,100.00000,561621,525990,VVNT,,16.09.2019,Earn-out,Unlisted,n.a.
,,,,,,,,,,,,,,,,,,Shares,,n.a.
,,,,,,,,,,,,,,,,,,Cash,,n.a.
935.,2007211922,REVOLUTION MEDICINES INC.,US,EQRX INC.,US,Acquisition 100%,Completed,"1,070,000.00",11.09.2023,100.00000,0.00000,100.00000,325412,541713,RVMD,CMLT,01.08.2023,Shares,Delisted,"1,070,000"
936.,2007506441,VICTORY CAPITAL HOLDINGS INC.,US,AMUNDI US INC.,US,Acquisition 100%,Completed,"1,068,320.00",01.04.2025,100.00000,0.00000,100.00000,523920,523920,VCTR,,09.07.2024,Shares,Unlisted,"1,068,320"
937.,1941425348,STARBOARD VALUE ACQUISITION CORPORATION,US,MUNDO HOLDINGS INC.,US,Acquisition 100%,Completed,"1,061,000.00",29.07.2021,100.00000,0.00000,100.00000,518210,525990,CYXT,,22.02.2021,Shares,Unlisted,"1,061,000"
938.,2007624284,SOFIDEL AMERICA CORPORATION,US,CLEARWATER PAPER TISSUE LLC,US,Acquisition 100%,Completed,"1,060,000.00",01.11.2024,100.00000,0.00000,100.00000,322121,322121,,,22.07.2024,,Unlisted,n.a.
939.,2007932014,STONEX GROUP INC.,US,RTS INVESTOR CORPORATION,US,Acquisition 100%,Completed,"1,058,420.00",31.07.2025,100.00000,0.00000,100.00000,523140,523930,SNEX,,14.04.2025,Liabilities,Unlisted,"143,000"
,,,,,,,,,,,,,,,,,,Shares,,"301,767"
,,,,,,,,,,,,,,,,,,Cash,,"610,566"
940.,2007078702,MBO TEAM,,FRANCHISE GROUP INC.,US,Acquisition increased from 36% to 100%,Completed,"1,055,179.00",21.08.2023,64.00000,36.00000,100.00000,541213,525920,,FRGA,10.05.2023,Liabilities,Delisted,n.a.
,,VINTAGE CAPITAL MANAGEMENT LLC,US,,,,,,,,,,,523910,,,,Cash,,"1,055,179"
,,UNDISCLOSED ACQUIROR,US,,,,,,,,,,,551114,,,,,,
,,B RILEY FINANCIAL INC.,US,,,,,,,,,,,523930,RILY,,,,,
,,IRRADIANT PARTNERS LP,US,,,,,,,,,,,523910,,,,,,
,,MR BRIAN KAHN,,,,,,,,,,,,525920,,,,,,
941.,1941599093,APPLOVIN CORPORATION,US,MOPUB INC.,US,Acquisition 100%,Completed,"1,050,000.00",03.01.2022,100.00000,0.00000,100.00000,518210,518210,APP,,06.10.2021,Cash,Unlisted,"1,050,000"
942.,2007856126,LNW GAMING INC.,US,GROVER GAMING INC.'S CHARITABLE GAMING ASSETS,US,Acquisition 100%,Completed,"1,050,000.00",19.05.2025,100.00000,0.00000,100.00000,511210,713290,,,18.02.2025,Earn-out,Unlisted,"200,000"
,,,,G2 GAMING INC.'S CHARITABLE GAMING ASSETS,US,,,,,100.00000,0.00000,100.00000,713290,,,,,Cash,Unlisted,"1,050,000"
943.,2007042134,LENDINGCLUB BANK NATIONAL ASSOCIATION,US,MUFG UNION BANK NA'S PERSONAL LOAN PORTFOLIO,US,Acquisition 100%,Completed,"1,050,000.00",31.12.2022,100.00000,0.00000,100.00000,522110,522291,,,02.12.2022,,Unlisted,n.a.
944.,1941521748,HYBE AMERICA INC.,US,ITHACA HOLDINGS LLC,US,Acquisition 100%,Completed,"1,050,000.00",02.04.2021,100.00000,0.00000,100.00000,512230,711410,,,02.04.2021,,Unlisted,n.a.
945.,1941190265,AEP CLEAN ENERGY RESOURCES LLC,US,SEMPRA RENEWABLES LLC,US,Acquisition 100%,Completed,"1,050,000.00",22.04.2019,100.00000,0.00000,100.00000,221115,221118,,,12.02.2019,Liabilities,Unlisted,"470,000"
,,,,,,,,,,,,,,,,,,Cash,,"584,000"
946.,2007513190,TARGA RESOURCES CORPORATION,US,TARGA RESOURCES CORPORATION'S GRAND PRIX NGL PIPELINE,US,Acquisition increased from 75% to 100%,Completed,"1,050,000.00",09.01.2023,25.00000,75.00000,100.00000,211120,211120,,,03.01.2023,Cash,Unlisted,"1,050,000"
947.,2007076286,TARGA RESOURCES INC.,US,GRAND PRIX NGL PIPELINE IN THE PERMAIN BASIN,US,Acquisition increased from 75% to 100%,Completed,"1,050,000.00",09.01.2023,25.00000,75.00000,100.00000,486210,211120,,,04.01.2023,Cash,Unlisted,"1,050,000"
948.,1941462300,RODGERS SILICON VALLEY ACQUISITION CORPORATION,US,ENOVIX CORPORATION (OLD),US,Acquisition 100%,Completed,"1,050,000.00",14.07.2021,100.00000,0.00000,100.00000,335912,525990,ENVX,ENVX,22.02.2021,Shares,Listed,"1,050,000"
949.,2007492981,ARCA BIOPHARMA INC.,US,ORUKA THERAPEUTICS INC.,US,Acquisition 100%,Completed,"1,040,884.00",29.08.2024,100.00000,0.00000,100.00000,541713,541713,ORKA,ORKA,03.04.2024,Shares,Listed,"1,040,884"
950.,1941480480,DENTSPLY SIRONA INC.,US,STRAIGHT SMILE LLC,US,Acquisition 100%,Completed,"1,040,000.00",31.12.2020,100.00000,0.00000,100.00000,339114,339114,XRAY,,31.12.2020,Cash Reserves,Unlisted,n.a.
,,,,,,,,,,,,,,,,,,Cash,,"1,040,000"
951.,1941474978,ELI LILLY AND COMPANY,US,PREVAIL THERAPEUTICS INC.,US,Acquisition 100%,Completed,"1,040,000.00",22.01.2021,100.00000,0.00000,100.00000,541713,325412,LLY,PRVL,15.12.2020,Cash,Delisted,"880,000"
,,,,,,,,,,,,,,,,,,Bonds,,"160,000"
,,,,,,,,,,,,,,,,,,Earn-out,,"160,000"
952.,1939073872,CALLON PETROLEUM COMPANY,US,CARRIZO OIL & GAS INC.,US,Acquisition 100% bid decreased,Completed,"1,037,236.00",20.12.2019,100.00000,0.00000,100.00000,211120,211120,CPE,CRZO,14.11.2019,Shares,Delisted,"1,037,236"
953.,1941085082,INDEPENDENT BANK GROUP INC.,US,GUARANTY BANCORP,US,Acquisition 100%,Completed,"1,036,351.00",01.01.2019,100.00000,0.00000,100.00000,522110,522110,IBTX,GBNK,22.05.2018,Shares,Delisted,"1,036,351"
954.,1941205115,EQM MIDSTREAM PARTNERS LP,US,EUREKA MIDSTREAM HOLDINGS LLC,US,Acquisition 60% and 100%,Completed,"1,030,000.00",10.04.2019,60.00000,0.00000,60.00000,211120,211120,EQM,,14.03.2019,Liabilities,Unlisted,"170,000"
,,,,HORNET MIDSTREAM HOLDINGS LLC,US,,,,,100.00000,0.00000,100.00000,211120,,,,,Cash,Unlisted,"860,000"
955.,1941445123,GLOBE MERGER SUB II INC.,US,EIDOS THERAPEUTICS INC.,US,Acquisition increased from 63.7% to 100%,Completed,"1,025,733.00",26.01.2021,36.30000,63.70000,100.00000,541713,541713,,EIDX,05.10.2020,Cash,Delisted,"175,000"
,,,,,,,,,,,,,,,,,,Shares,,"850,733"
956.,2007593379,RXO INC.,US,COYOTE LOGISTICS LLC,US,Acquisition 100%,Completed,"1,025,000.00",16.09.2024,100.00000,0.00000,100.00000,488510,488510,RXO,,23.06.2024,Cash,Unlisted,"1,025,000"
957.,1941654511,MASIMO CORPORATION,US,VIPER HOLDINGS CORPORATION,US,Acquisition 100%,Completed,"1,025,000.00",11.04.2022,100.00000,0.00000,100.00000,334310,541715,MASI,,15.02.2022,Liabilities,Unlisted,n.a.
,,,,,,,,,,,,,,,,,,Cash,,"1,025,000"
958.,2007206178,BANC OF CALIFORNIA INC.,US,PACWEST BANCORP,US,Acquisition 100%,Completed,"1,019,600.00",01.12.2023,100.00000,0.00000,100.00000,522110,522110,BANC,PACW,25.07.2023,Shares,Delisted,"1,019,600"
959.,2007349323,ONEMAIN HOLDINGS INC.,US,FOURSIGHT CAPITAL LLC,US,Acquisition 100% 100%,Completed,"1,015,000.00",01.04.2024,100.00000,0.00000,100.00000,522220,522292,OMF,,21.11.2023,Liabilities,Unlisted,"900,000"
,,,,FOURSIGHT CAPITAL LLC'S LOAN PORTFOLIO,,,,,,100.00000,0.00000,100.00000,522220,,,,,Cash,Unlisted,n.a.
960.,2007834509,LANTHEUS MEDICAL IMAGING INC.,US,EVERGREEN THERAGNOSTICS INC.,US,Acquisition 100%,Completed,"1,002,500.00",01.04.2025,100.00000,0.00000,100.00000,325411,325412,,,28.01.2025,Cash,Unlisted,"1,002,500"
,,,,,,,,,,,,,,,,,,Earn-out,,"752,500"
961.,1941586019,TOPBUILD CORPORATION,US,DI SUPER HOLDINGS INC.,US,Acquisition 100%,Completed,"1,001,000.00",15.10.2021,100.00000,0.00000,100.00000,326140,238310,BLD,,08.09.2021,Cash,Unlisted,"1,001,000"
,,,,,,,,,,,,,,,,,,Cash Reserves,,n.a.
962.,2008292846,TOPBUILD CORPORATION,US,SPI LLC,US,Acquisition 100%,Completed,"1,000,000.00",07.10.2025,100.00000,0.00000,100.00000,326140,238310,BLD,,07.10.2025,Cash,Unlisted,"1,000,000"
,,,,,,,,,,,,,,,,,,Cash Reserves,,n.a.
963.,2008262588,ADVANCED DRAINAGE SYSTEMS INC.,US,NATIONAL DIVERSIFIED SALES INC.,US,Acquisition 100%,Completed,"1,000,000.00",02.02.2026,100.00000,0.00000,100.00000,333999,326122,WMS,,23.09.2025,Cash,Unlisted,"1,000,000"
,,,,,,,,,,,,,,,,,,Cash Reserves,,n.a.
964.,2008210992,HARVEST MIDSTREAM COMPANY,US,MPLX LP'S NATURAL GAS GATHERING AND PROCESSING ASSETS,US,Acquisition 100%,Completed,"1,000,000.00",13.11.2025,100.00000,0.00000,100.00000,211120,211120,,,27.08.2025,,Unlisted,n.a.
965.,2008195698,AMPHENOL CORPORATION,US,TPC ENGINEERING HOLDINGS INC.,US,Acquisition 100%,Completed,"1,000,000.00",06.11.2025,100.00000,0.00000,100.00000,423610,334417,APH,,18.08.2025,Cash,Unlisted,"1,000,000"
966.,2007940875,NOVAGOLD RESOURCES INC.,CA,DONLIN GOLD LLC,US,Acquisition increased from 50% to 100%,Completed,"1,000,000.00",03.06.2025,50.00000,50.00000,100.00000,212221,213114,NG,,22.04.2025,Cash,Unlisted,"1,000,000"
,,PAULSON ADVISERS LLC,US,,,,,,,,,,,523920,,,,,,
967.,2007918578,ELF COSMETICS INC.,US,HRBEAUTY LLC,US,Acquisition 100%,Completed,"1,000,000.00",31.03.2026,100.00000,0.00000,100.00000,446120,446120,,,28.05.2025,Shares,Unlisted,n.a.
,,,,,,,,,,,,,,,,,,Cash,,n.a.
,,,,,,,,,,,,,,,,,,Earn-out,,"200,000"
968.,2007717413,BLUE OWL CAPITAL GP LLC,US,IPI PARTNERS LLC'S ASSETS,US,Acquisition 100%,Completed,"1,000,000.00",06.01.2025,100.00000,0.00000,100.00000,523920,523920,,,07.10.2024,Shares,Unlisted,n.a.
,,BLUE OWL CAPITAL HOLDINGS LP,US,,,,,,,,,,,523920,,,,Cash,,"203,800"
,,BLUE OWL CAPITAL CARRY LP,US,,,,,,,,,,,523920,,,,Earn-out,,n.a.
969.,2007677997,26NORTH PARTNERS LP,US,ARCHKEY SOLUTIONS LLC,US,Acquisition unknown majority stake %,Completed,"1,000,000.00",04.11.2024,Unknown majority,0.00000,Unknown majority,238210,523920,,,03.09.2024,Liabilities,Unlisted,n.a.
970.,2007626466,IDEX CORPORATION,US,MOTT CORPORATION,US,Acquisition 100%,Completed,"1,000,000.00",05.09.2024,100.00000,0.00000,100.00000,541330,334516,IEX,,23.07.2024,Bonds,Unlisted,n.a.
,,,,,,,,,,,,,,,,,,Cash,,"1,000,000"
,,,,,,,,,,,,,,,,,,Cash Reserves,,n.a.
971.,2007598311,HILCORP ENERGY COMPANY,US,ENI SPA'S NIKAITCHUQ AND OOOGURUK UPSTREAM OFFSHORE ASSETS IN ALASKA,US,Acquisition 100%,Completed,"1,000,000.00",04.11.2024,100.00000,0.00000,100.00000,211120,211120,,,27.06.2024,,Unlisted,n.a.
972.,2007490560,BLUE OWL CAPITAL HOLDINGS LLC,US,KUVARE INSURANCE SERVICES LP,US,Acquisition 100%,Completed,"1,000,000.00",02.07.2024,100.00000,0.00000,100.00000,523910,523920,,,03.04.2024,Earn-out,Unlisted,"250,000"
,,BLUE OWL CAPITAL GP LLC,US,,,,,,,,,,,523920,,,,Cash,,"575,000"
,,,,,,,,,,,,,,,,,,Shares,,"425,000"
973.,2007392696,PERIAMA HOLDINGS LLC,US,JSW STEEL USA INC.,US,Acquisition increased from 90% to 100%,Completed,"1,000,000.00",18.12.2023,10.00000,90.00000,100.00000,331110,211120,,,20.10.2023,Cash,Unlisted,"1,000,000"
974.,2007290008,AMAZON HOLDCO INC.,US,JACOBS SOLUTIONS INC.'S CRITICAL MISSION SOLUTIONS AND CYBER & INTELLIGENCE GOVERNMENT SERVICES BUSINESSES,US,Acquisition 100%,Completed,"1,000,000.00",27.09.2024,100.00000,0.00000,100.00000,541611,551112,,,20.11.2023,Shares,Unlisted,n.a.
,,,,,,,,,,,,,,,,,,Cash,,n.a.
975.,2007270530,ALEXION PHARMACEUTICALS INC.,US,PFIZER INC.'S PRECLINICAL GENE THERAPY PROGRAMMES AND ENABLING TECHNOLOGIES PORTFOLIO,US,Acquisition 100%,Completed,"1,000,000.00",20.09.2023,100.00000,0.00000,100.00000,325412,541713,ALXN,,28.07.2023,,Unlisted,n.a.
976.,2007244615,REVEAL DATA CORPORATION,US,LOGIK SYSTEMS INC.,US,Acquisition 100%,Completed,"1,000,000.00",29.08.2023,100.00000,0.00000,100.00000,518210,518210,,,29.08.2023,,Unlisted,n.a.
,,,,IPRO TECH LLC,US,,,,,100.00000,0.00000,100.00000,511210,,,,,,Unlisted,
977.,2007179642,CARRIX INC.,US,CERES TERMINALS INC.,US,Acquisition 100%,Completed,"1,000,000.00",22.06.2023,100.00000,0.00000,100.00000,483111,488320,,,22.06.2023,,Unlisted,n.a.
978.,1941665710,GOOGLE LLC,US,RAXIUM INC.,US,Acquisition 100%,Completed,"1,000,000.00",21.03.2022,100.00000,0.00000,100.00000,334419,519130,GOOGL,,16.03.2022,,Unlisted,n.a.
979.,1941640926,MARS INC.,US,NOMNOMNOW INC.,US,Acquisition 100%,Completed,"1,000,000.00",28.01.2022,100.00000,0.00000,100.00000,311111,311351,,,14.01.2022,,Unlisted,n.a.
980.,1941582305,CATALENT PHARMA SOLUTIONS INC.,US,BETTERA HOLDINGS LLC,US,Acquisition 100%,Completed,"1,000,000.00",31.12.2021,100.00000,0.00000,100.00000,311340,541713,,,30.08.2021,Cash Reserves,Unlisted,n.a.
,,,,,,,,,,,,,,,,,,Cash,,"1,000,000"
981.,1941581451,HEADSPACE INC.,US,GINGER.IO INC.,US,Acquisition 100%,Completed,"1,000,000.00",14.10.2021,100.00000,0.00000,100.00000,518210,511210,,,25.08.2021,,Unlisted,n.a.
982.,1941562098,LIBERTY MUTUAL HOLDING COMPANY INC.,US,STATE AUTO FINANCIAL CORPORATION,US,Acquisition 100%,Completed,"1,000,000.00",01.03.2022,100.00000,0.00000,100.00000,524126,524126,,STFC,12.07.2021,Cash,Delisted,"1,000,000"
983.,1941549087,REGIONS FINANCIAL CORPORATION,US,ENERBANK USA,US,Acquisition 100%,Completed,"1,000,000.00",01.10.2021,100.00000,0.00000,100.00000,522110,522110,RF,,08.06.2021,Cash,Unlisted,"960,000"
984.,1941546583,NUCOR INSULATED PANEL GROUP INC.,US,CORNERSTONE BUILDING BRANDS INC.'S INSULATED METAL PANELS BUSINESS,US,Acquisition 100%,Completed,"1,000,000.00",09.08.2021,100.00000,0.00000,100.00000,332311,331110,,,07.06.2021,Cash,Unlisted,"1,000,000"
,,VULCRAFT CANADA INC.,CA,,,,,,,,,,,332322,,,,,,
985.,1941502744,AUTODESK INC.,US,INNOVYZE INC.,US,Acquisition 100%,Completed,"1,000,000.00",31.03.2021,100.00000,0.00000,100.00000,541511,511210,ADSK,,24.02.2021,Liabilities,Unlisted,n.a.
,,,,,,,,,,,,,,,,,,Cash,,"1,000,000"
986.,1941453314,TIBCO SOFTWARE INC.,US,INFORMATION BUILDERS INC.,US,Acquisition 100%,Completed,"1,000,000.00",05.01.2021,100.00000,0.00000,100.00000,518210,518210,TIBX,,22.10.2020,,Unlisted,n.a.
987.,1941436865,SANDBRIDGE ACQUISITION CORPORATION,US,OWLET BABY CARE INC. (OLD),US,Acquisition 100%,Completed,"1,000,000.00",15.07.2021,100.00000,0.00000,100.00000,511210,525990,OWLT,,16.02.2021,Shares,Unlisted,"1,000,000"
988.,1941430706,MICROSOFT CORPORATION,US,XANDR INC.,US,Acquisition 100%,Completed,"1,000,000.00",06.06.2022,100.00000,0.00000,100.00000,518210,541511,MSFT,,21.12.2021,,Unlisted,n.a.
989.,1941402388,EMPOWER RETIREMENT LLC,US,PERSONAL CAPITAL CORPORATION,US,Acquisition 100%,Completed,"1,000,000.00",18.08.2020,100.00000,0.00000,100.00000,518210,523930,,,29.06.2020,Earn-out,Unlisted,"175,000"
,,,,,,,,,,,,,,,,,,Liabilities,,n.a.
,,,,,,,,,,,,,,,,,,Cash,,n.a.
,,,,,,,,,,,,,,,,,,Cash Reserves,,n.a.
990.,1941355861,COSTCO WHOLESALE CORPORATION,US,INNOVEL SOLUTIONS INC.,US,Acquisition 100%,Completed,"1,000,000.00",17.03.2020,100.00000,0.00000,100.00000,492110,452311,COST,,17.03.2020,Cash,Unlisted,"1,000,000"
,,,,,,,,,,,,,,,,,,Cash Reserves,,n.a.
991.,1941299624,ACPRODUCTS INC.,US,MASCO CABINETRY LLC,US,Acquisition 100%,Completed,"1,000,000.00",18.02.2020,100.00000,0.00000,100.00000,337110,337110,,,15.11.2019,Shares,Unlisted,n.a.
,,,,,,,,,,,,,,,,,,Cash,,n.a.
,,,,,,,,,,,,,,,,,,Other,,"150,000"
992.,1941265333,CIT BANK NA,US,MUTUAL OF OMAHA BANK,US,Acquisition 100%,Completed,"1,000,000.00",01.01.2020,100.00000,0.00000,100.00000,522110,522110,,,13.08.2019,Third party shares,Unlisted,"150,000"
,,,,,,,,,,,,,,,,,,Cash,,"850,000"
993.,1941168663,3M COMPANY,US,MMODAL INC.'S TECHNOLOGY BUSINESS,US,Acquisition 100%,Completed,"1,000,000.00",01.02.2019,100.00000,0.00000,100.00000,561410,339999,MMM,,19.12.2018,Liabilities,Unlisted,n.a.
994.,1941156664,MKS INSTRUMENTS INC.,US,ELECTRO SCIENTIFIC INDUSTRIES INC.,US,Acquisition 100%,Completed,"1,000,000.00",01.02.2019,100.00000,0.00000,100.00000,333242,334513,MKSI,ESIO,30.10.2018,Cash,Delisted,"1,000,000"
,,,,,,,,,,,,,,,,,,Cash Reserves,,n.a.
995.,1941112505,VERITEX HOLDINGS INC.,US,GREEN BANCORP INC.,US,Acquisition 100%,Completed,"1,000,000.00",01.01.2019,100.00000,0.00000,100.00000,522110,522110,VBTX,GNBC,24.07.2018,Shares,Delisted,"1,000,000"
996.,1941035184,CLECO CAJUN LLC,US,NRG SOUTH CENTRAL GENERATING LLC,US,Acquisition 100%,Completed,"1,000,000.00",04.02.2019,100.00000,0.00000,100.00000,221112,221111,,,07.02.2018,Cash,Unlisted,"1,000,000"
997.,1939074474,F5 INC.,US,SHAPE SECURITY INC.,US,Acquisition 100%,Completed,"1,000,000.00",24.01.2020,100.00000,0.00000,100.00000,511210,541512,FFIV,,19.12.2019,Liabilities,Unlisted,n.a.
,,,,,,,,,,,,,,,,,,Cash,,n.a.
998.,1939044617,PIVOTAL INVESTMENT CORPORATION II,US,XL HYBRIDS INC.,US,Acquisition 100%,Completed,"1,000,000.00",21.12.2020,100.00000,0.00000,100.00000,336350,525990,XL,,18.09.2020,Shares,Unlisted,"1,000,000"
999.,2008313791,RIPPLE LABS INC.,US,G TREASURY SS LLC,US,Acquisition 100%,Completed,"1,000,000.00",05.12.2025,100.00000,0.00000,100.00000,518210,518210,,,16.10.2025,,Unlisted,n.a.
1000.,2008280265,PHOENIX INFRASTRUCTURE LLC,US,UNDISCLOSED 10 DATA CENTRES ACROSS THE US AND CANADA,US,Acquisition 100%,Completed,"1,000,000.00",02.10.2025,100.00000,0.00000,100.00000,518210,518210,,,02.10.2025,Cash Reserves,Unlisted,n.a.
,,,,,,,,,,,,,,,,,,Cash,,"1,000,000"
1001.,2008245634,ATLASSIAN CORPORATION,US,A SOFTWARE COMPANY,US,Acquisition 100%,Completed,"1,000,000.00",10.11.2025,100.00000,0.00000,100.00000,518210,518210,TEAM,,18.09.2025,Cash Reserves,Unlisted,n.a.
,,,,,,,,,,,,,,,,,,Shares,,n.a.
,,,,,,,,,,,,,,,,,,Cash,,n.a.
1002.,2008057734,PARKER HANNIFIN CORPORATION,US,CURTIS INSTRUMENTS INC.,US,Acquisition 100%,Completed,"1,000,000.00",18.09.2025,100.00000,0.00000,100.00000,334515,334513,PH,,30.06.2025,Cash,Unlisted,"1,000,000"
1003.,2007974216,ARISTA NETWORKS INC.,US,BROADCOM INC.'S VELOCLOUD SD-WAN DIVISION,US,Acquisition 100%,Completed,"1,000,000.00",01.07.2025,100.00000,0.00000,100.00000,518210,541511,ANET,,14.05.2025,,Unlisted,n.a.
1004.,2007546151,JOHNSON & JOHNSON,US,PROTEOLOGIX INC.,US,Acquisition 100%,Completed,"1,000,000.00",21.06.2024,100.00000,0.00000,100.00000,541713,325412,JNJ,,16.05.2024,Cash,Unlisted,n.a.
,,,,,,,,,,,,,,,,,,Earn-out,,"150,000"
1005.,2007401308,ELEVANCE HEALTH INC.,US,PARAGON HEALTHCARE INC.,US,Acquisition 100%,Completed,"1,000,000.00",11.03.2024,100.00000,0.00000,100.00000,621999,524114,,,04.01.2024,,Unlisted,n.a.
1006.,1941723998,SEARCHLIGHT CAPITAL PARTNERS LP,US,NETSPEND CORPORATION,US,Acquisition 100%,Completed,"1,000,000.00",01.05.2023,100.00000,0.00000,100.00000,522110,523910,,,02.08.2022,Cash,Unlisted,"1,000,000"
,,REV WORLDWIDE INC.,US,,,,,,,,,,,518210,,,,,,
1007.,1941562752,ELI LILLY AND COMPANY,US,PROTOMER TECHNOLOGIES INC.,US,Acquisition increased from 14% to 100%,Completed,"1,000,000.00",14.07.2021,86.00000,14.00000,100.00000,518210,325412,LLY,,14.07.2021,Earn-out,Unlisted,n.a.
1008.,1941532536,AIG GLOBAL REAL ESTATE INVESTMENT CORPORATION,US,PARTNERS GROUP AG'S INDUSTRIAL REAL ESTATE ASSETS IN MID-ATLANTIC AND SOUTHEAST REGIONS,US,Acquisition 100%,Completed,"1,000,000.00",13.04.2021,100.00000,0.00000,100.00000,531312,523910,,,13.04.2021,,Unlisted,n.a.
1009.,1941512074,ALTC ACQUISITION CORPORATION,US,OKLO INC.,US,Acquisition 100%,Completed,"1,000,000.00",09.05.2024,100.00000,0.00000,100.00000,237130,525990,OKLO,,11.07.2023,Shares,Unlisted,"1,000,000"
,,,,,,,,,,,,,,,,,,Earn-out,,"150,000"
1010.,1941334065,LEONARD GREEN & PARTNERS LP,US,MSHC INC.,US,Acquisition 100%,Completed,"1,000,000.00",02.11.2020,100.00000,0.00000,100.00000,238220,523910,,,02.11.2020,,Unlisted,n.a.
1011.,1941200765,CERTIFY INC.,US,CHROME RIVER TECHNOLOGIES INC.,US,Acquisition unknown majority stake %,Completed,"1,000,000.00",05.03.2019,Unknown majority,0.00000,Unknown majority,518210,518210,,,05.03.2019,,Unlisted,n.a.
1012.,1941541685,UNITED RENTALS INC.,US,GENERAL FINANCE CORPORATION,US,Acquisition 100%,Completed,"996,000.00",25.05.2021,100.00000,0.00000,100.00000,532490,532412,URI,GFN,15.04.2021,Liabilities,Delisted,"400,000"
,,,,,,,,,,,,,,,,,,Cash,,"596,000"
1013.,1941081860,STAPLES INC.,US,ESSENDANT INC.,US,Acquisition increased from 9.9% to 100%,Completed,"996,000.00",31.01.2019,90.10000,9.90000,100.00000,424120,453210,SPLS,ESND,27.12.2018,Cash,Delisted,"996,000"
,,,,,,,,,,,,,,,,,,Liabilities,,n.a.
1014.,2007183216,HUT 8 CORPORATION,US,HUT 8 MINING CORPORATION,CA,Merger 100%,Completed,"990,000.00",30.11.2023,100.00000,0.00000,100.00000,518210,518210,HUT,HUT,07.02.2023,Shares,Delisted,"990,000"
,,,,US DATA MINING GROUP INC.,US,,,,,100.00000,0.00000,100.00000,518210,,,,,,Unlisted,
1015.,1941400301,MASTERCARD INC.,US,FINICITY CORPORATION,US,Acquisition 100%,Completed,"985,000.00",19.11.2020,100.00000,0.00000,100.00000,518210,522210,MA,,23.06.2020,Earn-out,Unlisted,"160,000"
1016.,2007167801,WILMINGTON SAVINGS FUND SOCIETY FSB INC.,US,"BRYN MAWR TRUST COMPANY, THE",US,Acquisition 100%,Completed,"976,400.00",23.03.2022,100.00000,0.00000,100.00000,522110,522110,,,23.03.2022,,Unlisted,n.a.
1017.,1941632594,WSFS FINANCIAL CORPORATION,US,BRYN MAWR BANK CORPORATION,US,Acquisition 100%,Completed,"976,400.00",03.01.2022,100.00000,0.00000,100.00000,522110,522110,WSFS,BMTC,10.03.2021,Shares,Delisted,"976,400"
1018.,2007427479,"REGENTS OF THE UNIVERSITY OF CALIFORNIA, THE",US,PLACENTIA-LINDA DEVELOPMENT GROUP INC.,US,Acquisition 100%,Completed,"975,000.00",01.04.2024,100.00000,0.00000,100.00000,622110,611310,,,01.02.2024,Cash,Unlisted,"975,000"
,,,,FOUNTAIN VALLEY COMMUNITY HOSPITAL GUILD INC.,US,,,,,100.00000,0.00000,100.00000,622110,,,,,,Unlisted,
,,,,LAKEWOOD REGIONAL MEDICAL CENTER INC.,US,,,,,100.00000,0.00000,100.00000,622110,,,,,,Unlisted,
,,,,LOS ALAMITOS MEDICAL CENTER AUXILIARY,US,,,,,100.00000,0.00000,100.00000,622110,,,,,,Unlisted,
,,,,TENET HEALTHCARE CORPORATION'S OTHER RELATED HOSPITAL OPERATIONS,US,,,,,100.00000,0.00000,100.00000,622110,,,,,,Unlisted,
1019.,2007300607,ATLASSIAN CORPORATION,US,LOOM INC.,US,Acquisition 100%,Completed,"975,000.00",30.11.2023,100.00000,0.00000,100.00000,518210,518210,TEAM,,12.10.2023,Cash assumed,Unlisted,n.a.
,,,,,,,,,,,,,,,,,,Shares,,"95,000"
,,,,,,,,,,,,,,,,,,Cash,,"880,000"
,,,,,,,,,,,,,,,,,,Cash Reserves,,n.a.
1020.,1941553236,CITIC CAPITAL ACQUISITION CORPORATION,US,QUANERGY SYSTEMS INC.,US,Acquisition 100%,Completed,"970,000.00",08.02.2022,100.00000,0.00000,100.00000,334513,525990,QNGYQ,,22.06.2021,Shares,Unlisted,"970,000"
1021.,2007430790,NORTH AMERICAN STAINLESS INC.,US,HAYNES INTERNATIONAL INC.,US,Acquisition 100%,Completed,"970,000.00",21.11.2024,100.00000,0.00000,100.00000,331491,331110,,HAYN,05.02.2024,Liabilities,Delisted,n.a.
,,,,,,,,,,,,,,,,,,Cash,,"970,000"
1022.,1941308477,US FOODS INC.,US,SMART STORES HOLDINGS CORPORATION,US,Acquisition 100%,Completed,"970,000.00",24.04.2020,100.00000,0.00000,100.00000,445110,424410,,,06.03.2020,Cash Reserves,Unlisted,n.a.
,,,,,,,,,,,,,,,,,,Cash,,"970,000"
1023.,1939050411,US ECOLOGY PARENT INC.,US,NRC GROUP HOLDINGS CORPORATION,US,Acquisition 100%,Completed,"966,000.00",01.11.2019,100.00000,0.00000,100.00000,561790,562211,,NRCG,24.06.2019,Liabilities,Delisted,n.a.
,,,,,,,,,,,,,,,,,,Shares,,n.a.
1024.,2008308507,GOLDMAN SACHS GROUP INC.,US,INDUSTRY VENTURES LLC,US,Acquisition unknown majority stake %,Completed,"965,000.00",05.01.2026,Unknown majority,0.00000,Unknown majority,523910,523110,GS,,13.10.2025,Earn-out,Unlisted,"300,000"
,,,,,,,,,,,,,,,,,,Cash,,n.a.
,,,,,,,,,,,,,,,,,,Shares,,n.a.
1025.,2007625268,ARCHROCK ELT LLC,US,TOTAL OPERATIONS AND PRODUCTION SERVICES LLC,US,Acquisition 100%,Completed,"963,473.00",30.08.2024,100.00000,0.00000,100.00000,333912,551114,,,22.07.2024,Shares,Unlisted,"137,473"
,,,,,,,,,,,,,,,,,,Deferred payment,,n.a.
,,,,,,,,,,,,,,,,,,Cash,,"826,000"
1026.,2008460203,CONTEXTLOGIC HOLDINGS INC.,US,US SALT PARENT HOLDINGS LLC,US,Acquisition 100%,Completed,"962,000.00",26.02.2026,100.00000,0.00000,100.00000,325998,518210,,,08.12.2025,Cash,Unlisted,"292,000"
,,,,,,,,,,,,,,,,,,Shares,,"115,000"
,,,,,,,,,,,,,,,,,,Liabilities,,n.a.
1027.,2007230031,DELUXE CORPORATION,US,FIRST AMERICAN PAYMENT SYSTEMS LP,US,Acquisition 100%,Completed,"960,000.00",01.06.2021,100.00000,0.00000,100.00000,522320,541810,DLX,,22.04.2021,Cash,Unlisted,"960,000"
1028.,1941527431,DELUXE CORPORATION,US,FAPS HOLDINGS INC.,US,Acquisition 100%,Completed,"960,000.00",01.06.2021,100.00000,0.00000,100.00000,522320,541810,DLX,,21.04.2021,Cash Reserves,Unlisted,n.a.
,,,,,,,,,,,,,,,,,,Cash,,"960,000"
1029.,2007962208,TPG INC.,US,PEPPERTREE CAPITAL MANAGEMENT INC.,US,Acquisition 100%,Completed,"960,000.00",02.07.2025,100.00000,0.00000,100.00000,523910,523920,TPG,,06.05.2025,Cash,Unlisted,n.a.
,,,,,,,,,,,,,,,,,,Earn-out,,"300,000"
,,,,,,,,,,,,,,,,,,Shares,,n.a.
,,,,,,,,,,,,,,,,,,Third party shares,,n.a.
1030.,1941678096,HALOZYME THERAPEUTICS INC.,US,ANTARES PHARMA INC.,US,Acquisition 100%,Completed,"960,000.00",24.05.2022,100.00000,0.00000,100.00000,339112,325412,HALO,ATRS,13.04.2022,Cash,Delisted,"960,000"
,,,,,,,,,,,,,,,,,,Cash Reserves,,n.a.
1031.,2007632166,WESBANCO INC.,US,PREMIER FINANCIAL CORPORATION,US,Acquisition 100%,Completed,"959,000.00",28.02.2025,100.00000,0.00000,100.00000,522110,522110,WSBC,FDEF,26.07.2024,Shares,Delisted,"959,000"
1032.,2007654911,VERITIV CORPORATION,US,ORORA PACKAGING SOLUTIONS,US,Acquisition 100%,Completed,"956,871.91",11.12.2024,100.00000,0.00000,100.00000,322220,423840,VRTV,,03.09.2024,Liabilities,Unlisted,n.a.
1033.,2007075961,IPSEN BIOPHARMACEUTICALS INC.,US,ALBIREO PHARMA INC.,US,Acquisition 100%,Completed,"952,000.00",03.03.2023,100.00000,0.00000,100.00000,325412,325412,,ALBO,09.01.2023,Cash,Delisted,"952,000"
,,,,,,,,,,,,,,,,,,Cash Reserves,,n.a.
1034.,2008583894,CATURUS ENERGY LLC,US,SM ENERGY COMPANY'S SOUTH TEXAS ASSETS,US,Acquisition 100%,Completed,"950,000.00",30.04.2026,100.00000,0.00000,100.00000,211120,,,,18.02.2026,Cash,Unlisted,"950,000"
1035.,2007749131,ENTERPRISE PRODUCTS PARTNERS LP,US,PINON MIDSTREAM LLC,US,Acquisition 100%,Completed,"950,000.00",28.10.2024,100.00000,0.00000,100.00000,213112,486210,EPD,,21.08.2024,,Unlisted,n.a.
1036.,2007524178,MEDLINE INC.,US,ECOLAB INC.'S GLOBAL SURGICAL SOLUTIONS BUSINESS,US,Acquisition 100%,Completed,"950,000.00",01.08.2024,100.00000,0.00000,100.00000,325611,339113,MDLN,,30.04.2024,Cash,Unlisted,"950,000"
,,,,MICROTEK MEDICAL LLC,US,,,,,100.00000,0.00000,100.00000,423450,,,,,,Unlisted,
1037.,2007518398,T-MOBILE US INC.,US,NORTH STATE COMMUNICATIONS LLC,US,Acquisition 50%,Completed,"950,000.00",01.04.2025,50.00000,0.00000,50.00000,517311,517312,TMUS,,25.04.2024,,Unlisted,n.a.
1038.,2007321408,OMNICOM GROUP INC.,US,FLYWHEEL DIGITAL LLC,US,Acquisition 100%,Completed,"950,000.00",02.01.2024,100.00000,0.00000,100.00000,518210,541810,OMC,,30.10.2023,Earn-out,Unlisted,"50,000"
,,,,,,,,,,,,,,,,,,Liabilities,,n.a.
,,,,,,,,,,,,,,,,,,Cash,,n.a.
1039.,2007159777,GLOBAL NET LEASE INC.,US,NECESSITY RETAIL REIT INC.,US,Acquisition 100%,Completed,"950,000.00",12.09.2023,100.00000,0.00000,100.00000,531110,531110,GNL,RTL,23.05.2023,Shares,Delisted,"950,000"
1040.,1941529800,OLAM HOLDINGS INC.,US,OLDE THOMPSON LLC,US,Acquisition 100%,Completed,"950,000.00",17.05.2021,100.00000,0.00000,100.00000,311942,424590,,,28.04.2021,Liabilities,Unlisted,n.a.
1041.,1941149081,VALERO ENERGY CORPORATION,US,VALERO ENERGY PARTNERS LP,US,Acquisition 100%,Completed,"950,000.00",10.01.2019,100.00000,0.00000,100.00000,486210,324110,VLO,VLP,18.10.2018,Cash,Delisted,"950,000"
1042.,2007407041,7-ELEVEN INC.,US,SUNOCO LP'S 204 GAS STATIONS AND CONVENIENCE STORES,US,Acquisition 100%,Completed,"950,000.00",16.04.2024,100.00000,0.00000,100.00000,424720,445120,SE,,11.01.2024,,Unlisted,n.a.
1043.,1941292643,ADVISOR GROUP HOLDINGS INC.,US,LADENBURG THALMANN FINANCIAL SERVICES INC.,US,Acquisition increased from 27.244% to 100%,Completed,"945,828.00",14.02.2020,72.75600,27.24400,100.00000,523110,523910,,LTS,11.11.2019,Cash,Delisted,n.a.
,,,,,,,,,,,,,,,,,,Liabilities,,n.a.
1044.,1941443625,TRANSDIGM GROUP INC.,US,MASTSYSTEM INT'L OY,FI,Acquisition 100%,Completed,"945,000.00",12.02.2021,100.00000,0.00000,100.00000,334220,336413,TDG,,24.11.2020,Cash Reserves,Unlisted,n.a.
,,,,CHELTON LTD,GB,,,,,100.00000,0.00000,100.00000,334511,,,,,Cash,Unlisted,"945,000"
,,,,CHELTON AVIONICS HOLDINGS INC.,US,,,,,100.00000,0.00000,100.00000,334310,,,,,,Unlisted,
1045.,2008008808,ONEOK INC.,US,DELAWARE G&P LLC,US,Acquisition increased from 50.1% to 100%,Completed,"940,000.00",28.05.2025,49.90000,50.10000,100.00000,211120,221210,OKE,,28.05.2025,Cash,Unlisted,"530,000"
,,,,,,,,,,,,,,,,,,Shares,,"410,000"
1046.,1941453964,TS INNOVATION ACQUISITIONS CORPORATION,US,LATCH INC.,US,Acquisition 100%,Completed,"940,000.00",04.06.2021,100.00000,0.00000,100.00000,518210,525990,LTCH,,25.01.2021,Shares,Unlisted,n.a.
,,,,,,,,,,,,,,,,,,Cash assumed,,"60,000"
,,,,,,,,,,,,,,,,,,Cash,,n.a.
1047.,1941427785,ACADIA PHARMACEUTICALS INC.,US,CERSCI THERAPEUTICS INC.,US,Acquisition 100%,Completed,"939,500.00",24.08.2020,100.00000,0.00000,100.00000,541713,541713,ACAD,,24.08.2020,Earn-out,Unlisted,"887,000"
,,,,,,,,,,,,,,,,,,Cash,,n.a.
,,,,,,,,,,,,,,,,,,Shares,,n.a.
1048.,1941573194,MEDTRONIC INC.,US,INTERSECT ENT INC.,US,Acquisition 100%,Completed,"936,221.00",13.05.2022,100.00000,0.00000,100.00000,339112,339112,MDT,XENT,06.08.2021,Cash,Delisted,"936,221"
,,,,,,,,,,,,,,,,,,Liabilities,,n.a.
1049.,1941212348,ON SEMICONDUCTOR CORPORATION,US,QUANTENNA COMMUNICATIONS INC.,US,Acquisition 100%,Completed,"936,000.00",19.06.2019,100.00000,0.00000,100.00000,334413,334413,ON,QTNA,27.03.2019,Cash Reserves,Delisted,n.a.
,,,,,,,,,,,,,,,,,,Cash,,"1,070,000"
,,,,,,,,,,,,,,,,,,Liabilities,,n.a.
,,,,,,,,,,,,,,,,,,Cash assumed,,"136,000"
1050.,2007872044,PINETREE ACQUISITION SUB INC.,US,CHIMERIX INC.,US,Acquisition 100%,Completed,"935,000.00",21.04.2025,100.00000,0.00000,100.00000,541713,525990,,CMRX,05.03.2025,Cash,Delisted,"935,000"
,,,,,,,,,,,,,,,,,,Cash Reserves,,n.a.
1051.,1941310305,GOLDMAN SACHS BDC INC.,US,GOLDMAN SACHS MIDDLE MARKET LENDING CORPORATION,US,Acquisition 100%,Completed,"931,450.00",12.10.2020,100.00000,0.00000,100.00000,522298,522298,GSBD,,09.12.2019,Shares,Unlisted,"931,450"
1052.,1941616980,NCINO INC.,US,SIMPLENEXUS LLC,US,Acquisition 100%,Completed,"931,351.00",07.01.2022,100.00000,0.00000,100.00000,518210,518210,NCNO,,16.11.2021,Cash,Unlisted,"270,000"
,,,,,,,,,,,,,,,,,,Shares,,"661,351"
1053.,1941521428,RIVERVIEW ACQUISITION CORPORATION,US,WESTROCK COFFEE COMPANY LLC,US,Acquisition 100%,Completed,"931,300.00",26.08.2022,100.00000,0.00000,100.00000,311920,525990,RVAC,,04.04.2022,Shares,Unlisted,"931,300"
1054.,2007577965,ALPHASENSE INC.,US,TEGUS INC.,US,Acquisition 100%,Completed,"930,000.00",08.07.2024,100.00000,0.00000,100.00000,518210,518210,,,11.06.2024,,Unlisted,n.a.
1055.,1941445688,ROMAN DBDR TECH ACQUISITION CORPORATION,US,COMPOSECURE HOLDINGS LLC,US,Acquisition 100%,Completed,"928,000.00",27.12.2021,100.00000,0.00000,100.00000,332999,525990,GPGI,,19.04.2021,Cash,Unlisted,"361,000"
,,,,,,,,,,,,,,,,,,Cash Reserves,,n.a.
,,,,,,,,,,,,,,,,,,Shares,,"492,000"
,,,,,,,,,,,,,,,,,,Earn-out,,"75,000"
1056.,1941539040,GLACIER BANCORP INC.,US,ALTABANCORP,US,Acquisition 100%,Completed,"925,388.00",01.10.2021,100.00000,0.00000,100.00000,522110,522110,GBCI,PUB,18.05.2021,Shares,Delisted,"925,388"
1057.,1941491823,GRAY TELEVISION INC.,US,QUINCY MEDIA INC.,US,Acquisition 100%,Completed,"925,000.00",02.08.2021,100.00000,0.00000,100.00000,515120,515120,GTN,,01.02.2021,Cash,Unlisted,"925,000"
,,,,,,,,,,,,,,,,,,Cash Reserves,,n.a.
1058.,1941617078,NUBIA BRAND INTERNATIONAL CORPORATION,US,HONEYCOMB BATTERY COMPANY,US,Acquisition 100%,Completed,"925,000.00",02.02.2024,100.00000,0.00000,100.00000,335912,525990,STI,,16.02.2023,Shares,Unlisted,"925,000"
,,,,,,,,,,,,,,,,,,Earn-out,,"225,000"
1059.,1941376910,MOLINA HEALTHCARE INC.,US,MAGELLAN HEALTH INC'S MAGELLAN COMPLETE CARE BUSINESS,US,Acquisition 100%,Completed,"925,000.00",31.12.2020,100.00000,0.00000,100.00000,524114,524114,MOH,,30.04.2020,Cash,Unlisted,"850,000"
,,,,,,,,,,,,,,,,,,Cash Reserves,,n.a.
1060.,1941277334,AMETEK INC.,US,GATAN INC.,US,Acquisition 100%,Completed,"925,000.00",31.10.2019,100.00000,0.00000,100.00000,334516,334510,AME,,27.09.2019,Cash,Unlisted,"925,000"
1061.,2007826446,ECHELON PURCHASER LLC,US,EDGE AUTONOMY INTERMEDIATE HOLDINGS LLC,US,Acquisition 100%,Completed,"925,000.00",13.06.2025,100.00000,0.00000,100.00000,551112,551114,,,20.01.2025,Converted Debt,Unlisted,n.a.
,,,,,,,,,,,,,,,,,,Cash,,"160,000"
,,,,,,,,,,,,,,,,,,Shares,,"765,000"
1062.,1941408933,HEWLETT PACKARD ENTERPRISE COMPANY,US,SILVER PEAK SYSTEMS INC.,US,Acquisition 100%,Completed,"925,000.00",21.09.2020,100.00000,0.00000,100.00000,518210,334111,HPE,,13.07.2020,Cash,Unlisted,"925,000"
1063.,1941283780,OSPREY TECHNOLOGY ACQUISITION CORPORATION,US,BLACKSKY HOLDINGS INC.,US,Acquisition 100%,Completed,"925,000.00",09.09.2021,100.00000,0.00000,100.00000,518210,525990,SFTW.U,,18.02.2021,Shares,Unlisted,"925,000"
1064.,2007279140,CHESAPEAKE UTILITIES CORPORATION,US,FLORIDA CITY GAS INC.,US,Acquisition 100%,Completed,"923,000.00",01.12.2023,100.00000,0.00000,100.00000,221210,221210,CPK,,26.09.2023,Cash,Unlisted,"923,000"
1065.,2007961481,AMETEK TP INC.,US,FARO TECHNOLOGIES INC.,US,Acquisition 100%,Completed,"920,000.00",21.07.2025,100.00000,0.00000,100.00000,511210,523910,,FARO,06.05.2025,Liabilities,Delisted,n.a.
,,,,,,,,,,,,,,,,,,Cash,,"845,954"
1066.,1941589161,HOME BANCSHARES INC.,US,HAPPY BANCSHARES INC.,US,Acquisition 100%,Completed,"919,100.00",01.04.2022,100.00000,0.00000,100.00000,522110,522110,HOMB,,15.09.2021,Shares,Unlisted,"919,100"
1067.,1941611743,LUMENTUM HOLDINGS INC.,US,NEOPHOTONICS CORPORATION,US,Acquisition 100%,Completed,"918,000.00",03.08.2022,100.00000,0.00000,100.00000,334413,334413,LITE,NPTN,04.11.2021,Cash,Delisted,"918,000"
,,,,,,,,,,,,,,,,,,Cash Reserves,,n.a.
1068.,2007669086,FIRST BUSEY CORPORATION,US,CROSSFIRST BANKSHARES INC.,US,Acquisition 100%,Completed,"917,000.00",01.03.2025,100.00000,0.00000,100.00000,522110,522110,BUSE,CFB,27.08.2024,Shares,Delisted,"917,000"
1069.,1943312441,RHEA PARENT INC.,US,AGIC-HUMANWELL BLUE RIDGE (US) LTD,US,Acquisition 100%,Completed,"915,000.00",23.02.2022,100.00000,0.00000,100.00000,325412,523910,,,05.01.2022,,Unlisted,n.a.
1070.,2007187341,THERMO FISHER SCIENTIFIC INC.,US,COREVITAS LLC,US,Acquisition 100%,Completed,"912,500.00",14.08.2023,100.00000,0.00000,100.00000,518210,334516,TMO,,06.07.2023,Cash,Unlisted,"912,500"
1071.,2007642085,ORLANDO HEALTH INC.,US,BBH BMC LLC,US,Acquisition 70%,Completed,"910,000.00",01.10.2024,70.00000,0.00000,70.00000,622110,622110,,,05.08.2024,Cash,Unlisted,"910,000"
1072.,2007739222,CONSTRUCTION PARTNERS INC.,US,ASPHALT INC. LLC,US,Acquisition 100%,Completed,"908,200.00",01.11.2024,100.00000,0.00000,100.00000,237310,237990,ROAD,,21.10.2024,Cash,Unlisted,"684,200"
,,,,,,,,,,,,,,,,,,Shares,,"224,100"
,,,,,,,,,,,,,,,,,,Deferred payment,,n.a.
1073.,1941349512,ROTH CH ACQUISITION I COMPANY,US,PURECYCLE TECHNOLOGIES LLC (OLD),US,Acquisition 100%,Completed,"907,000.00",17.03.2021,100.00000,0.00000,100.00000,325991,525990,,,16.11.2020,Shares,Unlisted,n.a.
,,,,,,,,,,,,,,,,,,Earn-out,,"72,000"
,,,,,,,,,,,,,,,,,,Liabilities,,n.a.
1074.,2007806470,BANK OF AMERICA CORPORATION,US,HOMESTREET INC.'S MULTIFAMILY COMMERCIAL REAL ESTATE LOANS PORTFOLIO,US,Acquisition 100%,Completed,"906,000.00",31.12.2024,100.00000,0.00000,100.00000,522110,523110,BAC,,27.12.2024,,Unlisted,n.a.
1075.,2007895554,ELK RANGE ROYALTIES HOLDINGS LP,US,OCCIDENTAL PETROLEUM CORPORATION'S DJ BASIN ASSETS,US,Acquisition 100%,Completed,"905,000.00",21.03.2025,100.00000,0.00000,100.00000,211120,523910,,,21.03.2025,,Unlisted,n.a.
1076.,2007314754,ARTHUR J GALLAGHER & COMPANY,US,CADENCE INSURANCE INC.,US,Acquisition 100%,Completed,"904,000.00",30.11.2023,100.00000,0.00000,100.00000,524210,524210,AJG,,24.10.2023,Cash,Unlisted,"904,000"
1077.,2008278233,HALOZYME THERAPEUTICS INC.,US,ELEKTROFI INC.,US,Acquisition 100%,Completed,"900,000.00",18.11.2025,100.00000,0.00000,100.00000,541713,325412,HALO,,01.10.2025,Cash,Unlisted,n.a.
,,,,,,,,,,,,,,,,,,Earn-out,,"150,000"
1078.,2008247021,NVIDIA CORPORATION,US,ENFABRICA CORPORATION,US,Acquisition 100%,Completed,"900,000.00",14.09.2025,100.00000,0.00000,100.00000,334118,334413,NVDA,,14.09.2025,Shares,Unlisted,n.a.
,,,,,,,,,,,,,,,,,,Cash,,n.a.
1079.,2007385996,CHOBANI GLOBAL HOLDINGS LLC,US,LA COLOMBE COFFEE ROASTERS INC.,US,Acquisition 100%,Completed,"900,000.00",15.12.2023,100.00000,0.00000,100.00000,311920,311511,,,15.12.2023,Cash,Unlisted,n.a.
,,,,,,,,,,,,,,,,,,Liabilities,,"550,000"
,,,,,,,,,,,,,,,,,,Shares,,n.a.
,,,,,,,,,,,,,,,,,,Cash Reserves,,n.a.
1080.,2007075231,RESONETICS LLC,US,MEMRY CORPORATION,US,Acquisition 100%,Completed,"900,000.00",02.10.2023,100.00000,0.00000,100.00000,332111,325211,,MRY,09.01.2023,,Delisted,n.a.
,,,,SAES SMART MATERIALS INC.,US,,,,,100.00000,0.00000,100.00000,333249,,,,,,Unlisted,
1081.,1941479908,SVB FINANCIAL GROUP,US,BOSTON PRIVATE FINANCIAL HOLDINGS INC.,US,Acquisition 100%,Completed,"900,000.00",01.07.2021,100.00000,0.00000,100.00000,522110,522110,SIVBQ,BPFH,04.01.2021,Shares,Delisted,"727,239"
,,,,,,,,,,,,,,,,,,Cash,,"172,761"
1082.,1941460653,CBAH MERGER SUB II LLC,US,ALTUS POWER AMERICA INC.,US,Acquisition 100%,Completed,"900,000.00",09.12.2021,100.00000,0.00000,100.00000,523910,523910,,,13.07.2021,Shares,Unlisted,"900,000"
1083.,1941248425,AUTOKINITON US HOLDINGS INC.,US,TOWER INTERNATIONAL INC.,US,Acquisition 100%,Completed,"900,000.00",30.09.2019,100.00000,0.00000,100.00000,336211,336370,,TOWR,12.07.2019,Cash,Delisted,n.a.
,,,,,,,,,,,,,,,,,,Liabilities,,n.a.
1084.,1941214727,RMG ACQUISITION CORPORATION,US,ROMEO SYSTEMS INC.,US,Acquisition 100%,Completed,"900,000.00",29.12.2020,100.00000,0.00000,100.00000,335911,525990,RMO,,05.10.2020,Liabilities,Unlisted,"3,000"
,,,,,,,,,,,,,,,,,,Shares,,"897,000"
1085.,1941213811,ENEL GREEN POWER NORTH AMERICA INC.,US,ENEL GREEN POWER NORTH AMERICA RENEWABLE ENERGY PARTNERS LLC'S 7 RENEWABLE PLANTS BASED IN THE US,US,Acquisition 100%,Completed,"900,000.00",14.03.2019,100.00000,0.00000,100.00000,221115,221118,,,14.03.2019,Liabilities,Unlisted,n.a.
1086.,2007899958,BOSTON DYNAMICS INC.,US,SYNTHBIO LLC,US,Acquisition 100%,Completed,"900,000.00",25.03.2025,100.00000,0.00000,100.00000,541715,333249,,,25.03.2025,,Unlisted,n.a.
1087.,1941681172,ALLEGION US HOLDING COMPANY INC.,US,STANLEY ACCESS TECHNOLOGIES LLC,US,Acquisition 100%,Completed,"900,000.00",05.07.2022,100.00000,0.00000,100.00000,332321,334290,,,22.04.2022,Cash,Unlisted,"900,000"
1088.,1941654163,AKAMAI TECHNOLOGIES INC.,US,LINODE LLC,US,Acquisition 100%,Completed,"900,000.00",21.03.2022,100.00000,0.00000,100.00000,518210,541511,AKAM,,15.02.2022,,Unlisted,n.a.
1089.,1941740594,MAXPRO CAPITAL ACQUISITION CORPORATION,US,APOLLOMICS INC. (OLD),US,Acquisition 100%,Completed,"899,000.00",29.03.2023,100.00000,0.00000,100.00000,541713,525990,,,14.09.2022,Shares,Unlisted,"899,000"
1090.,2008220057,DEEP BLUE MIDLAND BASIN LLC,US,ENVIRONMENTAL DISPOSAL SYSTEMS LLC,US,Acquisition 70%,Completed,"895,000.00",01.10.2025,70.00000,0.00000,70.00000,221310,221310,,,02.09.2025,Earn-out,Unlisted,"200,000"
,,,,,,,,,,,,,,,,,,Cash,,"895,000"
1091.,1941529992,FREEDOM ACQUIRER LLC,US,DONLEN CORPORATION'S ASSETS,US,Acquisition 100%,Completed,"891,000.00",30.03.2021,100.00000,0.00000,100.00000,532112,532112,,,25.11.2020,Liabilities,Unlisted,n.a.
,,,,,,,,,,,,,,,,,,Cash,,"891,000"
1092.,2007095434,COBRA ACQUISITION COMPANY,US,CARDIOVASCULAR SYSTEMS INC.,US,Acquisition 100%,Completed,"890,000.00",27.04.2023,100.00000,0.00000,100.00000,339112,525990,,CSII,08.02.2023,Cash,Delisted,"890,000"
1093.,1941438442,LANDCADIA HOLDINGS III INC.,US,HMAN GROUP HOLDINGS INC.,US,Acquisition 100%,Completed,"889,300.00",14.07.2021,100.00000,0.00000,100.00000,332722,525990,HLMN,,25.01.2021,Shares,Unlisted,"911,300"
,,,,,,,,,,,,,,,,,,Cash assumed,,"22,000"
,,,,,,,,,,,,,,,,,,Cash,,n.a.
1094.,2007251447,WESTERN MIDSTREAM PARTNERS LP,US,MERITAGE MIDSTREAM SERVICES II LLC,US,Acquisition 100%,Completed,"885,000.00",13.10.2023,100.00000,0.00000,100.00000,211120,211120,WES,,05.09.2023,Cash Reserves,Unlisted,n.a.
,,,,,,,,,,,,,,,,,,Cash,,"885,000"
1095.,2007444121,RADIOLOGY PARTNERS INC.,US,REDWOOD RADIOLOGY LLC,US,Acquisition 100%,Completed,"885,000.00",15.12.2020,100.00000,0.00000,100.00000,621111,621111,,,09.09.2020,Liabilities,Unlisted,n.a.
,,,,,,,,,,,,,,,,,,Cash,,"885,000"
1096.,1941573924,EXELON GENERATION COMPANY LLC,US,CONSTELLATION ENERGY NUCLEAR GROUP LLC,US,Acquisition increased from 50.01% to 100%,Completed,"885,000.00",09.08.2021,49.99000,50.01000,100.00000,221113,221113,,,20.11.2019,,Unlisted,n.a.
1097.,1941476021,INSU ACQUISITION CORPORATION II,US,METROMILE INC. (OLD),US,Acquisition 100%,Completed,"882,000.00",09.02.2021,100.00000,0.00000,100.00000,524126,525990,INAQU,,24.11.2020,Cash,Unlisted,"30,000"
,,,,,,,,,,,,,,,,,,Earn-out,,"10,000"
,,,,,,,,,,,,,,,,,,Shares,,"852,000"
1098.,2008007687,POST HOLDINGS INC.,US,8TH AVENUE FOOD & PROVISIONS INC.,US,Acquisition 100%,Completed,"880,000.00",01.07.2025,100.00000,0.00000,100.00000,311911,311230,POST,,03.06.2025,Cash Reserves,Unlisted,n.a.
,,,,,,,,,,,,,,,,,,Cash,,n.a.
1099.,2007970128,CHURCH & DWIGHT COMPANY INC.,US,TOUCHLAND LLC,US,Acquisition 100%,Completed,"880,000.00",31.07.2025,100.00000,0.00000,100.00000,325612,325611,CHD,,12.05.2025,Shares,Unlisted,n.a.
,,,,,,,,,,,,,,,,,,Cash,,n.a.
,,,,,,,,,,,,,,,,,,Earn-out,,"180,000"
1100.,1941590096,GROUP 1 AUTOMOTIVE INC.,US,PRIME AUTOMOTIVE GROUP INC.'S ASSETS,US,Acquisition 100%,Completed,"880,000.00",18.11.2021,100.00000,0.00000,100.00000,441110,441110,GPI,,13.09.2021,,Unlisted,n.a.
1101.,1941556833,S1 HOLDCO LLC,US,SYSTEM1 SS PROTECT HOLDINGS INC.,US,Acquisition 100%,Completed,"880,000.00",27.01.2022,100.00000,0.00000,100.00000,511210,518210,,,29.06.2021,Shares,Unlisted,"667,500"
,,,,,,,,,,,,,,,,,,Cash,,"212,500"
1102.,1941225270,JACOBS ENGINEERING GROUP INC.,US,"KEYW HOLDING CORPORATION, THE",US,Acquisition 100%,Completed,"876,000.00",12.06.2019,100.00000,0.00000,100.00000,541511,541330,J,KEYW,22.04.2019,Liabilities,Delisted,"272,000"
,,,,,,,,,,,,,,,,,,Cash,,"604,000"
,,,,,,,,,,,,,,,,,,Cash Reserves,,n.a.
1103.,2007117171,VORNADO REALTY TRUST,US,ONE PARK AVENUE,US,Acquisition increased from 55% to 100%,Completed,"875,000.00",05.08.2021,45.00000,55.00000,100.00000,531210,531120,VNO,,20.07.2021,Liabilities,Unlisted,"525,000"
,,,,,,,,,,,,,,,,,,Cash,,"158,000"
1104.,1941741507,MCKESSON CORPORATION,US,RX SAVINGS LLC,US,Acquisition 100%,Completed,"875,000.00",01.11.2022,100.00000,0.00000,100.00000,518210,424210,MCK,,19.09.2022,Earn-out,Unlisted,"275,000"
1105.,1941499396,CHARLES RIVER LABORATORIES INTERNATIONAL INC.,US,COGNATE BIOSERVICES INC.,US,Acquisition 100%,Completed,"875,000.00",29.03.2021,100.00000,0.00000,100.00000,541713,541713,CRL,,17.02.2021,Cash,Unlisted,"875,000"
1106.,2007753080,PROGRESS SOFTWARE CORPORATION,US,CLOUD SOFTWARE GROUP INC.'S SHAREFILE ASSETS,US,Acquisition 100%,Completed,"875,000.00",31.10.2024,100.00000,0.00000,100.00000,511210,541511,PRGS,,09.09.2024,Liabilities,Unlisted,n.a.
,,,,,,,,,,,,,,,,,,Cash,,"875,000"
1107.,1941426357,IVANTI INC.,US,MOBILEIRON INC.,US,Acquisition 100%,Completed,"872,000.00",01.12.2020,100.00000,0.00000,100.00000,518210,541511,,MOBL,28.09.2020,Cash,Delisted,"872,000"
1108.,2007664904,INFLECTION POINT ACQUISITION CORPORATION II,US,USA RARE EARTH LLC,US,Acquisition 100%,Completed,"870,000.00",13.03.2025,100.00000,0.00000,100.00000,212299,525990,USAR,,22.08.2024,Shares,Unlisted,n.a.
,,,,,,,,,,,,,,,,,,Liabilities,,n.a.
,,,,,,,,,,,,,,,,,,Earn-out,,n.a.
1109.,2007368416,XPO INC.,US,YELLOW CORPORATION'S 28 TRUCKING TERMINALS,US,Acquisition 100%,Completed,"870,000.00",04.12.2023,100.00000,0.00000,100.00000,484122,488510,XPO,,21.09.2023,,Unlisted,n.a.
1110.,1941632627,L&F ACQUISITION HOLDINGS LLC,US,ZEROFOX INC.,US,Acquisition 100%,Completed,"866,250.00",03.08.2022,100.00000,0.00000,100.00000,518210,518210,,,20.12.2021,Shares,Unlisted,"866,250"
,,,,,,,,,,,,,,,,,,Liabilities,,n.a.
1111.,2007984698,RYMAN HOSPITALITY PROPERTIES INC.,US,JW MARRIOTT PHOENIX DESERT RIDGE RESORT & SPA,US,Acquisition 100%,Completed,"865,000.00",10.06.2025,100.00000,0.00000,100.00000,721110,531110,RHP,,19.05.2025,,Unlisted,n.a.
1112.,2007820216,EMCOR GROUP INC.,US,MILLER ELECTRIC COMPANY,US,Acquisition 100%,Completed,"865,000.00",03.02.2025,100.00000,0.00000,100.00000,237130,237130,EME,,14.01.2025,Cash,Unlisted,"865,000"
,,,,,,,,,,,,,,,,,,Cash Reserves,,n.a.
1113.,1941415196,NAVSIGHT HOLDINGS INC.,US,SPIRE GLOBAL INC.,US,Acquisition 100%,Completed,"865,000.00",16.08.2021,100.00000,0.00000,100.00000,541715,525990,SPIR,,01.03.2021,Shares,Unlisted,"1,185,000"
,,,,,,,,,,,,,,,,,,Cash assumed,,"408,000"
,,,,,,,,,,,,,,,,,,Liabilities,,"88,000"
,,,,,,,,,,,,,,,,,,Earn-out,,"80,000"
1114.,2008324980,NICOLET BANKSHARES INC.,US,MIDWESTONE FINANCIAL GROUP INC.,US,Acquisition 100%,Completed,"864,000.00",17.02.2026,100.00000,0.00000,100.00000,522110,522110,NIC,MOFG,23.10.2025,Shares,Delisted,"864,000"
1115.,1941281248,LGL SYSTEMS ACQUISITION CORPORATION,US,IRONNET CYBERSECURITY INC.,US,Acquisition 100%,Completed,"863,400.00",26.08.2021,100.00000,0.00000,100.00000,511210,525990,DFNS,,15.03.2021,Shares,Unlisted,"863,400"
1116.,1909565183,QUAKER CHEMICAL CORPORATION,US,HOUGHTON INTERNATIONAL INC.,US,Acquisition 100%,Completed,"862,500.00",01.08.2019,100.00000,0.00000,100.00000,325998,325998,KWR,,05.04.2017,Liabilities,Unlisted,"690,000"
,,,,,,,,,,,,,,,,,,Shares,,n.a.
,,,,,,,,,,,,,,,,,,Cash,,"172,500"
1117.,1941477223,DIAMONDBACK E&P LLC,US,GUIDON OPERATONG LLC'S LEASEHOLD INTERESTS AND RELATED ASSETS,US,Acquisition 100%,Completed,"862,000.00",26.02.2021,100.00000,0.00000,100.00000,211120,211120,,,21.12.2020,Cash Reserves,Unlisted,n.a.
,,,,,,,,,,,,,,,,,,Cash,,"375,000"
,,,,,,,,,,,,,,,,,,Shares,,"487,000"
1118.,1939074322,NBM US HOLDINGS INC.,US,NATIONAL BEEF PACKING COMPANY LLC,US,Acquisition increased from 51.56% to 82.73%,Completed,"860,000.00",29.11.2019,31.17000,51.56000,82.73000,311612,311612,,,17.11.2019,Cash,Unlisted,"860,000"
1119.,2008448095,USA COMPRESSION PARTNERS LLC,US,J-W POWER COMPANY,US,Acquisition 100%,Completed,"860,000.00",12.01.2026,100.00000,0.00000,100.00000,423830,213112,,,29.11.2025,Cash,Unlisted,"430,000"
,,,,,,,,,,,,,,,,,,Shares,,"430,000"
1120.,1941580711,GUIDEWELL MUTUAL HOLDING CORPORATION,US,TRIPLE S MANAGEMENT CORPORATION,US,Acquisition 100%,Completed,"856,657.00",01.02.2022,100.00000,0.00000,100.00000,524126,621999,,GTS,24.08.2021,Cash,Delisted,"856,657"
1121.,1941156892,NIGHTHAWK MERGER SUB LLC,US,NORTHSTAR REALTY EUROPE CORPORATION,US,Acquisition 100%,Completed,"856,432.00",30.09.2019,100.00000,0.00000,100.00000,531120,531120,,NRE,03.07.2019,Cash,Delisted,"856,432"
,,,,,,,,,,,,,,,,,,Cash Reserves,,n.a.
1122.,1941556128,CENTURI GROUP INC.,US,RIGGS DISTLER & COMPANY INC.,US,Acquisition 100%,Completed,"855,000.00",27.08.2021,100.00000,0.00000,100.00000,237990,237130,,,29.06.2021,Cash,Unlisted,"855,000"
1123.,2008287005,FIREFLY AEROSPACE INC.,US,SCITEC INC.,US,Acquisition 100%,Completed,"855,000.00",31.10.2025,100.00000,0.00000,100.00000,541330,336414,,,05.10.2025,Shares,Unlisted,"555,000"
,,,,,,,,,,,,,,,,,,Cash,,"300,000"
1124.,1941343813,DFP HEALTHCARE ACQUISITIONS CORPORATION,US,"ONCOLOGY INSTITUTE OF HOPE AND INNOVATION LLC, THE",US,Acquisition 100%,Completed,"854,500.00",12.11.2021,100.00000,0.00000,100.00000,621111,525990,DFPHU,,26.06.2021,Earn-out,Unlisted,"12,500"
1125.,2007388814,KODIAK GAS SERVICES INC.,US,CSI COMPRESSCO LP,US,Acquisition 100%,Completed,"854,000.00",04.01.2024,100.00000,0.00000,100.00000,333132,211120,KGS,CCLP,19.12.2023,Liabilities,Delisted,"619,000"
,,,,,,,,,,,,,,,,,,Shares,,"235,000"
1126.,1941223805,ONESPAWORLD HOLDINGS LTD,BS,ONESPAWORLD LLC,US,Acquisition 100%,Completed,"850,700.00",19.03.2019,100.00000,0.00000,100.00000,812199,812199,,,01.11.2018,Cash,Unlisted,n.a.
,,DORY ACQUISITION SUB INC.,US,ONESPAWORLD LLC'S CERTAIN US AFFILIATES,US,,,,,100.00000,0.00000,100.00000,812199,812199,,,,Shares,Unlisted,n.a.
,,DORY ACQUISITION SUB LTD,US,ONESPAWORLD LLC'S CERTAIN NON-US AFFILIATES,US,,,,,100.00000,0.00000,100.00000,812199,812199,,,,,Unlisted,
1127.,1941158700,CENTERSTATE BANK CORPORATION,US,NATIONAL COMMERCE CORPORATION,US,Acquisition 100%,Completed,"850,400.00",01.04.2019,100.00000,0.00000,100.00000,522110,522110,CSFL,NCOM,26.11.2018,Shares,Delisted,"850,400"
1128.,2008419758,SOLVENTUM CORPORATION,US,ACERA SURGICAL INC.,US,Acquisition 100%,Completed,"850,000.00",23.12.2025,100.00000,0.00000,100.00000,541713,339112,SOLV,,20.11.2025,Cash Reserves,Unlisted,n.a.
,,,,,,,,,,,,,,,,,,Cash,,"850,000"
,,,,,,,,,,,,,,,,,,Earn-out,,"125,000"
1129.,2007841271,MCKESSON CORPORATION,US,PRISM VISION HOLDINGS LLC,US,Acquisition 80%,Completed,"850,000.00",02.04.2025,80.00000,0.00000,80.00000,621111,424210,MCK,,04.02.2025,,Unlisted,n.a.
1130.,2007269431,BOSTON SCIENTIFIC CORPORATION,US,RELIEVANT MEDSYSTEMS INC.,US,Acquisition 100%,Completed,"850,000.00",17.11.2023,100.00000,0.00000,100.00000,334510,339112,BSX,,19.09.2023,Earn-out,Unlisted,n.a.
,,,,,,,,,,,,,,,,,,Cash,,n.a.
1131.,1941007388,BIG ROCK PARTNERS ACQUISITION CORPORATION,US,NEURORX INC.,US,Acquisition 100%,Completed,"850,000.00",25.05.2021,100.00000,0.00000,100.00000,541713,525990,NRXP,,14.12.2020,Shares,Unlisted,"750,000"
,,,,,,,,,,,,,,,,,,Earn-out,,"350,000"
,,,,,,,,,,,,,,,,,,Cash,,"100,000"
1132.,2007093939,ENPRO INDUSTRIES INC.,US,NXEDGE INC.,US,Acquisition 100%,Completed,"850,000.00",17.12.2021,100.00000,0.00000,100.00000,332813,339991,NPO,,05.11.2021,Cash,Unlisted,n.a.
1133.,1941340924,POWERTEAM SERVICES LLC,US,MMN INFRASTRUCTURE SERVICES LLC,US,Acquisition 100%,Completed,"850,000.00",09.04.2020,100.00000,0.00000,100.00000,237120,237120,,,03.02.2020,Cash,Unlisted,"850,000"
1134.,1941023911,DFB HEALTHCARE ACQUISITIONS CORPORATION,US,ADAPTHEALTH HOLDINGS LLC,US,Acquisition 100%,Completed,"846,000.00",08.11.2019,100.00000,0.00000,100.00000,446199,525990,AHCO,,08.04.2019,Shares,Unlisted,"493,000"
,,,,,,,,,,,,,,,,,,Cash,,"353,000"
,,,,,,,,,,,,,,,,,,Earn-out,,"3,000"
1135.,1941281421,SHISEIDO AMERICAS CORPORATION,US,DRUNK ELEPHANT HOLDINGS LLC,US,Acquisition 100%,Completed,"845,000.00",06.11.2019,100.00000,0.00000,100.00000,325620,325620,,,08.10.2019,,Unlisted,n.a.
1136.,1941631833,"AMES COMPANIES INC., THE",US,HUNTER FAN COMPANY,US,Acquisition 100%,Completed,"845,000.00",24.01.2022,100.00000,0.00000,100.00000,333413,332216,,,20.12.2021,Cash,Unlisted,"130,000"
,,,,,,,,,,,,,,,,,,Cash Reserves,,n.a.
1137.,1939050298,ONTO INNOVATION INC.,US,RUDOLPH TECHNOLOGIES INC.,US,Acquisition 100%,Completed,"842,615.00",25.10.2019,100.00000,0.00000,100.00000,511210,334513,ONTO,RTEC,24.06.2019,Shares,Delisted,"842,615"
1138.,1941491871,MCAP ACQUISITION CORPORATION,US,ADTHEORENT HOLDING COMPANY LLC,US,Acquisition 100%,Completed,"841,039.00",22.12.2021,100.00000,0.00000,100.00000,518210,525990,ADTH,,27.07.2021,Earn-out,Unlisted,"95,000"
,,,,,,,,,,,,,,,,,,Shares,,n.a.
,,,,,,,,,,,,,,,,,,Cash,,n.a.
1139.,2007102003,DRA FUND X-B LLC AND KATZ PROPERTIES RETAIL'S JOINT VENTURE,US,CEDAR REALTY TRUST INC.'S 33 GROCERY-ANCHORED SHOPPING CENTERS,US,Acquisition 100%,Completed,"840,000.00",07.08.2022,100.00000,0.00000,100.00000,531120,531120,,,03.02.2022,Cash,Unlisted,"840,000"
,,,,CEDAR REALTY TRUST INC.'S REDEVELOPMENT PROPERTY,US,,,,,100.00000,0.00000,100.00000,531120,,,,,,Unlisted,
1140.,2007488493,BLUE YONDER GROUP INC.,US,ONE NETWORK ENTERPRISES INC.,US,Acquisition 100%,Completed,"839,000.00",02.08.2024,100.00000,0.00000,100.00000,518210,541511,JDAS,,29.03.2024,,Unlisted,n.a.
1141.,2007826571,SEVITA LLC,US,BRIGHTSPRING HEALTH SERVICES INC.'S COMMUNITY LIVING BUSINESS,US,Acquisition 100%,Completed,"835,000.00",31.03.2026,100.00000,0.00000,100.00000,621111,621610,,,20.01.2025,Cash,Unlisted,"835,000"
1142.,1941675180,DAVE & BUSTER'S ENTERTAINMENT INC.,US,MAIN EVENT ENTERTAINMENT INC.,US,Acquisition 100%,Completed,"835,000.00",29.06.2022,100.00000,0.00000,100.00000,713110,722511,PLAY,,06.04.2022,Cash Reserves,Unlisted,n.a.
,,,,,,,,,,,,,,,,,,Liabilities,,n.a.
,,,,,,,,,,,,,,,,,,Cash,,"835,000"
1143.,1941662499,IANTHUS NEW JERSEY LLC,US,MPX NEW JERSEY LLC,US,Acquisition 99%,Completed,"835,000.00",01.02.2022,99.00000,0.00000,99.00000,453998,453998,,,01.02.2022,Converted Debt,Unlisted,n.a.
1144.,1941448588,GFL HOLDCO (US) LLC,US,"ADVANCED DISPOSAL SERVICES INC.'S AND WASTE MANAGEMENT INC.'S VERTICALLY INTEGRATED SOLID WASTE COLLECTION, TRANSFER, RECYCLING AND DISPOSAL ASSETS",US,Acquisition 100%,Completed,"835,000.00",30.10.2020,100.00000,0.00000,100.00000,562219,562998,,,24.06.2020,Cash,Unlisted,"835,000"
,,,,,,,,,,,,,,,,,,Cash Reserves,,n.a.
1145.,2007322375,INSTRUCTURE HOLDINGS INC.,US,PCS HOLDINGS LLC,US,Acquisition 100%,Completed,"835,000.00",01.02.2024,100.00000,0.00000,100.00000,518210,518210,INST,,30.10.2023,Cash Reserves,Unlisted,n.a.
,,,,,,,,,,,,,,,,,,Cash,,"835,000"
1146.,1941586582,ABM INDUSTRIES INC.,US,CROWN BUILDING MAINTENANCE COMPANY,US,Acquisition 100%,Completed,"830,000.00",30.09.2021,100.00000,0.00000,100.00000,236220,561210,ABM,,25.08.2021,Cash,Unlisted,"830,000"
,,,,CROWN ENERGY SERVICES INC.,US,,,,,100.00000,0.00000,100.00000,541690,,,,,Cash Reserves,Unlisted,n.a.
1147.,1941600296,OYSTER ACQUISITION COMPANY INC.,US,FLEXION THERAPEUTICS INC.,US,Acquisition 100%,Completed,"829,820.00",19.11.2021,100.00000,0.00000,100.00000,541713,541713,,FLXN,11.10.2021,Cash,Delisted,"829,820"
,,,,,,,,,,,,,,,,,,Cash Reserves,,n.a.
,,,,,,,,,,,,,,,,,,Earn-out,,"402,337"
1148.,1941203585,CIE ROOF SYSTEMS SL,ES,US ROOF LLC,US,Acquisition 100%,Completed,"829,567.97",06.05.2019,100.00000,0.00000,100.00000,336390,335312,,,17.09.2018,,Unlisted,n.a.
,,CIE AUTOMOTIVE USA INC.,US,INTEVA HOLDING BV,NL,,,,,100.00000,0.00000,100.00000,336390,335312,,,,,Unlisted,
,,,,INTEVA PRODUCTS USA LLC,US,,,,,100.00000,0.00000,100.00000,336390,,,,,,Unlisted,
,,,,INTEVA PRODUCTS NETHERLANDS 2 BV,NL,,,,,100.00000,0.00000,100.00000,336390,,,,,,Unlisted,
,,,,INTEVA SOUTH AFRICA LLC,US,,,,,100.00000,0.00000,100.00000,336390,,,,,,Unlisted,
1149.,2008003216,SEACOAST BANKING CORPORATION OF FLORIDA,US,VILLAGES BANCORPORATION INC.,US,Acquisition 100%,Completed,"829,000.00",01.10.2025,100.00000,0.00000,100.00000,522110,522110,SBCF,,30.05.2025,Cash,Unlisted,n.a.
,,,,,,,,,,,,,,,,,,Shares,,n.a.
1150.,1941425712,KBR WYLE SERVICES LLC,US,CENTAURI PLATFORM HOLDINGS LLC,US,Acquisition 100%,Completed,"827,000.00",01.10.2020,100.00000,0.00000,100.00000,541715,541330,,,19.08.2020,Cash,Unlisted,"827,000"
,,,,,,,,,,,,,,,,,,Cash Reserves,,n.a.
1151.,1941627503,ADT INC.,US,MARC JONES CONSTRUCTION LLC,US,Acquisition 100%,Completed,"825,000.00",09.12.2021,100.00000,0.00000,100.00000,333414,541690,ADT,,09.11.2021,Shares,Unlisted,n.a.
,,,,,,,,,,,,,,,,,,Cash,,"160,000"
1152.,2008172131,HUBBELL INC.,US,DMC POWER INC.,US,Acquisition 100%,Completed,"825,000.00",01.10.2025,100.00000,0.00000,100.00000,335313,335313,HUBB,,12.08.2025,Bonds,Unlisted,n.a.
,,,,,,,,,,,,,,,,,,Cash,,"825,000"
,,,,,,,,,,,,,,,,,,Cash Reserves,,n.a.
1153.,2008459831,MIRUM PHARMACEUTICALS INC.,US,BLUEJAY THERAPEUTICS INC.,US,Acquisition 100%,Completed,"820,000.00",26.01.2026,100.00000,0.00000,100.00000,541713,541713,MIRM,,08.12.2025,Earn-out,Unlisted,"200,000"
,,,,,,,,,,,,,,,,,,Shares,,"370,000"
,,,,,,,,,,,,,,,,,,Cash,,"450,000"
1154.,1941425170,AKUMIN CORPORATION,US,THAIHOT INVESTMENT COMPANY US LTD,US,Acquisition 100%,Completed,"820,000.00",01.09.2021,100.00000,0.00000,100.00000,621512,621512,,,25.06.2021,Third party shares,Unlisted,"42,386"
,,,,,,,,,,,,,,,,,,Cash Reserves,,n.a.
,,,,,,,,,,,,,,,,,,Cash,,"777,614"
1155.,2007529133,PERMIAN RESOURCES CORPORATION,US,OCCIDENTAL PETROLEUM CORPORATION'S BARILLA DRAW ASSETS IN PERMIAN BASIN,US,Acquisition 100%,Completed,"817,500.00",17.09.2024,100.00000,0.00000,100.00000,211120,211120,PR,,29.07.2024,Cash Reserves,Unlisted,n.a.
,,,,,,,,,,,,,,,,,,Cash,,"817,500"
1156.,1941565199,PACIFIC BIOSCIENCES OF CALIFORNIA INC.,US,OMNIOME INC.,US,Acquisition 100%,Completed,"816,000.00",20.09.2021,100.00000,0.00000,100.00000,541715,334516,PACB,,20.07.2021,Liabilities,Unlisted,n.a.
,,,,,,,,,,,,,,,,,,Cash assumed,,n.a.
,,,,,,,,,,,,,,,,,,Shares,,"400,000"
,,,,,,,,,,,,,,,,,,Earn-out,,"200,000"
,,,,,,,,,,,,,,,,,,Cash,,"416,000"
1157.,2007339749,MACH NATURAL RESOURCES LP,US,PALOMA PARTNERS IV LLC'S CERTAIN OIL AND GAS ASSETS IN OKLAHOMA,US,Acquisition 100%,Completed,"815,000.00",28.12.2023,100.00000,0.00000,100.00000,213112,211120,MNR,,13.11.2023,Cash,Unlisted,"815,000"
1158.,2007558360,NORDSON CORPORATION,US,ATRION CORPORATION,US,Acquisition 100%,Completed,"815,000.00",21.08.2024,100.00000,0.00000,100.00000,339112,333914,NDSN,ATRI,28.05.2024,Liabilities,Delisted,n.a.
,,,,,,,,,,,,,,,,,,Cash Reserves,,n.a.
,,,,,,,,,,,,,,,,,,Cash,,"815,000"
1159.,1941613756,CBTX INC.,US,ALLEGIANCE BANCSHARES INC.,US,Acquisition 100%,Completed,"811,312.00",30.09.2022,100.00000,0.00000,100.00000,522110,522110,STEL,ABTX,08.11.2021,Shares,Delisted,"811,312"
1160.,2008475755,CVB FINANCIAL CORPORATION,US,HERITAGE COMMERCE CORPORATION,US,Acquisition 100%,Completed,"811,000.00",17.04.2026,100.00000,0.00000,100.00000,522110,522110,CVBF,HTBK,17.12.2025,Shares,Delisted,"811,000"
1161.,1941434525,FINTECH ACQUISITION CORPORATION IV,US,PWP HOLDINGS LP,US,Acquisition 100%,Completed,"810,600.00",24.06.2021,100.00000,0.00000,100.00000,523110,525990,PWP,,30.12.2020,Liabilities,Unlisted,"200,000"
,,,,,,,,,,,,,,,,,,Shares,,"500,600"
,,,,,,,,,,,,,,,,,,Cash,,"110,000"
1162.,2008083431,TOPBUILD CORPORATION,US,PROGRESSIVE SERVICES INC.,US,Acquisition 100%,Completed,"810,000.00",15.07.2025,100.00000,0.00000,100.00000,238160,238310,BLD,,08.07.2025,Cash Reserves,Unlisted,n.a.
,,,,,,,,,,,,,,,,,,Cash,,"810,000"
1163.,2007035123,EVOLENT HEALTH INC.,US,NATIONAL IMAGING ASSOCIATES INC.,US,Acquisition 100%,Completed,"810,000.00",20.01.2023,100.00000,0.00000,100.00000,541618,518210,EVH,,17.11.2022,Cash,Unlisted,n.a.
,,,,MAGELLAN HEALTH INC.'S CERTAIN ASSETS OF THE MAGELLAN SPECIALTY HEALTH DIVISION,US,,,,,100.00000,0.00000,100.00000,621999,,,,,Shares,Unlisted,n.a.
,,,,,,,,,,,,,,,,,,Earn-out,,"150,000"
,,,,,,,,,,,,,,,,,,Cash Reserves,,n.a.
1164.,1941215895,E&J GALLO WINERY,US,CONSTELLATION BRANDS INC.'S PORTION OF WINE AND SPIRITS PORTFOLIO,US,Acquisition 100%,Completed,"810,000.00",05.01.2021,100.00000,0.00000,100.00000,312130,312130,,,03.04.2019,Earn-out,Unlisted,"250,000"
,,,,,,,,,,,,,,,,,,Cash,,n.a.
1165.,2007122774,KNIGHT-SWIFT TRANSPORTATION HOLDINGS INC.,US,US XPRESS ENTERPRISES INC.,US,Acquisition 100%,Completed,"808,000.00",01.07.2023,100.00000,0.00000,100.00000,484121,484121,KNX,USX,21.03.2023,Liabilities,Delisted,"484,000"
,,,,,,,,,,,,,,,,,,Cash,,"324,000"
1166.,1941417538,FORUM MERGER III CORPORATION,US,ELECTRIC LAST MILE INC.,US,Acquisition 100%,Completed,"808,000.00",25.06.2021,100.00000,0.00000,100.00000,336111,525990,ELMSQ,,11.12.2020,Shares,Unlisted,"808,000"
,,,,,,,,,,,,,,,,,,Earn-out,,"50,000"
1167.,1941603044,FRANKLIN BSP REALTY TRUST INC.,US,CAPSTEAD MORTGAGE CORPORATION,US,Acquisition 100%,Completed,"806,990.00",19.10.2021,100.00000,0.00000,100.00000,531110,531120,FBRT,CMO,26.07.2021,Cash,Delisted,n.a.
,,,,,,,,,,,,,,,,,,Cash assumed,,"258,000"
,,,,,,,,,,,,,,,,,,Shares,,n.a.
,,,,,,,,,,,,,,,,,,Liabilities,,"100,000"
1168.,2008459218,NORTHERN OIL AND GAS INC.,US,"ANTERO RESOURCES CORPORATION, ANTERO MINERALS LLC AND MONROE PIPELINE LLC'S UPSTREAM ASSETS",US,Acquisition 100%,Completed,"800,000.00",23.02.2026,100.00000,0.00000,100.00000,211120,211120,NOG,,08.12.2025,Cash,Unlisted,"800,000"
,,INFINITY NATURAL RESOURCES LLC,US,,,,,,,,,,,211120,,,,Cash Reserves,,n.a.
1169.,2008355442,INTUITIVE MACHINES LLC,US,LANTERIS SPACE HOLDINGS LLC,US,Acquisition 100%,Completed,"800,000.00",13.01.2026,100.00000,0.00000,100.00000,334220,927110,,,04.11.2025,Cash,Unlisted,"450,000"
,,,,,,,,,,,,,,,,,,Shares,,"350,000"
1170.,2007626356,BLUE OWL CAPITAL INC.,US,ATALAYA CAPITAL MANAGEMENT LP'S ASSETS,US,Acquisition 100%,Completed,"800,000.00",30.09.2024,100.00000,0.00000,100.00000,523910,523920,OWL,,16.07.2024,Earn-out,Unlisted,"350,000"
,,,,,,,,,,,,,,,,,,Cash,,"100,000"
,,,,,,,,,,,,,,,,,,Shares,,"700,000"
1171.,2007576207,NORDSON CORPORATION,US,ATRION CORPORATION,US,Acquisition 100%,Completed,"800,000.00",21.08.2024,100.00000,0.00000,100.00000,339112,333914,NDSN,ATRI,28.05.2024,Cash Reserves,Delisted,n.a.
,,,,,,,,,,,,,,,,,,Liabilities,,n.a.
,,,,,,,,,,,,,,,,,,Cash,,"800,000"
1172.,2007367168,INSIGHT ENTERPRISES INC.,US,SADA INC.,US,Acquisition 100%,Completed,"800,000.00",01.12.2023,100.00000,0.00000,100.00000,541511,511210,NSIT,,01.12.2023,Earn-out,Unlisted,"390,000"
1173.,2007206159,OMNIA PARTNERS LLC,US,NON-HEALTHCARE HOLDINGS LLC,US,Acquisition 100%,Completed,"800,000.00",25.07.2023,100.00000,0.00000,100.00000,541611,541618,,,14.06.2023,Cash,Unlisted,"800,000"
1174.,2007194922,PATTERSON-UTI ENERGY INC.,US,ULTERRA DRILLING TECHNOLOGIES LP,US,Acquisition 100%,Completed,"800,000.00",14.08.2023,100.00000,0.00000,100.00000,333132,213111,PTEN,,05.07.2023,Cash,Unlisted,"370,000"
,,,,,,,,,,,,,,,,,,Shares,,"429,968"
,,,,,,,,,,,,,,,,,,Cash Reserves,,n.a.
1175.,2007167083,RHP PROPERTY SA LLC,US,JW MARRIOTT SAN ANTONIO HILL COUNTRY RESORT & SPA,US,Acquisition 100%,Completed,"800,000.00",30.06.2023,100.00000,0.00000,100.00000,721110,531110,,,05.06.2023,Cash Reserves,Unlisted,n.a.
,,,,,,,,,,,,,,,,,,Cash,,n.a.
1176.,2007162663,OSHKOSH CORPORATION,US,AEROTECH CORPORATION,US,Acquisition 100%,Completed,"800,000.00",01.08.2023,100.00000,0.00000,100.00000,488190,336120,OSK,,26.05.2023,Cash Reserves,Unlisted,n.a.
,,,,JOHN BEAN TECHNOLOGIES CORPORATION'S CERTAIN ASSETS,US,,,,,100.00000,0.00000,100.00000,333415,,,,,Cash,Unlisted,"800,000"
1177.,2007041873,FORTUNE BRANDS INNOVATIONS INC.,US,ASSA ABLOY INC.'S EMTEK AND SHAUB DOOR AND CABINET BUSINESS,US,Acquisition 100%Acquisition unknown % and 100%Acquisition unknown % and 100%,Completed,"800,000.00",20.06.2023,100.00000,0.00000,100.00000,335210,337110,FBIN,,01.12.2022,Cash Reserves,Unlisted,n.a.
,,,,ASSA ABLOY INC.'S US YALE AND AUGUST RESIDENTIAL SMART HOME LOCKS BUSINESS,,,,,,100.00000,0.00000,100.00000,334519,,,,,Cash,Unlisted,"800,000"
,,,,ASSA ABLOY INC.'S CANADIAN YALE AND AUGUST RESIDENTIAL SMART HOME LOCKS BUSINESS,CA,,,,,100.00000,0.00000,100.00000,334519,,,,,,Unlisted,
1178.,1941693147,BKV CORPORATION,US,XTO ENERGY INC.'S NATURAL GAS AND MIDSTREAM ASSETS IN THE BARNETT SHALE,US,Acquisition 100%,Completed,"800,000.00",01.07.2022,100.00000,0.00000,100.00000,213112,211120,BKV,,20.05.2022,Cash Reserves,Unlisted,n.a.
,,,,BARNETT GATHERING LLC'S NATURAL GAS AND MIDSTREAM ASSETS IN THE BARNETT SHALE,US,,,,,100.00000,0.00000,100.00000,221210,,,,,Earn-out,Unlisted,"50,000"
,,,,,,,,,,,,,,,,,,Cash,,n.a.
1179.,1941637878,PLANET FITNESS INC.,US,SUNSHINE FITNESS GROWTH HOLDINGS LLC,US,Acquisition 100%,Completed,"800,000.00",10.02.2022,100.00000,0.00000,100.00000,713940,713940,PLNT,,11.01.2022,Cash,Unlisted,"425,000"
,,PLA-FIT HOLDINGS LLC,US,,,,,,,,,,,713940,,,,Shares,,"375,000"
1180.,1941575184,CHARDAN NEXTECH ACQUISITION 2 CORPORATION,US,DRAGONFLY ENERGY CORPORATION,US,Acquisition 100%,Completed,"800,000.00",07.10.2022,100.00000,0.00000,100.00000,335911,525990,DFLI,,16.05.2022,Shares,Unlisted,"800,000"
,,,,,,,,,,,,,,,,,,Earn-out,,"400,000"
1181.,1941566701,TABOOLA INC.,US,SHOP HOLDING CORPORATION,US,Acquisition 100%,Completed,"800,000.00",01.09.2021,100.00000,0.00000,100.00000,551114,518210,,,23.07.2021,Earn-out,Unlisted,n.a.
,,,,,,,,,,,,,,,,,,Shares,,"240,000"
,,,,,,,,,,,,,,,,,,Cash,,"560,000"
,,,,,,,,,,,,,,,,,,Cash Reserves,,n.a.
1182.,1941556263,2U INC.,US,CIRCUIT SUB LLC,US,Acquisition 100%,Completed,"800,000.00",16.11.2021,100.00000,0.00000,100.00000,518210,518210,TWOUQ,,29.06.2021,Cash,Unlisted,"800,000"
,,,,,,,,,,,,,,,,,,Cash Reserves,,n.a.
1183.,1941499754,INTERPRIVATE II ACQUISITION CORPORATION,US,GETAROUND INC.,US,Acquisition 100%,Completed,"800,000.00",09.12.2022,100.00000,0.00000,100.00000,518210,525990,GETR,,11.05.2022,Shares,Unlisted,"800,000"
1184.,1941466788,MCCORMICK & COMPANY INC.,US,SPICY LIQUID LLC,US,Acquisition 100%,Completed,"800,000.00",30.11.2020,100.00000,0.00000,100.00000,311941,311942,MKC,,24.11.2020,Cash,Unlisted,"800,000"
1185.,1941419881,ALPHA HEALTHCARE ACQUISITION CORPORATION,US,HUMACYTE INC.,US,Acquisition 100%,Completed,"800,000.00",26.08.2021,100.00000,0.00000,100.00000,541713,525990,AHAC,,17.02.2021,Shares,Unlisted,"800,000"
,,,,,,,,,,,,,,,,,,Earn-out,,n.a.
1186.,1941643006,KENSINGTON CAPITAL ACQUISITION CORPORATION IV,US,AMPRIUS TECHNOLOGIES INC. (OLD),US,Acquisition 100%,Completed,"800,000.00",14.09.2022,100.00000,0.00000,100.00000,335912,525990,AMPX,,12.05.2022,Shares,Unlisted,"800,000"
1187.,1941636297,VICTORY CAPITAL HOLDINGS INC.,US,WESTEND ADVISORS LLC,US,Acquisition 100%,Completed,"800,000.00",31.12.2021,100.00000,0.00000,100.00000,523920,523920,VCTR,,04.11.2021,Earn-out,Unlisted,"320,000"
1188.,1941461901,PALO ALTO NETWORKS INC.,US,EXPANSE HOLDING COMPANY INC.,US,Acquisition 100%,Completed,"800,000.00",15.12.2020,100.00000,0.00000,100.00000,518210,518210,PANW,,11.11.2020,Shares,Unlisted,n.a.
,,,,,,,,,,,,,,,,,,Earn-out,,n.a.
,,,,,,,,,,,,,,,,,,Cash,,n.a.
1189.,2008512676,EDWARDS LIFESCIENCES CORPORATION,US,ENDOTRONIX INC.,US,Acquisition increased from 7% to 100%,Completed,"798,800.00",19.08.2024,93.00000,7.00000,100.00000,339112,339113,EW,,24.07.2024,Earn-out,Unlisted,"2,000"
,,,,,,,,,,,,,,,,,,Cash,,n.a.
1190.,2007815078,FLOWERS FOODS INC.,US,SIMPLE MILLS INC.,US,Acquisition 100%,Completed,"795,000.00",21.02.2025,100.00000,0.00000,100.00000,311821,311812,FLO,,08.01.2025,Liabilities,Unlisted,n.a.
,,,,,,,,,,,,,,,,,,Cash,,"795,000"
1191.,2007351932,PANDA MERGER SUB LLC,US,PZENA INVESTMENT MANAGEMENT INC.,US,Acquisition 100%,Completed,"795,000.00",31.10.2022,100.00000,0.00000,100.00000,523920,525990,,PZN,26.07.2022,Cash,Delisted,"795,000"
,,,,,,,,,,,,,,,,,,Liabilities,,n.a.
1192.,2008031379,SUPERNUS PHARMACEUTICALS INC.,US,SAGE THERAPEUTICS INC.,US,Acquisition 100%,Completed,"795,000.00",30.07.2025,100.00000,0.00000,100.00000,541713,325412,SUPN,SAGE,16.06.2025,Cash,Delisted,"795,000"
,,,,,,,,,,,,,,,,,,Earn-out,,"234,000"
,,,,,,,,,,,,,,,,,,Cash Reserves,,n.a.
1193.,2007490539,MIURA INTERNATIONAL AMERICAS INC.,US,CBE ENTERPRISES INC.,US,Acquisition 100%,Completed,"794,000.00",15.05.2024,100.00000,0.00000,100.00000,551114,332410,,,29.03.2024,Cash,Unlisted,"794,000"
1194.,2007211831,CAMBIUM LEARNING GROUP INC.,US,ROSETTA STONE INC.,US,Acquisition 100%,Completed,"792,000.00",15.10.2020,100.00000,0.00000,100.00000,518210,511210,ABCD,RST,31.08.2020,Cash,Delisted,"792,000"
1195.,1941412167,CAMBIUM HOLDING CORPORATION,US,ROSETTA STONE INC.,US,Acquisition 100%,Completed,"792,000.00",15.10.2020,100.00000,0.00000,100.00000,518210,511210,,RST,31.08.2020,Cash,Delisted,"792,000"
1196.,1941455238,DIAMONDPEAK HOLDINGS CORPORATION,US,LORDSTOWN MOTORS CORPORATION,US,Acquisition 100%,Completed,"790,000.00",23.10.2020,100.00000,0.00000,100.00000,336111,525990,NRDE,,03.08.2020,Cash,Unlisted,n.a.
,,,,,,,,,,,,,,,,,,Shares,,"790,000"
1197.,2007497150,TRADEWEB MARKETS LLC,US,ICD INTERMEDIATE HOLDCO 1 LLC,US,Acquisition 100%,Completed,"785,000.00",01.08.2024,100.00000,0.00000,100.00000,511210,518210,,,08.04.2024,Cash,Unlisted,"785,000"
,,,,SCIC - ICD BLOCKER 1 INC.,US,,,,,100.00000,0.00000,100.00000,525990,,,,,Cash Reserves,Unlisted,n.a.
,,,,PARTHENON INVESTORS V ICD BLOCKER INC.,US,,,,,100.00000,0.00000,100.00000,525990,,,,,,Unlisted,
1198.,2007483953,CITY PUBLIC SERVICE OF SAN ANTONIO,US,TALEN ENERGY CORPORATION'S 897 MW BARNEY DAVIS FACILITY,US,Acquisition 100%,Completed,"785,000.00",01.05.2024,100.00000,0.00000,100.00000,221118,221118,,,27.03.2024,,Unlisted,n.a.
,,,,TALEN ENERGY CORPORATION'S 635 MW NUECES BAY NATURAL GAS-FIRED GENERATION FACILITY,US,,,,,100.00000,0.00000,100.00000,221118,,,,,,Unlisted,
,,,,TALEN ENERGY CORPORATION'S 178 MW NATURAL GAS-FIRED GENERATION FACILITY,US,,,,,100.00000,0.00000,100.00000,221118,,,,,,Unlisted,
1199.,2008336548,FIRSTSUN CAPITAL BANCORP,US,FIRST FOUNDATION INC.,US,Acquisition 100%,Completed,"785,000.00",01.04.2026,100.00000,0.00000,100.00000,522110,522110,FSUN,FFWM,27.10.2025,Cash,Delisted,"17,500"
,,,,,,,,,,,,,,,,,,Shares,,"767,500"
1200.,1941652481,BILLERUDKORSNAS INC.,US,VERSO CORPORATION,US,Acquisition 100%,Completed,"784,682.00",31.03.2022,100.00000,0.00000,100.00000,322299,322219,,0F27,19.12.2021,Cash,Delisted,"784,682"
1201.,1941498286,LIVEVOX HOLDINGS INC.,US,LIVEVOX HOLDINGS INC. (OLD),US,Acquisition 100%,Completed,"784,000.00",18.06.2021,100.00000,0.00000,100.00000,518210,518210,LVOXU,,14.01.2021,Cash,Unlisted,"220,000"
,,,,,,,,,,,,,,,,,,Shares,,"564,000"
,,,,,,,,,,,,,,,,,,Earn-out,,"50,000"
1202.,2008359424,JABIL INC.,US,HANLEY ENERGY LLC,US,Acquisition 100%,Completed,"783,000.00",02.01.2026,100.00000,0.00000,100.00000,541690,334419,JBL,,04.11.2025,Cash,Unlisted,"783,000"
,,,,,,,,,,,,,,,,,,Earn-out,,"58,000"
1203.,2007118283,RCC MERGER SUB LLC,US,BROADMARK REALTY CAPITAL INC.,US,Acquisition 100%,Completed,"777,852.00",01.06.2023,100.00000,0.00000,100.00000,531120,551114,,BRMK,27.02.2023,Shares,Delisted,"777,852"
1204.,2007969107,ORIX USA CORPORATION,US,HILCO TRADING LLC,US,Acquisition 71.4%,Completed,"776,000.00",02.09.2025,71.40000,0.00000,71.40000,523930,523910,,,03.07.2025,,Unlisted,n.a.
1205.,1941503703,BRIGHTSPRING HEALTH SERVICES,US,ABODE HEALTHCARE COLORADO INC.,US,Acquisition 100%,Completed,"775,000.00",16.04.2021,100.00000,0.00000,100.00000,621610,621111,,,16.04.2021,,Unlisted,n.a.
1206.,1941428928,TWO FISH LLC,US,SIGNAL SCIENCES CORPORATION,US,Acquisition 100%,Completed,"775,000.00",01.10.2020,100.00000,0.00000,100.00000,518210,518210,,,27.08.2020,Third party shares,Unlisted,"575,000"
,,,,,,,,,,,,,,,,,,Cash,,"200,000"
1207.,2007617742,VIRGIN MUSIC GROUP,US,DOWNTOWN MUSIC HOLDINGS LLC,US,Acquisition 100%,Completed,"775,000.00",20.02.2026,100.00000,0.00000,100.00000,512230,512230,,,16.12.2024,Cash,Unlisted,"775,000"
1208.,1941278917,US STEEL HOLDCO LLC,US,BIG RIVER STEEL HOLDINGS LLC,US,Acquisition increased from 49.9% to 100%,Completed,"774,000.00",15.01.2021,50.10000,49.90000,100.00000,331110,331110,,,08.12.2020,Cash,Unlisted,"774,000"
,,,,,,,,,,,,,,,,,,Cash Reserves,,n.a.
1209.,1941609736,WORLD FUEL SERVICES INC.,US,FLYERS ENERGY GROUP LLC,US,Acquisition 100%,Completed,"773,000.00",03.01.2022,100.00000,0.00000,100.00000,447110,424720,,,28.10.2021,Shares,Unlisted,n.a.
,,,,,,,,,,,,,,,,,,Deferred payment,,n.a.
,,,,,,,,,,,,,,,,,,Cash Reserves,,n.a.
,,,,,,,,,,,,,,,,,,Cash,,n.a.
1210.,2008246171,MACH NATURAL RESOURCES LP,US,SIMCOE LLC,US,Acquisition 100%,Completed,"770,700.00",16.09.2025,100.00000,0.00000,100.00000,211120,211120,MNR,,10.07.2025,Shares,Unlisted,"445,700"
,,,,SIMLOG LLC,US,,,,,100.00000,0.00000,100.00000,211120,,,,,Cash,Unlisted,"325,000"
,,,,,,,,,,,,,,,,,,Cash Reserves,,n.a.
1211.,1941733551,ALCON RESEARCH LLC,US,AERIE PHARMACEUTICALS INC.,US,Acquisition 100%,Completed,"770,000.00",22.11.2022,100.00000,0.00000,100.00000,541715,339115,,AERI,22.08.2022,Cash,Delisted,"770,000"
1212.,2008669463,SOUTH TEXAS ELECTRIC COOPERATIVE INC.,US,PROENERGY SERVICES INTERNATIONAL LLC'S BRAES BAYOU AND BROTMAN GENERATING STATIONS,US,Acquisition 100%,Completed,"768,000.00",10.04.2026,100.00000,0.00000,100.00000,213112,221122,,,10.04.2026,,Unlisted,n.a.
1213.,2007595341,KINETIK HOLDINGS INC.,US,DURANGO PERMIAN LLC,US,Acquisition 100%,Completed,"765,000.00",24.06.2024,100.00000,0.00000,100.00000,221210,486210,KNTK,,09.05.2024,Cash,Unlisted,"390,000"
,,,,,,,,,,,,,,,,,,Shares,,"450,000"
,,,,,,,,,,,,,,,,,,Earn-out,,"75,000"
1214.,2008058775,TRANSDIGM GROUP INC.,US,SIMMONDS PRECISION PRODUCTS INC.,US,Acquisition 100%,Completed,"765,000.00",06.10.2025,100.00000,0.00000,100.00000,336413,336413,TDG,,30.06.2025,Cash Reserves,Unlisted,n.a.
,,,,,,,,,,,,,,,,,,Cash,,"765,000"
1215.,2007183956,SHENANDOAH ACQUISITION CORPORATION,US,SIGILON THERAPEUTICS INC.,US,Acquisition 100%,Completed,"764,583.00",14.08.2023,100.00000,0.00000,100.00000,541713,551114,,,29.06.2023,Cash,Unlisted,"764,583"
,,,,,,,,,,,,,,,,,,Earn-out,,"485,270"
1216.,1941429810,HIGHPEAK ENERGY INC.,US,HPK ENERGY LP,US,Acquisition 100%,Completed,"763,831.00",21.08.2020,100.00000,0.00000,100.00000,531312,211120,HPK,,04.05.2020,Shares,Unlisted,"763,831"
1217.,1941739185,MEDICAL PROPERTIES TRUST INC.,US,SPRINGSTONE LLC'S 18 INPATIENT BEHAVIOURAL HEALTH HOSPITAL FACILITIES,US,Acquisition 100%,Completed,"760,000.00",19.10.2021,100.00000,0.00000,100.00000,622210,531120,MPW,,14.06.2021,Cash,Unlisted,"760,000"
,,MR GREG MILLER,,,,,,,,,,,,525920,,,,Cash Reserves,,n.a.
,,MR BILL WILCOX,US,,,,,,,,,,,525920,,,,,,
,,MR PHIL SPENCER,US,,,,,,,,,,,525920,,,,,,
1218.,1941519660,IQVIA HOLDINGS INC.,US,Q2 SOLUTIONS LLC,US,Acquisition increased from 60% to 100%,Completed,"760,000.00",01.04.2021,40.00000,60.00000,100.00000,541380,541713,IQV,,01.04.2021,Cash,Unlisted,"760,000"
,,,,,,,,,,,,,,,,,,Cash Reserves,,n.a.
1219.,1941248868,PEOPLE'S UNITED FINANCIAL INC.,US,UNITED FINANCIAL BANCORP INC.,US,Acquisition 100%,Completed,"759,000.00",01.11.2019,100.00000,0.00000,100.00000,522110,522110,PBCT,UBNK,15.07.2019,Shares,Delisted,"759,000"
1220.,2008325179,E&J GALLO WINERY,US,FOUR ROSES DISTILLERY LLC,US,Acquisition 100%,Completed,"756,569.08",02.04.2026,100.00000,0.00000,100.00000,312140,312130,,,06.02.2026,Earn-out,Unlisted,"50,438"
1221.,1943277487,ECO MATERIAL TECHNOLOGIES INC.,US,BORAL LTD'S NORTH AMERICAN FLY ASH BUSINESS,US,Acquisition 100%,Completed,"755,000.00",11.02.2022,100.00000,0.00000,100.00000,327120,327999,,,06.12.2021,,Unlisted,n.a.
1222.,1941167370,AMERIS BANCORP,US,FIDELITY SOUTHERN CORPORATION,US,Acquisition 100%,Completed,"750,700.00",01.07.2019,100.00000,0.00000,100.00000,522110,522110,ABCB,LION,17.12.2018,Shares,Delisted,"750,700"
1223.,2007442780,DRAFTKINGS HOLDINGS INC.,US,JACKPOCKET INC.,US,Acquisition 100%,Completed,"750,000.00",22.05.2024,100.00000,0.00000,100.00000,511210,518210,DKNG,,15.02.2024,Shares,Unlisted,"337,500"
,,,,,,,,,,,,,,,,,,Cash,,"412,500"
1224.,2007158741,BLACKSTONE TACTICAL OPPORTUNITIES ADVISORS LLC,US,NEW TRADITION MEDIA LLC,US,Acquisition unknown majority stake %,Completed,"750,000.00",12.06.2023,Unknown majority,0.00000,Unknown majority,541850,523920,,,12.06.2023,,Unlisted,n.a.
1225.,1941635255,BLACKBAUD INC.,US,EVERFI INC.,US,Acquisition 100%,Completed,"750,000.00",03.01.2022,100.00000,0.00000,100.00000,518210,518210,BLKB,,03.01.2022,Cash Reserves,Unlisted,n.a.
,,,,,,,,,,,,,,,,,,Shares,,"300,000"
,,,,,,,,,,,,,,,,,,Cash,,"450,000"
1226.,1941596128,MARBLEGATE ACQUISITION CORPORATION,US,DEPALMA ACQUISITION I LLC,US,Acquisition 100%,Completed,"750,000.00",10.04.2025,100.00000,0.00000,100.00000,523910,525990,GATE,,14.02.2023,Shares,Unlisted,"750,000"
,,,,DEPALMA ACQUISITION II LLC,US,,,,,100.00000,0.00000,100.00000,523910,,,,,,Unlisted,
1227.,2007588348,KOSMOS ENERGY LTD,US,OCCIDENTAL PETROLEUM CORPORATION'S GHANA OFFSHORE JUBILEE AND TEN FIELDS,US,Acquisition 100%,Completed,"750,000.00",31.10.2021,100.00000,0.00000,100.00000,211120,211120,KOS,,13.10.2021,,Unlisted,n.a.
,,GHANA NATIONAL PETROLEUM CORPORATION,GH,,,,,,,,,,,211120,,,,,,
1228.,2007514943,INCYTE CORPORATION,US,ESCIENT PHARMACEUTICALS INC.,US,Acquisition 100%,Completed,"750,000.00",30.05.2024,100.00000,0.00000,100.00000,541713,325412,INCY,,23.04.2024,Cash assumed,Unlisted,n.a.
1229.,2007091151,EVOLENT HEALTH INC.,US,MAGELLAN SPECIALTY HEALTH INC.,US,Acquisition 100%,Completed,"750,000.00",23.01.2023,100.00000,0.00000,100.00000,621999,518210,EVH,,17.11.2022,Cash,Unlisted,n.a.
,,,,,,,,,,,,,,,,,,Earn-out,,"150,000"
,,,,,,,,,,,,,,,,,,Shares,,n.a.
1230.,1941665684,ALLIANCEBERNSTEIN HOLDING LP,US,CARVAL INVESTORS LP,US,Acquisition 100%,Completed,"750,000.00",01.07.2022,100.00000,0.00000,100.00000,523920,523920,AB,,17.03.2022,Earn-out,Unlisted,n.a.
,,,,,,,,,,,,,,,,,,Shares,,n.a.
1231.,1941608004,ALLY FINANCIAL INC.,US,FAIR SQUARE FINANCIAL LLC,US,Acquisition 100%,Completed,"750,000.00",01.12.2021,100.00000,0.00000,100.00000,518210,522110,ALLY,,21.10.2021,Cash,Unlisted,"750,000"
1232.,1941594341,CREATIVE ARTISTS AGENCY LLC,US,INTERNATIONAL CREATIVE MANAGEMENT PARTNERS LLC,US,Acquisition 100%,Completed,"750,000.00",28.06.2022,100.00000,0.00000,100.00000,711410,711410,,,27.09.2021,Cash,Unlisted,"750,000"
1233.,1941583647,THOR INDUSTRIES INC.,US,AIRX INTERMEDIATE INC.,US,Acquisition 100%,Completed,"750,000.00",01.09.2021,100.00000,0.00000,100.00000,336390,336214,THO,,01.09.2021,Cash,Unlisted,"750,000"
,,,,,,,,,,,,,,,,,,Cash Reserves,,n.a.
1234.,1941570530,FOOT LOCKER RETAIL INC.,US,EUROSTAR INC.,US,Acquisition 100%,Completed,"750,000.00",20.09.2021,100.00000,0.00000,100.00000,448210,448210,,,02.08.2021,Cash Reserves,Unlisted,n.a.
,,,,,,,,,,,,,,,,,,Cash,,"750,000"
1235.,1941485550,ECP ENVIRONMENTAL GROWTH OPPORTUNITIES CORPORATION,US,FAST RADIUS INC.,US,Acquisition 100%,Completed,"750,000.00",04.02.2022,100.00000,0.00000,100.00000,518210,525990,FSRDQ,,19.07.2021,Shares,Unlisted,"750,000"
,,,,,,,,,,,,,,,,,,Earn-out,,"100,000"
1236.,1941443051,SPARTACUS ACQUISITION SHELF CORPORATION,US,NEXTNAV HOLDINGS LLC,US,Acquisition 100%,Completed,"750,000.00",28.10.2021,100.00000,0.00000,100.00000,511210,525990,,,10.06.2021,Shares,Unlisted,"750,000"
1237.,1941217960,SKYWALKER PURCHASER LLC,US,TRILOGY EDUCATION SERVICES INC.,US,Acquisition 100%,Completed,"750,000.00",22.05.2019,100.00000,0.00000,100.00000,518210,518210,,,08.04.2019,Cash Reserves,Unlisted,n.a.
,,,,,,,,,,,,,,,,,,Cash,,"400,000"
,,,,,,,,,,,,,,,,,,Third party shares,,"350,000"
1238.,1941198628,ACI WORLDWIDE INC.,US,WESTERN UNION COMPANY'S SPEEDPAY UNITED STATES DOMESTIC BILL PAY BUSINESS,US,Acquisition 100%,Completed,"750,000.00",09.05.2019,100.00000,0.00000,100.00000,522320,511210,ACIW,,28.02.2019,Cash,Unlisted,"750,000"
1239.,1941183829,CACI INTERNATIONAL INC.,US,LGS INNOVATIONS LLC,US,Acquisition 100%,Completed,"750,000.00",01.03.2019,100.00000,0.00000,100.00000,541511,541512,CACI,,30.01.2019,,Unlisted,n.a.
1240.,2007227770,SILVERBOW RESOURCES OPERATING LLC,US,ALPINE SUMMIT ENERGY PARTNERS INC.'S OIL AND GAS ASSETS IN SOUTH TEXAS,US,Acquisition 100%,Completed,"750,000.00",30.11.2023,100.00000,0.00000,100.00000,211120,211120,,,14.08.2023,Cash Reserves,Unlisted,n.a.
,,,,,,,,,,,,,,,,,,Deferred payment,,n.a.
,,,,,,,,,,,,,,,,,,Earn-out,,"50,000"
,,,,,,,,,,,,,,,,,,Cash,,"750,000"
1241.,1941232710,GOLDMAN SACHS GROUP INC.,US,UNITED CAPITAL FINANCIAL PARTNERS INC.,US,Acquisition 100%,Completed,"750,000.00",17.07.2019,100.00000,0.00000,100.00000,523930,523110,GS,,16.05.2019,Cash,Unlisted,"750,000"
1242.,1939047364,KEANE GROUP INC.,US,C&J ENERGY SERVICES INC.,US,Acquisition 100%,Completed,"745,664.00",31.10.2019,100.00000,0.00000,100.00000,213112,213111,NEX,CJ,17.06.2019,Shares,Delisted,"745,664"
1243.,1941332632,PACIFIC PREMIER BANCORP INC.,US,OPUS BANK,US,Acquisition 100%,Completed,"743,900.00",01.06.2020,100.00000,0.00000,100.00000,522110,522110,PPBI,OPB,03.02.2020,Shares,Delisted,"743,900"
1244.,1941475482,FORTUNE BRANDS DOORS INC.,US,LARSON MANUFACTURING COMPANY OF SOUTH DAKOTA INC.,US,Acquisition 100%,Completed,"740,000.00",14.12.2020,100.00000,0.00000,100.00000,332321,551112,,,17.11.2020,Cash Reserves,Unlisted,n.a.
,,,,,,,,,,,,,,,,,,Cash,,"740,000"
1245.,1941242366,VALLEY NATIONAL BANCORP,US,ORITANI FINANCIAL CORPORATION,US,Acquisition 100%,Completed,"740,000.00",01.12.2019,100.00000,0.00000,100.00000,522110,522110,VLY,ORIT,26.06.2019,Shares,Delisted,n.a.
1246.,2007618835,KBR INC.,US,LINQUEST CORPORATION,US,Acquisition 100%,Completed,"737,000.00",03.09.2024,100.00000,0.00000,100.00000,541511,541330,KBR,,16.07.2024,Cash Reserves,Unlisted,n.a.
,,,,,,,,,,,,,,,,,,Cash,,"737,000"
1247.,2007864388,SHELL PIPELINE COMPANY LP,US,CONOCOPHILLIPS COMPANY'S URSA AND EUROPA FIELDS,US,Acquisition increased from 45.388% to 61.348%,Completed,"735,000.00",01.05.2025,15.96000,45.38800,61.34800,213112,486110,,,26.02.2025,,Unlisted,n.a.
,,SHELL OFFSHORE INC.,US,,,,,,,,,,,211120,,,,,,
1248.,2007878508,PUBLIC SERVICE COMPANY OF OKLAHOMA,US,NATURAL GAS COMBINED-CYCLE GENERATION PLANT,US,Acquisition 100%,Completed,"730,000.00",03.07.2025,100.00000,0.00000,100.00000,221210,221122,,,16.09.2024,,Unlisted,n.a.
1249.,2007801237,CCC INTELLIGENT SOLUTIONS INC.,US,EVOLUTIONIQ INC.,US,Acquisition 100%,Completed,"730,000.00",31.03.2025,100.00000,0.00000,100.00000,518210,518210,,,20.12.2024,Cash Reserves,Unlisted,n.a.
,,,,,,,,,,,,,,,,,,Cash,,"446,250"
,,,,,,,,,,,,,,,,,,Shares,,"295,650"
1250.,2007159888,HILLENBRAND INC.,US,SCHENCK PROCESS HOLDING GMBH'S PROCESS FOOD AND PERFORMANCE MATERIALS BUSINESS,US,Acquisition 100%,Completed,"730,000.00",01.09.2023,100.00000,0.00000,100.00000,333241,339995,HI,,24.05.2023,Cash,Unlisted,"730,000"
,,,,,,,,,,,,,,,,,,Cash Reserves,,n.a.
1251.,1941482151,B RILEY PRINCIPAL 150 MERGER CORPORATION,US,FAZE CLAN INC.,US,Acquisition 100%,Completed,"729,638.00",20.07.2022,100.00000,0.00000,100.00000,518210,525990,FAZE,,25.10.2021,Shares,Unlisted,"729,638"
,,,,,,,,,,,,,,,,,,Earn-out,,"59,400"
1252.,1941134857,INDEPENDENT BANK CORPORATION,US,BLUE HILLS BANCORP INC.,US,Acquisition 100%,Completed,"726,500.00",01.04.2019,100.00000,0.00000,100.00000,551111,522110,IBCP,BHBK,20.09.2018,Shares,Delisted,n.a.
,,,,,,,,,,,,,,,,,,Cash,,n.a.
1253.,2007144606,MAJORS MANAGEMENT LLC,US,MAPCO EXPRESS INC.,US,Acquisition 100%,Completed,"725,000.00",01.11.2023,100.00000,0.00000,100.00000,447110,424720,,,27.04.2023,,Unlisted,n.a.
1254.,1941628206,IRON MOUNTAIN INC.,US,ITRENEW INC.,US,Acquisition 80%,Completed,"725,000.00",26.01.2022,80.00000,0.00000,80.00000,518210,493190,IRM,,10.12.2021,Cash,Unlisted,"725,000"
1255.,1941295589,MI WINDOWS AND DOORS LLC,US,MILGARD MANUFACTURING INC.,US,Acquisition 100%,Completed,"725,000.00",07.11.2019,100.00000,0.00000,100.00000,326199,326199,,,01.10.2019,Cash,Unlisted,"725,000"
1256.,2007589092,CORPAY INC.,US,GPS CAPITAL MARKETS LLC,US,Acquisition 100%,Completed,"725,000.00",02.12.2024,100.00000,0.00000,100.00000,522320,447190,CPAY,,19.06.2024,,Unlisted,n.a.
1257.,1941625346,ATLANTIC COASTAL ACQUISITION CORPORATION II,US,ABPRO CORPORATION,US,Acquisition 100%,Completed,"725,000.00",13.11.2024,100.00000,0.00000,100.00000,541713,525990,ABPO,,18.09.2023,Shares,Unlisted,"725,000"
1258.,2007446961,HEMLOCK SEMICONDUCTOR OPERATIONS LLC,US,DUPONT DE NEMOURS INC.'S TRICHLOROSILANE BUSINESS,US,Acquisition 100%,Completed,"725,000.00",10.09.2020,100.00000,0.00000,100.00000,325199,327992,,,09.09.2020,Cash,Unlisted,n.a.
1259.,2007116573,TRANSDIGM GROUP INC.,US,CALSPAN CORPORATION,US,Acquisition 100%,Completed,"725,000.00",08.05.2023,100.00000,0.00000,100.00000,336411,336413,TDG,,14.03.2023,Cash Reserves,Unlisted,n.a.
,,,,,,,,,,,,,,,,,,Cash,,"725,000"
1260.,1941545835,BOOZ ALLEN HAMILTON INC.,US,LIBERTY IT SOLUTIONS LLC,US,Acquisition 100%,Completed,"725,000.00",11.06.2021,100.00000,0.00000,100.00000,541512,541611,,,04.05.2021,Cash,Unlisted,"725,000"
,,,,,,,,,,,,,,,,,,Cash Reserves,,n.a.
1261.,1941573453,BP MIDSTREAM PARTNERS HOLDINGS LLC,US,BP MIDSTREAM PARTNERS LP,US,Acquisition increased from 54.4% to 100%,Completed,"723,428.00",05.04.2022,45.60000,54.40000,100.00000,486210,486110,,BPMP,20.12.2021,Third party shares,Delisted,"723,428"
1262.,2007063338,FRANKLIN CEDAR BIDCO LLC,US,TAXACT HOLDINGS INC.,US,Acquisition 100%,Completed,"720,000.00",19.12.2022,100.00000,0.00000,100.00000,541511,551112,,,31.10.2022,Cash,Unlisted,"720,000"
1263.,1941302822,HEALTHCARE MERGER CORPORATION,US,SPECIALISTS ON CALL INC.,US,Acquisition 100%,Completed,"720,000.00",30.10.2023,100.00000,0.00000,100.00000,541618,525990,TLMD,,29.07.2020,Liabilities,Unlisted,"46,000"
,,,,,,,,,,,,,,,,,,Cash,,n.a.
,,,,,,,,,,,,,,,,,,Shares,,n.a.
1264.,2007332986,RITHM CAPITAL CORPORATION,US,SCULPTOR CAPITAL MANAGEMENT INC.,US,Acquisition 100% Bid 3 - Increased offer,Completed,"719,800.00",17.11.2023,100.00000,0.00000,100.00000,523920,531110,RITM,SCU,27.10.2023,Cash,Delisted,"719,800"
1265.,2007756078,GLATFELTER CORPORATION,US,"BERRY GLOBAL GROUP INC.'S HEALTH, HYGIENE AND SPECIALTIES GLOBAL NONWOVENS AND FILMS (HHNF) BUSINESS",US,Acquisition 100%,Completed,"719,477.00",04.11.2024,100.00000,0.00000,100.00000,325611,322121,MAGN,,04.11.2024,Shares,Unlisted,"719,477"
1266.,2008239624,CALIFORNIA RESOURCES CORPORATION,US,BERRY CORPORATION,US,Acquisition 100%,Completed,"717,000.00",18.12.2025,100.00000,0.00000,100.00000,211120,211120,CRC,BRY,15.09.2025,Cash,Delisted,n.a.
,,,,,,,,,,,,,,,,,,Cash Reserves,,n.a.
,,,,,,,,,,,,,,,,,,Shares,,n.a.
,,,,,,,,,,,,,,,,,,Liabilities,,n.a.
1267.,1941728742,PTC INC.,US,ARENA HOLDINGS INC.,US,Acquisition 100%,Completed,"715,000.00",15.01.2021,100.00000,0.00000,100.00000,518210,518210,PTC,,12.12.2020,Cash,Unlisted,"715,000"
1268.,1941474438,PTC INC.,US,ARENA HOLDINGS INC.,US,Acquisition 100%,Completed,"715,000.00",19.01.2021,100.00000,0.00000,100.00000,518210,518210,PTC,,14.12.2020,Cash,Unlisted,"715,000"
,,,,,,,,,,,,,,,,,,Cash Reserves,,n.a.
1269.,1941643505,AMPHENOL CORPORATION,US,HALO TECHNOLOGY LTD,US,Acquisition 100%,Completed,"715,000.00",01.12.2021,100.00000,0.00000,100.00000,334417,334417,APH,,01.12.2021,,Unlisted,n.a.
1270.,1941533857,LAREDO PETROLEUM INC.,US,SABALO ENERGY LLC'S OIL AND GAS PROPERTIES IN THE MIDLAND BASIN,US,Acquisition 100%,Completed,"714,300.00",01.07.2021,100.00000,0.00000,100.00000,211120,211120,VTLE,,09.05.2021,Cash Reserves,Unlisted,n.a.
,,,,,,,,,,,,,,,,,,Shares,,"90,000"
,,,,,,,,,,,,,,,,,,Cash,,"624,300"
1271.,2007286348,RITHM CAPITAL CORPORATION,US,COMPUTERSHARE MORTGAGE SERVICES INC.,US,Acquisition 100%,Completed,"712,000.00",01.05.2024,100.00000,0.00000,100.00000,522310,531110,RITM,,02.10.2023,Cash,Unlisted,"712,000"
,,,,,,,,,,,,,,,,,,Cash Reserves,,n.a.
1272.,2007762127,TELEDYNE TECHNOLOGIES INC.,US,EXCELITAS TECHNOLOGIES CORPORATION'S SELECT AEROSPACE AND DEFENSE ELECTRONICS BUSINESSES,US,Acquisition 100%,Completed,"710,000.00",03.02.2025,100.00000,0.00000,100.00000,335129,334419,TDY,,06.11.2024,Cash,Unlisted,"710,000"
,,,,EXCELITAS TECHNOLOGIES CORPORATION'S QIOPTIQ BRAND'S OPTICAL SYSTEMS (OS) BUSINESS,GB,,,,,100.00000,0.00000,100.00000,335129,,,,,,Unlisted,
,,,,EXCELITAS TECHNOLOGIES CORPORATION'S ADVANCED ELECTRONIC SYSTEMS (AES) BUSINESS,US,,,,,100.00000,0.00000,100.00000,335129,,,,,,Unlisted,
1273.,1941669993,ST GEORGE TRUCKING & WAREHOUSE INC.,US,XPO LOGISTICS INC.'S NORTH AMERICAN INTERMODAL BUSINESS,US,Acquisition 100%,Completed,"710,000.00",25.03.2022,100.00000,0.00000,100.00000,488510,484110,,,25.03.2022,Cash,Unlisted,"710,000"
1274.,1941479411,MCCORMICK & COMPANY INC.,US,FONA INTERNATIONAL LLC,US,Acquisition 100%,Completed,"710,000.00",30.12.2020,100.00000,0.00000,100.00000,311942,311942,MKC,,30.12.2020,Cash,Unlisted,"710,000"
,,,,,,,,,,,,,,,,,,Cash Reserves,,n.a.
1275.,1941311917,HUMANA INC.,US,ENCLARA PHARMACIA INC.,US,Acquisition 100%,Completed,"710,000.00",02.01.2020,100.00000,0.00000,100.00000,446110,524114,HUM,,16.12.2019,Cash,Unlisted,"710,000"
1276.,2007107369,GENTIVA HEALTH SERVICES INC.,US,PROMEDICA HEALTH SYSTEM INC.'S HEARTLAND HOSPICE AND HOME CARE AGENCIES AND LOCATIONS,US,Acquisition 100%,Completed,"710,000.00",01.11.2023,100.00000,0.00000,100.00000,622110,621610,GTIV,,27.02.2023,Liabilities,Unlisted,n.a.
1277.,2007760618,ASTRANA HEALTH INC.,US,PROSPECT HEALTH SERVICES RI INC.,US,Acquisition 100%,Completed,"708,000.00",02.07.2025,100.00000,0.00000,100.00000,622110,622110,ASTH,,08.11.2024,Cash,Unlisted,"708,000"
,,,,ALTA NEWPORT HOSPITAL INC.,US,,,,,100.00000,0.00000,100.00000,622110,,,,,Cash Reserves,Unlisted,n.a.
,,,,PROSPECT HEALTH PLAN INC.,US,,,,,100.00000,0.00000,100.00000,621111,,,,,Liabilities,Unlisted,n.a.
,,,,PHP HOLDINGS LLC'S DIRECT AND INDIRECT SUBSIDIARIES' ASSETS,,,,,,100.00000,0.00000,100.00000,621111,,,,,,Unlisted,
1278.,2007427746,AHEAD INC.,US,COMPUTER DESIGN & INTEGRATION LLC,US,Acquisition 100%,Completed,"705,000.00",01.02.2024,100.00000,0.00000,100.00000,541512,541512,,,01.02.2024,,Unlisted,n.a.
1279.,1941517007,MADISON SQUARE GARDEN ENTERTAINMENT CORPORATION,US,MSG NETWORKS INC.,US,Acquisition 100%,Completed,"702,211.00",09.07.2021,100.00000,0.00000,100.00000,515120,711310,SPHR,MSGN,26.03.2021,Shares,Delisted,"702,211"
1280.,2007559534,LIBERTY FINANCIAL GROUP INC.,US,LIBERTY FINANCIAL GROUP INC.,US,Acquisition unknown stake %,Completed,"701,763.70",15.12.2020,Unknown %,Unknown %,79.70000,522220,522220,,,15.12.2020,,Unlisted,n.a.
1281.,2008526105,PETER MALLOUK,US,SPORTING KANSAS CITY,US,Acquisition increased from 9% to 80%,Completed,"700,000.00",16.01.2026,71.00000,9.00000,80.00000,711211,525920,,,16.01.2026,Liabilities,Unlisted,n.a.
1282.,2008464129,TATA CONSULTANCY SERVICES LTD,IN,COASTAL CLOUD HOLDINGS LLC,US,Acquisition 100%,Completed,"700,000.00",14.01.2026,100.00000,0.00000,100.00000,518210,541512,TCS,,10.12.2025,Liabilities,Unlisted,n.a.
,,TCS NORTH AMERICA CORPORATION,US,,,,,,,,,,,541690,,,,Deferred payment,,n.a.
,,,,,,,,,,,,,,,,,,Cash,,"700,000"
1283.,2008309465,BIOCRYST PHARMACEUTICALS INC.,US,ASTRIA THERAPEUTICS INC.,US,Acquisition 100%,Completed,"700,000.00",23.01.2026,100.00000,0.00000,100.00000,541713,541713,BCRX,ATXS,14.10.2025,Shares,Delisted,n.a.
,,,,,,,,,,,,,,,,,,Cash,,n.a.
,,,,,,,,,,,,,,,,,,Liabilities,,n.a.
,,,,,,,,,,,,,,,,,,Cash Reserves,,n.a.
1284.,2008198410,HUDSON AUTOMOTIVE GROUP LLC,US,ALL STAR AUTOMOTIVE GROUP,US,Acquisition 100%,Completed,"700,000.00",18.11.2025,100.00000,0.00000,100.00000,441110,441110,,,19.08.2025,,Unlisted,n.a.
1285.,2007391695,AAR CORPORATION,US,TRIUMPH GROUP INC.'S PRODUCT SUPPORT BUSINESS,US,Acquisition 100%,Completed,"700,000.00",01.03.2024,100.00000,0.00000,100.00000,336412,532411,AIR,,21.12.2023,Cash,Unlisted,"700,000"
1286.,2007384044,OSAIC INC.,US,LINCOLN FINANCIAL ADVISORS CORPORATION,US,Acquisition 100%,Completed,"700,000.00",06.05.2024,100.00000,0.00000,100.00000,524210,523920,,,14.12.2023,Shares,Unlisted,n.a.
,,,,LINCOLN FINANCIAL SECURITIES CORPORATION,US,,,,,100.00000,0.00000,100.00000,524210,,,,,,Unlisted,
1287.,2007022979,VICTORIA'S SECRET & COMPANY,US,ADOREME.COM INC.,US,Acquisition 100%,Completed,"700,000.00",03.01.2023,100.00000,0.00000,100.00000,448190,448190,VSCO,,01.11.2022,Earn-out,Unlisted,"300,000"
,,,,,,,,,,,,,,,,,,Cash Reserves,,n.a.
,,,,,,,,,,,,,,,,,,Cash,,"700,000"
1288.,1941617060,BENTLEY SYSTEMS INC.,US,PLS HOLDINGS LLC,US,Acquisition 100%,Completed,"700,000.00",31.01.2022,100.00000,0.00000,100.00000,541511,511210,BSY,,16.11.2021,Shares,Unlisted,"350,000"
,,,,,,,,,,,,,,,,,,Cash,,"350,000"
1289.,1941469972,CSX CORPORATION,US,PAN AM RAILWAYS INC.'S NEW ENGLAND OPERATIONS,US,Acquisition 100%,Completed,"700,000.00",01.06.2022,100.00000,0.00000,100.00000,482111,482111,CSX,,30.11.2020,,Unlisted,n.a.
1290.,1941327898,MOODY'S CORPORATION,US,REGULATORY DATACORP INC.,US,Acquisition 100%,Completed,"700,000.00",13.02.2020,100.00000,0.00000,100.00000,518210,561450,MCO,,23.01.2020,Cash,Unlisted,n.a.
,,,,,,,,,,,,,,,,,,Cash Reserves,,n.a.
1291.,1941285217,ALEXION PHARMACEUTICALS INC.,US,ACHILLION PHARMACEUTICALS INC.,US,Acquisition 100%,Completed,"700,000.00",28.01.2020,100.00000,0.00000,100.00000,541713,541713,ALXN,ACHN,16.10.2019,Cash assumed,Delisted,"230,000"
,,,,,,,,,,,,,,,,,,Earn-out,,n.a.
,,,,,,,,,,,,,,,,,,Cash,,"930,000"
1292.,1941265144,SYNCSORT INC.,US,PITNEY BOWES INC.'S SOFTWARE SOLUTIONS BUSINESS,US,Acquisition 100%,Completed,"700,000.00",02.12.2019,100.00000,0.00000,100.00000,511210,511210,,,26.08.2019,Cash,Unlisted,"700,000"
1293.,2007367472,NEWMARKET CORPORATION,US,AMPAC INTERMEDIATE HOLDINGS LLC,US,Acquisition 100%,Completed,"700,000.00",16.01.2024,100.00000,0.00000,100.00000,325998,325998,NEU,,01.12.2023,Cash,Unlisted,"700,000"
,,,,,,,,,,,,,,,,,,Cash Reserves,,n.a.
1294.,2007338514,DREAM MOTOR GROUP,US,"BILL USSERY MOTORS INC.'S MERCEDES BENZ DEALERSHIP IN CUTLER BAY, FLORIDA",US,Acquisition 100%,Completed,"700,000.00",08.11.2023,100.00000,0.00000,100.00000,441110,441110,,,08.11.2023,,Unlisted,n.a.
,,,,"BILL USSERY MOTORS INC.'S MERCEDES BENZ DEALERSHIP IN CORAL GABLES, FLORIDA",US,,,,,100.00000,0.00000,100.00000,441110,,,,,,Unlisted,
1295.,2007237154,FRANKLIN RESOURCES INC.,US,BNY ALCENTRA GROUP HOLDINGS INC.,US,Acquisition 100%,Completed,"700,000.00",01.11.2022,100.00000,0.00000,100.00000,523920,523920,BEN,,31.05.2022,Cash,Unlisted,n.a.
,,,,,,,,,,,,,,,,,,Earn-out,,"350,000"
1296.,1941192325,"TORO COMPANY, THE",US,"CHARLES MACHINE WORKS INC., THE",US,Acquisition 100%,Completed,"700,000.00",01.04.2019,100.00000,0.00000,100.00000,333120,333112,TTC,,15.02.2019,Cash,Unlisted,"700,000"
,,,,,,,,,,,,,,,,,,Cash Reserves,,n.a.
1297.,2007228637,MSCI INC.,US,"BURGISS GROUP LLC, THE",US,Acquisition increased from 34% to 100%,Completed,"697,000.00",02.10.2023,66.00000,34.00000,100.00000,518210,518210,MSCI,,14.08.2023,Cash Reserves,Unlisted,n.a.
,,,,,,,,,,,,,,,,,,Cash,,"697,000"
1298.,2007072358,CACTUS INC.,US,HIGHRIDGE RESOURCES INC.,US,Acquisition 100%,Completed,"696,160.00",28.02.2023,100.00000,0.00000,100.00000,331210,333132,,,30.12.2022,Cash,Unlisted,n.a.
,,,,,,,,,,,,,,,,,,Earn-out,,"75,000"
1299.,1941631113,STEM INC.,US,ALSOENERGY INC.,US,Acquisition 100%,Completed,"695,000.00",01.02.2022,100.00000,0.00000,100.00000,541690,518210,STEM,,16.12.2021,Shares,Unlisted,"173,750"
,,,,,,,,,,,,,,,,,,Cash,,"521,250"
1300.,1941505578,AGILENT TECHNOLOGIES INC.,US,RESOLUTION BIOSCIENCE INC.,US,Acquisition 100%,Completed,"695,000.00",15.04.2021,100.00000,0.00000,100.00000,518210,334515,A,,02.03.2021,Cash,Unlisted,n.a.
,,,,,,,,,,,,,,,,,,Earn-out,,"145,000"
1301.,1941365646,LANTHEUS HOLDINGS INC.,US,PROGENICS PHARMACEUTICALS INC.,US,Acquisition 100% Bid 2 - Increased offer,Completed,"693,375.00",22.06.2020,100.00000,0.00000,100.00000,541713,325412,LNTH,PGNX,20.02.2020,Earn-out,Delisted,"250,000"
,,,,,,,,,,,,,,,,,,Cash,,"250,000"
,,,,,,,,,,,,,,,,,,Shares,,"443,375"
1302.,2007148377,RUBY ACQUISITION CORPORATION,US,RUTH'S HOSPITALITY GROUP INC.,US,Acquisition 100%,Completed,"691,000.00",14.06.2023,100.00000,0.00000,100.00000,722511,525990,,RUTH,02.05.2023,Cash,Delisted,"691,000"
,,,,,,,,,,,,,,,,,,Cash Reserves,,n.a.
1303.,2007134699,CERBERUS CAPITAL MANAGEMENT LP,US,FORMA BRANDS LLC'S ASSETS,US,Acquisition 100%,Completed,"690,000.00",11.04.2023,100.00000,0.00000,100.00000,446120,523910,,,12.01.2023,,Unlisted,n.a.
,,JEFFERIES FINANCE LLC,US,,,,,,,,,,,522298,,,,,,
,,FB INTERMEDIATE HOLDINGS LLC,US,,,,,,,,,,,551114,,,,,,
1304.,1941654321,JAVELIN VENTURECO LLC,US,UINTA ASSETCO LLC,US,Acquisition 100%,Completed,"690,000.00",30.03.2022,100.00000,0.00000,100.00000,211120,211120,,,16.02.2022,Cash Reserves,Unlisted,n.a.
,,,,,,,,,,,,,,,,,,Cash,,"690,000"
1305.,1941652192,HEARTHSTONE HOLDINGS INC.,US,HOPE GAS INC.,US,Acquisition 100%,Completed,"690,000.00",31.08.2022,100.00000,0.00000,100.00000,221210,221210,,,11.02.2022,,Unlisted,n.a.
1306.,1941118434,STANLEY BLACK & DECKER INC.,US,INTERNATIONAL EQUIPMENT SOLUTIONS LLC,US,Acquisition 100%,Completed,"690,000.00",08.03.2019,100.00000,0.00000,100.00000,333249,333991,SWK,,07.08.2018,Cash,Unlisted,"690,000"
,,,,,,,,,,,,,,,,,,Cash Reserves,,n.a.
1307.,1941714252,MATIV HOLDINGS INC.,US,NEENAH INC.,US,Acquisition 100%,Completed,"689,140.00",06.07.2022,100.00000,0.00000,100.00000,322121,322299,MATV,NP,28.03.2022,Shares,Delisted,"689,140"
1308.,2008464392,PERIMETER SOLUTIONS NORTH AMERICA INC.,US,MEDICAL MANUFACTURING TECHNOLOGIES LLC,US,Acquisition 100%,Completed,"685,000.00",22.01.2026,100.00000,0.00000,100.00000,339112,339999,,,10.12.2025,Cash Reserves,Unlisted,n.a.
,,,,,,,,,,,,,,,,,,Cash,,"685,000"
1309.,1941139231,CHAPTERS HOLDCO INC.,US,BARNES & NOBLE INC.,US,Acquisition 100%,Completed,"683,000.00",07.08.2019,100.00000,0.00000,100.00000,451211,451211,,BKS,07.06.2019,Liabilities,Delisted,n.a.
,,,,,,,,,,,,,,,,,,Cash,,n.a.
1310.,1941474839,GENESIS HOLDINGS INC.,US,SHOE PALACE CORPORATION,US,Acquisition 100%,Completed,"681,000.00",14.12.2020,100.00000,0.00000,100.00000,451110,551112,,,14.12.2020,Deferred payment,Unlisted,n.a.
,,,,,,,,,,,,,,,,,,Shares,,"356,000"
,,,,,,,,,,,,,,,,,,Cash,,"325,000"
,,,,,,,,,,,,,,,,,,Cash Reserves,,n.a.
1311.,2007523836,HARMONY BIOSCIENCES HOLDINGS INC.,US,EPYGENIX THERAPEUTICS INC.,US,Acquisition 100%,Completed,"680,000.00",30.04.2024,100.00000,0.00000,100.00000,541713,541713,HRMY,,30.04.2024,Cash,Unlisted,n.a.
,,,,,,,,,,,,,,,,,,Earn-out,,"645,000"
1312.,2007404098,MERCK SHARP & DOHME LLC,US,HARPOON THERAPEUTICS INC.,US,Acquisition 100%,Completed,"680,000.00",11.03.2024,100.00000,0.00000,100.00000,541713,325412,,HARP,08.01.2024,Cash,Delisted,"680,000"
1313.,1941231556,WIREPATH HOME SYSTEMS LLC,US,CONTROL4 CORPORATION,US,Acquisition 100%,Completed,"680,000.00",01.08.2019,100.00000,0.00000,100.00000,334512,423620,,CTRL,09.05.2019,Cash,Delisted,"680,000"
1314.,2008245714,COMMERCIAL METALS COMPANY,US,CONCRETE PIPE & PRECAST LLC,US,Acquisition 100%,Completed,"675,000.00",01.12.2025,100.00000,0.00000,100.00000,238120,331110,CMC,,18.09.2025,Cash,Unlisted,"675,000"
,,,,,,,,,,,,,,,,,,Cash Reserves,,n.a.
1315.,2007371688,R1 RCM INC.,US,ACCLARA SOLUTIONS LLC,US,Acquisition 100%,Completed,"675,000.00",17.01.2024,100.00000,0.00000,100.00000,541611,541611,,,06.12.2023,Cash,Unlisted,"675,000"
,,,,,,,,,,,,,,,,,,Cash Reserves,,n.a.
,,,,,,,,,,,,,,,,,,Deferred payment,,n.a.
1316.,2008563386,KODIAK GAS SERVICES INC.,US,DISTRIBUTED POWER SOLUTIONS LLC,US,Acquisition 100%,Completed,"675,000.00",01.04.2026,100.00000,0.00000,100.00000,221117,211120,KGS,,05.02.2026,Cash,Unlisted,"575,000"
,,,,,,,,,,,,,,,,,,Shares,,"100,000"
1317.,1941702316,CHOICE HOTELS INTERNATIONAL INC.,US,RADISSON HOSPITALITY INC.,US,Acquisition 100%,Completed,"673,155.00",11.08.2022,100.00000,0.00000,100.00000,721110,721110,CHH,,13.06.2022,Cash,Unlisted,"673,155"
,,,,,,,,,,,,,,,,,,Cash Reserves,,n.a.
1318.,2008146582,CONTINENTAL BUYER INC.,US,PERFORMANT HEALTHCARE INC.,US,Acquisition 100%,Completed,"670,000.00",21.10.2025,100.00000,0.00000,100.00000,518210,551114,,PHLT,01.08.2025,Cash,Delisted,"670,000"
1319.,2007690067,SS&C TECHNOLOGIES HOLDINGS INC.,US,BATTEA-CLASS ACTION SERVICES LLC,US,Acquisition 100%,Completed,"670,000.00",27.09.2024,100.00000,0.00000,100.00000,518210,518210,SSNC,,12.09.2024,Cash,Unlisted,n.a.
,,,,,,,,,,,,,,,,,,Cash Reserves,,n.a.
,,,,,,,,,,,,,,,,,,Liabilities,,n.a.
1320.,2008278657,RECTORSEAL LLC,US,MOTORS & ARMATURES INC.,US,Acquisition 100%,Completed,"670,000.00",04.11.2025,100.00000,0.00000,100.00000,423730,325520,,,01.10.2025,Earn-out,Unlisted,"20,000"
,,,,DUSK ACQUISITION CORPORATION,US,,,,,100.00000,0.00000,100.00000,423730,,,,,Cash,Unlisted,"650,000"
,,,,HVAC SOUTH LLC,,,,,,100.00000,0.00000,100.00000,423730,,,,,,Unlisted,
1321.,2007239147,KAISER ALUMINUM CORPORATION,US,ALCOA WARRICK LLC,US,Acquisition 100%,Completed,"670,000.00",31.03.2021,100.00000,0.00000,100.00000,331313,331313,KALU,,30.11.2020,Liabilities,Unlisted,"83,000"
,,,,,,,,,,,,,,,,,,Cash,,"587,000"
,,,,,,,,,,,,,,,,,,Cash Reserves,,n.a.
1322.,2007109261,DATA CENTER HOUSTON LLC,US,CYRUSONE INC.'S HOUSTON DATA CENTRE BUSINESS ASSETS,US,Acquisition 100%,Completed,"670,000.00",03.03.2022,100.00000,0.00000,100.00000,518210,551114,,,14.01.2022,Cash,Unlisted,"670,000"
1323.,1941727148,SOLLENSYS CORPORATION,US,EAGLE LAKE LABORATORIES INC.,US,Acquisition 100%,Completed,"665,000.00",30.11.2020,100.00000,0.00000,100.00000,511210,334419,SOLS,,30.11.2020,Shares,Unlisted,"665,000"
1324.,2007814380,BOSTON SCIENTIFIC CORPORATION,US,BOLT MEDICAL INC.,US,Acquisition increased from 26% to 100%,Completed,"664,000.00",02.04.2025,74.00000,26.00000,100.00000,541715,339112,BSX,,08.01.2025,Earn-out,Unlisted,"221,000"
1325.,1941737930,GOLDMAN SACHS ASSET MANAGEMENT LP,US,CHANNELADVISOR CORPORATION,US,Acquisition 100%,Completed,"663,633.00",15.11.2022,100.00000,0.00000,100.00000,518210,523920,,ECOM,06.09.2022,Cash,Delisted,"663,633"
,,INSIGHT VENTURE MANAGEMENT LLC,US,,,,,,,,,,,523910,,,,,,
,,COMMERCEHUB INC.,US,,,,,,,,,,,518210,,,,,,
1326.,2007886148,AUTHENTIC BRANDS GROUP LLC,US,GUESS? INC.,US,Acquisition 51%,Completed,"663,000.00",23.01.2026,51.00000,0.00000,51.00000,315240,541810,,GES,20.08.2025,Cash,Listed,"663,000"
1327.,1941560120,WAVEDIVISION HOLDINGS LLC,US,"WIDEOPENWEST FINANCE LLC'S ASSETS IN CHICAGO, EVANSVILLE AND ANNE ARUNDEL",US,Acquisition 100%,Completed,"661,000.00",01.11.2021,100.00000,0.00000,100.00000,517311,517311,,,30.06.2021,,Unlisted,n.a.
1328.,1941167024,CISCO SYSTEMS INC.,US,LUXTERA INC.,US,Acquisition 100%,Completed,"660,000.00",06.02.2019,100.00000,0.00000,100.00000,334413,334210,CSCO,,06.02.2019,Cash,Unlisted,n.a.
1329.,1941316200,32 EQUITY LLC,US,ON LOCATION EVENTS LLC,US,Acquisition unknown majority stake %,Completed,"660,000.00",02.01.2020,Unknown majority,Unknown %,90.00000,561599,523910,,,02.01.2020,,Unlisted,n.a.
,,ENDEAVOR GROUP HOLDINGS INC.,US,,,,,,,,,,,541613,EDR,,,,,
1330.,1941296817,RAYONIER INC.,US,POPE RESOURCES LP,US,Acquisition 100%,Completed,"656,000.00",08.05.2020,100.00000,0.00000,100.00000,523910,531120,RYN,POPE,15.01.2020,Shares,Delisted,n.a.
,,,,,,,,,,,,,,,,,,Cash,,"169,200"
,,,,,,,,,,,,,,,,,,Third party shares,,n.a.
,,,,,,,,,,,,,,,,,,Liabilities,,"92,000"
1331.,1941439545,NEW BEGINNINGS ACQUISITION CORPORATION,US,AIRSPAN NETWORKS INC.,US,Acquisition 100%,Completed,"656,000.00",13.08.2021,100.00000,0.00000,100.00000,334220,525990,MIMOQ,AIRO,08.03.2021,Shares,Delisted,"656,000"
1332.,2007558448,TRANSDIGM GROUP INC.,US,RAPTOR LABS HOLDCO LLC,US,Acquisition 100%,Completed,"655,000.00",31.07.2024,100.00000,0.00000,100.00000,551112,336413,TDG,,28.05.2024,Cash Reserves,Unlisted,n.a.
,,,,,,,,,,,,,,,,,,Cash,,"655,000"
1333.,2007292116,ABBVIE INC.,US,MITOKININ INC.,US,Acquisition 100%,Completed,"655,000.00",05.10.2023,100.00000,0.00000,100.00000,541713,541713,ABBV,,05.10.2023,Earn-out,Unlisted,n.a.
1334.,2007033683,ABBVIE INC.,US,MITOKININ INC.,US,Acquisition 100%,Completed,"655,000.00",05.10.2023,100.00000,0.00000,100.00000,541713,541713,ABBV,,02.03.2021,Earn-out,Unlisted,n.a.
1335.,2007031316,WASHINGTON FEDERAL INC.,US,LUTHER BURBANK CORPORATION,US,Acquisition 100%,Completed,"654,000.00",29.02.2024,100.00000,0.00000,100.00000,522110,522110,WAFD,LBC,13.11.2022,Shares,Delisted,"654,000"
1336.,1941673886,MORNINGSTAR INC.,US,S&P GLOBAL'S LEVERAGED COMMENTARY AND DATA BUSINESS,US,Acquisition 100%,Completed,"650,000.00",01.06.2022,100.00000,0.00000,100.00000,518210,519130,MORN,,03.04.2022,Earn-out,Unlisted,"50,000"
,,,,,,,,,,,,,,,,,,Cash,,n.a.
,,,,,,,,,,,,,,,,,,Liabilities,,n.a.
1337.,1941501611,RENAISSANCE LEARNING INC.,US,NEARPOD INC.,US,Acquisition 100%,Completed,"650,000.00",12.03.2021,100.00000,0.00000,100.00000,518210,518210,RLRN,,19.02.2021,Cash,Unlisted,"650,000"
1338.,2007485632,FERTITTA ENTERTAINMENT INC.,US,MONTAGE LAGUNA BEACH,US,Acquisition 100%,Completed,"650,000.00",14.11.2022,100.00000,0.00000,100.00000,721110,721120,,,03.11.2022,,Unlisted,n.a.
1339.,2007213509,WONDER GROUP INC.,US,GRUBHUB HOLDINGS INC.,US,Acquisition 100%,Completed,"650,000.00",07.01.2025,100.00000,0.00000,100.00000,518210,511210,,,13.11.2024,Liabilities,Unlisted,n.a.
,,,,,,,,,,,,,,,,,,Cash,,"150,000"
,,,,,,,,,,,,,,,,,,Bonds,,"500,000"
1340.,1941649742,FISERV INC.,US,FINXACT INC.,US,Acquisition unknown majority stake %,Completed,"650,000.00",01.04.2022,Unknown majority,Unknown %,100.00000,518210,511210,FISV,,07.02.2022,,Unlisted,n.a.
1341.,1941523164,CARDLYTICS INC.,US,BRIDG INC.,US,Acquisition 100%,Completed,"650,000.00",05.05.2021,100.00000,0.00000,100.00000,518210,518210,CDLX,,13.04.2021,Earn-out,Unlisted,"300,000"
,,,,,,,,,,,,,,,,,,Shares,,n.a.
,,,,,,,,,,,,,,,,,,Cash,,n.a.
1342.,1939044918,SQUARE MILE CAPITAL MANAGEMENT LLC,US,"MBS GROUP, THE",US,Acquisition 100%,Completed,"650,000.00",08.08.2019,100.00000,0.00000,100.00000,531120,523910,,,08.08.2019,,Unlisted,n.a.
,,HACKMAN CAPITAL PARTNERS LLC,US,,,,,,,,,,,523910,,,,,,
1343.,1941223878,LHGN HOLDCO LLC,US,GNOG HOLDINGS LLC,US,Acquisition 100%,Completed,"646,328.00",29.12.2020,100.00000,0.00000,100.00000,713210,713210,,,29.06.2020,Liabilities,Unlisted,"300,000"
,,,,,,,,,,,,,,,,,,Cash,,"30,000"
,,,,,,,,,,,,,,,,,,Shares,,"316,328"
1344.,1941328478,ERA GROUP INC.,US,BRISTOW GROUP INC.,US,Acquisition 100%,Completed,"646,000.00",11.06.2020,100.00000,0.00000,100.00000,481211,481219,VTOL,BRS,24.01.2020,Shares,Delisted,"646,000"
1345.,1941594434,GE-PROLEC TRANSFORMERS INC.,US,PROLEC-GE WAUKESHA INC.,US,Acquisition 100%,Completed,"645,000.00",01.10.2021,100.00000,0.00000,100.00000,335311,335311,,,09.06.2021,Cash,Unlisted,n.a.
,,,,,,,,,,,,,,,,,,Liabilities,,n.a.
,,,,,,,,,,,,,,,,,,Cash assumed,,n.a.
1346.,1941521366,EASTERN BANKSHARES INC.,US,CENTURY BANCORP INC.,US,Acquisition 100%,Completed,"641,900.00",12.11.2021,100.00000,0.00000,100.00000,522110,522110,EBC,,07.04.2021,Cash,Unlisted,"641,900"
1347.,2007818912,HILAND PARTNERS HOLDINGS LLC,US,OE2 NORTH HOLDINGS LLC,US,Acquisition 100%,Completed,"640,000.00",18.02.2025,100.00000,0.00000,100.00000,211120,211120,,,13.01.2025,Cash,Unlisted,"640,000"
,,,,,,,,,,,,,,,,,,Cash Reserves,,n.a.
1348.,1941606732,TRANSUNION INTERACTIVE INC.,US,SONTIQ INC.,US,Acquisition 100%,Completed,"638,000.00",01.12.2021,100.00000,0.00000,100.00000,541512,522390,,,26.10.2021,Cash,Unlisted,"638,000"
1349.,2007711257,GOGO DIRECT HOLDINGS LLC,US,SATCOM DIRECT INC.,US,Acquisition 100%,Completed,"636,200.00",26.11.2024,100.00000,0.00000,100.00000,517311,517311,,,30.09.2024,Shares,Unlisted,n.a.
,,,,SATCOM DIRECT HOLDING COMPANY LLC,US,,,,,100.00000,0.00000,100.00000,517311,,,,,Earn-out,Unlisted,"225,000"
,,,,SATCOM DIRECT GOVERNMENT INC.,US,,,,,100.00000,0.00000,100.00000,517311,,,,,Cash,Unlisted,n.a.
,,,,NDTHOST LLC,US,,,,,100.00000,0.00000,100.00000,518210,,,,,Cash Reserves,Unlisted,n.a.
1350.,2007671209,AFS IBEX FINANCIAL SERVICES LLC,US,PATHWARD NA'S COMMERCIAL INSURANCE PREMIUM FINANCE BUSINESS,US,Acquisition 100%,Completed,"634,500.00",31.10.2024,100.00000,0.00000,100.00000,524210,523910,,,28.08.2024,Cash,Unlisted,"634,500"
1351.,2007176161,CUSTOMERS BANK,US,FEDERAL DEPOSIT INSURANCE CORPORATION'S VENTURE BANKING LOAN PORTFOLIO,US,Acquisition 100%,Completed,"631,000.00",16.06.2023,100.00000,0.00000,100.00000,524128,522110,,,16.06.2023,,Unlisted,n.a.
1352.,1941621472,DOVER CORPORATION,US,ENGINEERED CONTROLS INTERNATIONAL LLC,US,Acquisition 100%,Completed,"631,000.00",29.12.2021,100.00000,0.00000,100.00000,332911,333249,DOV,,24.11.2021,Cash,Unlisted,"631,000"
,,,,,,,,,,,,,,,,,,Cash Reserves,,n.a.
1353.,2007041993,CHURCH & DWIGHT COMPANY INC.,US,HERO COSMETICS INC.,US,Acquisition 100%,Completed,"630,000.00",13.10.2022,100.00000,0.00000,100.00000,325620,325611,CHD,,06.09.2022,Shares,Unlisted,"65,000"
,,,,,,,,,,,,,,,,,,Cash,,"565,000"
,,,,,,,,,,,,,,,,,,Cash Reserves,,n.a.
1354.,1941595491,IDEANOMICS INC.,US,VIA MOTORS INTERNATIONAL INC.,US,Acquisition 100%,Completed,"630,000.00",26.01.2023,100.00000,0.00000,100.00000,336111,518210,IDEXQ,,30.08.2021,Shares,Unlisted,"550,980"
,,,,,,,,,,,,,,,,,,Earn-out,,"180,000"
1355.,1941291241,ENSTAR HOLDINGS (US) LLC,US,BORGWARNER MORSE TEC LLC,US,Acquisition 100%,Completed,"628,000.00",30.10.2019,100.00000,0.00000,100.00000,336390,551114,,,30.10.2019,Liabilities,Unlisted,"800,000"
,,,,,,,,,,,,,,,,,,Cash assumed,,"172,000"
1356.,1941708895,EARTHSTONE ENERGY INC.,US,TITUS OIL & GAS PRODUCTION LLC'S NEW MEXICO ASSETS,US,Acquisition 100%,Completed,"627,000.00",10.08.2022,100.00000,0.00000,100.00000,211120,211120,ESTE,,28.06.2022,Shares,Unlisted,"52,000"
,,,,TITUS OIL & GAS PRODUCTION II LLC'S NEW MEXICO ASSETS,US,,,,,100.00000,0.00000,100.00000,211120,,,,,Cash,Unlisted,"575,000"
1357.,2008199701,SUPERIOR ENERGY SERVICES INC.,US,QUAIL TOOLS LLC,US,Acquisition 100%,Completed,"625,000.00",21.08.2025,100.00000,0.00000,100.00000,532412,213112,SPN,,20.08.2025,Cash,Unlisted,"375,000"
,,,,,,,,,,,,,,,,,,Bonds,,"250,000"
1358.,2007859000,VALVOLINE INC.,US,OC INTERMEDIATECO INC.,US,Acquisition 100%,Completed,"625,000.00",01.12.2025,100.00000,0.00000,100.00000,811111,324191,VVV,,20.02.2025,,Unlisted,n.a.
1359.,2007161235,ORSTED WIND POWER NORTH AMERICA LLC,US,UNCONTRACTED OFFSHORE WIND SEABED AND KEY NORTHEAST OPERATIONAL ASSETS,US,Acquisition increased from 50% to 100%,Completed,"625,000.00",07.09.2023,50.00000,50.00000,100.00000,221115,221115,,,25.05.2023,Cash,Unlisted,"625,000"
,,,,,,,,,,,,,,,,,,Earn-out,,"50,000"
,,,,,,,,,,,,,,,,,,Deferred payment,,n.a.
1360.,1941232118,HARSCO CORPORATION,US,CLEAN EARTH INC.,US,Acquisition 100%,Completed,"625,000.00",28.06.2019,100.00000,0.00000,100.00000,562219,331110,NVRI,,09.05.2019,Cash,Unlisted,"625,000"
1361.,2007003906,DKL DELAWARE GATHERING LLC,US,3 BEAR DELAWARE HOLDING – NM LLC,US,Acquisition 100%,Completed,"624,700.00",01.06.2022,100.00000,0.00000,100.00000,211120,211120,,,11.04.2022,Cash,Unlisted,"624,700"
1362.,1941592502,BARINGS BDC INC.,US,SIERRA INCOME CORPORATION,US,Acquisition 100%,Completed,"623,700.00",25.02.2022,100.00000,0.00000,100.00000,523910,522298,BBDC,SIRR,21.09.2021,Cash,Delisted,"100,000"
,,,,,,,,,,,,,,,,,,Shares,,"523,700"
1363.,1941641552,SEMA4 HOLDINGS CORPORATION,US,GENEDX HOLDING 2 INC.,US,Acquisition 100%,Completed,"623,200.00",29.04.2022,100.00000,0.00000,100.00000,541380,518210,WGS,,18.01.2022,Earn-out,Unlisted,"150,000"
,,,,,,,,,,,,,,,,,,Shares,,n.a.
,,,,,,,,,,,,,,,,,,Cash,,n.a.
1364.,2008345915,VANDERBILT UNIVERSITY MEDICAL CENTER,US,CLARKSVILLE HEALTH SYSTEM GP,US,Acquisition 80%,Completed,"623,000.00",01.02.2026,80.00000,20.00000,100.00000,622110,622110,,,03.02.2025,,Unlisted,n.a.
,,,,CLARKSVILLE PHYSICIAN SERVICES GP,US,,,,,80.00000,20.00000,100.00000,622110,,,,,,Unlisted,
1365.,1941618401,POWER & DIGITAL INFRASTRUCTURE ACQUISITION II CORPORATION,US,MONTANA TECHNOLOGIES LLC,US,Acquisition 100%,Completed,"621,900.00",14.03.2024,100.00000,0.00000,100.00000,221114,525990,AIRJ,,05.06.2023,Earn-out,Unlisted,"200,000"
,,,,,,,,,,,,,,,,,,Shares,,"621,900"
1366.,2007814369,TRANSCARENT INC.,US,ACCOLADE INC.,US,Acquisition 100%,Completed,"621,000.00",08.04.2025,100.00000,0.00000,100.00000,518210,518210,,ACCD,08.01.2025,Cash,Delisted,"621,000"
1367.,1941211591,SAN VICENTE ACQUISITION LLC,US,GRINDR INC.,US,Acquisition 98.59%,Completed,"620,540.00",12.06.2020,98.59000,0.00000,98.59000,511210,523910,,GRND,06.03.2020,Cash,Listed,"620,540"
1368.,1941697217,PRIMORIS SERVICES CORPORATION,US,FUTURE INFRASTRUCTURE HOLDINGS LLC,US,Acquisition 100%,Completed,"620,000.00",15.01.2021,100.00000,0.00000,100.00000,237130,237990,PRIM,,14.12.2020,Cash,Unlisted,"620,000"
1369.,1941444989,KING LLC MERGER SUB LLC,US,MAPLE HOLDINGS INC.,US,Acquisition 100%,Completed,"619,471.00",30.09.2021,100.00000,0.00000,100.00000,517312,517312,,,12.03.2021,Cash,Unlisted,"273,471"
,,,,,,,,,,,,,,,,,,Third party shares,,"346,000"
1370.,1941511670,VACASA LLC,US,TURNKEY VACATION RENTALS INC.,US,Acquisition 100%,Completed,"618,800.00",01.04.2021,100.00000,0.00000,100.00000,518210,518210,,,11.03.2021,Cash,Unlisted,"45,000"
,,,,,,,,,,,,,,,,,,Shares,,"573,800"
1371.,1941188440,CARBONITE INC.,US,WEBROOT INC.,US,Acquisition 100%,Completed,"618,500.00",26.03.2019,100.00000,0.00000,100.00000,541511,518210,CARB,,07.02.2019,Cash,Unlisted,"618,500"
,,,,,,,,,,,,,,,,,,Cash Reserves,,n.a.
,,,,,,,,,,,,,,,,,,Earn-out,,n.a.
1372.,1941260924,ATLAS TC HOLDINGS LLC,US,ATLAS INTERMEDIATE HOLDINGS LLC,US,Acquisition 100%,Completed,"617,000.00",14.02.2020,100.00000,0.00000,100.00000,541330,551112,,,13.08.2019,Cash,Unlisted,n.a.
,,,,,,,,,,,,,,,,,,Shares,,n.a.
,,,,,,,,,,,,,,,,,,Liabilities,,n.a.
,,,,,,,,,,,,,,,,,,Cash Reserves,,n.a.
1373.,2007039803,BOSTON SCIENTIFIC CORPORATION,US,APOLLO ENDOSURGERY INC.,US,Acquisition 100%,Completed,"615,000.00",04.04.2023,100.00000,0.00000,100.00000,325412,339112,BSX,APEN,29.11.2022,Cash,Delisted,n.a.
,,,,,,,,,,,,,,,,,,Liabilities,,n.a.
1374.,2008351386,PHILADELPHIA CONSOLIDATED HOLDING CORPORATION,US,IGNYTE INSURANCE GROUP LLC'S COLLECTOR VEHICLE DIVISION,US,Acquisition 100%,Completed,"615,000.00",31.10.2025,100.00000,0.00000,100.00000,524210,524126,PHLY,,31.10.2025,,Unlisted,n.a.
1375.,1941327837,FB FINANCIAL CORPORATION,US,FRANKLIN FINANCIAL NETWORK INC.,US,Acquisition 100%,Completed,"611,000.00",15.08.2020,100.00000,0.00000,100.00000,522110,522110,FBK,FSB,21.01.2020,Shares,Delisted,"551,022"
,,,,,,,,,,,,,,,,,,Cash,,"29,433"
1376.,2008223081,ATLASSIAN CORPORATION,US,"BROWSER COMPANY OF NEW YORK INC., THE",US,Acquisition 100%,Completed,"610,000.00",21.10.2025,100.00000,0.00000,100.00000,511210,518210,TEAM,,04.09.2025,Cash Reserves,Unlisted,n.a.
,,,,,,,,,,,,,,,,,,Cash,,"610,000"
,,,,,,,,,,,,,,,,,,Cash assumed,,n.a.
1377.,2007014771,ELI LILLY AND COMPANY,US,AKOUOS INC.,US,Acquisition 100%,Completed,"610,000.00",01.12.2022,100.00000,0.00000,100.00000,541713,325412,LLY,AKUS,18.10.2022,Cash,Delisted,"610,000"
,,,,,,,,,,,,,,,,,,Earn-out,,"123,000"
1378.,1941695211,"EAGLE FAMILY FOODS GROUP LLC, THE",US,GENERAL MILLS INC.'S HELPER MAIN MEALS BUSINESS,US,Acquisition 100%,Completed,"610,000.00",05.07.2022,100.00000,0.00000,100.00000,311991,311514,,,25.05.2022,Cash,Unlisted,"610,000"
,,,,GENERAL MILLS INC.'S SUDDENLY SALAD BUSINESS,US,,,,,100.00000,0.00000,100.00000,311991,,,,,,Unlisted,
1379.,2007965233,PERMIAN RESOURCES CORPORATION,US,APA CORPORATION'S NEW MEXICO PERMIAN ASSETS,US,Acquisition 100%,Completed,"608,000.00",16.06.2025,100.00000,0.00000,100.00000,211120,211120,PR,,07.05.2025,,Unlisted,n.a.
1380.,2007178649,LIBERTY UTILITIES COMPANY,US,NEW YORK AMERICAN WATER COMPANY INC.,US,Acquisition 100%,Completed,"608,000.00",03.01.2022,100.00000,0.00000,100.00000,221310,221122,,,20.11.2019,,Unlisted,n.a.
1381.,1941500107,REDFIN CORPORATION,US,RENTPATH LLC,US,Acquisition 100%,Completed,"608,000.00",02.04.2021,100.00000,0.00000,100.00000,518210,531210,RDFN,,19.02.2021,Cash,Unlisted,"608,000"
1382.,2007620863,DARDEN RESTAURANTS INC.,US,CHUY’S HOLDINGS INC.,US,Acquisition 100%,Completed,"605,000.00",11.10.2024,100.00000,0.00000,100.00000,722511,722511,DRI,CHUY,17.07.2024,Cash,Delisted,"605,000"
,,,,,,,,,,,,,,,,,,Liabilities,,n.a.
1383.,2008448237,ASSOCIATED BANC-CORPORATION,US,AMERICAN NATIONAL CORPORATION,US,Acquisition 100%,Completed,"604,000.00",01.04.2026,100.00000,0.00000,100.00000,551111,522110,ASB,,01.12.2025,Shares,Unlisted,"604,000"
1384.,2007845625,PRAIRIE OPERATING COMPANY,US,BAYSWATER EXPLORATION & PRODUCTION LLC'S DENVER-JULESBURG BASIN ASSETS,US,Acquisition 100%,Completed,"602,750.00",26.03.2025,100.00000,0.00000,100.00000,211120,221118,CRKR,,07.02.2025,Cash,Unlisted,"557,822"
,,,,,,,,,,,,,,,,,,Cash Reserves,,n.a.
,,,,,,,,,,,,,,,,,,Shares,,"44,928"
1385.,1941533754,DYNAMICS SPECIAL PURPOSE CORPORATION,US,SENTI BIOSCIENCES INC.,US,Acquisition 100%,Completed,"601,000.00",08.06.2022,100.00000,0.00000,100.00000,541713,525990,SNTI,,20.12.2021,,Unlisted,n.a.
1386.,2008614294,NETFLIX INC.,US,INTERPOSITIVE LLC,US,Acquisition 100%,Completed,"600,000.00",05.03.2026,100.00000,0.00000,100.00000,518210,518210,NFLX,,05.03.2026,Earn-out,Unlisted,n.a.
,,,,,,,,,,,,,,,,,,Cash,,n.a.
1387.,2008360962,"CHARLES SCHWAB CORPORATION, THE",US,FORGE GLOBAL HOLDINGS INC.,US,Acquisition 100%,Completed,"600,000.00",02.03.2026,100.00000,0.00000,100.00000,518210,523120,SCHW,,06.11.2025,Cash,Unlisted,"600,000"
1388.,2008201484,FOUNDATION BUILDING MATERIALS INC.,US,KCG INC.,US,Acquisition 100%,Completed,"600,000.00",04.04.2025,100.00000,0.00000,100.00000,444190,332999,FBM,,04.04.2025,,Unlisted,n.a.
1389.,2007839051,HEIDELBERG MATERIALS US INC.,US,GIANT CEMENT HOLDING INC.,US,Acquisition 100%,Completed,"600,000.00",01.04.2025,100.00000,0.00000,100.00000,327310,327310,,,28.11.2024,,Unlisted,n.a.
1390.,2007819599,T-MOBILE US INC.,US,VISTAR MEDIA INC.,US,Acquisition 100%,Completed,"600,000.00",03.02.2025,100.00000,0.00000,100.00000,518210,517312,TMUS,,13.01.2025,Cash,Unlisted,"600,000"
1391.,2007784693,HOMETOWN FOOD COMPANY,US,CONAGRA BRANDS INC.'S CHEF BOYARDEE BRAND,US,Acquisition 100%,Completed,"600,000.00",03.06.2025,100.00000,0.00000,100.00000,311991,311812,,,01.05.2025,Cash,Unlisted,"600,000"
1392.,2007758661,TEMPUS AI INC.,US,AMBRY GENETICS CORPORATION,US,Acquisition 100%,Completed,"600,000.00",03.02.2025,100.00000,0.00000,100.00000,621511,518210,TEM,,04.11.2024,Cash,Unlisted,"375,000"
,,,,,,,,,,,,,,,,,,Shares,,"225,000"
1393.,2007552653,EMD MILLIPORE CORPORATION,US,MIRUS BIO LLC,US,Acquisition 100%,Completed,"600,000.00",01.08.2024,100.00000,0.00000,100.00000,541713,541713,MIL,,22.05.2024,,Unlisted,n.a.
1394.,2007513387,MUELLER INDUSTRIES INC.,US,NEHRING ELECTRICAL WORKS COMPANY,US,Acquisition 100%,Completed,"600,000.00",28.05.2024,100.00000,0.00000,100.00000,335929,331210,MLI,,22.04.2024,Earn-out,Unlisted,"25,000"
,,,,,,,,,,,,,,,,,,Cash,,n.a.
,,,,,,,,,,,,,,,,,,Cash Reserves,,n.a.
1395.,2007226185,LABORIE MEDICAL TECHNOLOGIES CORPORATION,US,UROTRONIC INC.,US,Acquisition unknown majority stake %,Completed,"600,000.00",27.10.2023,Unknown majority,Unknown minority,100.00000,334510,334510,,,06.09.2023,Earn-out,Unlisted,n.a.
,,,,,,,,,,,,,,,,,,Cash,,n.a.
1396.,2007192515,CRESCENT ENERGY COMPANY,US,MESQUITE ENERGY INC.'S WESTERN EAGLE FORD ASSETS OPERATORSHIP AND INCREMENTAL WORKING INTEREST,US,Acquisition 100%,Completed,"600,000.00",03.07.2023,100.00000,0.00000,100.00000,221210,211120,CRGY,,02.05.2023,Cash,Unlisted,"600,000"
1397.,1941739338,XL FLEET CORPORATION,US,SOLAR SERVICE EXPERTS LLC,US,Acquisition 100%,Completed,"600,000.00",09.09.2022,100.00000,0.00000,100.00000,221114,336350,XL,,09.09.2022,Liabilities,Unlisted,"542,000"
,,,,,,,,,,,,,,,,,,Cash Reserves,,n.a.
,,,,,,,,,,,,,,,,,,Cash,,"58,000"
1398.,1941729976,PONO CAPITAL CORPORATION,US,AERWINS TECHNOLOGIES INC.,US,Acquisition 100%,Completed,"600,000.00",03.02.2023,100.00000,0.00000,100.00000,336320,525990,AWIN,AWIN,07.09.2022,Shares,Listed,"600,000"
1399.,1941607344,EYECARE PARTNERS LLC,US,CEI VISION PARTNERS LLC,US,Acquisition 100%,Completed,"600,000.00",16.11.2021,100.00000,0.00000,100.00000,621111,621320,,,24.10.2021,,Unlisted,n.a.
1400.,1941560997,ROTH CH ACQUISITION IV COMPANY,US,TIGO ENERGY INC. (OLD),US,Acquisition 100%,Completed,"600,000.00",23.05.2023,100.00000,0.00000,100.00000,334413,525990,,,05.12.2022,Shares,Unlisted,"600,000"
1401.,1941545432,AKILI INC.,US,AKILI INTERACTIVE LABS INC.,US,Acquisition 100%,Completed,"600,000.00",19.08.2022,100.00000,0.00000,100.00000,511210,511210,,,26.01.2022,Shares,Unlisted,"600,000"
1402.,1941494306,DELIGHT MERGER SUB II LLC,US,DECIPHER BIOSCIENCES INC.,US,Acquisition 100%,Completed,"600,000.00",12.03.2021,100.00000,0.00000,100.00000,621999,551112,,,03.02.2021,Cash,Unlisted,"600,000"
1403.,1941464829,ADARA ACQUISITION CORPORATION,US,ALLIANCE ENTERTAINMENT HOLDING CORPORATION,US,Acquisition 100%,Completed,"600,000.00",10.02.2023,100.00000,0.00000,100.00000,423690,525990,AENT,AENT,23.06.2022,Earn-out,Listed,"125,000"
,,,,,,,,,,,,,,,,,,Shares,,"600,000"
1404.,1941321352,JONATA SUB TWO INC.,US,INTOUCH TECHNOLOGIES INC.,US,Acquisition 100%,Completed,"600,000.00",01.07.2020,100.00000,0.00000,100.00000,334210,334210,,,12.01.2020,Third party shares,Unlisted,"450,000"
,,,,,,,,,,,,,,,,,,Cash,,"150,000"
1405.,1941277401,NGL WATER SOLUTIONS PERMIAN LLC,US,HILLSTONE ENVIRONMENTAL PARTNERS LLC,US,Acquisition 100%,Completed,"600,000.00",01.11.2019,100.00000,0.00000,100.00000,237110,211120,,,26.09.2019,,Unlisted,n.a.
1406.,1941170843,OMEGA HEALTHCARE INVESTORS INC.,US,MEDEQUITIES REALTY TRUST INC.,US,Acquisition 100%,Completed,"600,000.00",17.05.2019,100.00000,0.00000,100.00000,531120,531110,OHI,MRT,02.01.2019,Shares,Delisted,n.a.
,,,,,,,,,,,,,,,,,,Cash,,n.a.
,,,,,,,,,,,,,,,,,,Liabilities,,"279,090"
1407.,1941549765,CANO HEALTH INC.,US,UNIVERSITY HEALTH CARE INC.,US,Acquisition 100%,Completed,"600,000.00",11.06.2021,100.00000,0.00000,100.00000,621111,621111,CANOQ,,11.06.2021,Cash,Unlisted,"540,000"
,,,,,,,,,,,,,,,,,,Shares,,"60,000"
,,,,,,,,,,,,,,,,,,Cash Reserves,,n.a.
1408.,2007148732,RIDGEMAR ENERGY OPERATING LLC,US,CALLON (EAGLE FORD) LLC,US,Acquisition 100%,Completed,"596,000.00",03.07.2023,100.00000,0.00000,100.00000,213112,213112,,,03.05.2023,Earn-out,Unlisted,"45,000"
,,,,,,,,,,,,,,,,,,Cash,,"551,000"
1409.,1941664279,SENTINELONE INC.,US,ATTIVO NETWORKS INC.,US,Acquisition 100%,Completed,"595,745.00",03.05.2022,100.00000,0.00000,100.00000,511210,518210,S,,15.03.2022,Shares,Unlisted,"244,245"
,,,,,,,,,,,,,,,,,,Cash,,"351,500"
1410.,1941650452,RESIDEO TECHNOLOGIES INC.,US,FIRST ALERT INC.,US,Acquisition 100%,Completed,"593,000.00",01.04.2022,100.00000,0.00000,100.00000,922160,334512,REZI,,07.02.2022,Cash,Unlisted,"593,000"
1411.,1941232459,CHART INDUSTRIES INC.,US,HARSCO CORPORATION'S AIR-X-CHANGERS BUSINESS,US,Acquisition 100%,Completed,"592,000.00",01.07.2019,100.00000,0.00000,100.00000,333415,333249,GTLS,,09.05.2019,Cash,Unlisted,"592,000"
1412.,2007005759,QINETIQ US HOLDINGS INC.,US,AVANTUS FEDERAL SERVICES LLC,US,Acquisition 100%,Completed,"590,000.00",23.11.2022,100.00000,0.00000,100.00000,518210,541330,,,05.08.2022,Liabilities,Unlisted,n.a.
1413.,1941741432,EXTRA SPACE STORAGE INC.,US,STORAGE EXPRESS,US,Acquisition 100%,Completed,"590,000.00",15.09.2022,100.00000,0.00000,100.00000,531130,531130,EXR,,15.09.2022,,Unlisted,n.a.
,,,,UNDISCLOSED ENTITIES DOING BUSINESS AS STORAGE EXPRESS,US,,,,,100.00000,0.00000,100.00000,531130,,,,,,Unlisted,
1414.,1941711629,VISTA OUTDOOR OPERATIONS LLC,US,FOX (PARENT) HOLDINGS INC.,US,Acquisition 100%,Completed,"590,000.00",08.08.2022,100.00000,0.00000,100.00000,336330,339920,,,06.07.2022,Earn-out,Unlisted,"50,000"
1415.,1941731686,DORMAN PRODUCTS INC.,US,SUPERATV LLC,US,Acquisition 100%,Completed,"590,000.00",04.10.2022,100.00000,0.00000,100.00000,336390,423120,DORM,,18.08.2022,Earn-out,Unlisted,"100,000"
,,,,,,,,,,,,,,,,,,Cash,,n.a.
1416.,1941598419,OMNILIT ACQUISITION CORPORATION,US,SYNTEC OPTICS INC.,US,Acquisition 100%,Completed,"589,824.00",07.11.2023,100.00000,0.00000,100.00000,333314,525990,OPTX,,10.05.2023,Earn-out,Unlisted,"266,240"
,,,,,,,,,,,,,,,,,,Shares,,"589,824"
1417.,1941500373,SOFTWARE ACQUISITION GROUP INC. III,US,NOGIN INC.,US,Acquisition 100%,Completed,"586,000.00",29.08.2022,100.00000,0.00000,100.00000,518210,525990,,,14.02.2022,Shares,Unlisted,"566,000"
,,,,,,,,,,,,,,,,,,Cash,,"20,000"
1418.,2008454062,COMMERCE BANCSHARES INC.,US,FINEMARK HOLDINGS INC.,US,Acquisition 100%,Completed,"585,000.00",01.01.2026,100.00000,0.00000,100.00000,522110,522110,CBSH,FNBT,03.12.2025,Shares,Delisted,"585,000"
1419.,2007569227,FRONTDOOR INC.,US,2-10 HOLDCO INC.,US,Acquisition 100%,Completed,"585,000.00",19.12.2024,100.00000,0.00000,100.00000,524210,811411,FTDR,,04.06.2024,Cash,Unlisted,"585,000"
1420.,2008263843,MIRION TECHNOLOGIES INC.,US,PARAGON ENERGY SOLUTIONS LLC,US,Acquisition 100%,Completed,"585,000.00",01.12.2025,100.00000,0.00000,100.00000,811219,334519,MIR,,24.09.2025,Cash,Unlisted,"585,000"
1421.,2008218218,CELSIUS HOLDINGS INC.,US,ROCKSTAR INC.'S ENERGY BRANDS IN THE US AND CANADA,US,Acquisition 100%,Completed,"585,000.00",01.09.2025,100.00000,0.00000,100.00000,312111,312111,CELH,,01.09.2025,Cash,Unlisted,"585,000"
1422.,1941625933,JACK IN THE BOX INC.,US,DEL TACO RESTAURANTS INC.,US,Acquisition 100%,Completed,"585,000.00",08.03.2022,100.00000,0.00000,100.00000,722513,722513,JACK,TACO,06.12.2021,Cash,Delisted,"585,000"
,,,,,,,,,,,,,,,,,,Cash Reserves,,n.a.
,,,,,,,,,,,,,,,,,,Liabilities,,n.a.
1423.,1941216936,LIQUI-BOX CORPORATION,US,DS SMITH PLC'S PLASTICS DIVISION,US,Acquisition 100%,Completed,"585,000.00",27.02.2020,100.00000,0.00000,100.00000,326112,326112,LIQB,,06.03.2019,,Unlisted,n.a.
1424.,2007080834,ANGION BIOMEDICA CORPORATION,US,ELICIO THERAPEUTICS INC.,US,Acquisition 100%,Completed,"583,158.00",01.06.2023,100.00000,0.00000,100.00000,541713,541713,ELTX,ELTX,17.01.2023,Shares,Listed,"583,158"
1425.,1941465173,CANOPY USA LLC,US,ACREAGE HOLDINGS INC.,US,Acquisition 100% Bid 2 - Decreased offer,Completed,"581,368.00",09.12.2024,100.00000,0.00000,100.00000,111419,325411,,,25.10.2022,Shares,Unlisted,n.a.
,,CANOPY USA LLC,US,,,,,,,,,,,325411,,,,Cash,,n.a.
1426.,1941625294,SIMMONS FIRST NATIONAL CORPORATION,US,SPIRIT OF TEXAS BANCSHARES INC.,US,Acquisition 100%,Completed,"581,000.00",11.04.2022,100.00000,0.00000,100.00000,522110,522110,SFNC,STXB,19.11.2021,Shares,Delisted,n.a.
,,,,,,,,,,,,,,,,,,Cash,,n.a.
1427.,2008162109,ENTERPRISE PRODUCTS PARTNERS LP,US,OCCIDENTAL PETROLEUM CORPORATION'S CERTAIN GAS GATHERING ASSETS IN THE MIDLAND BASIN,US,Acquisition 100%,Completed,"580,000.00",22.08.2025,100.00000,0.00000,100.00000,211120,486210,EPD,,06.08.2025,Cash,Unlisted,"580,000"
1428.,1941728611,MARINEMAX EAST INC.,US,ISLAND GLOBAL YACHTING LLC,US,Acquisition 100%,Completed,"580,000.00",03.10.2022,100.00000,0.00000,100.00000,713930,441222,,,09.08.2022,Cash,Unlisted,"480,000"
,,,,,,,,,,,,,,,,,,Cash Reserves,,n.a.
,,,,,,,,,,,,,,,,,,Earn-out,,"100,000"
1429.,1941460356,CASEY'S GENERAL STORES INC.,US,BUCHANAN ENERGY LLC,US,Acquisition 100%,Completed,"580,000.00",14.05.2021,100.00000,0.00000,100.00000,447110,447110,CASY,,09.11.2020,Cash,Unlisted,"580,000"
,,,,,,,,,,,,,,,,,,Cash Reserves,,n.a.
1430.,1941208066,"EW SCRIPPS COMPANY, THE",US,NEXSTAR MEDIA GROUP INC.'S 8 TELEVISION STATIONS,US,Acquisition 100%,Completed,"580,000.00",19.09.2019,100.00000,0.00000,100.00000,515120,511110,SSP,,20.03.2019,Cash,Unlisted,n.a.
1431.,1939068774,REALPAGE INC.,US,BUILDIUM LLC,US,Acquisition 100%,Completed,"580,000.00",18.12.2019,100.00000,0.00000,100.00000,518210,518210,RP,,06.11.2019,Cash,Unlisted,"580,000"
1432.,1941619707,FRANCHISE GROUP INC.,US,WS BADCOCK CORPORATION,US,Acquisition 100%,Completed,"580,000.00",22.11.2021,100.00000,0.00000,100.00000,442110,541213,FRGA,,22.11.2021,Cash,Unlisted,"580,000"
1433.,2007237626,DIAMONDBACK ENERGY INC.,US,RATTLER MIDSTREAM LP,US,Acquisition increased from 73.866% to 100%,Completed,"575,166.00",24.08.2022,26.13400,73.86600,100.00000,486110,211120,FANG,RTLR,16.05.2022,Shares,Delisted,"575,166"
1434.,2008494120,NOFAR USA ENERGY INVESTMENTS AND MANAGEMENT LLC,US,PINE GATE RENEWABLES LLC'S 1-GW UTILITY-SCALE SOLAR PORTFOLIO,US,Acquisition 100%,Completed,"575,000.00",11.03.2026,100.00000,0.00000,100.00000,221114,221114,,,31.12.2025,Liabilities,Unlisted,"260,000"
,,,,,,,,,,,,,,,,,,Cash,,"285,000"
1435.,2007312804,MEDIMPACT HEALTHCARE SYSTEMS INC.,US,ELIXIR RX SOLUTIONS LLC,US,Acquisition 100%,Completed,"575,000.00",01.02.2024,100.00000,0.00000,100.00000,524114,561499,,,01.02.2024,,Unlisted,n.a.
1436.,1941633530,LABORATORY CORPORATION OF AMERICA HOLDINGS,US,PERSONAL GENOME DIAGNOSTICS INC.,US,Acquisition 100%,Completed,"575,000.00",21.02.2022,100.00000,0.00000,100.00000,621511,621511,LH,,23.12.2021,Earn-out,Unlisted,"125,000"
,,,,,,,,,,,,,,,,,,Cash,,n.a.
1437.,1941554512,BOSTON SCIENTIFIC CORPORATION,US,FARAPULSE INC.,US,Acquisition increased from 27% to 100%,Completed,"575,000.00",06.08.2021,73.00000,27.00000,100.00000,541713,339112,BSX,,24.06.2021,Earn-out,Unlisted,"125,000"
,,,,,,,,,,,,,,,,,,Cash,,n.a.
1438.,1941415871,ZEBRA TECHNOLOGIES CORPORATION,US,REFLEXIS SYSTEMS INC.,US,Acquisition 100%,Completed,"575,000.00",02.09.2020,100.00000,0.00000,100.00000,518210,333244,ZBRA,,28.07.2020,Cash,Unlisted,"575,000"
,,,,,,,,,,,,,,,,,,Cash Reserves,,n.a.
1439.,2007328933,FOX FACTORY HOLDING CORPORATION,US,WHEELHOUSE HOLDINGS LLC,US,Acquisition 100%,Completed,"572,000.00",15.11.2023,100.00000,0.00000,100.00000,541611,336330,FOXF,,02.11.2023,Liabilities,Unlisted,"572,000"
1440.,1941482247,DIAMONDHEAD HOLDINGS CORPORATION,US,GREAT SOUTHERN HOMES INC.,US,Acquisition 100%,Completed,"572,000.00",30.03.2023,100.00000,0.00000,100.00000,236115,525990,UHG,,12.09.2022,Earn-out,Unlisted,n.a.
,,,,,,,,,,,,,,,,,,Cash,,"320,000"
,,,,,,,,,,,,,,,,,,Shares,,n.a.
1441.,1941269973,FIRST DEFIANCE FINANCIAL CORPORATION,US,UNITED COMMUNITY FINANCIAL CORPORATION,US,Acquisition 100%,Completed,"572,000.00",31.01.2020,100.00000,0.00000,100.00000,522110,522110,FDEF,UCFC,09.09.2019,Shares,Delisted,"572,000"
1442.,2007505488,API GROUP CORPORATION,US,ELEVATED FACILITY SERVICES GROUP,US,Acquisition 100%,Completed,"570,000.00",04.06.2024,100.00000,0.00000,100.00000,811310,541990,APG,,15.04.2024,Cash,Unlisted,"570,000"
1443.,2007029467,VOYA FINANCIAL INC.,US,BENEFITFOCUS INC.,US,Acquisition 100%,Completed,"570,000.00",24.01.2023,100.00000,0.00000,100.00000,518210,525110,VOYA,BNFT,01.11.2022,Liabilities,Delisted,n.a.
,,,,,,,,,,,,,,,,,,Cash,,n.a.
1444.,1941504361,WR GRACE & COMPANY - CONNECTICUT,US,ALBEMARLE CORPORATION'S FINE CHEMISTRY SERVICES BUSINESS,US,Acquisition 100%,Completed,"570,000.00",01.06.2021,100.00000,0.00000,100.00000,325199,325998,,,25.02.2021,Shares,Unlisted,"270,000"
,,FINE CHEMICAL MANUFACTURING SERVICES LLC,US,,,,,,,,,,,325998,,,,Cash,,"300,000"
,,,,,,,,,,,,,,,,,,Liabilities,,n.a.
1445.,1941591853,DFH COVENTRY LLC,US,MCGUYER HOMEBUILDERS INC.'S HOMEBUILDING ASSETS,US,Acquisition 100%,Completed,"568,000.00",01.10.2021,100.00000,0.00000,100.00000,236115,551114,,,13.09.2021,Cash,Unlisted,"471,000"
,,,,MCGUYER HOMEBUILDERS INC.'S MORTGAGE BANKING ASSETS,US,,,,,100.00000,0.00000,100.00000,522390,,,,,Liabilities,Unlisted,"97,000"
,,,,MCGUYER HOMEBUILDERS INC.'S TITLE INSURANCE ASSETS,US,,,,,100.00000,0.00000,100.00000,524210,,,,,Cash Reserves,Unlisted,n.a.
1446.,2008229307,RACETRAC INC.,US,POTBELLY CORPORATION,US,Acquisition 100%,Completed,"566,000.00",23.10.2025,100.00000,0.00000,100.00000,722513,447110,,PBPB,10.09.2025,Cash,Delisted,"566,000"
1447.,1941180283,INMAR INC.,US,YOU TECHNOLOGY LLC,US,Acquisition 100%,Completed,"565,000.00",13.03.2019,100.00000,0.00000,100.00000,518210,518210,,,18.12.2018,Cash,Unlisted,"400,000"
1448.,1941347288,LIVE OAK ACQUISITION CORPORATION,US,MEREDIAN HOLDINGS GROUP INC.,US,Acquisition 100%,Completed,"562,500.00",29.12.2020,100.00000,0.00000,100.00000,325211,525990,,,05.10.2020,Earn-out,Unlisted,"112,500"
,,,,,,,,,,,,,,,,,,Shares,,"542,500"
,,,,,,,,,,,,,,,,,,Liabilities,,"20,000"
1449.,2007787612,INDEPENDENT BANK CORPORATION (MASSACHUSETTS),US,ENTERPRISE BANCORP INC.,US,Acquisition 100%,Completed,"562,000.00",01.07.2025,100.00000,0.00000,100.00000,522110,522110,INDB,EBTC,09.12.2024,Shares,Delisted,"534,900"
,,,,,,,,,,,,,,,,,,Cash,,"27,100"
1450.,1941596324,FEDERATED HERMES INC.,US,HORIZON ADVISERS LLC'S INVESTMENT MANAGEMENT ASSETS,US,Acquisition 100%,Completed,"562,000.00",28.09.2021,100.00000,0.00000,100.00000,523920,523920,FHI,,26.04.2021,,Unlisted,n.a.
1451.,1941575209,DESKTOP METAL INC.,US,"EXONE COMPANY, THE",US,Acquisition 100%,Completed,"561,300.00",12.11.2021,100.00000,0.00000,100.00000,334118,333318,DM,XONE,11.08.2021,Shares,Delisted,n.a.
,,,,,,,,,,,,,,,,,,Cash,,n.a.
1452.,2007880900,NRG ENERGY INC.,US,ROCKLAND CAPITAL ENERGY INVESTMENTS LLC'S 738 MW NATURAL GAS PROJECTS IN TEXAS,US,Acquisition 100%,Completed,"560,000.00",10.04.2025,100.00000,0.00000,100.00000,221112,221112,NRG,,12.03.2025,,Unlisted,n.a.
1453.,2007880086,CLEARWATER ANALYTICS HOLDINGS INC.,US,BEACON PLATFORM INC.,US,Acquisition 100%,Completed,"560,000.00",21.04.2025,100.00000,0.00000,100.00000,518210,518210,CWAN,,12.03.2025,Shares,Unlisted,"224,000"
,,,,,,,,,,,,,,,,,,Cash,,"336,000"
,,,,,,,,,,,,,,,,,,Cash Reserves,,n.a.
1454.,1939052603,ORIENTAL BANK,US,SCOTIABANK DE PUERTO RICO,US,Acquisition 100%,Completed,"560,000.00",31.12.2019,100.00000,0.00000,100.00000,522110,522120,,,26.06.2019,Cash,Unlisted,"560,000"
,,,,SCOTIABANK’S US VIRGIN ISLAND BRANCH OPERATION,VG,,,,,100.00000,0.00000,100.00000,523910,,,,,,Unlisted,
1455.,1941216718,VICI PROPERTIES INC.,US,JACK CINCINNATI CASINO LLC'S UNDISCLOSED SUBSIDIARY,US,Acquisition 100%,Completed,"558,000.00",23.09.2019,100.00000,0.00000,100.00000,713210,531120,VICI,,05.04.2019,Cash,Unlisted,"558,000"
1456.,2008620740,NUVEEN S&P 500 DYNAMIC OVERWRITE FUND,US,NUVEEN DOW 30SM DYNAMIC OVERWRITE FUND,US,Acquisition 100%,Completed,"556,777.00",30.03.2026,100.00000,0.00000,100.00000,525990,525990,SPXX,DIAX,05.03.2026,Shares,Delisted,n.a.
,,,,,,,,,,,,,,,,,,Liabilities,,n.a.
1457.,1941652485,COLLEGIUM PHARMACEUTICAL INC.,US,BIODELIVERY SCIENCES INTERNATIONAL INC.,US,Acquisition 100%,Completed,"553,257.00",22.03.2022,100.00000,0.00000,100.00000,325412,541713,COLL,BDSI,14.02.2022,Cash,Delisted,"553,257"
,,,,,,,,,,,,,,,,,,Cash Reserves,,n.a.
1458.,1941481433,FLYNN RESTAURANT GROUP LLC,US,NPC INTERNATIONAL INC.'S 925 PIZZA HUT RESTAURANTS,US,Acquisition 100%,Completed,"553,000.00",24.03.2021,100.00000,0.00000,100.00000,722511,722511,,,06.11.2020,,Unlisted,n.a.
,,,,NPC INTERNATIONAL INC.'S 200 WENDY'S RESTAURANTS,US,,,,,100.00000,0.00000,100.00000,722511,,,,,,Unlisted,
,,,,NPC INTERNATIONAL INC.'S SHARED SERVICES ASSETS,US,,,,,100.00000,0.00000,100.00000,722511,,,,,,Unlisted,
1459.,2007556046,DT MIDSTREAM INC.,US,MILLENNIUM PIPELINE COMPANY LLC,US,Acquisition increased from 26.25% to 52.5%,Completed,"552,000.00",07.10.2022,26.25000,26.25000,52.50000,486110,211120,DTM,,29.09.2022,Cash,Unlisted,"552,000"
,,,,,,,,,,,,,,,,,,Cash Reserves,,n.a.
1460.,2008501413,D-WAVE QUANTUM INC.,US,QUANTUM CIRCUITS INC.,US,Acquisition 100%,Completed,"550,000.00",20.01.2026,100.00000,0.00000,100.00000,541715,541715,,,07.01.2026,Cash,Unlisted,"250,000"
,,,,,,,,,,,,,,,,,,Shares,,"300,000"
1461.,2008195535,LENNOX INTERNATIONAL INC.,US,NSI INDUSTRIES LLC'S HVAC DIVISION,US,Acquisition 100%,Completed,"550,000.00",16.10.2025,100.00000,0.00000,100.00000,335931,333415,LII,,18.08.2025,Cash,Unlisted,"550,000"
1462.,2007633121,COLLEGIUM PHARMACEUTICAL INC.,US,IRONSHORE THERAPEUTICS INC.,US,Acquisition 100%,Completed,"550,000.00",04.09.2024,100.00000,0.00000,100.00000,325412,541713,COLL,,29.07.2024,Earn-out,Unlisted,"25,000"
,,,,,,,,,,,,,,,,,,Cash,,"525,000"
,,,,,,,,,,,,,,,,,,Cash Reserves,,n.a.
1463.,2007609378,ESCO TECHNOLOGIES INC.,US,ULTRA MARITIME LLC'S SIGNATURE MANAGEMENT & POWER BUSINESS IN LONG ISLAND,US,Acquisition 100%,Completed,"550,000.00",28.04.2025,100.00000,0.00000,100.00000,334513,511210,ESE,,09.07.2024,Cash Reserves,Unlisted,n.a.
,,,,,,,,,,,,,,,,,,Cash,,"550,000"
1464.,2007454648,ADVENTIST HEALTH,US,TWIN CITIES COMMUNITY HOSPITAL INC.,US,Acquisition 100%,Completed,"550,000.00",01.04.2024,100.00000,0.00000,100.00000,622110,622110,,,29.02.2024,Cash,Unlisted,"550,000"
,,,,SIERRA VISTA HOSPITAL INC.,US,,,,,100.00000,0.00000,100.00000,622110,,,,,,Unlisted,
,,,,TENET HEALTHCARE CORPORATION'S AFFILIATED PHYSICIAN PRACTICES AND OTHER RELATED OPERATIONS,US,,,,,100.00000,0.00000,100.00000,622110,,,,,,Unlisted,
1465.,2007093650,MANAGEMENT,US,TAO GROUP SUB-HOLDINGS LLC,US,Acquisition 100%,Completed,"550,000.00",03.05.2023,100.00000,0.00000,100.00000,722511,551114,,,17.04.2023,,Unlisted,n.a.
,,DISCO BALL INTERMEDIATE LLC,US,,,,,,,,,,,551114,,,,,,
1466.,1941700820,AMERICAN INDUSTRIAL TRANSPORT INC.,US,THE ANDERSONS INC.'S RAILCAR LEASING BUSINESS,US,Acquisition 100%,Completed,"550,000.00",16.08.2021,100.00000,0.00000,100.00000,532411,532411,,,16.08.2021,Cash,Unlisted,"550,000"
1467.,1941636334,"NEW YORK TIMES COMPANY, THE",US,"ATHLETIC MEDIA COMPANY, THE",US,Acquisition 100%,Completed,"550,000.00",01.02.2022,100.00000,0.00000,100.00000,519130,511110,NYT,,06.01.2022,Cash,Unlisted,"550,000"
,,,,,,,,,,,,,,,,,,Cash assumed,,n.a.
,,,,,,,,,,,,,,,,,,Liabilities,,n.a.
,,,,,,,,,,,,,,,,,,Cash Reserves,,n.a.
1468.,1941626259,COMMERCIAL METALS COMPANY,US,TAC ACQUISITION CORPORATION,US,Acquisition 100%,Completed,"550,000.00",25.04.2022,100.00000,0.00000,100.00000,333120,331110,CMC,,07.12.2021,Cash,Unlisted,"550,000"
1469.,1941534622,ABBVIE INC.,US,SOLITON INC.,US,Acquisition 100%,Completed,"550,000.00",16.12.2021,100.00000,0.00000,100.00000,339112,541713,ABBV,SOLY,10.05.2021,Cash,Delisted,"550,000"
1470.,1941486762,THERMO FISHER SCIENTIFIC INC.,US,MESA BIOTECH INC.,US,Acquisition 100%,Completed,"550,000.00",26.02.2021,100.00000,0.00000,100.00000,325413,334516,TMO,,19.01.2021,Cash,Unlisted,"550,000"
,,,,,,,,,,,,,,,,,,Earn-out,,"100,000"
1471.,1941454460,B&G FOODS NORTH AMERICA INC.,US,JM SMUCKER COMPANY'S CRISCO COOKING OIL BRAND,US,Acquisition 100%,Completed,"550,000.00",01.12.2020,100.00000,0.00000,100.00000,311224,311919,,,26.10.2020,Cash,Unlisted,"550,000"
,,B&G FOODS CANADA ULC,CA,,,,,,,,,,,311919,,,,Cash Reserves,,n.a.
1472.,1941733125,HEARTLAND EXPRESS INC. OF IOWA,US,TRANSPORTATION RESOURCES INC.,US,Acquisition 100%,Completed,"549,000.00",31.08.2022,100.00000,0.00000,100.00000,484121,484121,,,21.08.2022,Cash,Unlisted,"549,000"
,,,,,,,,,,,,,,,,,,Liabilities,,n.a.
,,,,,,,,,,,,,,,,,,Cash Reserves,,n.a.
1473.,2007593829,AJINOMOTO NORTH AMERICA HOLDINGS INC.,US,FORGE BIOLOGICS HOLDINGS LLC,US,Acquisition 100%,Completed,"545,000.00",21.12.2023,100.00000,0.00000,100.00000,541713,311999,,,13.11.2023,Cash,Unlisted,"545,000"
1474.,2007340466,AJINOMOTO NORTH AMERICA HOLDINGS INC.,US,FORGE BIOLOGICS HOLDINGS LLC,US,Acquisition 100%,Completed,"545,000.00",21.12.2023,100.00000,0.00000,100.00000,541713,311999,,,13.11.2023,Cash,Unlisted,"545,000"
1475.,1941427876,SENECA RESOURCES COMPANY LLC,US,SWEPI LP'S US APPALACHIA GAS ASSETS,US,Acquisition 100%,Completed,"541,000.00",31.07.2020,100.00000,0.00000,100.00000,211120,211120,,,31.07.2020,Cash,Unlisted,"541,000"
,,NFG MIDSTREAM COVINGTON LLC,US,,,,,,,,,,,211120,,,,,,
1476.,2008497114,MARVELL TECHNOLOGY INC.,US,XCONN TECHNOLOGIES HOLDINGS INC.,US,Acquisition 100%,Completed,"540,000.00",10.02.2026,100.00000,0.00000,100.00000,334413,334413,MRVL,,06.01.2026,Shares,Unlisted,"216,000"
,,,,,,,,,,,,,,,,,,Cash,,"324,000"
1477.,2008161154,GRANITE CONSTRUCTION INC.,US,WARREN PAVING INC.,US,Acquisition 100% and 100%,Completed,"540,000.00",05.08.2025,100.00000,0.00000,100.00000,237310,237990,GVA,,05.08.2025,Cash,Unlisted,n.a.
,,,,SLATS LUCAS LLC,US,,,,,100.00000,0.00000,100.00000,324121,,,,,Cash Reserves,Unlisted,n.a.
1478.,2008031931,BAKER HUGHES COMPANY,US,CONTINENTAL DISC CORPORATION LLC,US,Acquisition 100%,Completed,"540,000.00",07.08.2025,100.00000,0.00000,100.00000,332911,333132,BKR,,16.06.2025,Cash Reserves,Unlisted,n.a.
,,,,,,,,,,,,,,,,,,Cash,,"540,000"
1479.,2007481512,GLOBAL BUSINESS TRAVEL GROUP INC.,US,CWT HOLDINGS LLC,US,Acquisition 100%,Completed,"540,000.00",02.09.2025,100.00000,0.00000,100.00000,561510,561510,GBTG,,25.03.2024,Cash,Unlisted,"70,000"
,,,,,,,,,,,,,,,,,,Shares,,"375,000"
,,,,,,,,,,,,,,,,,,Cash Reserves,,n.a.
1480.,1941676378,LITTELFUSE INC.,US,BEIT HOLDINGS LLC,US,Acquisition 100%,Completed,"540,000.00",19.07.2022,100.00000,0.00000,100.00000,334419,335313,LFUS,,08.04.2022,Liabilities,Unlisted,n.a.
,,,,,,,,,,,,,,,,,,Cash,,"540,000"
,,,,,,,,,,,,,,,,,,Cash Reserves,,n.a.
1481.,1941293188,WORKDAY INC.,US,SCOUT RFP INC.,US,Acquisition 100%,Completed,"540,000.00",09.12.2019,100.00000,0.00000,100.00000,518210,518210,WDAY,,04.11.2019,Cash,Unlisted,"540,000"
1482.,1941583542,SYNAPTICS INC.,US,DSP GROUP INC.,US,Acquisition 100%,Completed,"538,086.00",02.12.2021,100.00000,0.00000,100.00000,511210,511210,SYNA,DSPG,30.08.2021,Cash Reserves,Delisted,n.a.
,,,,,,,,,,,,,,,,,,Cash,,"538,086"
1483.,1941567043,SOUTH STATE CORPORATION,US,ATLANTIC CAPITAL BANCSHARES INC.,US,Acquisition 100%,Completed,"537,401.00",01.03.2022,100.00000,0.00000,100.00000,522110,522110,SSB,ACBI,23.07.2021,Shares,Delisted,"537,401"
1484.,2007148591,CALLON PETROLEUM COMPANY,US,PERCUSSION PETROLEUM II LLC'S CORE DELWARE BASIN ASSETS,US,Acquisition 100%,Completed,"532,945.00",03.07.2023,100.00000,0.00000,100.00000,213112,211120,CPE,,03.05.2023,Shares,Unlisted,n.a.
,,,,,,,,,,,,,,,,,,Earn-out,,"62,500"
,,,,,,,,,,,,,,,,,,Cash,,n.a.
1485.,1941479520,CENTRAL GARDEN & PET COMPANY,US,GREEN GARDEN PRODUCTS LLC,US,Acquisition 100%,Completed,"532,000.00",16.02.2021,100.00000,0.00000,100.00000,424510,327120,CENT,,31.12.2020,Cash Reserves,Unlisted,n.a.
,,,,,,,,,,,,,,,,,,Cash,,n.a.
1486.,2007522786,HOST HOTELS & RESORTS INC.,US,EMBASSY SUITES NASHVILLEWE,US,Acquisition 100%,Completed,"530,000.00",01.05.2024,100.00000,0.00000,100.00000,721110,721110,HST,,29.04.2024,Cash,Unlisted,"530,000"
,,,,1 HOTEL NASHVILLE LLC,US,,,,,100.00000,0.00000,100.00000,721110,,,,,,Unlisted,
1487.,2007289984,DOVER CORPORATION,US,FW MURPHY PRODUCTION CONTROLS LLC'S BUSINESS,US,Acquisition 100%,Completed,"530,000.00",04.12.2023,100.00000,0.00000,100.00000,811310,333249,DOV,,04.10.2023,Cash,Unlisted,"530,000"
1488.,1941469353,CHURCH & DWIGHT COMPANY INC.,US,MATRIXX INITIATIVES INC.,US,Acquisition 100%,Completed,"530,000.00",01.12.2020,100.00000,0.00000,100.00000,325412,325611,CHD,MTXX,01.12.2020,Cash,Delisted,"530,000"
1489.,1941428062,SUPERNUS PHARMACEUTICALS INC.,US,USWM ENTERPRISES LLC,US,Acquisition 100%,Completed,"530,000.00",09.06.2020,100.00000,0.00000,100.00000,541713,325412,SUPN,,28.04.2020,Cash,Unlisted,"530,000"
,,,,,,,,,,,,,,,,,,Earn-out,,"230,000"
,,,,,,,,,,,,,,,,,,Cash Reserves,,n.a.
1490.,2008631775,PANATTONI DEVELOPMENT COMPANY LLC,US,VICTORIA GARDENS MALL LLC,US,Acquisition 100%,Completed,"530,000.00",12.03.2026,100.00000,0.00000,100.00000,531120,531190,,,12.03.2026,,Unlisted,n.a.
,,REDWOOD WEST PROPERTY MANAGEMENT INC.,US,,,,,,,,,,,531312,,,,,,
,,PRIME FINANCE ADVISOR LP,US,,,,,,,,,,,523920,,,,,,
,,PRISM PLACES INC.,US,,,,,,,,,,,531312,,,,,,
1491.,1941371349,AIR PRODUCTS AND CHEMICALS INC.,US,PBF ENERGY INC.'S 5 STEAM METHANE REFORMER (SMR) HYDROGEN PRODUCTION PLANTS,US,Acquisition 100%,Completed,"530,000.00",20.04.2020,100.00000,0.00000,100.00000,325120,325998,APD,,30.03.2020,Cash,Unlisted,"530,000"
1492.,1941291647,"DAELIM INDUSTRIAL CO., LTD",KR,KRATON CORPORATION'S CARIFLEX BUSINESS ASSETS,US,Acquisition 100%,Completed,"530,000.00",06.03.2020,100.00000,0.00000,100.00000,326299,237990,000210,,30.10.2019,Cash,Unlisted,"530,000"
,,DAELIM USA INC.,US,,,,,,,,,,,237990,,,,,,
1493.,2007270533,EASTERN BANKSHARES INC.,US,CAMBRIDGE BANCORP,US,Acquisition 100%,Completed,"528,000.00",12.07.2024,100.00000,0.00000,100.00000,522110,522110,EBC,CATC,19.09.2023,Shares,Delisted,"528,000"
1494.,1941432725,FARM BUREAU PROPERTY & CASUALTY INSURANCE COMPANY,US,FBL FINANCIAL GROUP INC.,US,Acquisition increased from 61% to 100% acting in concert,Completed,"528,000.00",25.05.2021,39.00000,61.00000,100.00000,524113,524126,,FFG,11.01.2021,Cash,Delisted,"528,000"
1495.,2007141611,CASELLA MID-ATLANTIC LLC,US,WASTE INDUSTRIES OF MARYLAND LLC,US,Acquisition 100%,Completed,"525,000.00",30.06.2023,100.00000,0.00000,100.00000,562998,562212,,,21.04.2023,Cash,Unlisted,"525,000"
,,,,PINK TRASH COMPANY INC.,US,,,,,100.00000,0.00000,100.00000,562998,,,,,Cash Reserves,Unlisted,n.a.
,,,,WASTE INDUSTRIES OF DELAWARE LLC,US,,,,,100.00000,0.00000,100.00000,562998,,,,,,Unlisted,
,,,,WASTE INDUSTRIES OF PENNSYLVANIA LLC,US,,,,,100.00000,0.00000,100.00000,562998,,,,,,Unlisted,
,,,,COUNTY WASTE OF PENNSYLVANIA LLC,US,,,,,100.00000,0.00000,100.00000,562998,,,,,,Unlisted,
1496.,2007009804,INGERSOLL RAND INC.,US,SPX FLOW INC.'S AIR TREATMENT BUSINESS OPERATION,US,Acquisition 100%,Completed,"525,000.00",03.01.2023,100.00000,0.00000,100.00000,333249,333912,IR,,06.10.2022,Cash,Unlisted,"525,000"
1497.,1941682803,"GORMAN-RUPP COMPANY, THE",US,TUTHILL CORPORATION'S FILL-RITE AND SOTERA FUEL TRANSFER BUSINESS,US,Acquisition 100%,Completed,"525,000.00",01.06.2022,100.00000,0.00000,100.00000,333914,333914,GRC,,27.04.2022,Cash,Unlisted,"525,000"
,,,,,,,,,,,,,,,,,,Cash Reserves,,n.a.
1498.,2007911628,TG NATURAL RESOURCES LLC,US,CHEVRON USA INC.'S EAST TEXAS GAS ASSETS,US,Acquisition 70%,Completed,"525,000.00",01.04.2025,70.00000,0.00000,70.00000,213112,213112,,,01.04.2025,Cash,Unlisted,n.a.
1499.,2007813426,RYAN SPECIALTY HOLDINGS INC.,US,VELOCITY RISK UNDERWRITERS LLC,US,Acquisition 100%,Completed,"525,000.00",03.02.2025,100.00000,0.00000,100.00000,524126,524210,RYAN,,07.01.2025,Earn-out,Unlisted,n.a.
,,,,,,,,,,,,,,,,,,Cash,,n.a.
1500.,1941570768,ATG MEDIA US INC.,US,PLATINUM PARENT INC.,US,Acquisition 100%,Completed,"525,000.00",01.10.2021,100.00000,0.00000,100.00000,453920,551112,,,17.06.2021,Cash,Unlisted,n.a.
,,,,,,,,,,,,,,,,,,Earn-out,,"25,000"
,,,,,,,,,,,,,,,,,,Shares,,n.a.
,,,,,,,,,,,,,,,,,,Liabilities,,n.a.
,,,,,,,,,,,,,,,,,,Cash Reserves,,n.a.
1501.,2007089588,UNDISCLOSED ACQUIROR,US,JTM ELECTRICAL AND TECHNOLOGY LLC,US,Acquisition 50%,Completed,"525,000.00",17.02.2022,50.00000,Unknown %,Unknown %,238210,551114,,,17.02.2022,Cash,Unlisted,"525,000"
,,,,,,,,,,,,,,,,,,Deferred payment,,n.a.
1502.,1941149005,"EW SCRIPPS COMPANY, THE",US,CORDILLERA COMMUNICATIONS INC.'S 15 TELEVISION STATIONS,US,Acquisition 100%,Completed,"521,000.00",01.05.2019,100.00000,0.00000,100.00000,515120,511110,SSP,,29.10.2018,,Unlisted,n.a.
1503.,1941418349,PROPTECH ACQUISITION CORPORATION,US,PORCH.COM INC.,US,Acquisition 100%,Completed,"520,900.00",23.12.2020,100.00000,0.00000,100.00000,518210,525990,PRCH,,31.07.2020,Cash,Unlisted,"30,000"
,,,,,,,,,,,,,,,,,,Earn-out,,"57,500"
,,,,,,,,,,,,,,,,,,Cash assumed,,"8,500"
,,,,,,,,,,,,,,,,,,Liabilities,,"67,000"
,,,,,,,,,,,,,,,,,,Shares,,"490,900"
1504.,2007822882,SYMBOTIC INC.,US,WALMART ADVANCED SYSTEMS & ROBOTICS INC.,US,Acquisition 100%,Completed,"520,000.00",27.01.2025,100.00000,0.00000,100.00000,541690,511210,,,16.01.2025,Cash,Unlisted,"250,000"
,,,,,,,,,,,,,,,,,,Deferred payment,,n.a.
1505.,2007551026,MASTERBRAND INC.,US,SUPREME CABINETRY BRANDS INC.,US,Acquisition 100%,Completed,"520,000.00",11.07.2024,100.00000,0.00000,100.00000,337110,337110,MBC,,21.05.2024,Cash Reserves,Unlisted,n.a.
,,,,,,,,,,,,,,,,,,Cash,,"520,000"
1506.,1941569931,BIOVENTUS INC.,US,MISONIX INC.,US,Acquisition 100%,Completed,"518,000.00",29.10.2021,100.00000,0.00000,100.00000,339113,334510,BVS,MSON,29.07.2021,Cash,Delisted,"388,500"
,,,,,,,,,,,,,,,,,,Cash Reserves,,n.a.
,,,,,,,,,,,,,,,,,,Shares,,"129,500"
1507.,2007265181,VITAL ENERGY INC.,US,"HENRY RESOURCES LLC, HENRY ENERGY LP AND MORIAH HENRY PARTNERS LLC'S OIL AND GAS ASSETS IN THE MIDLAND AND DELAWARE BASIN",US,Acquisition 100%,Completed,"517,650.00",05.11.2023,100.00000,0.00000,100.00000,211120,211120,VTLE,,13.09.2023,Shares,Unlisted,"517,650"
1508.,1941421740,LIGAND PHARMACEUTICALS INC.,US,PFENEX INC.,US,Acquisition 100%,Completed,"515,500.00",01.10.2020,100.00000,0.00000,100.00000,541713,325412,LGND,PFNX,10.08.2020,Cash,Delisted,"515,500"
,,,,,,,,,,,,,,,,,,Earn-out,,"78,000"
,,,,,,,,,,,,,,,,,,Cash Reserves,,n.a.
1509.,2007412908,INVESTORS,,SUMMA HEALTH SYSTEM CORPORATION,US,Acquisition 100%,Completed,"515,000.00",01.10.2025,100.00000,0.00000,100.00000,622110,523910,,,07.11.2024,Shares,Unlisted,n.a.
,,HEALTH ASSURANCE TRANSFORMATION CORPORATION,US,,,,,,,,,,,541611,,,,Cash,,n.a.
1510.,1941656163,TRANS UNION LLC,US,VERISK FINANCIAL SERVICES,US,Acquisition 100%,Completed,"515,000.00",08.04.2022,100.00000,0.00000,100.00000,523930,561450,,,22.02.2022,Cash,Unlisted,"515,000"
,,,,,,,,,,,,,,,,,,Cash Reserves,,n.a.
1511.,2007165824,DORT FINANCIAL CREDIT UNION,US,FLAGLER BANK,US,Acquisition 100%,Completed,"513,000.00",14.12.2023,100.00000,0.00000,100.00000,522110,522291,,,12.12.2022,,Unlisted,n.a.
1512.,1941701764,BOISE CASCADE WOOD PRODUCTS LLC,US,COASTAL PLYWOOD COMPANY,US,Acquisition 100%,Completed,"512,000.00",25.07.2022,100.00000,0.00000,100.00000,423390,321211,,,10.06.2022,Cash Reserves,Unlisted,n.a.
,,,,,,,,,,,,,,,,,,Cash,,"512,000"
1513.,2007506400,LEO SUBSIDIARY LLC,US,MACATAWA BANK CORPORATION,US,Acquisition 100%,Completed,"510,300.00",01.08.2024,100.00000,0.00000,100.00000,522110,525990,,MCBC,15.04.2024,Shares,Delisted,"510,300"
1514.,2007270362,ARTHUR J GALLAGHER & COMPANY,US,EASTERN INSURANCE GROUP LLC'S ASSETS,US,Acquisition 100%,Completed,"510,000.00",31.10.2023,100.00000,0.00000,100.00000,524210,524210,AJG,,19.09.2023,Cash Reserves,Unlisted,n.a.
,,,,,,,,,,,,,,,,,,Cash,,n.a.
1515.,1941307993,INVESTORS,,FISERV INC.'S INVESTMENT SERVICES BUSINESS,US,Acquisition 60%,Completed,"510,000.00",19.02.2020,60.00000,0.00000,60.00000,511210,523910,,,05.12.2019,,Unlisted,n.a.
,,MOTIVE CAPITAL MANAGEMENT LLC,US,,,,,,,,,,,523910,,,,,,
,,CANNAE HOLDINGS INC.,US,,,,,,,,,,,551114,CNNE,,,,,
1516.,1941053219,TRIDENT ACQUISITIONS CORPORATION,US,AUTOLOTTO INC.,US,Acquisition 100%,Completed,"510,000.00",29.10.2021,100.00000,0.00000,100.00000,518210,525990,SEGG,,19.11.2020,Shares,Unlisted,"510,000"
,,,,,,,,,,,,,,,,,,Earn-out,,"66,000"
1517.,1941278779,Q2 HOLDINGS INC.,US,LENDER PERFORMANCE GROUP LLC,US,Acquisition 100%,Completed,"510,000.00",01.11.2019,100.00000,0.00000,100.00000,518210,518210,QTWO,,01.10.2019,Cash Reserves,Unlisted,n.a.
,,,,,,,,,,,,,,,,,,Cash,,"510,000"
1518.,2007289303,STANDARD BIOTOOLS INC.,US,SOMALOGIC INC.,US,Acquisition 100%,Completed,"507,287.00",05.01.2024,100.00000,0.00000,100.00000,541713,334516,LAB,CMIIU,12.12.2023,Shares,Delisted,"507,287"
1519.,1941716631,FORTRESS INVESTMENT GROUP LLC,US,DIGITALBRIDGE GROUP INC.S NON-DIGITAL REAL ESTATE INVESTMENT ASSETS,US,Acquisition 100%,Completed,"507,000.00",22.12.2021,100.00000,0.00000,100.00000,237210,523920,FIG,,06.07.2021,,Unlisted,n.a.
1520.,1941131664,VISION TECHNOLOGIES AEROSPACE INC.,US,MRA SYSTEMS LLC,US,Acquisition 100%,Completed,"506,000.00",18.04.2019,100.00000,0.00000,100.00000,336411,541330,,,12.09.2018,Cash,Unlisted,"506,000"
,,,,,,,,,,,,,,,,,,Cash Reserves,,n.a.
1521.,2007042944,BP AMERICA INC.,US,EDF ENERGY SERVICES LLC,US,Acquisition 100%,Completed,"505,367.00",30.11.2022,100.00000,0.00000,100.00000,221122,211120,,,12.09.2022,,Unlisted,n.a.
1522.,2008034492,CEC FACILITIES LLC,US,CEC FACILITIES GROUP LLC'S ASSETS,US,Acquisition 100%,Completed,"505,000.00",02.09.2025,100.00000,0.00000,100.00000,238210,238210,,,17.06.2025,Shares,Unlisted,n.a.
,,,,,,,,,,,,,,,,,,Earn-out,,n.a.
,,,,,,,,,,,,,,,,,,Cash,,n.a.
1523.,2007833711,CNX RESOURCES CORPORATION,US,APEX ENERGY II LLC'S NATURAL GAS UPSTREAM AND ASSOCIATED MIDSTREAM BUSINESS,US,Acquisition 100%,Completed,"505,000.00",27.01.2025,100.00000,0.00000,100.00000,211120,212112,CNX,,27.01.2025,Cash,Unlisted,"505,000"
1524.,2007085426,ACLEAP POWER (USA) INC.,US,LINEAGE POWER HOLDINGS INC.,US,Acquisition 100%,Completed,"505,000.00",03.07.2023,100.00000,0.00000,100.00000,335999,523910,,,20.01.2023,Cash,Unlisted,"505,000"
,,,,,,,,,,,,,,,,,,Cash Reserves,,n.a.
1525.,1941534350,BECKHAM ACQUISITION LLC,US,BT INTERMEDIATE LLC,US,Acquisition 100%,Completed,"503,250.00",15.06.2021,100.00000,0.00000,100.00000,518210,518210,,,10.05.2021,Shares,Unlisted,"228,000"
,,,,,,,,,,,,,,,,,,Cash,,"275,000"
1526.,2008448463,NORTH MILL EQUIPMENT FINANCE LLC,US,MIDLAND STATES BANK'S EQUIPMENT FINANCE PORTFOLIO,US,Acquisition 100%,Completed,"502,000.00",28.11.2025,100.00000,0.00000,100.00000,522110,522298,,,28.11.2025,Cash,Unlisted,"502,000"
1527.,1941426494,ONCBIOMUNE PHARMACEUTICALS INC.,US,AVANT DIAGNOSTICS INC.'S ASSETS,US,Acquisition 100%,Completed,"501,878.00",05.06.2020,100.00000,0.00000,100.00000,541715,541713,OBMP,,13.05.2020,Shares,Unlisted,"501,878"
,,,,,,,,,,,,,,,,,,Liabilities,,n.a.
1528.,1941563277,UNITED COMMUNITY BANKS INC.,US,RELIANT BANCORP INC.,US,Acquisition 100%,Completed,"501,703.00",01.01.2022,100.00000,0.00000,100.00000,522110,522110,UCB,RBNC,14.07.2021,Shares,Delisted,"501,703"
1529.,2007481151,NUVATION BIO INC.,US,ANHEART THERAPEUTICS INC.,US,Acquisition 100%,Completed,"501,287.00",10.04.2024,100.00000,0.00000,100.00000,541713,541713,NUVB,,24.03.2024,Shares,Unlisted,"501,287"
1530.,2008517523,JEFF WYLER AUTOMOTIVE FAMILY INC.,US,MIDWESTERN AUTO GROUP,US,Acquisition 100%,Completed,"500,000.00",14.01.2026,100.00000,0.00000,100.00000,441110,441110,,,14.01.2026,,Unlisted,n.a.
1531.,2008046655,RUBRIK INC.,US,PREDIBASE INC.,US,Acquisition 100%,Completed,"500,000.00",12.08.2025,100.00000,0.00000,100.00000,518210,518210,,,25.06.2025,,Unlisted,n.a.
1532.,2007960314,ELEMENT SOLUTIONS INC.,US,CELANESE CORPORATION'S MICROMAX BUSINESS,US,Acquisition 100%,Completed,"500,000.00",02.02.2026,100.00000,0.00000,100.00000,325180,325998,ESI,,28.10.2025,Cash,Unlisted,"500,000"
,,,,,,,,,,,,,,,,,,Liabilities,,n.a.
,,,,,,,,,,,,,,,,,,Cash Reserves,,n.a.
1533.,2007951017,PALO ALTO NETWORKS INC.,US,PROTECT AI INC.,US,Acquisition 100%,Completed,"500,000.00",22.07.2025,100.00000,0.00000,100.00000,518210,518210,PANW,,28.04.2025,,Unlisted,n.a.
1534.,2007772329,MEDIAOCEAN LLC,US,INNOVID INC.,US,Acquisition 100%,Completed,"500,000.00",13.02.2025,100.00000,0.00000,100.00000,518210,511210,,,21.11.2024,Cash,Unlisted,"500,000"
,,,,,,,,,,,,,,,,,,Liabilities,,n.a.
1535.,2007691689,VIPER ENERGY PARTNERS LLC,US,TUMBLEWEED ROYALTY IV LLC,US,Acquisition 100%,Completed,"500,000.00",01.10.2024,100.00000,0.00000,100.00000,212399,211120,,,11.09.2024,Earn-out,Unlisted,"41,000"
,,,,TWR IV SELLCO PARENT LLC,US,,,,,100.00000,0.00000,100.00000,212399,,,,,Shares,Unlisted,n.a.
,,,,,,,,,,,,,,,,,,Cash,,"500,000"
,,,,,,,,,,,,,,,,,,Cash Reserves,,n.a.
1536.,2007545110,PALO ALTO NETWORKS INC.,US,INTERNATIONAL BUSINESS MACHINES CORPORATION'S QRADAR SOFTWARE AS A SERVICE (SAAS) ASSETS,US,Acquisition 100%,Completed,"500,000.00",04.09.2024,100.00000,0.00000,100.00000,541512,518210,PANW,,15.05.2024,,Unlisted,n.a.
1537.,2007003445,COLIBRI GROUP,US,BECKER PROFESSIONAL DEVELOPMENT CORPORATION,US,Acquisition 100%,Completed,"500,000.00",10.03.2022,100.00000,0.00000,100.00000,611310,518210,,,24.01.2022,Cash,Unlisted,"500,000"
,,,,ONCOURSE LEARNING CORPORATION,US,,,,,100.00000,0.00000,100.00000,518210,,,,,,Unlisted,
1538.,1941719605,CADENCE DESIGN SYSTEMS INC.,US,OPENEYE SCIENTIFIC SOFTWARE INC.,US,Acquisition 100%,Completed,"500,000.00",31.08.2022,100.00000,0.00000,100.00000,511210,334118,CDNS,,25.07.2022,Cash,Unlisted,"500,000"
,,,,,,,,,,,,,,,,,,Cash Reserves,,n.a.
1539.,1941677625,SHAREHOLDERS,,SENTRY CENTERS HOLDINGS LLC,US,Acquisition unknown majority stake %,Completed,"500,000.00",12.04.2022,Unknown majority,Unknown %,Unknown majority,531120,525920,,,12.04.2022,,Unlisted,n.a.
,,"HUDSON'S BAY COMPANY, THE",CA,,,,,,,,,,,452210,HBC,,,,,
,,ARES MANAGEMENT CORPORATION,US,,,,,,,,,,,523920,ARES,,,,,
1540.,1941676383,BLUESCOPE STEEL NORTH AMERICA CORPORATION,US,CORNERSTONE BUILDING BRANDS INC.'S COIL COATINGS BUSINESS,US,Acquisition 100%,Completed,"500,000.00",11.04.2022,100.00000,0.00000,100.00000,325510,331110,,,10.04.2022,Cash,Unlisted,"500,000"
,,,,,,,,,,,,,,,,,,Cash Reserves,,n.a.
1541.,1941635183,FANATICS INC.,US,THE TOPPS COMPANY INC.'S SPORTS AND ENTERTAINMENT DIVISION,US,Acquisition 100%,Completed,"500,000.00",04.01.2022,100.00000,0.00000,100.00000,323111,448140,,,04.01.2022,,Unlisted,n.a.
1542.,1941634704,GOOGLE LLC,US,SIEMPLIFY INC.,US,Acquisition 100%,Completed,"500,000.00",04.01.2022,100.00000,0.00000,100.00000,518210,519130,GOOGL,,04.01.2022,Cash,Unlisted,"500,000"
1543.,1941595622,ALEXION PHARMACEUTICALS INC.,US,CAELUM BIOSCIENCES INC.,US,Acquisition unknown majority stake %,Completed,"500,000.00",06.10.2021,Unknown majority,Unknown minority,100.00000,541713,541713,ALXN,,28.09.2021,Earn-out,Unlisted,"350,000"
1544.,1941592176,PROCORE TECHNOLOGIES INC.,US,EXPRESS LIEN INC.,US,Acquisition 100%,Completed,"500,000.00",02.11.2021,100.00000,0.00000,100.00000,518210,518210,PCOR,,22.09.2021,Shares,Unlisted,"75,000"
,,,,,,,,,,,,,,,,,,Liabilities,,n.a.
,,,,,,,,,,,,,,,,,,Cash,,"425,000"
1545.,1941521322,HEALTHEQUITY INC.,US,MII LIFE INSURANCE INC.,US,Acquisition 100%,Completed,"500,000.00",01.11.2021,100.00000,0.00000,100.00000,522120,522120,HQY,,08.04.2021,Deferred payment,Unlisted,n.a.
1546.,1941521128,PAR TECHNOLOGY CORPORATION,US,PUNCHH INC.,US,Acquisition 100%,Completed,"500,000.00",08.04.2021,100.00000,0.00000,100.00000,518210,511210,PAR,,08.04.2021,Shares,Unlisted,"110,000"
,,,,,,,,,,,,,,,,,,Liabilities,,n.a.
,,,,,,,,,,,,,,,,,,Cash,,"390,000"
,,,,,,,,,,,,,,,,,,Cash assumed,,n.a.
1547.,1941496928,ZILLOW GROUP INC.,US,SHOWINGTIME.COM INC.,US,Acquisition 100%,Completed,"500,000.00",01.10.2021,100.00000,0.00000,100.00000,518210,518210,ZG,,10.02.2021,,Unlisted,n.a.
1548.,1941382862,LINEAGE LOGISTICS HOLDINGS LLC,US,HENNINGSEN COLD STORAGE COMPANY,US,Acquisition 100%,Completed,"500,000.00",02.07.2020,100.00000,0.00000,100.00000,493120,493120,,,28.05.2020,,Unlisted,n.a.
1549.,1941311822,SONY PICTURES ENTERTAINMENT INC.,US,GAME SHOW NETWORK LLC,US,Acquisition increased from 58% to 100%,Completed,"500,000.00",18.11.2019,42.00000,58.00000,100.00000,515210,512110,,,18.11.2019,Dividend,Unlisted,"130,000"
1550.,1941261663,IAC/INTERACTIVE CORPORATION,US,CARE.COM INC.,US,Acquisition 100%,Completed,"500,000.00",11.02.2020,100.00000,0.00000,100.00000,518210,519130,MTCH,CRCM,20.12.2019,Cash,Delisted,"496,926"
,,,,,,,,,,,,,,,,,,Liabilities,,"3,074"
1551.,1941251771,WESBANCO INC.,US,OLD LINE BANCSHARES INC.,US,Acquisition 100%,Completed,"500,000.00",22.11.2019,100.00000,0.00000,100.00000,522110,522110,WSBC,OLBK,23.07.2019,Shares,Delisted,"500,000"
1552.,1941140438,UNION BANKSHARES CORPORATION,US,ACCESS NATIONAL CORPORATION,US,Acquisition 100%,Completed,"500,000.00",01.02.2019,100.00000,0.00000,100.00000,522110,522110,AUB,ANCX,04.10.2018,Shares,Delisted,"500,000"
1553.,1941101265,TAYLOR FRESH FOODS INC.,US,EARTHBOUND FARM LLC,US,Acquisition 100%,Completed,"500,000.00",11.04.2019,100.00000,0.00000,100.00000,311991,311991,,,11.04.2019,,Unlisted,n.a.
1554.,1941052934,WAND PARTNERS INC.,US,PROSPERITY LIFE INSURANCE GROUP LLC,US,Acquisition 100%,Completed,"500,000.00",04.01.2019,100.00000,0.00000,100.00000,524113,523910,,,14.03.2018,,Unlisted,n.a.
,,ELLIOTT MANAGEMENT CORPORATION,US,,,,,,,,,,,523920,,,,,,
,,MR ANURAG CHANDRA,,,,,,,,,,,,525920,,,,,,
1555.,2008450563,BENDING SPOONS US INC.,US,EVENTBRITE INC.,US,Acquisition 100%,Completed,"500,000.00",10.03.2026,100.00000,0.00000,100.00000,518210,511210,,EB,02.12.2025,Cash,Listed,"500,000"
1556.,2008145176,WISDOMTREE FARMLAND HOLDINGS INC.,US,CERES PARTNERS LLC,US,Acquisition 100%,Completed,"500,000.00",01.10.2025,100.00000,0.00000,100.00000,523920,523920,,,31.07.2025,Earn-out,Unlisted,"225,000"
,,,,,,,,,,,,,,,,,,Cash,,n.a.
1557.,2007491373,LUMINE GROUP US HOLDCO INC.,US,"CASA SYSTEMS INC.'S CLOUD-NATIVE SOFTWARE PORTFOLIO, RADIO ACCESS NETWORKS BUSINESS OF DEBTORS",US,Acquisition 100% unknown stake %,Completed,"500,000.00",30.04.2024,100.00000,0.00000,100.00000,334290,518210,,,03.04.2024,,Unlisted,n.a.
,,,,CASA SYSTEMS INC.'S RELATED ASSETS,US,,,,,100.00000,0.00000,100.00000,334290,,,,,,Unlisted,
1558.,2007346557,26NORTH PARTNERS LP,US,ONELIFE FITNESS LLC,US,Acquisition 100%,Completed,"500,000.00",04.10.2024,100.00000,0.00000,100.00000,713940,523920,,,04.10.2024,Liabilities,Unlisted,n.a.
1559.,1941482591,F5 INC.,US,VOLTERRA INC.,US,Acquisition 100%,Completed,"500,000.00",22.01.2021,100.00000,0.00000,100.00000,518210,541512,FFIV,,07.01.2021,Deferred payment,Unlisted,n.a.
,,,,,,,,,,,,,,,,,,Cash,,"440,000"
1560.,1941430419,IONIS PHARMACEUTICALS INC.,US,AKCEA THERAPEUTICS INC.,US,Acquisition increased from 76% to 100%,Completed,"500,000.00",12.10.2020,24.00000,76.00000,100.00000,541713,541713,IONS,AKCA,31.08.2020,Cash,Delisted,"500,000"
,,,,,,,,,,,,,,,,,,Cash Reserves,,n.a.
1561.,1941335477,RED VENTURES LLC,US,CNET NETWORKS INC.,US,Acquisition 100%,Completed,"500,000.00",30.10.2020,100.00000,0.00000,100.00000,519130,541613,,CNET,14.09.2020,,Delisted,n.a.
1562.,1941612524,LEGATO MERGER CORPORATION II,US,SOUTHLAND HOLDINGS LLC,US,Acquisition 100%,Completed,"498,000.00",14.02.2023,100.00000,0.00000,100.00000,237990,525990,SLND,,25.05.2022,Earn-out,Unlisted,"105,000"
,,,,,,,,,,,,,,,,,,Cash,,"50,000"
,,,,,,,,,,,,,,,,,,Shares,,"343,000"
1563.,2008057494,ONTO INNOVATION INC.,US,SEMILAB USA LLC,US,Acquisition 100%,Completed,"495,000.00",17.11.2025,100.00000,0.00000,100.00000,334412,334513,ONTO,,30.06.2025,Cash,Unlisted,"432,310"
,,,,,,,,,,,,,,,,,,Shares,,"62,690"
1564.,1941483560,TLG ACQUISITION ONE CORPORATION,US,ELECTRIQ POWER INC.,US,Acquisition 100%,Completed,"495,000.00",01.08.2023,100.00000,0.00000,100.00000,335912,525990,ELIQQ,,14.11.2022,Shares,Unlisted,"495,000"
1565.,1941494455,CHEVRON CORPORATION,US,NOBLE MIDSTREAM PARTNERS LP,US,Acquisition increased from 62.4% to 100%,Completed,"493,808.00",11.05.2021,37.60000,62.40000,100.00000,486110,211120,CVX,NBLX,05.03.2021,Shares,Delisted,"493,808"
1566.,2007945036,EASTERN BANKSHARES INC.,US,HARBORONE BANCORP INC.,US,Acquisition 100%,Completed,"490,000.00",01.11.2025,100.00000,0.00000,100.00000,522110,522110,EBC,HONE,24.04.2025,Shares,Delisted,n.a.
,,,,,,,,,,,,,,,,,,Cash,,n.a.
1567.,1941600978,STERLING JEWELERS INC.,US,DIAMONDS DIRECT USA INC.,US,Acquisition 100%,Completed,"490,000.00",17.10.2021,100.00000,0.00000,100.00000,448310,448310,,,12.10.2021,Cash,Unlisted,"490,000"
1568.,1941723494,CELLCO PARTNERSHIP INC.,US,PITTSBURGH SMSA LP,US,Acquisition 100%,Completed,"490,000.00",13.09.2022,100.00000,0.00000,100.00000,517312,517312,,,01.08.2022,Cash,Unlisted,"490,000"
,,,,GTE MOBILNET OF TEXAS RSA #17 LP,US,,,,,100.00000,0.00000,100.00000,517312,,,,,,Unlisted,
,,,,GTE MOBILNET OF SOUTH TEXAS LP,US,,,,,100.00000,0.00000,100.00000,517312,,,,,,Unlisted,
,,,,PENNSYLVANIA RSA NO. 6(I) LP,US,,,,,100.00000,0.00000,100.00000,517312,,,,,,Unlisted,
,,,,PENNSYLVANIA RSA NO. 6(II) LP,US,,,,,100.00000,0.00000,100.00000,517312,,,,,,Unlisted,
1569.,1941405891,BRIDGE BANCORP INC.,US,DIME COMMUNITY BANCSHARES INC. (OLD),US,Acquisition 100%,Completed,"489,000.00",01.02.2021,100.00000,0.00000,100.00000,522110,522110,BDGE,DCOM,01.07.2020,Shares,Delisted,"489,000"
1570.,1941727322,SEACOAST BANKING CORPORATION OF FLORIDA,US,PROFESSIONAL HOLDING CORPORATION,US,Acquisition 100%,Completed,"488,600.00",31.01.2023,100.00000,0.00000,100.00000,522110,522110,SBCF,PFHD,08.08.2022,Shares,Delisted,"488,600"
1571.,2007251527,SORRENTO THERAPEUTICS INC.,US,ACEA THERAPEUTICS INC.,US,Acquisition 100%,Completed,"488,000.00",01.06.2021,100.00000,0.00000,100.00000,541713,325412,SRNE,,01.06.2021,Shares,Unlisted,"38,000"
,,,,,,,,,,,,,,,,,,Earn-out,,"450,000"
,,,,,,,,,,,,,,,,,,Liabilities,,n.a.
1572.,2007157191,LIGHT & WONDER INC.,US,SCIPLAY CORPORATION,US,Acquisition increased from 83% to 100%,Completed,"486,774.00",23.10.2023,17.00000,83.00000,100.00000,511210,713290,LNWO,SCPL,08.08.2023,Cash,Delisted,"486,774"
1573.,2007609608,RYAN LLC,US,ALTUS GROUP LTD'S GLOBAL PROPERTY TAX BUSINESS IN CANADA,CA,Acquisition 100%,Completed,"486,629.63",02.01.2025,100.00000,0.00000,100.00000,541618,541511,,,09.07.2024,Cash,Unlisted,"486,630"
,,,,ALTUS GROUP LTD'S GLOBAL PROPERTY TAX BUSINESS IN THE UNITED KINGDOM,GB,,,,,100.00000,0.00000,100.00000,541618,,,,,,Unlisted,
,,,,ALTUS GROUP LTD'S GLOBAL PROPERTY TAX BUSINESS IN THE US,US,,,,,100.00000,0.00000,100.00000,541618,,,,,,Unlisted,
1574.,2008246145,MACH NATURAL RESOURCES LP,US,SABINAL ENERGY LLC'S OIL AND GAS ASSETS,US,Acquisition 100%,Completed,"486,600.00",16.09.2025,100.00000,0.00000,100.00000,211120,211120,MNR,,10.07.2025,Shares,Unlisted,"279,300"
,,,,,,,,,,,,,,,,,,Cash,,"207,300"
,,,,,,,,,,,,,,,,,,Cash Reserves,,n.a.
1575.,1941489820,CHAMPAGNE RESORTS INC.,US,WELK HOSPITALITY GROUP INC.,US,Acquisition 100%,Completed,"485,000.00",01.04.2021,100.00000,0.00000,100.00000,721110,551112,,,26.01.2021,Shares,Unlisted,"243,852"
,,,,,,,,,,,,,,,,,,Cash,,"241,148"
1576.,2007528826,KELLY SERVICES INC.,US,MOTION RECRUITMENT PARTNERS LLC,US,Acquisition 100%,Completed,"485,000.00",31.05.2024,100.00000,0.00000,100.00000,561311,561311,KELYA,,03.05.2024,Cash,Unlisted,"425,000"
,,,,,,,,,,,,,,,,,,Earn-out,,"60,000"
1577.,2007113660,HNI CORPORATION,US,KIMBALL INTERNATIONAL INC.,US,Acquisition 100%,Completed,"485,000.00",01.06.2023,100.00000,0.00000,100.00000,334419,337211,HNI,KBAL,08.03.2023,Liabilities,Delisted,"46,000"
,,,,,,,,,,,,,,,,,,Cash,,"339,500"
,,,,,,,,,,,,,,,,,,Shares,,"145,500"
1578.,1941591362,SILGAN HOLDINGS INC.,US,GATEWAY PLASTICS LLC,US,Acquisition 100%,Completed,"485,000.00",20.09.2021,100.00000,0.00000,100.00000,326199,332431,SLGN,,20.09.2021,,Unlisted,n.a.
1579.,1941246207,PIPER JAFFRAY,US,SOP HOLDINGS LLC,US,Acquisition 100%,Completed,"485,000.00",06.01.2020,100.00000,0.00000,100.00000,523110,523930,PIPR,,09.07.2019,Cash,Unlisted,"350,000"
,,,,,,,,,,,,,,,,,,Shares,,"135,000"
1580.,1941144783,"ANDERSONS INC., THE",US,LANSING TRADE GROUP LLC,US,Acquisition increased from 32.5% to 100%,Completed,"484,000.00",01.01.2019,67.50000,32.50000,100.00000,424510,493130,ANDE,,15.10.2018,Cash,Unlisted,"201,000"
,,,,,,,,,,,,,,,,,,Liabilities,,"160,000"
,,,,,,,,,,,,,,,,,,Shares,,"123,000"
1581.,2007791021,APTEAN INC.,US,LOGILITY SUPPLY CHAIN SOLUTIONS INC.,US,Acquisition 100%,Completed,"481,625.00",04.04.2025,100.00000,0.00000,100.00000,518210,511210,,LGTY,24.01.2025,Cash,Delisted,"481,625"
1582.,2007423840,SALTCHUK RESOURCES INC.,US,OVERSEAS SHIPHOLDING GROUP INC.,US,Acquisition increased from 21.1% to 100%,Completed,"480,000.00",10.07.2024,78.90000,21.10000,100.00000,483111,483111,,OSG,20.05.2024,Cash,Delisted,"480,000"
,,,,,,,,,,,,,,,,,,Cash Reserves,,n.a.
1583.,1941462419,HERON HOLDING CORPORATION,US,TRUCO HOLDCO INC.,US,Acquisition 100%,Completed,"480,000.00",14.12.2020,100.00000,0.00000,100.00000,311919,523910,,,12.11.2020,Cash,Unlisted,"480,000"
,,,,,,,,,,,,,,,,,,Cash Reserves,,n.a.
1584.,1941333236,LEXISNEXIS RISK SOLUTIONS INC.,US,EMAILAGE CORPORATION,US,Acquisition 100%,Completed,"480,000.00",19.03.2020,100.00000,0.00000,100.00000,518210,518210,,,04.02.2020,,Unlisted,n.a.
1585.,2008264868,FEDERAL SIGNAL CORPORATION,US,SCRANTON MANUFACTURING COMPANY INC.,US,Acquisition 100%,Completed,"480,000.00",26.11.2025,100.00000,0.00000,100.00000,336211,334290,FSS,,24.09.2025,Earn-out,Unlisted,"54,000"
,,,,,,,,,,,,,,,,,,Cash,,n.a.
,,,,,,,,,,,,,,,,,,Cash Reserves,,n.a.
1586.,1941697528,RYDER SYSTEM INC.,US,PLG INVESTMENTS I LLC,US,Acquisition 100%,Completed,"480,000.00",01.01.2022,100.00000,0.00000,100.00000,488510,488510,R,,13.12.2021,Cash,Unlisted,"480,000"
1587.,1941301306,GLAUKOS CORPORATION,US,AVEDRO INC.,US,Acquisition 100%,Completed,"477,383.00",21.11.2019,100.00000,0.00000,100.00000,339112,339112,GKOS,AVDR,07.08.2019,Shares,Delisted,"477,383"
1588.,2008511354,TOWNEBANK,US,DOGWOOD STATE BANK,US,Acquisition 100%,Completed,"476,200.00",12.01.2026,100.00000,0.00000,100.00000,522110,522110,TOWN,,19.08.2025,Shares,Unlisted,"476,200"
1589.,2008045533,GLACIER BANCORP INC.,US,GUARANTY BANCSHARES INC.,US,Acquisition 100%,Completed,"476,200.00",01.10.2025,100.00000,0.00000,100.00000,522110,522110,GBCI,GNTY,24.06.2025,Shares,Delisted,"476,200"
1590.,2008386802,LEGENCE SUBSIDIARY HOLDINGS LLC,US,"BOWERS GROUP INC., THE",US,Acquisition 100%,Completed,"475,000.00",02.01.2026,100.00000,0.00000,100.00000,238220,238220,,,14.11.2025,Shares,Unlisted,n.a.
,,,,,,,,,,,,,,,,,,Cash Reserves,,n.a.
,,,,,,,,,,,,,,,,,,Cash,,n.a.
,,,,,,,,,,,,,,,,,,Deferred payment,,n.a.
1591.,2007639036,ITT INC.,US,KSARIA PARENT INC.,US,Acquisition 100%,Completed,"475,000.00",12.09.2024,100.00000,0.00000,100.00000,335921,333914,ITT,,01.08.2024,Cash,Unlisted,n.a.
,,,,,,,,,,,,,,,,,,Cash Reserves,,n.a.
1592.,2007109983,PROFRAC HOLDING CORPORATION,US,PERFORMANCE PROPPANTS LLC,US,Acquisition 100%,Completed,"475,000.00",27.02.2023,100.00000,0.00000,100.00000,213112,213111,ACDC,,27.02.2023,Shares,Unlisted,"6,000"
,,,,,,,,,,,,,,,,,,Cash,,"469,000"
1593.,1941727930,CATALENT INC.,US,MAYNE PHARMA INC.,US,Acquisition 100%,Completed,"475,000.00",04.10.2022,100.00000,0.00000,100.00000,541715,541713,CTLT,,09.08.2022,Cash,Unlisted,"475,000"
,,,,,,,,,,,,,,,,,,Cash Reserves,,n.a.
1594.,1941548316,COLGATE ENERGY PARTNERS III LLC,US,OCCIDENTAL PETROLEUM CORPORATION'S TEXAS PERMIAN BASIN ASSETS,US,Acquisition 100%,Completed,"475,000.00",31.07.2021,100.00000,0.00000,100.00000,211120,211120,,,10.06.2021,Cash,Unlisted,"475,000"
1595.,1941519868,MGP INGREDIENTS INC.,US,LONDON HOLDCO INC.,US,Acquisition 100%,Completed,"475,000.00",01.04.2021,100.00000,0.00000,100.00000,551112,312140,MGPI,,25.01.2021,Cash,Unlisted,"237,500"
,,,,,,,,,,,,,,,,,,Shares,,"237,500"
1596.,1941519519,AGILITI INC.,US,NORTHFIELD MEDICAL INC.,US,Acquisition 100%,Completed,"475,000.00",19.03.2021,100.00000,0.00000,100.00000,532490,811219,AGTI,,19.03.2021,,Unlisted,n.a.
1597.,1941456382,PERSONALIZED BEAUTY DISCOVERY INC.,US,BOXYCHARM INC.,US,Acquisition 100%,Completed,"475,000.00",04.12.2020,100.00000,0.00000,100.00000,518210,518210,,,30.10.2020,,Unlisted,n.a.
1598.,1941230490,ENSIGN NATURAL RESOURCES LLC,US,PIONEER NATURAL RESOURCES USA INC.'S EAGLE FORD ACREAGE ASSETS IN SOUTH TEXAS,US,Acquisition 100%,Completed,"475,000.00",07.05.2019,100.00000,0.00000,100.00000,211120,213112,,,07.05.2019,,Unlisted,n.a.
1599.,1941331005,AMN HEALTHCARE INC.,US,STRATUS VIDEO HOLDING COMPANY,US,Acquisition 100%,Completed,"475,000.00",14.02.2020,100.00000,0.00000,100.00000,518210,561320,,,29.01.2020,Cash Reserves,Unlisted,n.a.
,,,,,,,,,,,,,,,,,,Cash,,"475,000"
1600.,1941228392,SEALED AIR CORPORATION,US,AUTOMATED PACKAGING SYSTEMS INC.,US,Acquisition 100%,Completed,"475,000.00",01.08.2019,100.00000,0.00000,100.00000,333993,322220,SEE,,01.05.2019,Cash,Unlisted,"475,000"
,,,,,,,,,,,,,,,,,,Cash Reserves,,n.a.
1601.,1939050309,INSIGHT ENTERPRISES INC.,US,PCM INC.,US,Acquisition 100%,Completed,"474,000.00",30.08.2019,100.00000,0.00000,100.00000,423430,511210,NSIT,PCMI,24.06.2019,Liabilities,Delisted,n.a.
,,,,,,,,,,,,,,,,,,Cash Reserves,,n.a.
,,,,,,,,,,,,,,,,,,Cash,,n.a.
,,,,,,,,,,,,,,,,,,Cash assumed,,n.a.
1602.,2008466398,FIRST EAGLE INVESTMENT MANAGEMENT LLC,US,DIAMOND HILL INVESTMENT GROUP INC.,US,Acquisition 100%,Completed,"473,000.00",22.04.2026,100.00000,0.00000,100.00000,523910,523920,,DHIL,11.12.2025,Cash,Delisted,"473,000"
,,,,,,,,,,,,,,,,,,Cash Reserves,,n.a.
1603.,2008380366,AO SMITH CORPORATION,US,LEONARD VALVE COMPANY LLC,US,Acquisition 100%,Completed,"470,000.00",06.01.2026,100.00000,0.00000,100.00000,332911,333318,AOS,,12.11.2025,Cash,Unlisted,"470,000"
,,,,,,,,,,,,,,,,,,Cash Reserves,,n.a.
1604.,2007050741,INFINITE REALITY INC.,US,REKTGLOBAL INC.,US,Acquisition 100%,Completed,"470,000.00",05.07.2022,100.00000,0.00000,100.00000,541611,518210,,,12.04.2022,Shares,Unlisted,"470,000"
1605.,1941708056,PRIMORIS SERVICES CORPORATION,US,PLH GROUP INC.,US,Acquisition 100%,Completed,"470,000.00",01.08.2022,100.00000,0.00000,100.00000,237130,237990,PRIM,,27.06.2022,Cash,Unlisted,"470,000"
1606.,1941465369,FORUM MERGER II CORPORATION,US,MYJOJO INC.,US,Acquisition 100%,Completed,"470,000.00",15.10.2020,100.00000,0.00000,100.00000,311999,525990,TTCFQ,,12.06.2020,Shares,Unlisted,"345,000"
,,,,,,,,,,,,,,,,,,Cash,,"75,000"
,,,,,,,,,,,,,,,,,,Earn-out,,"50,000"
1607.,1941634653,GSR II METEORA ACQUISITION CORPORATION,US,BITCOIN DEPOT OPERATING LLC,US,Acquisition 100%,Completed,"469,450.00",30.06.2023,100.00000,0.00000,100.00000,522320,525990,BTM,,25.08.2022,Shares,Unlisted,"148,350"
,,,,,,,,,,,,,,,,,,Cash,,"321,100"
,,,,,,,,,,,,,,,,,,Earn-out,,"148,350"
1608.,1941147975,CHEVRON USA INC.,US,PASADENA REFINING SYSTEM INC.,US,Acquisition 100%,Completed,"467,000.00",01.05.2019,100.00000,0.00000,100.00000,324110,213112,,,04.05.2018,,Unlisted,n.a.
1609.,2008366970,LABORIE MEDICAL TECHNOLOGIES CORPORATION,US,ORGANON & COMPANY'S JADA SYSTEM,US,Acquisition 100%,Completed,"465,000.00",28.01.2026,100.00000,0.00000,100.00000,325412,334510,,,07.11.2025,Earn-out,Unlisted,"25,000"
1610.,1941231934,BOSTON SCIENTIFIC CORPORATION,US,VERTIFLEX INC.,US,Acquisition 100%,Completed,"465,000.00",11.06.2019,100.00000,0.00000,100.00000,339112,339112,BSX,,09.05.2019,Earn-out,Unlisted,n.a.
,,,,,,,,,,,,,,,,,,Cash,,n.a.
1611.,1941622632,BLUEPRINT MEDICINES CORPORATION,US,LENGO THERAPEUTICS INC.,US,Acquisition 100%,Completed,"465,000.00",30.12.2021,100.00000,0.00000,100.00000,541715,541713,BPMC,,29.11.2021,Earn-out,Unlisted,"215,000"
,,,,,,,,,,,,,,,,,,Cash,,n.a.
1612.,1941335737,CEI HOLDING LLC,US,STERICYCLE ENVIRONMENTAL SOLUTIONS INC.,US,Acquisition 100%,Completed,"462,500.00",06.04.2020,100.00000,0.00000,100.00000,562211,551114,,,07.02.2020,Cash,Unlisted,"462,500"
,,,,,,,,,,,,,,,,,,Cash Reserves,,n.a.
1613.,2007749872,STANDEX INTERNATIONAL CORPORATION,US,AMRAN INC.,US,Acquisition 100%,Completed,"462,000.00",29.10.2024,100.00000,0.00000,100.00000,335311,333318,SXI,,29.10.2024,Cash Reserves,Unlisted,n.a.
,,,,,,,,,,,,,,,,,,Cash,,n.a.
,,,,,,,,,,,,,,,,,,Shares,,n.a.
,,,,,,,,,,,,,,,,,,Liabilities,,n.a.
1614.,2008161410,"MOLPUS WOODLANDS GROUP LLC, THE",US,GREIF INC.'S SOTERRA LAND MANAGEMENT BUSINESS,US,Acquisition 100%,Completed,"462,000.00",02.10.2025,100.00000,0.00000,100.00000,322211,113110,,,06.08.2025,,Unlisted,n.a.
1615.,1941275795,SANDY SPRING BANCORP INC.,US,REVERE BANK,US,Acquisition 100%,Completed,"460,700.00",01.04.2020,100.00000,0.00000,100.00000,522110,522110,SASR,,24.09.2019,Third party shares,Unlisted,"460,700"
1616.,1941604270,MANA CAPITAL ACQUISITION CORPORATION,US,CARDIO DIAGNOSTICS INC.,US,Acquisition 100%,Completed,"460,417.00",25.10.2022,100.00000,0.00000,100.00000,541713,525990,CDIO,,31.05.2022,Shares,Unlisted,"460,417"
1617.,1941613675,NOMURA RESEARCH INSTITUTE HOLDINGS AMERICA INC.,US,CONVERGENCE TECHNOLOGIES INC.,US,Acquisition 100%,Completed,"460,345.06",14.12.2021,100.00000,0.00000,100.00000,541512,541611,,,09.11.2021,,Unlisted,n.a.
1618.,2008478791,SONY PICTURES ENTERTAINMENT INC.,US,PEANUTS HOLDINGS LLC,US,Acquisition increased from 39% to 80%,Completed,"460,000.00",03.03.2026,41.00000,39.00000,80.00000,511130,512110,,,19.12.2025,,Unlisted,n.a.
,,SONY MUSIC ENTERTAINMENT (JAPAN) INC.,JP,,,,,,,,,,,512230,7930,,,,,
1619.,2007264509,TAKE TWO INTERACTIVE SOFTWARE INC.,US,GEARBOX SOFTWARE LLC,US,Acquisition 100%,Completed,"460,000.00",11.06.2024,100.00000,0.00000,100.00000,511210,511210,TTWO,,27.03.2024,Shares,Unlisted,"460,000"
1620.,2007792872,UPBOUND GROUP INC.,US,BRIDGE IT INC.,US,Acquisition 100%,Completed,"460,000.00",31.01.2025,100.00000,0.00000,100.00000,511210,532210,UPBD,,12.12.2024,Earn-out,Unlisted,"60,000"
,,,,,,,,,,,,,,,,,,Shares,,"81,250"
,,,,,,,,,,,,,,,,,,Cash,,"378,750"
,,,,,,,,,,,,,,,,,,Deferred payment,,n.a.
,,,,,,,,,,,,,,,,,,Cash Reserves,,n.a.
1621.,2007195835,TEMPLE GENERATION INTERMEDIATE HOLDINGS II LLC,US,CXA TEMPLE II LLC,US,Acquisition 100%,Completed,"460,000.00",10.07.2023,100.00000,0.00000,100.00000,221112,221116,,,10.07.2023,,Unlisted,n.a.
1622.,2008528930,"HEALTH CARE AUTHORITY OF THE CITY OF HUNTSVILLE, THE",US,CHS/COMMUNITY HEALTH SYSTEMS INC.'S CRESTWOOD MEDICAL CENTRE ASSETS,US,Acquisition unknown stake %,Completed,"459,000.00",01.04.2026,100.00000,0.00000,100.00000,622110,622110,,,20.01.2026,Cash,Unlisted,"459,000"
,,,,,,,,,,,,,,,,,,Liabilities,,n.a.
1623.,1939067353,UBER TECHNOLOGIES INC.,US,CORNERSHOP GLOBAL LLC,US,Acquisition unknown stake %,Completed,"459,000.00",31.01.2021,Unknown %,Unknown %,Unknown %,518210,511210,UBER,,11.10.2019,Shares,Unlisted,n.a.
,,,,,,,,,,,,,,,,,,Cash,,n.a.
1624.,2007197390,JOHNSON CONTROLS INC.,US,FM SYSTEMS INC.,US,Acquisition 100%,Completed,"455,000.00",17.07.2023,100.00000,0.00000,100.00000,511210,335911,JCI,,17.07.2023,Earn-out,Unlisted,n.a.
1625.,2007801152,KRC HOLDINGS INC.,US,STRATA CORPORATION,US,Acquisition 100%,Completed,"454,000.00",10.03.2025,100.00000,0.00000,100.00000,423320,212321,,,20.12.2024,Cash,Unlisted,"454,000"
,,,,LANDMARK INVESTMENTS LLC'S ASSETS,US,,,,,100.00000,0.00000,100.00000,423320,,,,,Cash Reserves,Unlisted,n.a.
,,,,GLACIER RESOURCES LTD,US,,,,,100.00000,0.00000,100.00000,423320,,,,,,Unlisted,
1626.,2008456301,NATERA INC.,US,FORESIGHT DIAGNOSTICS INC.,US,Acquisition 100%,Completed,"450,000.00",05.12.2025,100.00000,0.00000,100.00000,621511,325413,NTRA,,05.12.2025,Shares,Unlisted,"450,000"
,,,,,,,,,,,,,,,,,,Earn-out,,"175,000"
1627.,2008295144,QUIKRETE HOLDINGS INC.,US,MARTIN MARIETTA MATERIALS INC.'S MIDLOTHIAN CEMENT PLANT ASSETS,US,Acquisition 100%,Completed,"450,000.00",23.02.2026,100.00000,0.00000,100.00000,212321,327310,,,04.08.2025,Cash,Unlisted,"450,000"
,,,,MARTIN MARIETTA MATERIALS INC.'S RELATED CEMENT TERMINALS,US,,,,,100.00000,0.00000,100.00000,212321,,,,,,Unlisted,
,,,,MARTIN MARIETTA MATERIALS INC.'S NORTH TEXAS READY-MIXED CONCRETE ASSETS,US,,,,,100.00000,0.00000,100.00000,212321,,,,,,Unlisted,
1628.,2007719181,SUMMIT MIDSTREAM PARTNERS LP,US,TALL OAK MIDSTREAM OPERATING LLC,US,Acquisition 100%,Completed,"450,000.00",02.12.2024,100.00000,0.00000,100.00000,211120,211120,SMLP,,01.10.2024,Shares,Unlisted,n.a.
,,,,,,,,,,,,,,,,,,Cash,,n.a.
,,,,,,,,,,,,,,,,,,Earn-out,,"25,000"
,,,,,,,,,,,,,,,,,,Deferred payment,,n.a.
1629.,2007715782,CX INSTITUTIONAL LLC,US,CLARIFY WEALTH MANAGEMENT INC.,US,Acquisition 100%,Completed,"450,000.00",01.10.2024,100.00000,0.00000,100.00000,523930,523920,,,01.10.2024,,Unlisted,n.a.
1630.,2007598658,UAB HEALTH SYSTEM AUTHORITY,US,ST. VINCENT'S HEALTH SYSTEM INC.,US,Acquisition 100%,Completed,"450,000.00",01.11.2024,100.00000,0.00000,100.00000,622110,622110,,,25.06.2024,,Unlisted,n.a.
1631.,2007451098,ATLAS ENERGY SOLUTIONS INC.,US,HI-CRUSH INC.'S PERMIAN BASIN PROPPANT PRODUCTION ASSETS,US,Acquisition 100%,Completed,"450,000.00",05.03.2024,100.00000,0.00000,100.00000,212322,213112,AESI,,27.02.2024,Cash,Unlisted,"150,000"
,,,,HI-CRUSH INC.'S NORTH AMERICAN LOGISTICS OPERATIONS,US,,,,,100.00000,0.00000,100.00000,212322,,,,,Shares,Unlisted,"175,000"
,,,,,,,,,,,,,,,,,,Deferred payment,,n.a.
,,,,,,,,,,,,,,,,,,Bonds,,"125,000"
1632.,2007144177,QUEST DIAGNOSTICS INC.,US,HAYSTACK ONCOLOGY INC.,US,Acquisition 100%,Completed,"450,000.00",21.06.2023,100.00000,0.00000,100.00000,541713,621511,DGX,,27.04.2023,Earn-out,Unlisted,"150,000"
,,,,,,,,,,,,,,,,,,Cash,,"300,000"
1633.,2007103251,SPECTRUM BRANDS HOLDINGS INC.,US,TRISTAR PRODUCTS INC'S HOME APPLIANCES AND COOKWARE BUSINESS,US,Acquisition 100%,Completed,"450,000.00",18.02.2022,100.00000,0.00000,100.00000,423620,335999,SPB,,03.02.2022,Cash Reserves,Unlisted,n.a.
,,,,,,,,,,,,,,,,,,Cash,,n.a.
,,,,,,,,,,,,,,,,,,Earn-out,,"125,000"
,,,,,,,,,,,,,,,,,,Shares,,n.a.
1634.,2007101121,CHEROKEE NATION ENTERTAINMENT GAMING HOLDINGS LLC,US,MGM RESORTS MISSISSIPPI LLC,US,Acquisition 100%,Completed,"450,000.00",16.02.2023,100.00000,0.00000,100.00000,721120,713210,,,09.06.2022,Cash,Unlisted,"450,000"
1635.,1941731527,ABM INDUSTRIES INC.,US,RAVENVOLT INC.,US,Acquisition 100%,Completed,"450,000.00",01.09.2022,100.00000,0.00000,100.00000,541330,561210,ABM,,18.08.2022,Earn-out,Unlisted,"280,000"
,,,,,,,,,,,,,,,,,,Cash,,"450,000"
1636.,1941615834,LOC SOL TARGET INC.,US,SOL DE JANEIRO HOLDINGS INC.,US,Acquisition 100%,Completed,"450,000.00",23.12.2021,100.00000,0.00000,100.00000,325620,325620,,,15.11.2021,Cash Reserves,Unlisted,n.a.
,,,,,,,,,,,,,,,,,,Cash,,n.a.
,,,,,,,,,,,,,,,,,,Shares,,n.a.
1637.,1941600206,SUPERNUS PHARMACEUTICALS INC.,US,ADAMAS PHARMACEUTICALS INC.,US,Acquisition 100%,Completed,"450,000.00",24.11.2021,100.00000,0.00000,100.00000,541713,325412,SUPN,ADMS,11.10.2021,Earn-out,Delisted,"50,000"
,,,,,,,,,,,,,,,,,,Cash,,"450,000"
1638.,1941580142,ADESA INC.,US,CARWAVE HOLDINGS LLC,US,Acquisition 100%,Completed,"450,000.00",14.10.2021,100.00000,0.00000,100.00000,518210,454110,KAR,,23.08.2021,Cash,Unlisted,"450,000"
1639.,1941455907,ALLIANCE DATA SYSTEMS CORPORATION,US,LON OPERATIONS LLC,US,Acquisition 100%,Completed,"450,000.00",03.12.2020,100.00000,0.00000,100.00000,518210,541613,BFH,,29.10.2020,Deferred payment,Unlisted,n.a.
,,,,,,,,,,,,,,,,,,Cash,,"293,845"
,,,,,,,,,,,,,,,,,,Shares,,"156,655"
1640.,1941442306,YELLOWSTONE ACQUISITION COMPANY,US,SKY HARBOUR GROUP CORPORATION,US,Acquisition 100%,Completed,"450,000.00",25.01.2022,100.00000,0.00000,100.00000,236220,525990,SKYH,SKYH,02.08.2021,Shares,Listed,"450,000"
1641.,1941379615,FRANCHISE GROUP INC.,US,AMERICAN FREIGHT GROUP INC.,US,Acquisition 100%,Completed,"450,000.00",14.02.2020,100.00000,0.00000,100.00000,442110,541213,FRGA,,30.12.2019,Cash,Unlisted,"450,000"
1642.,1941278247,COSTAR REALTY INFORMATION INC.,US,STR INC.,US,Acquisition 100%,Completed,"450,000.00",22.10.2019,100.00000,0.00000,100.00000,561499,531210,,,01.10.2019,Cash,Unlisted,"450,000"
,,COSTAR PORTFOLIO STRATEGY LLC,US,STR GLOBAL LTD,GB,,,,,100.00000,0.00000,100.00000,561499,531210,,,,,Unlisted,
1643.,2008426575,ATMUS FILTRATION TECHNOLOGIES INC.,US,KOCH FILTER CORPORATION,US,Acquisition 100%,Completed,"450,000.00",07.01.2026,100.00000,0.00000,100.00000,333413,333413,ATMU,,24.11.2025,Cash Reserves,Unlisted,n.a.
,,,,,,,,,,,,,,,,,,Cash,,"450,000"
1644.,2007657473,LOCKHEED MARTIN CORPORATION,US,TERRAN ORBITAL CORPORATION,US,Acquisition increased from 27.7% to 100%,Completed,"450,000.00",29.10.2024,72.30000,27.70000,100.00000,334220,334511,LMT,,15.08.2024,Cash,Unlisted,n.a.
,,,,,,,,,,,,,,,,,,Liabilities,,n.a.
1645.,2007393404,SHISEIDO AMERICAS CORPORATION,US,DDG SKINCARE HOLDINGS LLC,US,Acquisition 100%,Completed,"450,000.00",05.02.2024,100.00000,0.00000,100.00000,446120,325620,,,22.12.2023,,Unlisted,n.a.
1646.,2007318207,SHENANDOAH TELECOMMUNICATIONS COMPANY,US,HORIZON ACQUISITION PARENT LLC,US,Acquisition 100%,Completed,"450,000.00",01.04.2024,100.00000,0.00000,100.00000,517311,517312,SHEN,,24.10.2023,Cash Reserves,Unlisted,n.a.
,,,,,,,,,,,,,,,,,,Cash,,"370,000"
,,,,,,,,,,,,,,,,,,Shares,,"80,000"
1647.,2007065811,ALLIANCE DATA SYSTEMS CORPORATION,US,LON INC.,US,Acquisition 100%,Completed,"450,000.00",04.12.2020,100.00000,0.00000,100.00000,522291,541613,BFH,,04.12.2020,Deferred payment,Unlisted,n.a.
,,,,,,,,,,,,,,,,,,Shares,,n.a.
,,,,,,,,,,,,,,,,,,Cash,,n.a.
1648.,1941555773,BUILDERS FIRSTSOURCE INC.,US,WTS PARADIGM LLC,US,Acquisition 100%,Completed,"450,000.00",17.08.2021,100.00000,0.00000,100.00000,541511,321213,BLDR,,29.06.2021,Cash,Unlisted,"450,000"
1649.,2007253709,MIRUM PHARMACEUTICALS INC.,US,TRAVERE THERAPEUTICS'S BILE ACID PRODUCT PORTFOLIO,US,Acquisition 100%,Completed,"445,000.00",31.08.2023,100.00000,0.00000,100.00000,541713,541713,MIRM,,17.07.2023,Earn-out,Unlisted,"235,000"
,,,,,,,,,,,,,,,,,,Cash,,"445,000"
1650.,1941294977,MERIDA MERGER CORPORATION I,US,LEAFLY HOLDINGS INC.,US,Acquisition 100%,Completed,"445,000.00",04.02.2022,100.00000,0.00000,100.00000,518210,525990,LFLY,,09.08.2021,Earn-out,Unlisted,"60,000"
,,,,,,,,,,,,,,,,,,Shares,,"445,000"
1651.,1941174066,MOTOROLA SOLUTIONS INC.,US,VAAS INTERNATIONAL HOLDINGS INC.,US,Acquisition 100%,Completed,"445,000.00",07.01.2019,100.00000,0.00000,100.00000,541713,334210,MSI,,07.01.2019,Shares,Unlisted,n.a.
,,,,,,,,,,,,,,,,,,Cash,,n.a.
1652.,1941550984,ELANCO ANIMAL HEALTH INC.,US,KINDRED BIOSCIENCES INC.,US,Acquisition 100%,Completed,"444,000.00",27.08.2021,100.00000,0.00000,100.00000,325412,325414,ELAN,KIN,16.06.2021,Cash,Delisted,"440,000"
1653.,1941566326,FAT BRANDS INC.,US,GLOBAL FRANCHISE GROUP LLC,US,Acquisition 100%,Completed,"442,500.00",22.07.2021,100.00000,0.00000,100.00000,533110,722511,FAT,,28.06.2021,Cash Reserves,Unlisted,n.a.
,,,,,,,,,,,,,,,,,,Cash,,"350,000"
,,,,,,,,,,,,,,,,,,Shares,,"92,500"
1654.,1941693683,KAMAN NEWCO LLC,US,PARKER-HANNIFIN CORPORATION'S AIRCRAFT WHEEL AND BRAKE DIVISION,US,Acquisition 100%,Completed,"441,300.00",16.09.2022,100.00000,0.00000,100.00000,336413,336413,,,23.05.2022,Cash,Unlisted,"440,000"
,,,,,,,,,,,,,,,,,,Cash Reserves,,n.a.
1655.,2007598218,PAYROC WORLDACCESS LLC,US,I3 VERTICALS INC.'S RECORD PAYMENT BUSINESS,US,Acquisition 100%,Completed,"440,000.00",23.09.2024,100.00000,0.00000,100.00000,511210,522320,,,26.06.2024,Cash,Unlisted,"440,000"
1656.,1941665280,BOOZ ALLEN HAMILTON HOLDING CORPORATION,US,EVERWATCH CORPORATION,US,Acquisition 100%,Completed,"440,000.00",14.10.2022,100.00000,0.00000,100.00000,334511,541618,BAH,,16.03.2022,,Unlisted,n.a.
1657.,1941646531,MAVERICK NATURAL RESOURCES LLC,US,PRODUCING PROPERTIES IN THE PERMIAN BASIN IN THE US,US,Acquisition 100%,Completed,"440,000.00",30.04.2022,100.00000,0.00000,100.00000,211120,211120,,,28.01.2022,,Unlisted,n.a.
1658.,1941631824,MONEYLION INC.,US,EVEN FINANCIAL INC.,US,Acquisition 100%,Completed,"440,000.00",17.02.2022,100.00000,0.00000,100.00000,518210,518210,ML,,16.12.2021,Cash,Unlisted,"15,000"
,,,,,,,,,,,,,,,,,,Shares,,"425,000"
,,,,,,,,,,,,,,,,,,Earn-out,,"80,000"
1659.,1941502525,BEAM THERAPEUTICS INC.,US,GUIDE THERAPEUTICS INC.,US,Acquisition 100%,Completed,"440,000.00",23.02.2021,100.00000,0.00000,100.00000,541713,541713,BEAM,,23.02.2021,Earn-out,Unlisted,"320,000"
,,,,,,,,,,,,,,,,,,Shares,,"440,000"
1660.,2007659232,ORLANDO HEALTH INC.,US,MELBOURNE REGIONAL MEDICAL CENTER,US,Acquisition 100%,Completed,"439,420.00",24.10.2024,100.00000,0.00000,100.00000,622110,622110,,,14.08.2024,Cash,Unlisted,"439,420"
,,,,ROCKLEDGE REGIONAL MEDICAL CENTER,US,,,,,100.00000,0.00000,100.00000,622110,,,,,,Unlisted,
,,,,SEBASTIAN RIVER MEDICAL CENTER,US,,,,,100.00000,0.00000,100.00000,622110,,,,,,Unlisted,
1661.,2007819294,ASH US GROUP LLC,US,"SHYFT GROUP INC., THE",US,Acquisition 100%,Completed,"438,769.00",01.07.2025,100.00000,0.00000,100.00000,336211,551114,,SHYF,20.12.2024,Shares,Delisted,"438,769"
1662.,2008339251,RYERSON HOLDING CORPORATION,US,OLYMPIC STEEL INC.,US,Acquisition 100%,Completed,"438,041.00",13.02.2026,100.00000,0.00000,100.00000,423510,332999,RYI,ZEUS,28.10.2025,Shares,Delisted,"438,041"
1663.,2007935424,ASCENSION HEALTH ALLIANCE INC.,US,CEDAR PARK HEALTH SYSTEM LP,US,Acquisition increased from 20% to 100%,Completed,"436,000.00",30.06.2025,80.00000,20.00000,100.00000,622110,621999,,,15.04.2025,Cash,Unlisted,"436,000"
1664.,1943271646,BISON CAPITAL ACQUISITION CORPORATION,US,XYNOMIC PHARMACEUTICALS INC.,US,Acquisition 100%,Completed,"435,037.00",16.05.2019,100.00000,0.00000,100.00000,541713,525990,XYN,,20.09.2018,Shares,Unlisted,n.a.
,,,,,,,,,,,,,,,,,,Earn-out,,"100,000"
1665.,2007715899,LEARN SPAC HOLDCO INC.,US,INNVENTURE LLC,US,Acquisition 100%,Completed,"435,000.00",02.10.2024,100.00000,0.00000,100.00000,541611,525990,,,24.10.2023,Shares,Unlisted,"435,000"
,,,,,,,,,,,,,,,,,,Earn-out,,"50,000"
1666.,2007330130,"TRAVELERS COMPANIES INC., THE",US,CORVUS INSURANCE HOLDINGS INC.,US,Acquisition 100%,Completed,"435,000.00",02.01.2024,100.00000,0.00000,100.00000,518210,524126,TRV,,03.11.2023,Cash Reserves,Unlisted,n.a.
,,,,,,,,,,,,,,,,,,Cash,,"435,000"
1667.,2007800102,TRIPADVISOR INC.,US,LIBERTY TRIPADVISOR HOLDINGS INC.,US,Acquisition 100%,Completed,"435,000.00",29.04.2025,100.00000,0.00000,100.00000,518210,518210,TRIP,LTRPA,19.12.2024,Cash,Delisted,"435,000"
1668.,1941405164,EAST RESOURCES ACQUISITION COMPANY,US,ABACUS SETTLEMENTS LLC,US,Acquisition 100%,Completed,"434,000.00",03.07.2023,100.00000,0.00000,100.00000,524210,525990,ABL,,30.08.2022,Shares,Unlisted,"434,000"
1669.,1941296679,DAIRY FARMERS OF AMERICA INC.,US,DEAN FOODS COMPANY'S CERTAIN ASSETS INCLUDING 44 FACILITIES,US,Acquisition 100%,Completed,"433,000.00",04.05.2020,100.00000,0.00000,100.00000,311511,813910,,,17.02.2020,Liabilities,Unlisted,n.a.
,,,,DEAN FOODS COMPANY'S DIRECT STORE DELIVERY SYSTEM BUSINESS,US,,,,,100.00000,0.00000,100.00000,484230,,,,,,Unlisted,
1670.,1941711492,RING ENERGY INC.,US,STRONGHOLD ENERGY II OPERATING LLC'S PERMIAN BASIN ASSETS,US,Acquisition 100%,Completed,"432,580.00",31.08.2022,100.00000,0.00000,100.00000,211120,211120,REI,,05.07.2022,Shares,Unlisted,"229,680"
,,,,STRONGHOLD ENERGY II ROYALTIES LP'S PERMIAN BASIN ASSETS,US,,,,,100.00000,0.00000,100.00000,211120,,,,,Cash,Unlisted,"182,900"
,,,,,,,,,,,,,,,,,,Deferred payment,,n.a.
,,,,,,,,,,,,,,,,,,Liabilities,,"20,000"
1671.,1941497075,ALDEN GLOBAL CAPITAL LLC,US,TRIBUNE PUBLISHING COMPANY LLC,US,Acquisition increased from 31.627% to 100%,Completed,"430,880.00",25.05.2021,68.37300,31.62700,100.00000,511110,523920,,,16.02.2021,Cash assumed,Unlisted,n.a.
,,,,,,,,,,,,,,,,,,Cash,,"430,880"
1672.,1941580648,FIRST LIGHT ACQUISITION GROUP INC.,US,CALIDI BIOTHERAPEUTICS INC.,US,Acquisition 100%,Completed,"430,000.00",12.09.2023,100.00000,0.00000,100.00000,541713,525990,CLDI,CLDI,09.01.2023,Earn-out,Listed,"180,000"
,,,,,,,,,,,,,,,,,,Shares,,"430,000"
1673.,1941575190,BKV-BPP POWER LLC,US,TEMPLE GENERATION INTERMEDIATE HOLDINGS II LLC,US,Acquisition 100%,Completed,"430,000.00",02.11.2021,100.00000,0.00000,100.00000,221116,221112,,,11.08.2021,Cash,Unlisted,"430,000"
,,,,,,,,,,,,,,,,,,Cash Reserves,,n.a.
1674.,1941505790,MAXIMUS INC.,US,ATTAIN LLC'S FEDERAL DIVISION,US,Acquisition 100%,Completed,"430,000.00",01.03.2021,100.00000,0.00000,100.00000,541511,923130,MMS,,01.03.2021,,Unlisted,n.a.
1675.,1941475948,SALESFORCE.COM INC.,US,ACUMEN SOLUTIONS INC.,US,Acquisition 100%,Completed,"430,000.00",01.02.2021,100.00000,0.00000,100.00000,518210,518210,CRM,,01.12.2020,Cash,Unlisted,"430,000"
1676.,1941277161,VEEVA SYSTEMS INC.,US,CROSSIX SOLUTIONS INC.,US,Acquisition 100%,Completed,"430,000.00",04.11.2019,100.00000,0.00000,100.00000,518210,518210,VEEV,,26.09.2019,Cash,Unlisted,"430,000"
1677.,1941226392,ON SEMICONDUCTOR CORPORATION,US,"GLOBALFOUNDRIES INC.’S 300MM SEMICONDUCTOR FABRICATION PLANT BASED IN EAST FISHKILL, NEW YORK",US,Acquisition 100%,Completed,"430,000.00",31.12.2022,100.00000,0.00000,100.00000,334413,334413,ON,,22.04.2019,Deferred payment,Unlisted,n.a.
,,,,,,,,,,,,,,,,,,Liabilities,,n.a.
1678.,1941573419,BANYAN ACQUISITION CORPORATION,US,PINSTRIPES INC.,US,Acquisition 100%,Completed,"429,000.00",29.12.2023,100.00000,0.00000,100.00000,722511,525990,PNSTQ,,22.06.2023,Shares,Unlisted,"429,000"
1679.,1941413891,UAS DRONE CORPORATION,US,DUKE ROBOTICS INC.,US,Acquisition 99%,Completed,"427,036.00",09.03.2020,99.00000,0.00000,99.00000,334511,336411,DUKR,,09.03.2020,Shares,Unlisted,"427,036"
1680.,2007012868,LINCOLN ELECTRIC HOLDINGS INC.,US,FORI AUTOMATION INC.,US,Acquisition 100%,Completed,"427,000.00",01.12.2022,100.00000,0.00000,100.00000,333249,333992,LECO,,14.10.2022,Cash,Unlisted,"427,000"
1681.,2008156365,"ANDERSONS INC., THE",US,"ANDERSONS MARATHON HOLDINGS LLC, THE",US,Acquisition increased from 50.1% to 100%,Completed,"425,000.00",31.07.2025,49.90000,50.10000,100.00000,325193,493130,ANDE,,31.07.2025,Cash,Unlisted,n.a.
,,,,,,,,,,,,,,,,,,Cash Reserves,,n.a.
1682.,2008042183,ILLUMINA INC.,US,SOMALOGIC OPERATING COMPANY INC.,US,Acquisition 100%,Completed,"425,000.00",30.01.2026,100.00000,0.00000,100.00000,541713,334516,ILMN,,23.06.2025,Earn-out,Unlisted,"75,000"
,,,,,,,,,,,,,,,,,,Cash,,"425,000"
1683.,2007768552,NW NATURAL WATER COMPANY LLC,US,SIENERGY OPERATING LLC,US,Acquisition 100%,Completed,"425,000.00",07.01.2025,100.00000,0.00000,100.00000,221210,221310,,,18.11.2024,Liabilities,Unlisted,"152,000"
,,,,,,,,,,,,,,,,,,Cash,,"273,000"
1684.,1941502836,HP INC.,US,KINGSTON TECHNOLOGY CORPORATION'S HYPERX GAMING ACCESSORIES DIVISION,US,Acquisition 100%,Completed,"425,000.00",01.06.2021,100.00000,0.00000,100.00000,334118,334118,HPQ,,24.02.2021,,Unlisted,n.a.
1685.,2007145139,MOLINA HEALTHCARE INC.,US,UNIVERSAL CARE INC.,US,Acquisition 100%,Completed,"425,000.00",01.01.2024,100.00000,0.00000,100.00000,524114,524114,MOH,,30.06.2023,Cash,Unlisted,"425,000"
,,,,CENTRAL HEALTH PLAN OF CALIFORNIA INC.,US,,,,,100.00000,0.00000,100.00000,524114,,,,,Cash Reserves,Unlisted,n.a.
1686.,1941233692,EAGLE PARENT HOLDINGS LLC,US,AMBER ROAD INC.,US,Acquisition 100%,Completed,"425,000.00",02.07.2019,100.00000,0.00000,100.00000,518210,511210,ETWO,AMBR,13.05.2019,Cash,Delisted,"425,000"
1687.,2007877323,FBRT OP LLC,US,NEWPOINT HOLDINGS JV LLC,US,Acquisition 100%,Completed,"425,000.00",01.07.2025,100.00000,0.00000,100.00000,531210,551114,,,10.03.2025,Shares,Unlisted,"106,250"
,,,,,,,,,,,,,,,,,,Cash,,"318,750"
1688.,1941546984,"HERSHEY COMPANY, THE",US,LILY'S SWEETS LLC,US,Acquisition 100%,Completed,"425,000.00",25.06.2021,100.00000,0.00000,100.00000,311351,311351,HSY,,18.05.2021,Cash Reserves,Unlisted,n.a.
,,,,,,,,,,,,,,,,,,Cash,,"425,000"
1689.,1943249834,CORZA HEALTH INC.,US,"TAKEDA PHARMACEUTICAL CO., LTD’S TACHOSIL ASSETS",US,Acquisition 100%,Completed,"424,485.65",01.02.2021,100.00000,0.00000,100.00000,541715,541611,,,16.09.2020,Cash,Unlisted,"424,486"
1690.,1941738875,WILLIAMS COMPANIES INC.,US,TAILWATER CAPITAL LLC'S NORTEX MIDSTREAM ASSETS,US,Acquisition 100%,Completed,"423,000.00",31.08.2022,100.00000,0.00000,100.00000,486210,486210,WMB,,31.08.2022,,Unlisted,n.a.
1691.,2008449136,PROG HOLDINGS INC.,US,PURCHASING POWER LLC,US,Acquisition 100%,Completed,"420,000.00",02.01.2026,100.00000,0.00000,100.00000,522320,522320,PRG,,01.12.2025,Cash,Unlisted,"420,000"
,,,,,,,,,,,,,,,,,,Cash Reserves,,n.a.
1692.,2007882608,STEINER NYC LLC,US,"HUB, THE",US,Acquisition unknown remaining stake %,Completed,"420,000.00",13.03.2025,Unknown remaining %,Unknown %,100.00000,531110,531390,,,13.03.2025,,Unlisted,n.a.
1693.,2007843150,CLEARSTEAD ADVISORS LLC,US,WAVELAND FAMILY OFFICE LLC'S ASSET,US,Acquisition 100%,Completed,"420,000.00",31.01.2025,100.00000,0.00000,100.00000,523920,523930,,,31.01.2025,,Unlisted,n.a.
1694.,2007571071,AMERICAN ACORN CORPORATION,US,AMBAC ASSURANCE CORPORATION,US,Acquisition 100%,Completed,"420,000.00",29.09.2025,100.00000,0.00000,100.00000,524210,551112,,,05.06.2024,Cash,Unlisted,"420,000"
,,,,AMBAC ASSURANCE UK LTD.,GB,,,,,100.00000,0.00000,100.00000,524210,,,,,,Unlisted,
1695.,2007224247,ALLEGRO MICROSYSTEMS INC.,US,CROCUS TECHNOLOGY INTERNATIONAL CORPORATION,US,Acquisition 100%,Completed,"420,000.00",31.10.2023,100.00000,0.00000,100.00000,334413,334413,ALGM,,08.08.2023,Cash,Unlisted,"420,000"
,,,,,,,,,,,,,,,,,,Cash Reserves,,n.a.
1696.,1941533431,MASTEC INC.,US,INTREN LLC,US,Acquisition 100%,Completed,"420,000.00",05.05.2021,100.00000,0.00000,100.00000,236220,237990,MTZ,,05.05.2021,Earn-out,Unlisted,n.a.
,,,,,,,,,,,,,,,,,,Cash,,"420,000"
,,,,,,,,,,,,,,,,,,Cash Reserves,,n.a.
1697.,1941443398,J2 GLOBAL INC.,US,RETAILMENOT INC.,US,Acquisition 100%,Completed,"420,000.00",28.10.2020,100.00000,0.00000,100.00000,518210,518210,ZD,SALE,29.09.2020,Liabilities,Delisted,n.a.
,,,,,,,,,,,,,,,,,,Cash,,n.a.
1698.,1941302590,PELOTON INTERACTIVE LLC,US,PRECOR INC.,US,Acquisition 100%,Completed,"420,000.00",01.04.2021,100.00000,0.00000,100.00000,339920,339920,,,21.12.2020,Cash,Unlisted,"420,000"
1699.,1941362622,PALO ALTO NETWORKS INC.,US,CLOUDGENIX INC.,US,Acquisition 100%,Completed,"420,000.00",21.04.2020,100.00000,0.00000,100.00000,511210,518210,PANW,,31.03.2020,Cash,Unlisted,"420,000"
1700.,1941700727,NORTHERN OIL AND GAS INC.,US,VERITAS ENERGY LLC'S NON-OPERATED PROPERTIES IN THE PERMIAN BASIN,US,Acquisition 100%,Completed,"419,400.00",31.01.2022,100.00000,0.00000,100.00000,211120,211120,NOG,,16.11.2021,Cash Reserves,Unlisted,n.a.
,,,,,,,,,,,,,,,,,,Shares,,n.a.
,,,,,,,,,,,,,,,,,,Cash,,"419,400"
1701.,2007387357,SALESFORCE INC.,US,SPIFF INC.,US,Acquisition 100%,Completed,"419,000.00",29.02.2024,100.00000,0.00000,100.00000,518210,518210,CRM,,18.12.2023,Cash,Unlisted,"374,000"
1702.,1941599786,OAKTREE CAPITAL MANAGEMENT LP,US,TAPSTONE ENERGY HOLDINGS LLC'S CERTAIN UPSTREAM ASSETS,US,Acquisition 100%,Completed,"419,000.00",08.12.2021,100.00000,0.00000,100.00000,211120,523910,,,07.10.2021,Cash,Unlisted,n.a.
,,DIVERSIFIED ENERGY COMPANY PLC,GB,KL CHK SPV LLC'S CERTAIN UPSTREAM ASSETS,US,,,,,100.00000,0.00000,100.00000,551114,211120,,,,Cash Reserves,Unlisted,n.a.
1703.,2007145743,SPX TECHNOLOGIES INC.,US,ASPEQ HEATING GROUP LLC,US,Acquisition 100%,Completed,"418,000.00",05.06.2023,100.00000,0.00000,100.00000,333414,333415,SPXC,,01.05.2023,Cash,Unlisted,"418,000"
1704.,2007206542,ATLANTIC UNION BANKSHARES CORPORATION,US,AMERICAN NATIONAL BANKSHARES INC.,US,Acquisition 100%,Completed,"416,800.00",01.04.2024,100.00000,0.00000,100.00000,522110,522110,AUB,AMNB,25.07.2023,Shares,Delisted,"416,800"
1705.,2007733975,APERAM US HOLDCO LLC,US,UNIVERSAL STAINLESS & ALLOY PRODUCTS INC.,US,Acquisition 100%,Completed,"415,708.00",23.01.2025,100.00000,0.00000,100.00000,332999,551112,,USAP,17.10.2024,Cash,Delisted,"415,708"
1706.,1941702266,EASTGROUP PROPERTIES INC.,US,TULLOCH CORPORATION,US,Acquisition 100%,Completed,"415,074.00",01.06.2022,100.00000,0.00000,100.00000,531190,531190,EGP,,26.05.2022,Shares,Unlisted,"355,074"
,,,,,,,,,,,,,,,,,,Liabilities,,"60,000"
1707.,1941581286,SEMICONDUCTOR COMPONENTS INDUSTRIES LLC,US,GT ADVANCED TECHNOLOGIES INC.,US,Acquisition 100%,Completed,"415,000.00",01.11.2021,100.00000,0.00000,100.00000,333249,334413,,GTAT,25.08.2021,Cash Reserves,Delisted,n.a.
,,,,,,,,,,,,,,,,,,Cash,,"415,000"
1708.,1941181603,AMAG PHARMACEUTICALS INC.,US,PEROSPHERE PHARMACEUTICALS INC.,US,Acquisition 100%,Completed,"415,000.00",17.01.2019,100.00000,0.00000,100.00000,541715,325412,AMAG,,13.12.2018,Cash,Unlisted,n.a.
,,,,,,,,,,,,,,,,,,Earn-out,,"365,000"
1709.,1941391055,B RILEY PRINCIPAL MERGER CORPORATION,US,ALTA EQUIPMENT HOLDINGS INC.,US,Acquisition 100%,Completed,"414,000.00",14.02.2020,100.00000,0.00000,100.00000,423830,525990,ALTG,,12.12.2019,Shares,Unlisted,"76,000"
,,,,,,,,,,,,,,,,,,Cash,,"43,000"
,,,,,,,,,,,,,,,,,,Liabilities,,"295,000"
1710.,1941562764,FNB CORPORATION,US,HOWARD BANCORP INC.,US,Acquisition 100%,Completed,"412,461.00",22.01.2022,100.00000,0.00000,100.00000,522110,522110,FNB,HBMD,13.07.2021,Shares,Delisted,"412,461"
1711.,2008157290,PERSEUS BIDCO US INC.,US,Y-MABS THERAPEUTICS INC.,US,Acquisition 100%,Completed,"412,000.00",16.09.2025,100.00000,0.00000,100.00000,541713,551112,,YMAB,05.08.2025,Cash,Delisted,"412,000"
1712.,2007095441,ANSYS INC.,US,ZEMAX LLC,US,Acquisition 100%,Completed,"411,500.00",01.10.2021,100.00000,0.00000,100.00000,518210,511210,ANSS,,30.08.2021,Cash,Unlisted,"411,500"
1713.,2007525587,CARLISLE COMPANIES INC.,US,MTL HOLDINGS INC.,US,Acquisition 100%,Completed,"410,000.00",01.05.2024,100.00000,0.00000,100.00000,326199,327390,CSL,,18.03.2024,Cash,Unlisted,"410,000"
1714.,2007076215,NETSPI LLC,US,NVISIUM LLC,US,Acquisition 100%,Completed,"410,000.00",10.01.2023,100.00000,0.00000,100.00000,518210,518210,,,10.01.2023,,Unlisted,n.a.
1715.,1941641695,PROFRAC HOLDINGS LLC,US,FTS INTERNATIONAL INC.,US,Acquisition 100%,Completed,"407,500.00",04.03.2022,100.00000,0.00000,100.00000,213112,213111,,FTSI,22.10.2021,Cash,Delisted,"407,500"
1716.,1941299224,CHURCHILL DOWNS INC.,US,MIDWEST GAMING HOLDINGS LLC,US,Acquisition unknown majority stake %,Completed,"407,000.00",05.03.2019,Unknown majority,Unknown %,Unknown majority,713210,711212,CHDN,,31.10.2018,Cash,Unlisted,"407,000"
,,,,,,,,,,,,,,,,,,Cash Reserves,,n.a.
1717.,1941477450,LOCUST WALK ACQUISITION CORPORATION,US,EFFECTOR THERAPEUTICS INC. (OLD),US,Acquisition 100%,Completed,"405,040.00",25.08.2021,100.00000,0.00000,100.00000,541713,525990,LWACU,,27.05.2021,Earn-out,Unlisted,"50,000"
,,,,,,,,,,,,,,,,,,Cash assumed,,"17,000"
,,,,,,,,,,,,,,,,,,Liabilities,,"20,000"
,,,,,,,,,,,,,,,,,,Shares,,"388,040"
1718.,1941444946,CATERPILLAR INC.,US,WEIR GROUP PLC'S OIL AND GAS DIVISION,US,Acquisition 100%,Completed,"405,000.00",02.02.2021,100.00000,0.00000,100.00000,333991,333120,CAT,,05.10.2020,Liabilities,Unlisted,n.a.
,,,,,,,,,,,,,,,,,,Cash,,"405,000"
1719.,2007648418,GENESIS MERGER SUB INC.,US,G1 THERAPEUTICS INC.,US,Acquisition 100% 100%,Completed,"405,000.00",18.09.2024,100.00000,0.00000,100.00000,541713,325412,,GTHX,06.08.2024,Cash Reserves,Delisted,n.a.
,,,,,,,,,,,,,,,,,,Cash,,"405,000"
1720.,1941164490,HORACE MANN EDUCATORS CORPORATION,US,NATIONAL TEACHERS ASSOCIATES LIFE INSURANCE COMPANY,US,Acquisition 100%,Completed,"405,000.00",01.07.2019,100.00000,0.00000,100.00000,524114,524210,HMN,,10.12.2018,,Unlisted,n.a.
1721.,1941484751,AEROVIRONMENT INC.,US,ARCTURUS UAV LLC,US,Acquisition 100%,Completed,"405,000.00",19.02.2021,100.00000,0.00000,100.00000,336411,336411,AVAV,,13.01.2021,Cash Reserves,Unlisted,n.a.
,,,,,,,,,,,,,,,,,,Shares,,"50,000"
,,,,,,,,,,,,,,,,,,Cash,,"355,000"
1722.,1941491070,INEOS OLEFINS & POLYMERS USA,US,GEMINI HDPE LLC,US,Acquisition increased from 50% to 100%,Completed,"404,000.00",31.12.2020,50.00000,50.00000,100.00000,326199,325998,,,24.11.2020,Cash,Unlisted,n.a.
,,,,,,,,,,,,,,,,,,Liabilities,,n.a.
1723.,1941644963,CONTINENTAL RESOURCES INC.,US,CHESAPEAKE ENERGY CORPORATION'S POWDER RIVER BASIN ASSETS,US,Acquisition 100%,Completed,"403,000.00",31.03.2022,100.00000,0.00000,100.00000,211120,213112,CLR,,25.01.2022,Cash,Unlisted,"403,000"
1724.,2007100079,DAIWA HOUSE USA HOLDINGS INC.,US,CASTLEROCK COMMUNITIES LLC,US,Acquisition 80%,Completed,"402,000.00",02.09.2021,80.00000,0.00000,80.00000,236115,236115,,,10.08.2021,,Unlisted,n.a.
1725.,2008661064,ANTHROPIC PBC,US,COEFFICIENT BIO INC.,US,Acquisition 100%,Completed,"400,000.00",03.04.2026,100.00000,0.00000,100.00000,541713,518210,,,03.04.2026,Shares,Unlisted,"400,000"
1726.,2008548476,HALOZYME THERAPEUTICS INC.,US,SURF BIO INC.,US,Acquisition 100%,Completed,"400,000.00",31.12.2025,100.00000,0.00000,100.00000,541713,325412,HALO,,31.12.2025,Earn-out,Unlisted,"100,000"
1727.,2008489716,CVENT ATLANTA LLC,US,ON24 INC.,US,Acquisition 100%,Completed,"400,000.00",01.04.2026,100.00000,0.00000,100.00000,518210,518210,,ONTF,29.12.2025,Cash,Delisted,"400,000"
1728.,2008242540,IONQ INC.,US,VECTOR ATOMIC INC.,US,Acquisition 100%,Completed,"400,000.00",07.10.2025,100.00000,0.00000,100.00000,511210,541715,,,17.09.2025,Shares,Unlisted,n.a.
1729.,2007744443,META PLATFORMS INC.,US,WITHIN UNLIMITED INC.,US,Acquisition 100%,Completed,"400,000.00",09.02.2023,100.00000,0.00000,100.00000,511210,518210,META,,29.10.2021,,Unlisted,n.a.
1730.,2007592887,AMERICAN EXPRESS COMPANY,US,TOCK INC.,US,Acquisition 100%,Completed,"400,000.00",15.10.2024,100.00000,0.00000,100.00000,518210,522210,AXP,,21.06.2024,Cash,Unlisted,"400,000"
1731.,2007588329,OCCIDENTAL PETROLEUM CORPORATION,US,PERMIAN BASIN BASED PRIMARILY PRODUCING ASSETS,US,Acquisition 100%,Completed,"400,000.00",31.12.2022,100.00000,0.00000,100.00000,211120,211120,OXY,,31.12.2022,,Unlisted,n.a.
1732.,2007350630,"DUCKHORN PORTFOLIO INC., THE",US,SONOMA-CUTRER VINEYARDS INC.,US,Acquisition 100%,Completed,"400,000.00",30.04.2024,100.00000,0.00000,100.00000,424820,312130,NAPA,,16.11.2023,Shares,Unlisted,"350,000"
,,,,,,,,,,,,,,,,,,Cash,,"50,000"
1733.,2007136334,LABORATORY CORPORATION OF AMERICA HOLDINGS,US,ASCENSION HEALTH INC.'S OUTREACH LABORATORY BUSINESS ASSETS,US,Acquisition 100%,Completed,"400,000.00",03.10.2022,100.00000,0.00000,100.00000,621111,621511,LH,,09.02.2022,,Unlisted,n.a.
1734.,2007092358,SUNTEX MARINAS INVESTORS LLC,US,WESTREC MARINA MANAGEMENT INC.,US,Acquisition 100%,Completed,"400,000.00",01.02.2022,100.00000,0.00000,100.00000,713930,713930,,,01.02.2022,,Unlisted,n.a.
1735.,2007077036,AMYNTA AGENCY INC.,US,AMBRIDGE PARTNERS LLC,US,Acquisition 100%,Completed,"400,000.00",11.05.2023,100.00000,0.00000,100.00000,524126,524126,,,09.01.2023,,Unlisted,n.a.
1736.,2007018116,WILTON REASSURANCE COMPANY INC.,US,ALLSTATE LIFE INSURANCE COMPANY OF NEW YORK,US,Acquisition 100%,Completed,"400,000.00",01.10.2021,100.00000,0.00000,100.00000,524113,524130,,,29.03.2021,Cash,Unlisted,"400,000"
1737.,1941662756,CLEARFORK MIDSTREAM LLC,US,AZURE MIDSTREAM ENERGY LLC,US,Acquisition 100%,Completed,"400,000.00",22.02.2022,100.00000,0.00000,100.00000,211120,211120,,,18.01.2022,,Unlisted,n.a.
1738.,1941661401,LIMELIGHT NETWORKS INC.,US,EDGECAST INC.,US,Acquisition 100%,Completed,"400,000.00",16.06.2022,100.00000,0.00000,100.00000,518210,518210,EGIO,,06.03.2022,Shares,Unlisted,"400,000"
,,,,,,,,,,,,,,,,,,Earn-out,,"100,000"
1739.,1941647454,ALTERYX INC.,US,TRIFACTA INC.,US,Acquisition 100%,Completed,"400,000.00",07.02.2022,100.00000,0.00000,100.00000,518210,518210,AYX,,06.01.2022,Cash,Unlisted,"400,000"
1740.,1941640089,"TORO COMPANY, THE",US,INTIMIDATOR GROUP,US,Acquisition 100%,Completed,"400,000.00",14.01.2022,100.00000,0.00000,100.00000,333112,333112,TTC,,14.01.2022,Cash,Unlisted,"400,000"
,,,,,,,,,,,,,,,,,,Cash Reserves,,n.a.
1741.,1941606132,23ANDME HOLDING COMPANY,US,LEMONAID HEALTH INC.,US,Acquisition 100%,Completed,"400,000.00",01.11.2021,100.00000,0.00000,100.00000,518210,518210,MEHCQ,,22.10.2021,Shares,Unlisted,"31,137,000"
,,,,,,,,,,,,,,,,,,Cash,,"88,630"
1742.,1941585949,LEVI STRAUSS & COMPANY,US,I AM BEYOND LLC,US,Acquisition 100%,Completed,"400,000.00",10.10.2021,100.00000,0.00000,100.00000,448120,315220,LEVI,,05.08.2021,Cash,Unlisted,"400,000"
1743.,1941549088,DIGITAL TURBINE INC.,US,ADCOLONY INC.,US,Acquisition 100%,Completed,"400,000.00",03.05.2021,100.00000,0.00000,100.00000,518210,518210,APPS,,26.02.2021,Cash,Unlisted,"200,000"
,,,,,,,,,,,,,,,,,,Earn-out,,"200,000"
1744.,1941476366,INTEGRA LIFESCIENCES HOLDINGS CORPORATION,US,ACELL INC.,US,Acquisition 100%,Completed,"400,000.00",20.01.2021,100.00000,0.00000,100.00000,339113,339112,IART,,16.12.2020,Earn-out,Unlisted,"100,000"
,,,,,,,,,,,,,,,,,,Cash,,"400,000"
1745.,1941440736,CURTISS-WRIGHT CORPORATION,US,PACIFIC STAR COMMUNICATIONS INC.,US,Acquisition 100%,Completed,"400,000.00",30.10.2020,100.00000,0.00000,100.00000,511210,334513,CW,,24.09.2020,Cash,Unlisted,"400,000"
1746.,1941383432,FACEBOOK INC.,US,GIPHY INC.,US,Acquisition 100%,Completed,"400,000.00",15.05.2020,100.00000,0.00000,100.00000,518210,518210,META,,15.05.2020,,Unlisted,n.a.
1747.,1941279492,VICE MEDIA INC.,US,REFINERY29 INC.,US,Acquisition 100%,Completed,"400,000.00",02.10.2019,100.00000,0.00000,100.00000,519130,519130,,,02.10.2019,Cash,Unlisted,n.a.
,,,,,,,,,,,,,,,,,,Shares,,n.a.
1748.,1941233798,ADVANCED ENERGY INDUSTRIES INC.,US,ARTESYN EMBEDDED TECHNOLOGIES INC.,US,Acquisition 100%,Completed,"400,000.00",10.09.2019,100.00000,0.00000,100.00000,335999,335999,AEIS,,15.05.2019,Cash Reserves,Unlisted,n.a.
,,,,,,,,,,,,,,,,,,Liabilities,,"36,000"
,,,,,,,,,,,,,,,,,,Cash,,"364,000"
1749.,1939060599,STERLING CONSTRUCTION COMPANY INC.,US,PLATEAU EXCAVATION INC.,US,Acquisition 100%,Completed,"400,000.00",02.10.2019,100.00000,0.00000,100.00000,238990,237310,STRL,,14.08.2019,Cash,Unlisted,"375,000"
,,,,LK GREGORY INC.,US,,,,,100.00000,0.00000,100.00000,238990,,,,,Shares,Unlisted,"25,000"
,,,,DEWITT EXCAVATION INC.,US,,,,,100.00000,0.00000,100.00000,221310,,,,,Cash Reserves,Unlisted,n.a.
1750.,1939044932,VERIZON COMMUNICATIONS INC.,US,BLUE JEANS NETWORK INC.,US,Acquisition 100%,Completed,"400,000.00",15.05.2020,100.00000,0.00000,100.00000,518210,517919,VZ,,16.04.2020,,Unlisted,n.a.
1751.,2007876907,BLACKBOXSTOCKS INC.,US,REALLOYS INC.,US,Acquisition 100%,Completed,"400,000.00",24.02.2026,100.00000,0.00000,100.00000,331491,518210,ALOY,,10.03.2025,Liabilities,Unlisted,n.a.
1752.,2007735315,XEROX HOLDINGS CORPORATION,US,ITSAVVY ACQUISITION COMPANY INC.,US,Acquisition 100%,Completed,"400,000.00",20.11.2024,100.00000,0.00000,100.00000,551112,333318,XRX,,17.10.2024,Bonds,Unlisted,"220,000"
,,,,,,,,,,,,,,,,,,Cash,,"180,000"
1753.,2007431711,CLEAN HARBORS INC.,US,HEPACO LLC,US,Acquisition 100%,Completed,"400,000.00",25.03.2024,100.00000,0.00000,100.00000,562910,562111,CLH,,06.02.2024,Cash,Unlisted,"400,000"
,,,,,,,,,,,,,,,,,,Cash Reserves,,n.a.
1754.,2007409396,GENCOM PLATFORM LLC,US,"RITZ-CARLTON KEY BISCAYNE, THE",US,Acquisition unknown majority stake %,Completed,"400,000.00",12.01.2024,Unknown majority,Unknown minority,Unknown majority,721110,523920,,,12.01.2024,,Unlisted,n.a.
1755.,2007091362,MCGRATH RENTCORP,US,VESTA HOUSING SOLUTIONS LLC,US,Acquisition 100%,Completed,"400,000.00",01.02.2023,100.00000,0.00000,100.00000,321992,532490,MGRC,,01.02.2023,Cash,Unlisted,"400,000"
1756.,1941693738,PARSONS CORPORATION,US,XATOR CORPORATION,US,Acquisition 100%,Completed,"400,000.00",01.06.2022,100.00000,0.00000,100.00000,561621,541512,PSN,,23.05.2022,Cash,Unlisted,"400,000"
1757.,1941607900,3D SYSTEMS CORPORATION,US,VOLUMETRIC BIOTECHNOLOGIES INC.,US,Acquisition 100%,Completed,"400,000.00",01.12.2021,100.00000,0.00000,100.00000,541713,334118,DDD,,27.10.2021,Cash,Unlisted,"200,000"
,,,,,,,,,,,,,,,,,,Shares,,"200,000"
,,,,,,,,,,,,,,,,,,Earn-out,,"355,000"
1758.,1941558741,HCA HEALTHCARE INC.,US,BROOKDALE SENIOR LIVING INC.'S HEALTH CARE SERVICES BUSINESS,US,Acquisition 80%,Completed,"400,000.00",01.07.2021,80.00000,0.00000,80.00000,621610,622110,HCA,,24.02.2021,Cash,Unlisted,"400,000"
1759.,1941536041,JAMF SOFTWARE LLC,US,WANDERA INC.,US,Acquisition 100%,Completed,"400,000.00",01.07.2021,100.00000,0.00000,100.00000,518210,541512,,,11.05.2021,Cash,Unlisted,"400,000"
,,,,,,,,,,,,,,,,,,Cash Reserves,,n.a.
,,,,,,,,,,,,,,,,,,Deferred payment,,n.a.
1760.,1941518761,SQUARESPACE INC.,US,TOCK INC.,US,Acquisition 100%,Completed,"400,000.00",31.03.2021,100.00000,0.00000,100.00000,518210,518210,SQSP,,31.03.2021,Shares,Unlisted,n.a.
,,,,,,,,,,,,,,,,,,Cash,,n.a.
1761.,2007731018,CRANE NXT COMPANY,US,DE LA RUE AUTHENTICATION SOLUTIONS INC.,US,Acquisition 100%,Completed,"399,763.27",01.05.2025,100.00000,0.00000,100.00000,333316,541512,CXT,,15.10.2024,Liabilities,Unlisted,n.a.
1762.,2007626198,ATLANTIS CONSUMER HEALTHCARE INC.,US,AVRIO HEALTH LP'S ASSETS,US,Acquisition 100%,Completed,"397,000.00",05.06.2023,100.00000,0.00000,100.00000,446199,923120,,,06.04.2023,,Unlisted,n.a.
1763.,2007166250,ATLANTIS CONSUMER HEALTHCARE INC.,US,AVRIO HEALTH LP'S ASSETS,US,Acquisition 100%,Completed,"397,000.00",05.06.2023,100.00000,0.00000,100.00000,446199,923120,,,06.04.2023,,Unlisted,n.a.
1764.,1941256934,PROJECT SIX INTERMEDIATE PARENT LLC,US,CREDIBLE LABS INC.,US,Acquisition 67%,Completed,"395,195.77",17.10.2019,67.00000,0.00000,67.00000,518210,518210,,CRD,04.08.2019,Cash,Delisted,"395,196"
1765.,1941566558,ENTERPRISE FINANCIAL SERVICES CORPORATION,US,FIRST CHOICE BANCORP,US,Acquisition 100%,Completed,"395,153.00",21.07.2021,100.00000,0.00000,100.00000,522110,522110,EFSC,FCBP,26.04.2021,Shares,Delisted,"395,153"
,,,,,,,,,,,,,,,,,,Cash,,n.a.
1766.,2007207686,ACCO BRANDS USA LLC,US,BENSUSSEN DEUTSCH & ASSOCIATES INC.'S CONSUMER ELECTRONICS AND VIDEO GAMING ACCESSORY BUSINESS,US,Acquisition 100%,Completed,"395,000.00",17.12.2020,100.00000,0.00000,100.00000,423430,322230,,,10.11.2020,Earn-out,Unlisted,"55,000"
,,,,,,,,,,,,,,,,,,Cash Reserves,,n.a.
,,,,,,,,,,,,,,,,,,Cash,,"395,000"
1767.,2007625659,DOVER CORPORATION,US,MARSHALL EXCELSIOR COMPANY,US,Acquisition 100%,Completed,"395,000.00",22.07.2024,100.00000,0.00000,100.00000,332911,333249,DOV,,22.07.2024,Cash,Unlisted,"395,000"
1768.,2007616676,GAMING AND LEISURE PROPERTIES INC.,US,BALLY’S KANSAS CITY'S REAL ESTATE PROPERTY ASSETS,US,Acquisition 100%,Completed,"395,000.00",17.12.2024,100.00000,0.00000,100.00000,713210,531120,GLPI,,12.07.2024,Cash Reserves,Unlisted,n.a.
,,,,BALLY'S SHREVEPORT CASINO & HOTEL'S REAL ESTATE PROPERTY ASSETS,US,,,,,100.00000,0.00000,100.00000,721120,,,,,Cash,Unlisted,"395,000"
1769.,1941695915,CRESTWOOD EQUITY PARTNERS LP,US,CRESTWOOD PERMIAN BASIN HOLDINGS LLC,US,Acquisition 50%,Completed,"395,000.00",11.07.2022,50.00000,0.00000,50.00000,486210,424720,CEQP,,25.05.2022,Liabilities,Unlisted,"75,000"
,,,,,,,,,,,,,,,,,,Shares,,"320,000"
1770.,1941732862,PENN ENTERTAINMENT INC.,US,BARSTOOL SPORTS INC.,US,Acquisition increased from 36% to 100%,Completed,"393,585.00",17.02.2023,64.00000,36.00000,100.00000,518210,713210,PENN,,17.08.2022,Cash,Unlisted,"315,000"
,,,,,,,,,,,,,,,,,,Shares,,"78,585"
1771.,2007508871,BRUKER CORPORATION,US,NANOSTRING TECHNOLOGIES INC.'S ASSETS,US,Acquisition 100%,Completed,"392,600.00",06.05.2024,100.00000,0.00000,100.00000,334516,334516,BRKR,,17.04.2024,Liabilities,Unlisted,n.a.
,,,,,,,,,,,,,,,,,,Cash,,"392,600"
,,,,,,,,,,,,,,,,,,Cash Reserves,,n.a.
1772.,2007715880,AUTHENTIC BRANDS GROUP LLC,US,LEVI STRAUSS & COMPANY'S DOCKERS BUSINESS,US,Acquisition 100%,Completed,"391,000.00",27.02.2026,100.00000,0.00000,100.00000,315220,541810,,,20.05.2025,Earn-out,Unlisted,"80,000"
1773.,2008208659,AVERY DENNISON CORPORATION,US,MERIDIAN ADHESIVES GROUP INC.'S FLOORING ADHESIVES BUSINESS,US,Acquisition 100%,Completed,"390,000.00",20.10.2025,100.00000,0.00000,100.00000,325520,325211,AVY,,25.08.2025,,Unlisted,n.a.
1774.,2007823025,APEX MERGER SUB LLC,US,TECHPOINT INC.,US,Acquisition 100%,Completed,"390,000.00",02.06.2025,100.00000,0.00000,100.00000,334413,531190,,,15.01.2025,Cash Reserves,Unlisted,n.a.
,,,,,,,,,,,,,,,,,,Cash,,"390,000"
1775.,2007774905,SCHNEIDER NATIONAL INC.,US,COWAN SYSTEMS LLC,US,Acquisition 100%,Completed,"390,000.00",31.12.2024,100.00000,0.00000,100.00000,488510,484121,SNDR,,25.11.2024,Cash,Unlisted,"390,000"
,,,,,,,,,,,,,,,,,,Cash Reserves,,n.a.
1776.,1941629503,SUNSHINE ACQUISITION SUB CORPORATION,,CLEAN STREAK VENTURES LLC,US,Acquisition 100%,Completed,"390,000.00",21.12.2021,100.00000,0.00000,100.00000,811192,551112,,,08.12.2021,Cash,Unlisted,"390,000"
,,,,,,,,,,,,,,,,,,Cash Reserves,,n.a.
1777.,1941626925,CITY OF HOPE NATIONAL MEDICAL CENTER,US,CANCER TREATMENT CENTERS OF AMERICA GLOBAL INC.,US,Acquisition 100%,Completed,"390,000.00",02.02.2022,100.00000,0.00000,100.00000,622310,622310,,,08.12.2021,,Unlisted,n.a.
1778.,1941297745,GRID DYNAMICS HOLDINGS INC.,US,GRID DYNAMICS INTERNATIONAL INC.,US,Acquisition 100%,Completed,"389,845.00",05.03.2020,100.00000,0.00000,100.00000,541512,541512,GDYN,,13.11.2019,Cash Reserves,Unlisted,n.a.
,,,,,,,,,,,,,,,,,,Shares,,"259,845"
,,,,,,,,,,,,,,,,,,Cash,,"130,000"
1779.,2007863288,EXPRESS WASH OPERATIONS LLC,US,BOING US HOLDCO INC.,US,Acquisition 100%,Completed,"385,000.00",10.04.2025,100.00000,0.00000,100.00000,811192,811192,,,25.02.2025,Cash,Unlisted,"255,000"
,,,,,,,,,,,,,,,,,,Bonds,,"130,000"
1780.,2007622976,LOAR HOLDINGS INC.,US,APPLIED AVIONICS INC.,US,Acquisition 100%,Completed,"385,000.00",26.08.2024,100.00000,0.00000,100.00000,488190,336411,,,19.07.2024,Cash,Unlisted,"385,000"
,,,,,,,,,,,,,,,,,,Cash Reserves,,n.a.
1781.,2008003497,MISSOURI NETWORK ALLIANCE LLC,US,EVERSTREAM SOLUTIONS LLC'S OPERATIONS,US,Acquisition 100%,Completed,"384,600.00",06.03.2026,100.00000,0.00000,100.00000,517311,238210,,,28.05.2025,,Unlisted,n.a.
1782.,1941563332,LEARNING TECHNOLOGIES ACQUISITION CORPORATION,US,GP STRATEGIES CORPORATION,US,Acquisition 100%,Completed,"383,000.00",14.10.2021,100.00000,0.00000,100.00000,541611,551112,,GPX,15.07.2021,Cash Reserves,Delisted,n.a.
,,,,,,,,,,,,,,,,,,Cash assumed,,"40,000"
,,,,,,,,,,,,,,,,,,Cash,,"363,744"
,,,,,,,,,,,,,,,,,,Liabilities,,"19,256"
1783.,1941418416,STAR PEAK ENERGY TRANSITION CORPORATION,US,STEM INC.,US,Acquisition 100%,Completed,"383,000.00",28.04.2021,100.00000,0.00000,100.00000,518210,525990,STEM,STEM,04.12.2020,Cash,Listed,"383,000"
1784.,2007825131,CROWN LABORATORIES INC.,US,REVANCE THERAPEUTICS INC.,US,Acquisition 100% - Bid 3  - Increased Bid,Completed,"381,023.00",06.02.2025,100.00000,0.00000,100.00000,541713,325412,,RVNC,17.01.2025,Liabilities,Delisted,n.a.
,,,,,,,,,,,,,,,,,,Cash,,"381,023"
1785.,1941319470,ADT INC.,US,DEFENDER HOLDINGS INC.,US,Acquisition 100%,Completed,"381,000.00",06.01.2020,100.00000,0.00000,100.00000,541690,541690,ADT,,06.01.2020,Shares,Unlisted,"121,435"
,,,,,,,,,,,,,,,,,,Cash,,"260,000"
,,,,,,,,,,,,,,,,,,Liabilities,,n.a.
1786.,2007594913,ANI PHARMACEUTICALS INC.,US,ALIMERA SCIENCES INC.,US,Acquisition 100%,Completed,"381,000.00",16.09.2024,100.00000,0.00000,100.00000,541715,325412,ANIP,ALIM,24.06.2024,Cash,Delisted,"381,000"
,,,,,,,,,,,,,,,,,,Cash Reserves,,n.a.
,,,,,,,,,,,,,,,,,,Liabilities,,"72,500"
1787.,2007911433,FB FINANCIAL CORPORATION,US,SOUTHERN STATES BANCSHARES INC.,US,Acquisition 100%,Completed,"381,000.00",01.07.2025,100.00000,0.00000,100.00000,522110,522110,FBK,SSBK,31.03.2025,Cash,Delisted,"381,000"
1788.,2007185457,CRESTONE PEAK RESOURCES LLC,US,"CONOCOPHILLIPS COMPANY'S NIOBRARA ASSETS IN THE SOUTHERN DENVER-JULESBURG BASIN, COLORADO",US,Acquisition 100%,Completed,"380,000.00",03.03.2020,100.00000,0.00000,100.00000,211120,211120,,,03.03.2020,,Unlisted,n.a.
1789.,1941726547,NORDSON CORPORATION,US,CYBEROPTICS CORPORATION,US,Acquisition 100%,Completed,"380,000.00",03.11.2022,100.00000,0.00000,100.00000,333314,333914,NDSN,CYBE,08.08.2022,Cash,Delisted,"380,000"
1790.,1941591776,MATERION CORPORATION,US,HC STARCK INC.,US,Acquisition 100%,Completed,"380,000.00",01.11.2021,100.00000,0.00000,100.00000,334413,331110,MTRN,,20.09.2021,Cash,Unlisted,"380,000"
1791.,1941530734,ALLEN MEDIA BROADCASTING LLC,US,QUINCY MEDIA INC.'S 10 TELEVISION STATIONS,US,Acquisition 100%,Completed,"380,000.00",02.08.2021,100.00000,0.00000,100.00000,515120,515120,,,29.04.2021,Cash,Unlisted,"380,000"
1792.,1941520095,ELBIT SYSTEMS OF AMERICA LLC,US,SPARTON CORPORATION,US,Acquisition 100%,Completed,"380,000.00",06.04.2021,100.00000,0.00000,100.00000,334419,334511,,SPA,23.12.2020,,Delisted,n.a.
1793.,1941513520,SMARTSTOP SELF STORAGE REIT INC.,US,STRATEGIC STORAGE TRUST IV INC.,US,Acquisition 100%,Completed,"380,000.00",17.03.2021,100.00000,0.00000,100.00000,493110,531130,SMA,,10.11.2020,Shares,Unlisted,"380,000"
1794.,1941503713,LEIDOS HOLDINGS INC.,US,GIBBS & COX INC.,US,Acquisition 100%,Completed,"380,000.00",07.05.2021,100.00000,0.00000,100.00000,541330,541512,LDOS,,23.02.2021,Cash,Unlisted,"380,000"
1795.,1941442522,MOLINA HEALTHCARE INC.,US,AFFINITY HEALTH PLAN INC.'S ASSETS,US,Acquisition 100%,Completed,"380,000.00",25.10.2021,100.00000,0.00000,100.00000,524210,524114,MOH,,28.09.2020,Cash,Unlisted,"380,000"
,,,,,,,,,,,,,,,,,,Cash Reserves,,n.a.
1796.,1941288539,CHARLES RIVER LABORATORIES INTERNATIONAL INC.,US,HEMACARE CORPORATION,US,Acquisition 100%,Completed,"380,000.00",03.01.2020,100.00000,0.00000,100.00000,621991,541713,CRL,HEMA,16.12.2019,Cash,Delisted,"380,000"
1797.,1941658357,APPLOVIN CORPORATION,US,WURL INC.,US,Acquisition 100%,Completed,"378,200.00",30.06.2022,100.00000,0.00000,100.00000,518210,518210,APP,,28.02.2022,Deferred payment,Unlisted,n.a.
,,,,,,,,,,,,,,,,,,Shares,,"137,400"
,,,,,,,,,,,,,,,,,,Cash,,"219,300"
1798.,1941486994,COMPUTE HEALTH ACQUISITION CORPORATION,US,ALLURION TECHNOLOGIES HOLDINGS INC.,US,Acquisition 100%,Completed,"378,120.00",01.08.2023,100.00000,0.00000,100.00000,339112,525990,CPUH,,09.02.2023,Shares,Unlisted,"378,120"
1799.,1941445605,AVALARA INC.,US,TRANSACTION TAX RESOURCES INC.,US,Acquisition 100%,Completed,"377,000.00",05.10.2020,100.00000,0.00000,100.00000,511210,518210,AVLR,,05.10.2020,Cash,Unlisted,"377,000"
,,,,,,,,,,,,,,,,,,Earn-out,,n.a.
1800.,1941541011,ORMAT TECHNOLOGIES INC.,US,"TG GEOTHERMAL PORTFOLIO LLC'S 56 NET MEGAWATT DIXIE VALLEY GEOTHERMAL FACILITY IN CHURCHILL COUNTY, NEVADA",US,Acquisition 100%,Completed,"377,000.00",14.07.2021,100.00000,0.00000,100.00000,221116,221118,ORA,,24.05.2021,Liabilities,Unlisted,"206,000"
,,,,"TG GEOTHERMAL PORTFOLIO LLC'S 11.5 NET MEGAWATT BEOWAWE GEOTHERMAL FACILITY IN LANDER COUNTY, NEVADA",US,,,,,100.00000,0.00000,100.00000,221116,,,,,Cash,Unlisted,"171,000"
,,,,"TG GEOTHERMAL PORTFOLIO LLC'S TRANSMISSION LINE IN BISHOP, CALIFORNIA",US,,,,,100.00000,0.00000,100.00000,221121,,,,,,Unlisted,
1801.,1941710474,GI GEORGIA MIDCO INC.,US,GTY TECHNOLOGY HOLDINGS INC.,US,Acquisition 100%,Completed,"376,699.00",07.07.2022,100.00000,0.00000,100.00000,518210,551114,,GTYH,29.04.2022,Cash,Delisted,"376,699"
1802.,2007341424,"CARTESIAN THERAPEUTICS, INC.",US,CARTESIAN THERAPEUTICS INC.,US,Acquisition unknown stake %,Completed,"376,032.00",13.11.2023,Unknown %,Unknown %,Unknown %,541713,541713,RNAC,,13.11.2023,Shares,Unlisted,"376,032"
1803.,2008340928,BKV CORPORATION,US,BKV-BPP POWER LLC,US,Acquisition increased from 50% to 75%,Completed,"376,000.00",30.01.2026,25.00000,50.00000,75.00000,221112,211120,BKV,,29.10.2025,Liabilities,Unlisted,"145,700"
,,,,,,,,,,,,,,,,,,Shares,,"115,100"
,,,,,,,,,,,,,,,,,,Cash,,"115,100"
,,,,,,,,,,,,,,,,,,Cash Reserves,,n.a.
1804.,2007549362,RL PURCHASER LLC,US,RED LOBSTER HOSPITALITY LLC'S ASSETS,US,Acquisition 100%,Completed,"376,000.00",16.09.2024,100.00000,0.00000,100.00000,722511,525990,,,19.05.2024,,Unlisted,n.a.
,,,,RED LOBSTER HOSPITALITY LLC'S BUSINESS OPERATIONS,US,,,,,100.00000,0.00000,100.00000,722511,,,,,,Unlisted,
1805.,1941460555,BONANZA CREEK ENERGY INC.,US,HIGHPOINT RESOURCES CORPORATION,US,Acquisition 100%,Completed,"376,000.00",01.04.2021,100.00000,0.00000,100.00000,211120,211120,CIVI,HPR,09.11.2020,Shares,Delisted,"149,772"
,,,,,,,,,,,,,,,,,,Liabilities,,n.a.
,,,,,,,,,,,,,,,,,,Bonds,,"100,000"
1806.,2007736964,PRIME HEALTHCARE SERVICES INC.,US,ASCENSION HEALTH ALLIANCE INC.'S NINE ILLINOIS HOSPITALS,US,Acquisition 100%,Completed,"375,800.00",01.03.2025,100.00000,0.00000,100.00000,621999,622110,,,25.07.2024,,Unlisted,n.a.
,,,,ASCENSION HEALTH ALLIANCE INC.'S VARIOUS POST-ACUTE FACILITIES,US,,,,,100.00000,0.00000,100.00000,621999,,,,,,Unlisted,
1807.,2007617974,STOCKBRIDGE CAPITAL GROUP LLC,US,WARNER BROS. DISCOVERY INC.'S BURBANK STUDIOS,US,Acquisition 100%,Completed,"375,000.00",15.07.2024,100.00000,0.00000,100.00000,512110,523910,,,15.07.2024,,Unlisted,n.a.
,,QUADREAL PROPERTY GROUP LTD,CA,,,,,,,,,,,531190,,,,,,
,,WORTHE REAL ESTATE GROUP INC.,US,,,,,,,,,,,236220,,,,,,
1808.,2007289545,STANLEY BLACK & DECKER INC.,US,EXCEL INDUSTRIES INC.,US,Acquisition 100%,Completed,"375,000.00",12.11.2021,100.00000,0.00000,100.00000,333111,333991,SWK,,13.09.2021,Cash Reserves,Unlisted,n.a.
,,,,,,,,,,,,,,,,,,Cash,,"375,000"
1809.,2007158303,CHORD ENERGY CORPORATION,US,XTO ENERGY INC.'S ASSETS IN THE WILLISTON BASIN,US,Acquisition 100%,Completed,"375,000.00",30.06.2023,100.00000,0.00000,100.00000,213112,211120,CHRD,,22.05.2023,Cash,Unlisted,"375,000"
,,,,,,,,,,,,,,,,,,Cash Reserves,,n.a.
1810.,2007026103,MASONITE CORPORATION,US,EPI HOLDINGS INC.,US,Acquisition 100%,Completed,"375,000.00",03.01.2023,100.00000,0.00000,100.00000,332321,332321,,,03.11.2022,Cash Reserves,Unlisted,n.a.
,,,,,,,,,,,,,,,,,,Cash,,"375,000"
1811.,1941515898,ARCOSA INC.,US,STONEPOINT ULTIMATE HOLDING LLC,US,Acquisition 100%,Completed,"375,000.00",09.04.2021,100.00000,0.00000,100.00000,212312,237990,ACA,,22.03.2021,Cash,Unlisted,"375,000"
,,,,,,,,,,,,,,,,,,Cash Reserves,,n.a.
1812.,2008519542,PARSONS CORPORATION,US,ALTAMIRA TECHNOLOGIES CORPORATION,US,Acquisition 100%,Completed,"375,000.00",15.01.2026,100.00000,0.00000,100.00000,541511,541512,PSN,,15.01.2026,Earn-out,Unlisted,"45,000"
,,,,,,,,,,,,,,,,,,Cash,,"375,000"
1813.,2008262513,MORNINGSTAR INC.,US,CENTER FOR RESEARCH IN SECURITY PRICES LLC,US,Acquisition 100%,Completed,"375,000.00",02.02.2026,100.00000,0.00000,100.00000,518210,519130,MORN,,23.09.2025,,Unlisted,n.a.
1814.,2008214316,RICHARDSON (US) HOLDINGS LTD,US,8TH AVENUE FOOD & PROVISIONS INC.'S PASTA BUSINESS,US,Acquisition 100%,Completed,"375,000.00",01.12.2025,100.00000,0.00000,100.00000,311911,111191,,,29.08.2025,Cash,Unlisted,"375,000"
1815.,2008154295,CRESCENT DUNE LLC,US,"HON HAI PRECISION INDUSTRY CO., LTD'S LORDSTOWN FACTORY",US,Acquisition 100%,Completed,"375,000.00",04.08.2025,100.00000,0.00000,100.00000,336111,551114,,,04.08.2025,,Unlisted,n.a.
1816.,1941688991,CHICKEN SOUP FOR THE SOUL ENTERTAINMENT INC.,US,REDBOX ENTERTAINMENT INC.,US,Acquisition 100%,Completed,"375,000.00",11.08.2022,100.00000,0.00000,100.00000,454210,518210,CSSEQ,RDBX,11.05.2022,Liabilities,Delisted,"325,000"
,,,,,,,,,,,,,,,,,,Shares,,"50,000"
1817.,1941562925,CLEANTECH ACQUISITION CORPORATION,US,NAUTICUS ROBOTICS INC.,US,Acquisition 100%,Completed,"375,000.00",12.09.2022,100.00000,0.00000,100.00000,541715,525990,KITT,,17.12.2021,Shares,Unlisted,"375,000"
,,,,,,,,,,,,,,,,,,Earn-out,,"75,000"
1818.,1941548863,CENTROMOTION,US,CARLISLE BRAKE & FRICTION INC.,US,Acquisition 100%,Completed,"375,000.00",02.08.2021,100.00000,0.00000,100.00000,336340,333995,,,25.05.2021,Cash,Unlisted,"375,000"
,,,,,,,,,,,,,,,,,,Earn-out,,"125,000"
1819.,1941520088,CERNER CORPORATION,US,"KANTAR GROUP LTD, THE'S HEALTH BUSINESS",US,Acquisition 100%,Completed,"375,000.00",01.04.2021,100.00000,0.00000,100.00000,541910,541511,CERN,,16.12.2020,Cash,Unlisted,"375,000"
1820.,1941322017,LEXISNEXIS RISK SOLUTIONS INC.,US,ID ANALYTICS INC.,US,Acquisition 100%,Completed,"375,000.00",03.02.2020,100.00000,0.00000,100.00000,541511,518210,,,13.01.2020,,Unlisted,n.a.
1821.,1941318157,YUM! BRANDS INC.,US,"HABIT RESTAURANTS INC., THE",US,Acquisition 100%,Completed,"375,000.00",18.03.2020,100.00000,0.00000,100.00000,722513,722513,YUM,HABT,06.01.2020,Cash,Delisted,"375,000"
,,,,,,,,,,,,,,,,,,Cash Reserves,,n.a.
1822.,2007446143,ENTERPRISE PRODUCTS PARTNERS LP,US,ENTERPRISE EF78 LLC,US,Acquisition 20% and 25%,Completed,"375,000.00",21.02.2024,25.00000,75.00000,100.00000,486210,486210,EPD,,21.02.2024,Cash Reserves,Unlisted,n.a.
,,,,WHITETHORN PIPELINE COMPANY LLC,US,,,,,20.00000,80.00000,100.00000,486210,,,,,Cash,Unlisted,"375,000"
1823.,1941660132,BRP GROUP INC.,US,WESTWOOD INSURANCE AGENCY LLC,US,Acquisition 100%,Completed,"375,000.00",29.04.2022,100.00000,0.00000,100.00000,524210,524210,BWIN,,03.03.2022,,Unlisted,n.a.
1824.,1941546369,HONSADOR GROUP LLC,US,HIXSON LUMBER SALES INC.,US,Acquisition 100%,Completed,"375,000.00",04.06.2021,100.00000,0.00000,100.00000,321213,321213,,,04.06.2021,Cash,Unlisted,"375,000"
,,,,,,,,,,,,,,,,,,Cash Reserves,,n.a.
1825.,2007648579,RESOLUTE HOLDINGS I LP,US,COMPOSECURE INC.,US,Acquisition unknown majority stake %,Completed,"372,000.00",17.09.2024,Unknown majority,0.00000,Unknown majority,332999,523910,,GPGI,07.08.2024,,Listed,n.a.
1826.,2007243469,BURKE & HERBERT FINANCIAL SERVICES CORPORATION,US,SUMMIT FINANCIAL GROUP INC.,US,Acquisition 100%,Completed,"371,500.00",03.05.2024,100.00000,0.00000,100.00000,522110,551111,BHRB,SMMF,24.08.2023,Shares,Delisted,"371,500"
1827.,2008173484,BKV UPSTREAM MIDSTREAM LLC,US,BEDROCK PRODUCTION LLC,US,Acquisition 100%,Completed,"370,000.00",29.09.2025,100.00000,0.00000,100.00000,211120,211120,,,12.08.2025,Cash,Unlisted,"260,000"
,,,,,,,,,,,,,,,,,,Shares,,"110,000"
,,,,,,,,,,,,,,,,,,Cash Reserves,,n.a.
1828.,1941740706,GPM INVESTMENTS LLC,US,TRANSIT ENERGY GROUP LLC'S 150 CONVENIENCE STORES,US,Acquisition 100%,Completed,"370,000.00",02.03.2023,100.00000,0.00000,100.00000,445120,445120,,,09.09.2022,Deferred payment,Unlisted,n.a.
,,,,TRANSIT ENERGY GROUP LLC'S FUEL SUPPLY RIGHTS,US,,,,,100.00000,0.00000,100.00000,424720,,,,,Cash,Unlisted,n.a.
,,,,"TRANSIT ENERGY GROUP LLC'S COMMERCIAL, GOVERNMENT AND INDUSTRIAL CUSTOMERS",US,,,,,100.00000,0.00000,100.00000,541611,,,,,Shares,Unlisted,n.a.
,,,,"TRANSIT ENERGY GROUP LLC'S STORAGE, DISTRIBUTION AND TRANSPORTATION ASSETS",US,,,,,100.00000,0.00000,100.00000,424720,,,,,Cash Reserves,Unlisted,n.a.
1829.,1941727291,VERA WHOLE HEALTH INC.,US,CASTLIGHT HEALTH INC.,US,Acquisition 100%,Completed,"370,000.00",17.02.2022,100.00000,0.00000,100.00000,518210,621111,,CSLT,05.01.2022,Cash,Delisted,"370,000"
1830.,1941562946,PENN VIRGINIA CORPORATION,US,LONESTAR RESOURCES US INC.,US,Acquisition 100%,Completed,"370,000.00",06.10.2021,100.00000,0.00000,100.00000,211120,211120,ROCC,LONE,12.07.2021,Shares,Delisted,"134,000"
,,,,,,,,,,,,,,,,,,Liabilities,,"236,000"
1831.,1941466216,KEMPER CORPORATION,US,AMERICAN ACCESS CASUALTY COMPANY,US,Acquisition 100%,Completed,"370,000.00",01.04.2021,100.00000,0.00000,100.00000,524126,524126,KMPR,,23.11.2020,Cash,Unlisted,"370,000"
,,,,NEWINS INSURANCE AGENCY HOLDINGS LLC,US,,,,,100.00000,0.00000,100.00000,524210,,,,,,Unlisted,
1832.,1941565499,NUCOR CORPORATION,US,HANNIBAL INDUSTRIES INC.,US,Acquisition 100%,Completed,"370,000.00",23.08.2021,100.00000,0.00000,100.00000,332996,331110,NUE,,20.07.2021,Cash,Unlisted,"370,000"
1833.,2008241685,NATIONAL BANK HOLDINGS CORPORATION,US,VISTA BANCSHARES INC.,US,Acquisition 100%,Completed,"369,100.00",07.01.2026,100.00000,0.00000,100.00000,522110,522110,NBHC,,15.09.2025,Cash,Unlisted,"84,800"
,,,,,,,,,,,,,,,,,,Shares,,"284,678"
1834.,1941679441,SILVERBOW RESOURCES INC.,US,SUNDANCE ENERGY INC.'S ASSETS,US,Acquisition 100%,Completed,"369,000.00",05.07.2022,100.00000,0.00000,100.00000,211120,211120,SBOW,,14.04.2022,Cash,Unlisted,"240,000"
,,,,,,,,,,,,,,,,,,Shares,,"129,000"
,,,,,,,,,,,,,,,,,,Cash Reserves,,n.a.
,,,,,,,,,,,,,,,,,,Earn-out,,"15,000"
1835.,2007003705,HILL-ROM INC.,US,BARDY DIAGNOSTICS INC.,US,Acquisition 100%,Completed,"367,000.00",06.08.2021,100.00000,0.00000,100.00000,334510,423450,,,19.01.2021,Cash Reserves,Unlisted,n.a.
,,,,,,,,,,,,,,,,,,Cash,,"367,000"
,,,,,,,,,,,,,,,,,,Earn-out,,n.a.
1836.,1941322973,"RUBICON PROJECT INC., THE",US,TELARIA INC.,US,Acquisition 100%,Completed,"365,863.00",01.04.2020,100.00000,0.00000,100.00000,518210,518210,MGNI,TLRA,19.12.2019,Shares,Delisted,"365,863"
1837.,1941208921,GRAND CANYON EDUCATION INC.,US,ORBIS EDUCATION SERVICES LLC,US,Acquisition 100%,Completed,"365,800.00",22.01.2019,100.00000,0.00000,100.00000,624310,611310,LOPE,,22.01.2019,Cash,Unlisted,"365,800"
1838.,2007404939,STRATA DECISION TECHNOLOGY LLC,US,ENTERPRISE PERFORMANCE SYSTEMS INC.,US,Acquisition 100%,Completed,"365,000.00",30.07.2020,100.00000,0.00000,100.00000,541511,518210,,,30.07.2020,,Unlisted,n.a.
1839.,2007654758,CORROHEALTH LLC,US,XTEND HEALTHCARE LLC,US,Acquisition 100%,Completed,"365,000.00",19.09.2024,100.00000,0.00000,100.00000,561499,511210,,,07.08.2024,Cash,Unlisted,"365,000"
1840.,2007483720,TOG KAIZEN ACQUISITION LLC,US,SAFFLOWER HOLDINGS CORPORATION,US,Acquisition 100%,Completed,"365,000.00",01.05.2024,100.00000,0.00000,100.00000,722511,551114,,,26.03.2024,Liabilities,Unlisted,n.a.
,,,,,,,,,,,,,,,,,,Cash,,"365,000"
,,,,,,,,,,,,,,,,,,Shares,,n.a.
1841.,2007405217,FTAC EMERALD ACQUISITION CORPORATION,US,FOLD INC.,US,Acquisition 100%,Completed,"365,000.00",14.02.2025,100.00000,0.00000,100.00000,518210,525990,FLD,,24.07.2024,Shares,Unlisted,"365,000"
1842.,1941475415,GODADDY INC.,US,POYNT COMPANY,US,Acquisition 100%,Completed,"365,000.00",09.02.2021,100.00000,0.00000,100.00000,334118,518210,GDDY,,15.12.2020,Cash,Unlisted,"365,000"
,,,,,,,,,,,,,,,,,,Earn-out,,"45,000"
1843.,1941417744,STRATA DECISION TECHNOLOGY LLC,US,ALLSCRIPTS HEALTHCARE SOLUTIONS INC.'S EPSI BUSINESS UNIT,US,Acquisition 100%,Completed,"365,000.00",15.10.2020,100.00000,0.00000,100.00000,518210,518210,,,30.07.2020,Cash,Unlisted,"365,000"
1844.,1941166676,CONMED CORPORATION,US,BUFFALO FILTER LLC,US,Acquisition 100%,Completed,"365,000.00",11.02.2019,100.00000,0.00000,100.00000,333413,339113,CNMD,,13.12.2018,Cash,Unlisted,"365,000"
1845.,2007189573,BLAST ASSET ACQUISITION LLC,US,VITAL PHARMACEUTICALS INC.'S ASSETS,US,Acquisition 100%,Completed,"362,000.00",31.07.2023,100.00000,0.00000,100.00000,312111,551114,,,03.07.2023,Liabilities,Unlisted,"25,000"
1846.,2007966443,IONQ INC.,US,LIGHTSYNQ TECHNOLOGIES INC.,US,Acquisition 100%,Completed,"360,678.00",30.05.2025,100.00000,0.00000,100.00000,334118,541715,,,08.05.2025,Shares,Unlisted,"360,678"
1847.,1941632977,AURORA TECHNOLOGY ACQUISITION CORPORATION,US,DIH HOLDING US INC.,US,Acquisition 100%,Completed,"360,200.00",07.02.2024,100.00000,0.00000,100.00000,333999,525990,DHAI,DHAI,27.02.2023,Shares,Listed,"250,000"
,,,,,,,,,,,,,,,,,,Liabilities,,"20,000"
,,,,,,,,,,,,,,,,,,Earn-out,,"60,000"
1848.,1941736488,HUDSON PACIFIC PROPERTIES INC.,US,QUIXOTE STUDIOS LLC,US,Acquisition 100%,Completed,"360,000.00",31.08.2022,100.00000,0.00000,100.00000,532490,531120,HPP,,31.08.2022,Deferred payment,Unlisted,n.a.
1849.,1941546003,CDK GLOBAL INC.,US,ROADSTER INC.,US,Acquisition 100%,Completed,"360,000.00",02.06.2021,100.00000,0.00000,100.00000,518210,518210,CDK,,02.06.2021,Cash,Unlisted,"360,000"
,,,,,,,,,,,,,,,,,,Cash Reserves,,n.a.
1850.,2008208217,SEACOAST MERGER SUB INC.,US,SCPHARMACEUTICALS INC.,US,Acquisition 100%,Completed,"360,000.00",07.10.2025,100.00000,0.00000,100.00000,541713,551114,,SCPH,25.08.2025,Cash,Delisted,"360,000"
,,,,,,,,,,,,,,,,,,Shares,,n.a.
,,,,,,,,,,,,,,,,,,Earn-out,,"56,693"
1851.,2007943562,LOCKHEED MARTIN CORPORATION,US,AMENTUM HOLDINGS LLC'S RAPID SOLUTIONS BUSINESS,US,Acquisition 100%,Completed,"360,000.00",26.06.2025,100.00000,0.00000,100.00000,336413,334511,LMT,,23.04.2025,Cash,Unlisted,"360,000"
1852.,1941609765,"ORIGINAL REAL COMPANY, THE",US,QUIET LOGISTICS INC.,US,Acquisition 100%,Completed,"360,000.00",29.12.2021,100.00000,0.00000,100.00000,334118,551112,,,02.11.2021,Cash,Unlisted,"360,000"
1853.,2007878004,ARCHROCK SERVICES LP,US,NATURAL GAS COMPRESSION SYSTEMS INC.,US,Acquisition 100%,Completed,"358,000.00",01.05.2025,100.00000,0.00000,100.00000,213112,333132,,,11.03.2025,Cash,Unlisted,"299,000"
,,,,,,,,,,,,,,,,,,Shares,,"59,000"
1854.,2008207481,CNX RESOURCES CORPORATION,US,CNX MIDSTREAM PARTNERS LP,US,Acquisition increased from 53.1% to 100%,Completed,"357,000.00",27.07.2020,46.90000,53.10000,100.00000,211120,212112,CNX,CNXM,27.07.2020,,Delisted,n.a.
1855.,1941297087,OMOG JV LLC,US,RELIANCE GATHERING LLC,US,Acquisition unknown stake %,Completed,"356,000.00",12.11.2019,Unknown %,Unknown %,Unknown %,211120,211120,,,03.10.2019,Cash,Unlisted,"356,000"
,,,,,,,,,,,,,,,,,,Cash Reserves,,n.a.
1856.,1941155700,EMPLOYERS MUTUAL CASUALTY COMPANY,US,EMC INSURANCE GROUP INC.,US,Acquisition increased from 55% to 100%,Completed,"356,000.00",19.09.2019,45.00000,55.00000,100.00000,524126,524126,,EMCI,09.05.2019,Cash,Delisted,"356,000"
1857.,1941505186,HAYMAKER ACQUISITION CORPORATION III,US,BIOTE HOLDINGS LLC,US,Acquisition 100%,Completed,"356,000.00",26.05.2022,100.00000,0.00000,100.00000,541713,525990,HYACU,,13.12.2021,Shares,Unlisted,"356,000"
1858.,2007426122,KINDER MORGAN INC.,US,MAS CANAM LLC'S THREE LANDFILL ASSETS,US,Acquisition 100%,Completed,"355,000.00",19.07.2022,100.00000,0.00000,100.00000,211120,486910,KMI,,19.07.2022,,Unlisted,n.a.
1859.,2007245192,ELF BEAUTY INC.,US,"CENTER BRANDS LLC, THE",US,Acquisition 100%,Completed,"355,000.00",04.10.2023,100.00000,0.00000,100.00000,446120,325620,ELF,,29.08.2023,Liabilities,Unlisted,n.a.
,,,,,,,,,,,,,,,,,,Cash,,"285,000"
,,,,,,,,,,,,,,,,,,Cash Reserves,,n.a.
,,,,,,,,,,,,,,,,,,Shares,,"70,000"
1860.,2007071059,PROGRESS SOFTWARE CORPORATION,US,MARKLOGIC CORPORATION,US,Acquisition 100%,Completed,"355,000.00",07.02.2023,100.00000,0.00000,100.00000,518210,541511,PRGS,,03.01.2023,,Unlisted,n.a.
1861.,2007217765,2020 IRREVOCABLE LINDSAY S MOROUN TRUST,US,UNIVERSAL LOGISTICS HOLDINGS INC.,US,Acquisition increased from 2.899% to 57.312%,Completed,"352,092.00",01.08.2023,54.41300,2.89900,57.31200,484121,551114,,ULH,01.08.2023,Cash,Listed,"352,092"
,,SWIFTSURE IRREVOCABLE TRUST,US,,,,,,,,,,,551114,,,,,,
1862.,1941271687,ALAMO GROUP INC.,US,MORBARK LLC,US,Acquisition 100%,Completed,"352,000.00",24.10.2019,100.00000,0.00000,100.00000,333111,333111,ALG,,11.09.2019,,Unlisted,n.a.
1863.,1941472229,7GC MERGER SUB II LLC,US,BANZAI INTERNATIONAL INC.,US,Acquisition 100%,Completed,"351,500.00",15.12.2023,100.00000,0.00000,100.00000,518210,551114,,,08.12.2022,Earn-out,Unlisted,"58,500"
,,,,,,,,,,,,,,,,,,Shares,,"293,000"
1864.,2008340193,LITTELFUSE INC.,US,BASLER ELECTRIC COMPANY,US,Acquisition 100%,Completed,"350,000.00",11.12.2025,100.00000,0.00000,100.00000,335311,335313,LFUS,,28.10.2025,Cash,Unlisted,"350,000"
1865.,2008336490,VSE CORPORATION,US,GENNX/AEROREPAIR INTERMEDIATECO INC.,US,Acquisition 100%,Completed,"350,000.00",23.12.2025,100.00000,0.00000,100.00000,488190,423860,VSEC,,27.10.2025,Cash,Unlisted,"350,000"
1866.,2008312243,HARMAN INTERNATIONAL INDUSTRIES INC.,US,SOUND UNITED LLC,US,Acquisition 100%,Completed,"350,000.00",23.09.2025,100.00000,0.00000,100.00000,334310,334310,HAR,,23.09.2025,,Unlisted,n.a.
1867.,2007962331,HARMAN INTERNATIONAL INDUSTRIES INC.,US,VIPER HOLDINGS CORPORATION,US,Acquisition 100%,Completed,"350,000.00",23.09.2025,100.00000,0.00000,100.00000,334310,334310,HAR,,06.05.2025,Cash,Unlisted,"350,000"
1868.,2007937155,MISUMI INVESTMENT USA CORPORATION,US,FICTIV INC.,US,Acquisition 100%,Completed,"350,000.00",17.06.2025,100.00000,0.00000,100.00000,518210,333249,,,17.04.2025,Cash,Unlisted,"350,000"
1869.,2007803130,SPX TECHNOLOGIES INC.,US,KRANZE TECHNOLOGY SOLUTIONS INC.,US,Acquisition 100%,Completed,"350,000.00",27.01.2025,100.00000,0.00000,100.00000,518210,333415,SPXC,,23.12.2024,Cash,Unlisted,"350,000"
1870.,2007789482,PENINSULA PARENT LLC,US,SGK INC.,US,Acquisition 100%,Completed,"350,000.00",01.05.2025,100.00000,0.00000,100.00000,541810,561910,,,08.01.2025,Cash,Unlisted,"250,000"
,,,,,,,,,,,,,,,,,,Liabilities,,n.a.
,,,,,,,,,,,,,,,,,,Shares,,"50,000"
1871.,2007753844,ENVIRONMENTAL SCIENCE US LLC,US,FMC CORPORATION'S GLOBAL SPECIALTY SOLUTIONS BUSINESS,US,Acquisition 100%,Completed,"350,000.00",01.11.2024,100.00000,0.00000,100.00000,325998,325998,,,11.07.2024,,Unlisted,n.a.
1872.,2007729656,HOLOGIC INC.,US,GYNESONICS INC.,US,Acquisition 100%,Completed,"350,000.00",06.01.2025,100.00000,0.00000,100.00000,334510,334510,HOLX,,14.10.2024,Cash,Unlisted,"350,000"
1873.,2007576040,ADDUS HEALTHCARE INC.,US,INTEGRACARE OF ABILENE LLC,US,Acquisition 100%,Completed,"350,000.00",02.12.2024,100.00000,0.00000,100.00000,621610,621610,,,08.06.2024,Cash,Unlisted,"350,000"
,,,,GIRLING HEALTH CARE INC.,US,,,,,100.00000,0.00000,100.00000,623110,,,,,Liabilities,Unlisted,n.a.
,,,,GIRLING HEALTH CARE SERVICES OF KNOXVILLE INC.,US,,,,,100.00000,0.00000,100.00000,623110,,,,,Cash Reserves,Unlisted,n.a.
,,,,CENTRAL ARIZONA HOME HEALTH CARE INC.'S ASSETS,US,,,,,100.00000,0.00000,100.00000,621610,,,,,,Unlisted,
,,,,COMMUNITY HOME CARE & HOSPICE INC.'S ASSETS,US,,,,,100.00000,0.00000,100.00000,623110,,,,,,Unlisted,
,,,,TNMO HEALTHCARE LLC'S ASSETS,US,,,,,100.00000,0.00000,100.00000,621111,,,,,,Unlisted,
,,,,ODYSSEY HEALTHCARE OPERATING A LP'S ASSETS,US,,,,,100.00000,0.00000,100.00000,621111,,,,,,Unlisted,
,,,,NP PLUS LLC,US,,,,,100.00000,0.00000,100.00000,621111,,,,,,Unlisted,
1874.,2007412529,TORO COMBINECO INC.,US,TECHTARGET INC.,US,Acquisition 100%,Completed,"350,000.00",02.12.2024,100.00000,0.00000,100.00000,518210,525990,TTGT,,10.01.2024,Cash,Delisted,"350,000"
1875.,2007384220,WEBSTER BANK NA,US,AMETROS FINANCIAL CORPORATION,US,Acquisition 100%,Completed,"350,000.00",24.01.2024,100.00000,0.00000,100.00000,541611,522110,,,14.12.2023,Cash,Unlisted,"350,000"
1876.,2007153183,SOROS FUND MANAGEMENT LLC,US,VICE MEDIA INC.'S ASSETS,US,Acquisition 100%,Completed,"350,000.00",31.07.2023,100.00000,0.00000,100.00000,519130,523920,,,31.07.2023,Liabilities,Unlisted,n.a.
,,FORTRESS INVESTMENT GROUP LLC,US,,,,,,,,,,,523920,FIG,,,,,
,,MONROE CAPITAL LLC,US,,,,,,,,,,,522298,,,,,,
,,UNDISCLOSED ACQUIROR,,,,,,,,,,,,551114,,,,,,
1877.,2007102909,CARBON HEALTH TECHNOLOGIES INC.,US,"SOUTHERN ARIZONA URGENT CARE’S NINE CLINICS IN TUCSON, ARIZONA",US,Acquisition 100%,Completed,"350,000.00",20.08.2021,100.00000,0.00000,100.00000,621498,518210,,,20.08.2021,,Unlisted,n.a.
,,,,"MED7 URGENT CARE’S FOUR CLINICS IN SACRAMENTO, CALIFORNIA",US,,,,,100.00000,0.00000,100.00000,621498,,,,,,Unlisted,
1878.,1941727579,TAILWIND ACQUISITION CORPORATION,US,NUBURU INC. (OLD),US,Acquisition 100%,Completed,"350,000.00",31.01.2023,100.00000,0.00000,100.00000,333992,525990,BURU,,08.08.2022,Liabilities,Unlisted,n.a.
,,,,,,,,,,,,,,,,,,Shares,,"350,000"
1879.,1941710782,VOLKSWAGEN GROUP OF AMERICA INC.,US,ELECTRIFY AMERICA LLC,US,Acquisition increased from 100% to 100%,Completed,"350,000.00",28.06.2022,Unknown %,100.00000,100.00000,447190,336111,,,28.06.2022,Cash,Unlisted,"350,000"
1880.,1941698726,ASGN INC.,US,GLIDEFAST CONSULTING LLC,US,Acquisition 100%,Completed,"350,000.00",06.07.2022,100.00000,0.00000,100.00000,541512,561311,EFOR,,01.06.2022,Cash,Unlisted,"350,000"
1881.,1941651567,HELPSYSTEMS LLC,US,TRIPWIRE INC.,US,Acquisition 100%,Completed,"350,000.00",23.02.2022,100.00000,0.00000,100.00000,541511,511210,,,09.02.2022,Cash,Unlisted,"350,000"
1882.,1941647405,CURRENT LIGHTING SOLUTIONS LLC,US,HUBBELL INC.'S COMMERCIAL AND INDUSTRIAL LIGHTING BUSINESS,US,Acquisition 100%,Completed,"350,000.00",01.02.2022,100.00000,0.00000,100.00000,335122,335122,,,26.10.2021,Cash,Unlisted,"350,000"
1883.,1941604370,MAPLEBEAR INC.,US,CAPER INC.,US,Acquisition 100%,Completed,"350,000.00",19.10.2021,100.00000,0.00000,100.00000,541511,492110,CART,,19.10.2021,Cash,Unlisted,n.a.
,,,,,,,,,,,,,,,,,,Shares,,n.a.
1884.,1941604339,MAPLEBEAR INC.,US,SBOT TECHNOLOGIES INC.,US,Acquisition 100%,Completed,"350,000.00",19.10.2021,100.00000,0.00000,100.00000,511210,492110,CART,,19.10.2021,Shares,Unlisted,n.a.
,,,,,,,,,,,,,,,,,,Cash,,n.a.
1885.,1941447033,LIBRARY MERGER SUB LLC,US,READCOOR INC.,US,Acquisition 100%,Completed,"350,000.00",13.10.2020,100.00000,0.00000,100.00000,541380,551114,,,05.10.2020,Third party shares,Unlisted,"250,000"
,,,,,,,,,,,,,,,,,,Cash,,"100,000"
1886.,1941338629,FIRST AMERICAN FINANCIAL CORPORATION,US,DOCUTECH LLC,US,Acquisition 100%,Completed,"350,000.00",03.03.2020,100.00000,0.00000,100.00000,518210,524127,FAF,,13.02.2020,,Unlisted,n.a.
1887.,1941333503,HUNTINGTON INGALLS INDUSTRIES INC.,US,HYDROID INC.,US,Acquisition 100%,Completed,"350,000.00",26.03.2020,100.00000,0.00000,100.00000,334511,336611,HII,,04.02.2020,,Unlisted,n.a.
1888.,2007753045,PHIBRO ANIMAL HEALTH CORPORATION,US,"ZOETIS INC.'S MEDICATED FEED ADDITIVE (MFA) PRODUCT PORTFOLIO, CERTAIN WATER SOLUBLE PRODUCTS AND RELATED ASSETS",US,Acquisition 100%,Completed,"350,000.00",31.10.2024,100.00000,0.00000,100.00000,325412,325414,PAHC,,28.04.2024,,Unlisted,n.a.
1889.,2007720578,VERALTO CORPORATION,US,TRACEGAINS INC.,US,Acquisition 100%,Completed,"350,000.00",07.10.2024,100.00000,0.00000,100.00000,541511,221310,VLTO,,07.10.2024,Cash,Unlisted,"350,000"
,,,,,,,,,,,,,,,,,,Cash Reserves,,n.a.
1890.,2007626663,MOLINA HEALTHCARE INC.,US,CONNECTICARE HOLDING COMPANY INC.,US,Acquisition 100%,Completed,"350,000.00",01.02.2025,100.00000,0.00000,100.00000,551112,524114,MOH,,23.07.2024,Cash,Unlisted,"350,000"
,,,,,,,,,,,,,,,,,,Cash Reserves,,n.a.
1891.,2007448432,VALLEN DISTRIBUTION INC.,US,WESCO INTEGRATED SUPPLY INC.,US,Acquisition 100%,Completed,"350,000.00",01.04.2024,100.00000,0.00000,100.00000,541614,423840,,,23.02.2024,,Unlisted,n.a.
1892.,2007399443,MYERS INDUSTRIES INC.,US,SIGNATURE CR INTERMEDIATE HOLDCO INC.,US,Acquisition 100%,Completed,"350,000.00",08.02.2024,100.00000,0.00000,100.00000,332618,326199,MYE,,29.12.2023,,Unlisted,n.a.
1893.,2007123690,ASRC FEDERAL HOLDING COMPANY LLC,US,SCIENCE APPLICATIONS INTERNATIONAL CORPORATION'S LOGISTICS AND SUPPLY CHAIN MANAGEMENT BUSINESS,US,Acquisition 100%,Completed,"350,000.00",08.05.2023,100.00000,0.00000,100.00000,541512,541690,,,23.03.2023,Cash,Unlisted,"350,000"
1894.,2007036647,MANTECH INTERNATIONAL CORPORATION,US,GRYPHON TECHNOLOGIES INC.,US,Acquisition 100%,Completed,"350,000.00",10.12.2021,100.00000,0.00000,100.00000,541690,541511,MANT,,01.11.2021,Cash,Unlisted,"350,000"
,,,,,,,,,,,,,,,,,,Cash Reserves,,n.a.
1895.,1941667683,WOODGRAIN INC.,US,HUTTIG BUILDING PRODUCTS INC.,US,Acquisition 100%,Completed,"350,000.00",03.05.2022,100.00000,0.00000,100.00000,423310,321911,,HBP,21.03.2022,Cash,Delisted,"350,000"
,,,,,,,,,,,,,,,,,,Liabilities,,n.a.
1896.,1941609493,MANTECH INTERNATIONAL CORPORATION,US,GRYPHON FINANCE LLC,US,Acquisition 100%,Completed,"350,000.00",10.12.2021,100.00000,0.00000,100.00000,541690,541511,MANT,,01.11.2021,Cash,Unlisted,"350,000"
,,,,,,,,,,,,,,,,,,Cash Reserves,,n.a.
1897.,1941537809,CHARLES RIVER LABORATORIES INTERNATIONAL INC.,US,VIGENE BIOSCIENCES INC.,US,Acquisition 100%,Completed,"350,000.00",29.06.2021,100.00000,0.00000,100.00000,541713,541713,CRL,,17.05.2021,Earn-out,Unlisted,"57,500"
,,,,,,,,,,,,,,,,,,Cash,,n.a.
1898.,1941494510,CORENERGY INFRASTRUCTURE TRUST INC.,US,CRIMSON MIDSTREAM HOLDINGS LLC,US,Acquisition 100%,Completed,"350,000.00",04.02.2021,100.00000,0.00000,100.00000,486110,525990,CORR,,04.02.2021,Shares,Unlisted,"119,400"
,,,,,,,,,,,,,,,,,,Business assets,,"50,000"
,,,,,,,,,,,,,,,,,,Cash Reserves,,n.a.
,,,,,,,,,,,,,,,,,,Cash,,"180,600"
1899.,1941459631,GOBRANDS INC.,US,BEVERAGES & MORE INC.,US,Acquisition 100%,Completed,"350,000.00",01.12.2020,100.00000,0.00000,100.00000,445310,518210,,,05.11.2020,Cash,Unlisted,"350,000"
1900.,1941517045,HARPERCOLLINS PUBLISHERS LLC,US,HOUGHTON MIFFLIN HARCOURT PUBLISHING COMPANY'S HMH BOOKS & MEDIA BUSINESS,US,Acquisition 100%,Completed,"349,000.00",10.05.2021,100.00000,0.00000,100.00000,511130,511130,,,26.03.2021,Cash,Unlisted,"349,000"
1901.,2007027911,VIATRIS INC.,US,OYSTER POINT PHARMA INC.,US,Acquisition 100%,Completed,"348,809.00",03.01.2023,100.00000,0.00000,100.00000,541715,325412,VTRS,OYST,07.11.2022,Cash,Delisted,"348,809"
,,,,,,,,,,,,,,,,,,Earn-out,,"53,663"
,,,,,,,,,,,,,,,,,,Cash Reserves,,n.a.
1902.,2007034218,DIGI INTERNATIONAL INC.,US,VENTUS HOLDINGS,US,Acquisition 100%,Completed,"347,400.00",02.11.2021,100.00000,0.00000,100.00000,511210,334118,DGII,,02.11.2021,Cash,Unlisted,"347,400"
1903.,2007289308,GOLDEN ARROW MERGER CORPORATION,US,BOLT THREADS INC.,US,Acquisition 100%,Completed,"346,100.00",13.08.2024,100.00000,0.00000,100.00000,541715,525990,,,04.10.2023,Liabilities,Unlisted,n.a.
,,,,,,,,,,,,,,,,,,Shares,,n.a.
1904.,1941291575,NORTHWEST BANCSHARES INC.,US,MUTUALFIRST FINANCIAL INC.,US,Acquisition 100%,Completed,"346,000.00",24.04.2020,100.00000,0.00000,100.00000,522110,522110,NWBI,MFSF,29.10.2019,Shares,Delisted,"346,000"
1905.,2007070533,WELLSTAR HEALTH SYSTEM INC.,US,AU MEDICAL CENTER INC.,US,Acquisition 100%,Completed,"345,000.00",30.08.2023,100.00000,0.00000,100.00000,611699,611699,,,27.07.2023,Liabilities,Unlisted,"234,000"
1906.,1941692414,SPARROW PURCHASER LLC,US,CURO GROUP HOLDINGS CORPORATION'S LEGACY US DIRECT LENDING BUSINESS,US,Acquisition 100%,Completed,"345,000.00",08.07.2022,100.00000,0.00000,100.00000,522291,551112,,,19.05.2022,Cash,Unlisted,"345,000"
,,,,,,,,,,,,,,,,,,Deferred payment,,n.a.
1907.,1941236043,PIVOTAL ACQUISITION CORPORATION,US,KLDISCOVERY INC.,US,Acquisition 100%,Completed,"344,520.00",20.12.2019,100.00000,0.00000,100.00000,511210,541512,KLDI,KLDI,20.05.2019,Shares,Listed,"344,520"
1908.,2008005768,CACTUS COMPANIES LLC,US,BAKER HUGHES PRESSURE CONTROL LP,US,Acquisition 65%,Completed,"344,500.00",02.01.2026,65.00000,0.00000,65.00000,334512,333132,,,02.06.2025,Cash,Unlisted,"344,500"
,,,,,,,,,,,,,,,,,,Cash Reserves,,n.a.
1909.,2007318911,OLD NATIONAL BANCORP,US,CAPSTAR FINANCIAL HOLDINGS INC.,US,Acquisition 100%,Completed,"344,400.00",01.04.2024,100.00000,0.00000,100.00000,522110,522110,ONB,CSTR,26.10.2023,Shares,Delisted,"3,444,400"
1910.,2008216369,NEOS PARTNERS LP,US,MGM TRANSFORMER LLC,US,Acquisition 100%,Completed,"344,000.00",31.10.2023,100.00000,0.00000,100.00000,335311,523920,,,31.10.2023,,Unlisted,n.a.
1911.,1941083392,LF CAPITAL ACQUISITION CORPORATION,US,LANDSEA HOMES INC.,US,Acquisition 100%,Completed,"344,000.00",07.01.2021,100.00000,0.00000,100.00000,236116,525990,LFACU,,31.08.2020,Shares,Unlisted,"344,000"
1912.,1941583123,PROJECT 8 BUYER LLC,US,ALASKA COMMUNICATIONS SYSTEMS GROUP INC.,US,Acquisition 100%,Completed,"343,000.00",22.07.2021,100.00000,0.00000,100.00000,518210,518210,,ALSK,04.01.2021,Cash,Delisted,n.a.
,,,,,,,,,,,,,,,,,,Liabilities,,n.a.
1913.,1943275419,ABCAM US GROUP HOLDINGS INC.,US,"NKY BIOTECH US, INC.",US,Acquisition 100%,Completed,"342,873.00",27.10.2021,100.00000,0.00000,100.00000,525990,551112,,,02.08.2021,Cash Reserves,Unlisted,n.a.
,,,,,,,,,,,,,,,,,,Deferred payment,,n.a.
,,,,,,,,,,,,,,,,,,Cash,,"342,873"
1914.,1941338464,FOX (PARENT) HOLDINGS INC.,US,SCA PERFORMANCE HOLDINGS INC.,US,Acquisition 100%,Completed,"341,000.00",11.03.2020,100.00000,0.00000,100.00000,336112,336330,,,12.02.2020,Cash,Unlisted,n.a.
,,,,,,,,,,,,,,,,,,Earn-out,,"13,000"
,,,,,,,,,,,,,,,,,,Cash Reserves,,n.a.
1915.,2007013057,IMARA INC.,US,ENLIVEN THERAPEUTICS INC.,US,Acquisition 100%,Completed,"340,881.00",23.02.2023,100.00000,0.00000,100.00000,541713,541713,ELVN,,13.10.2022,Shares,Unlisted,"340,881"
1916.,2008642658,COUNTY OF SANTA CLARA,US,"OUTPATIENT MEDICAL OFFICE BUILDING IN SAN JOSE, CALIFORNIA",US,Acquisition 100%,Completed,"340,000.00",24.03.2026,100.00000,0.00000,100.00000,531120,921190,,,24.03.2026,,Unlisted,n.a.
1917.,2007841763,ASGN INC.,US,TOPBLOC LLC,US,Acquisition 100%,Completed,"340,000.00",04.03.2025,100.00000,0.00000,100.00000,541512,561311,EFOR,,04.02.2025,Cash,Unlisted,n.a.
,,,,,,,,,,,,,,,,,,Shares,,n.a.
1918.,2007627086,JEFFERSON CAPITAL SYSTEMS LLC,US,CONN'S INC.'S ASSETS,US,Acquisition 100%,Completed,"340,000.00",09.12.2024,100.00000,0.00000,100.00000,443141,561440,,,04.10.2024,,Unlisted,n.a.
,,,,WS BADCOCK CORPORATION'S ASSETS,US,,,,,100.00000,0.00000,100.00000,442110,,,,,,Unlisted,
1919.,1941505522,OLYMPUS CORPORATION OF THE AMERICAS,US,VERAN MEDICAL TECHNOLOGIES INC.,US,Acquisition 100%,Completed,"340,000.00",30.12.2020,100.00000,0.00000,100.00000,339112,339112,,,04.12.2020,,Unlisted,n.a.
1920.,1941301403,LIPPERT COMPONENTS INC.,US,CURT ACQUISITION HOLDINGS INC.,US,Acquisition 100%,Completed,"340,000.00",19.12.2019,100.00000,0.00000,100.00000,336390,336390,,,22.11.2019,Cash,Unlisted,"340,000"
,,,,,,,,,,,,,,,,,,Cash Reserves,,n.a.
1921.,2007863788,FLYWIRE CORPORATION,US,SERTIFI INC.,US,Acquisition 100%,Completed,"340,000.00",24.02.2025,100.00000,0.00000,100.00000,511210,518210,FLYW,,24.02.2025,Cash,Unlisted,"330,000"
,,,,,,,,,,,,,,,,,,Earn-out,,"10,000"
,,,,,,,,,,,,,,,,,,Cash Reserves,,n.a.
1922.,1941567489,SOCRATES HEALTH HOLDINGS LLC,US,CARE FINDERS TOTAL CARE LLC,US,Acquisition 100%,Completed,"340,000.00",14.09.2021,100.00000,0.00000,100.00000,621610,621610,,,26.07.2021,Cash Reserves,Unlisted,n.a.
,,,,,,,,,,,,,,,,,,Cash,,"340,000"
1923.,1941141641,AMEDISYS INC.,US,COMPASSIONATE CARE HOSPICE GROUP INC.,US,Acquisition 100%,Completed,"340,000.00",04.02.2019,100.00000,0.00000,100.00000,621610,621610,AMED,,10.10.2018,Cash,Unlisted,"340,000"
1924.,1941581834,AERPIO PHARMACEUTICALS INC.,US,AADI BIOSCIENCE INC.,US,Acquisition 100%,Completed,"339,951.00",26.08.2021,100.00000,0.00000,100.00000,541713,541713,WHWK,,17.05.2021,Shares,Unlisted,"339,951"
1925.,1941555636,DORMAN PRODUCTS INC.,US,DPL HOLDING CORPORATION,US,Acquisition 100%,Completed,"338,000.00",10.08.2021,100.00000,0.00000,100.00000,336330,423120,DORM,,27.06.2021,Cash Reserves,Unlisted,n.a.
,,,,,,,,,,,,,,,,,,Cash,,"338,000"
1926.,1941544285,PROGRESSIVE CORPORATION,US,PROTECTIVE INSURANCE CORPORATION,US,Acquisition 100%,Completed,"338,000.00",01.06.2021,100.00000,0.00000,100.00000,524126,524126,PGR,,16.02.2021,Cash,Unlisted,"338,000"
1927.,2007186083,MSA SAFETY INC.,US,BACHARACH INC.,US,Acquisition 100%,Completed,"337,000.00",01.07.2021,100.00000,0.00000,100.00000,334519,339113,MSA,,01.07.2021,,Unlisted,n.a.
1928.,2007812044,HULU LLC,US,FUBOTV INC.,US,Acquisition 70%,Completed,"336,765.00",29.10.2025,70.00000,0.00000,70.00000,518210,518210,,FUBO,06.01.2025,,Listed,n.a.
1929.,2007064335,PROSPERITY BANCSHARES INC.,US,FIRST BANCSHARES OF TEXAS INC.,US,Acquisition 100%,Completed,"336,280.00",01.05.2023,100.00000,0.00000,100.00000,522110,522110,PB,,11.10.2022,Shares,Unlisted,"244,780"
,,,,,,,,,,,,,,,,,,Cash,,"91,500"
1930.,1941322799,EQUINIX INC.,US,PACKET HOST INC.,US,Acquisition 100%,Completed,"335,000.00",03.03.2020,100.00000,0.00000,100.00000,518210,518210,EQIX,,14.01.2020,,Unlisted,n.a.
1931.,2007621344,HYATT HOTELS CORPORATION,US,STANDARD INTERNATIONAL MANAGEMENT LLC,US,Acquisition 100%,Completed,"335,000.00",01.10.2024,100.00000,0.00000,100.00000,721110,721110,H,,20.08.2024,Earn-out,Unlisted,"185,000"
1932.,1941530765,INVESTOR,,AZTEC SHAFFER LLC,US,Acquisition 100%,Completed,"335,000.00",26.04.2021,100.00000,0.00000,100.00000,561920,525920,,,29.03.2021,Bonds,Unlisted,n.a.
,,ARENA EVENTS GROUP PLC,GB,,,,,,,,,,,711310,ARE,,,Shares,,"3,350"
,,SUMMIT INVESTMENT MANAGEMENT LLC,US,,,,,,,,,,,523920,,,,Cash Reserves,,n.a.
,,,,,,,,,,,,,,,,,,Cash,,n.a.
1933.,2007811594,FII HOLDINGS USA INC.,US,CLOUD NETWORK TECHNOLOGY USA INC.,US,Acquisition 100%,Completed,"334,979.00",30.12.2024,100.00000,0.00000,100.00000,423690,334111,,,16.12.2024,Shares,Unlisted,"334,979"
,,,,NSG TECHNOLOGY INC.,US,,,,,100.00000,0.00000,100.00000,551114,,,,,,Unlisted,
,,,,FII USA INC.,US,,,,,100.00000,0.00000,100.00000,511210,,,,,,Unlisted,
,,,,INGRASYS TECHNOLOGY USA INC.,US,,,,,100.00000,0.00000,100.00000,518210,,,,,,Unlisted,
,,,,PCE PARAGON SOLUTIONS (USA) INC.,US,,,,,100.00000,0.00000,100.00000,541618,,,,,,Unlisted,
,,,,NWE TECHNOLOGY INC.,US,,,,,100.00000,0.00000,100.00000,334118,,,,,,Unlisted,
1934.,2007203838,HIGHPEAK ENERGY INC.,US,HANNATHON PETROLEUM LLC'S HOWARD COUNTY ASSETS,US,Acquisition 100%,Completed,"334,600.00",27.06.2022,100.00000,0.00000,100.00000,211120,211120,HPK,,26.04.2022,Cash,Unlisted,"237,400"
,,,,,,,,,,,,,,,,,,Shares,,"97,200"
,,,,,,,,,,,,,,,,,,Cash Reserves,,n.a.
1935.,2007126878,KAYNE ANDERSON ENERGY INFRASTRUCTURE FUND INC.,US,KAYNE ANDERSON NEXTGEN ENERGY & INFRASTRUCTURE INC.,US,Acquisition 100%,Completed,"333,780.00",13.11.2023,100.00000,0.00000,100.00000,525990,525990,KYN,KMF,27.03.2023,Shares,Delisted,n.a.
,,,,,,,,,,,,,,,,,,Liabilities,,n.a.
,,,,,,,,,,,,,,,,,,Cash,,n.a.
1936.,2008613532,EPR PROPERTIES,US,SIX FLAGS ENTERTAINMENT CORPORATION'S PARK ASSETS,US,Acquisition 100%,Completed,"331,000.00",06.04.2026,100.00000,0.00000,100.00000,713110,531190,EPR,,05.03.2026,Liabilities,Unlisted,n.a.
,,,,,,,,,,,,,,,,,,Cash,,"318,885"
1937.,2008335678,FEDERATED HERMES INC.,US,FCP FUND MANAGER LP,US,Acquisition 80%,Completed,"331,000.00",09.04.2026,80.00000,0.00000,80.00000,531390,523920,FHI,,23.10.2025,Shares,Unlisted,n.a.
,,,,,,,,,,,,,,,,,,Cash,,n.a.
,,,,,,,,,,,,,,,,,,Earn-out,,"92,000"
1938.,1941654409,EQUILLIUM INC.,US,BIONIZ THERAPEUTICS INC.,US,Acquisition 100%,Completed,"330,298.00",16.02.2022,100.00000,0.00000,100.00000,541713,541713,EQ,,16.02.2022,Earn-out,Unlisted,"307,500"
,,,,,,,,,,,,,,,,,,Shares,,n.a.
1939.,2007633951,GERMAN AMERICAN BANCORP INC.,US,HEARTLAND BANCCORP,US,Acquisition 100%,Completed,"330,200.00",01.02.2025,100.00000,0.00000,100.00000,522110,522110,GABC,HLAN,29.07.2024,Shares,Delisted,"305,200"
,,,,,,,,,,,,,,,,,,Cash,,"25,000"
1940.,2008367720,SISCO HOLDINGS LLC,US,LENDER MCS HOLDINGS INC.,US,Acquisition 100%,Completed,"330,000.00",31.12.2025,100.00000,0.00000,100.00000,531390,551112,,,07.11.2025,Cash,Unlisted,"330,000"
1941.,2007890691,PARATEK PHARMACEUTICALS INC.,US,OPTINOSE INC.,US,Acquisition 100%,Completed,"330,000.00",21.05.2025,100.00000,0.00000,100.00000,541713,541715,PRTK,0OP0,19.03.2025,Cash,Delisted,n.a.
,,,,,,,,,,,,,,,,,,Earn-out,,n.a.
1942.,2007609118,HUMANS INC.,US,CURATED INC.,US,Acquisition 100%,Completed,"330,000.00",09.07.2024,100.00000,0.00000,100.00000,454110,518210,,,09.07.2024,Shares,Unlisted,"330,000"
1943.,2007110944,RILEY EXPLORATION PERMIAN INC.,US,PECOS OIL & GAS LLC'S OIL AND GAS ASSETS IN EDDY COUNTY,US,Acquisition 100%,Completed,"330,000.00",04.04.2023,100.00000,0.00000,100.00000,211120,211120,REPX,,22.02.2023,Cash,Unlisted,"330,000"
1944.,2007029669,SONOCO PRODUCTS COMPANY,US,RTS PACKAGING LLC,US,Acquisition 65% and 100%,Completed,"330,000.00",08.09.2023,65.00000,35.00000,100.00000,322211,322220,SON,,09.11.2022,Cash,Unlisted,"330,000"
,,,,"WESTROCK COMPANY'S PAPER MILL IN CHATTANOOGA, TENNESSEE",US,,,,,100.00000,0.00000,100.00000,322211,,,,,Cash Reserves,Unlisted,n.a.
1945.,1941682785,SYNOPSYS INC.,US,NTT SECURITY APPSEC SOLUTIONS INC.,US,Acquisition 100%,Completed,"330,000.00",22.06.2022,100.00000,0.00000,100.00000,518210,511210,SNPS,,27.04.2022,Cash,Unlisted,"330,000"
1946.,1941639487,MONSTER BEVERAGE CORPORATION,US,CANARCHY CRAFT BREWERY COLLECTIVE LLC,US,Acquisition 100%,Completed,"330,000.00",17.02.2022,100.00000,0.00000,100.00000,312120,312111,MNST,,13.01.2022,Cash,Unlisted,"330,000"
1947.,1941604893,TTM TECHNOLOGIES INC.,US,TELEPHONICS CORPORATION,US,Acquisition 100%,Completed,"330,000.00",27.06.2022,100.00000,0.00000,100.00000,334511,334412,TTMI,,18.04.2022,Cash,Unlisted,"330,000"
,,,,ISC FARMINGDALE CORPORATION,US,,,,,100.00000,0.00000,100.00000,551114,,,,,Cash Reserves,Unlisted,n.a.
1948.,1941347972,QUANTA SERVICES INC.,US,HALLEN CONSTRUCTION CO INC.,US,Acquisition 100%,Completed,"330,000.00",09.09.2019,100.00000,0.00000,100.00000,237120,238990,PWR,,09.09.2019,Shares,Unlisted,"2,000"
,,,,UNDISCLOSED UTILITY FOUNDATION AND POLE-SETTING CONTRACTING COMPANIES IN THE UNITED STATES OF AMERICA,US,,,,,100.00000,0.00000,100.00000,238910,,,,,Cash,Unlisted,"328,000"
1949.,1941293356,KAMAN AEROSPACE GROUP INC.,US,BAL SEAL ENGINEERING INC.,US,Acquisition 100%,Completed,"330,000.00",03.01.2020,100.00000,0.00000,100.00000,332613,334511,,,05.11.2019,Cash,Unlisted,"330,000"
1950.,1941586449,AMERICAN PUBLIC EDUCATION INC.,US,RASMUSSEN LLC,US,Acquisition 100%,Completed,"329,000.00",02.09.2021,100.00000,0.00000,100.00000,611310,611310,APEI,,28.10.2020,Cash,Unlisted,"329,000"
,,,,,,,,,,,,,,,,,,Cash Reserves,,n.a.
,,,,,,,,,,,,,,,,,,Liabilities,,n.a.
,,,,,,,,,,,,,,,,,,Cash assumed,,n.a.
1951.,2007244438,XENIA HOTELS & RESORTS INC.,US,W NASHVILLE,US,Acquisition 100%,Completed,"328,700.00",29.03.2022,100.00000,0.00000,100.00000,721110,531120,XHR,,01.03.2022,Cash Reserves,Unlisted,n.a.
,,,,,,,,,,,,,,,,,,Cash,,"328,700"
1952.,1941567565,OLD SECOND BANCORP INC.,US,WEST SUBURBAN BANCORP INC.,US,Acquisition 100%,Completed,"328,643.00",01.12.2021,100.00000,0.00000,100.00000,522110,522110,OSBC,WNRP,26.07.2021,Cash,Delisted,"115,740"
,,,,,,,,,,,,,,,,,,Shares,,"212,903"
1953.,1941449174,SEAPORT GLOBAL ACQUISITION CORPORATION,US,REDWOOD INTERMEDIATE LLC,US,Acquisition 100%,Completed,"328,000.00",22.10.2021,100.00000,0.00000,100.00000,454210,525990,RDBX,,17.05.2021,Shares,Unlisted,"328,000"
1954.,2008112119,PROSPERITY BANCSHARES INC.,US,AMERICAN BANK HOLDING CORPORATION,US,Acquisition 100%,Completed,"327,582.00",02.01.2026,100.00000,0.00000,100.00000,522110,522110,PB,,18.07.2025,Shares,Unlisted,"327,582"
1955.,2007836702,SERCO INC.,US,NORTHROP GRUMMAN CORPORATION'S MISSION TRAINING AND SATELLITE GROUND NETWORK COMMUNICATIONS SOFTWARE BUSINESS,US,Acquisition 100%,Completed,"327,000.00",27.05.2025,100.00000,0.00000,100.00000,336411,541611,,,30.01.2025,Cash,Unlisted,"327,000"
,,,,,,,,,,,,,,,,,,Cash Reserves,,n.a.
1956.,2007757696,ANSA CHEMICALS US LLC,US,BLEACHTECH LLC,US,Acquisition 100%,Completed,"327,000.00",06.11.2024,100.00000,0.00000,100.00000,325199,325998,,,06.11.2024,,Unlisted,n.a.
1957.,1941159687,PEOPLE'S UNITED FINANCIAL INC.,US,BSB BANCORP INC. (MASSACHUSETTS),US,Acquisition 100%,Completed,"327,000.00",01.04.2019,100.00000,0.00000,100.00000,522120,522110,PBCT,BLMT,27.11.2018,Shares,Delisted,"327,000"
1958.,2007738393,ICAHN CAPITAL MANAGEMENT LP,US,ICAHN ENTERPRISES LP,US,Acquisition increased from 85.528% to 90.053%,Completed,"325,892.00",25.06.2024,4.52500,85.52800,90.05300,523920,523910,,IEP,25.06.2024,,Listed,n.a.
1959.,2008043308,FIRST FINANCIAL BANCORP,US,WESTFIELD BANCORP INC.,US,Acquisition 100%,Completed,"325,000.00",01.11.2025,100.00000,0.00000,100.00000,522110,522110,FFBC,,23.06.2025,Cash,Unlisted,"260,000"
,,,,,,,,,,,,,,,,,,Shares,,"65,000"
1960.,1941624635,RAYNER SURGICAL INC.,US,OMEROS CORPORATION'S CERTAIN OMIDRIA ASSETS AND LIABILITIES,US,Acquisition 100%,Completed,"325,000.00",23.12.2021,100.00000,0.00000,100.00000,325412,339112,,,02.12.2021,Cash,Unlisted,"126,000"
,,,,,,,,,,,,,,,,,,Earn-out,,"200,000"
,,,,,,,,,,,,,,,,,,Liabilities,,n.a.
1961.,1941406247,SIRIUS XM HOLDINGS INC.,US,STITCHER INC.,US,Acquisition 100%,Completed,"325,000.00",19.10.2020,100.00000,0.00000,100.00000,518210,515112,SIRI,,13.07.2020,Earn-out,Unlisted,"60,000"
,,,,,,,,,,,,,,,,,,Cash,,n.a.
1962.,2008599225,LSI INDUSTRIES INC.,US,SRR HOLDINGS INC.,US,Acquisition 100%,Completed,"325,000.00",24.03.2026,100.00000,0.00000,100.00000,337215,335122,LYTS,,25.02.2026,Cash,Unlisted,"320,000"
,,,,,,,,,,,,,,,,,,Shares,,"5,000"
1963.,2008277098,ZETA GLOBAL HOLDINGS CORPORATION,US,MARIGOLD GROUP INC.'S ENTERPRISE SOFTWARE BUSINESS,US,Acquisition 100% and 100%,Completed,"325,000.00",31.12.2025,100.00000,0.00000,100.00000,518210,518210,ZETA,,30.09.2025,Shares,Unlisted,n.a.
,,,,CAMPAIGN MONITOR EUROPE UK LTD'S ENTERPRISE SOFTWARE BUSINESS,GB,,,,,100.00000,0.00000,100.00000,541613,,,,,Cash,Unlisted,n.a.
,,,,SELLIGENT HOLDINGS LTD'S ENTERPRISE SOFTWARE BUSINESS,GB,,,,,100.00000,0.00000,100.00000,511210,,,,,,Unlisted,
1964.,2008164061,CORMEDIX INC.,US,MELINTA THERAPEUTICS INC.,US,Acquisition 100%,Completed,"325,000.00",02.09.2025,100.00000,0.00000,100.00000,541713,541713,CRMD,MLNTQ,07.08.2025,Earn-out,Delisted,"25,000"
,,,,,,,,,,,,,,,,,,Shares,,n.a.
,,,,,,,,,,,,,,,,,,Cash Reserves,,n.a.
,,,,,,,,,,,,,,,,,,Cash,,n.a.
1965.,2007999965,SUN COAL & COKE LLC,US,FLAME AGGREGATOR LLC,US,Acquisition 100%,Completed,"325,000.00",01.08.2025,100.00000,0.00000,100.00000,213114,324199,,,28.05.2025,Cash,Unlisted,"325,000"
,,,,,,,,,,,,,,,,,,Cash Reserves,,n.a.
1966.,2007997384,ROCKET LAB CORPORATION,US,GEOST LLC,US,Acquisition 100%,Completed,"325,000.00",12.08.2025,100.00000,0.00000,100.00000,334413,334220,,,27.05.2025,Shares,Unlisted,n.a.
,,,,,,,,,,,,,,,,,,Cash,,n.a.
,,,,,,,,,,,,,,,,,,Earn-out,,n.a.
1967.,2007974521,WILLIAMS COMPANIES INC.,US,RIMROCK ENERGY PARTNERS LLC'S NATURAL GAS GATHERING AND PROCESSING ASSETS,US,Acquisition 100%,Completed,"325,000.00",31.01.2025,100.00000,0.00000,100.00000,211120,486210,WMB,,31.01.2025,,Unlisted,n.a.
1968.,2007904083,BRAZE INC.,US,OFFERFIT INC.,US,Acquisition 100%,Completed,"325,000.00",02.06.2025,100.00000,0.00000,100.00000,518210,518210,BRZE,,27.03.2025,Cash,Unlisted,"141,854"
,,,,,,,,,,,,,,,,,,Shares,,"183,146"
1969.,2007793383,VIAVI SOLUTIONS INC.,US,INERTIAL LABS INC.,US,Acquisition 100%,Completed,"325,000.00",31.03.2025,100.00000,0.00000,100.00000,334511,518210,VIAV,,13.12.2024,Cash,Unlisted,"325,000"
,,,,,,,,,,,,,,,,,,Earn-out,,"175,000"
,,,,,,,,,,,,,,,,,,Cash Reserves,,n.a.
1970.,2007740319,BGC GROUP INC.,US,OTC GLOBAL HOLDINGS LP,US,Acquisition 100%,Completed,"325,000.00",01.04.2025,100.00000,0.00000,100.00000,523140,523110,,,22.10.2024,Cash,Unlisted,"325,000"
1971.,2007680200,PAYLOCITY CORPORATION,US,AIRBASE INC.,US,Acquisition 100%,Completed,"325,000.00",01.10.2024,100.00000,0.00000,100.00000,518210,518210,,,04.09.2024,Cash,Unlisted,"325,000"
1972.,1941724116,INGEVITY CORPORATION,US,OZARK MATERIALS LLC,US,Acquisition 100%,Completed,"325,000.00",03.10.2022,100.00000,0.00000,100.00000,325510,325998,NGVT,,31.07.2022,Cash,Unlisted,"325,000"
,,,,OZARK LOGISTICS LLC,US,,,,,100.00000,0.00000,100.00000,488510,,,,,,Unlisted,
1973.,1941652629,CUMMINS INC.,US,JACOBS VEHICLE SYSTEMS INC.,US,Acquisition 100%,Completed,"325,000.00",14.04.2022,100.00000,0.00000,100.00000,336310,333618,CMI,,09.02.2022,Cash,Unlisted,"325,000"
,,,,,,,,,,,,,,,,,,Liabilities,,n.a.
1974.,1941501090,TRADEUP ACQUISITION CORPORATION,US,ESTRELLA BIOPHARMA INC.,US,Acquisition 100%,Completed,"325,000.00",29.09.2023,100.00000,0.00000,100.00000,541713,525990,,,03.10.2022,Shares,Unlisted,"325,000"
1975.,1941455410,ASSURANT INC.,US,HYLA MOBILE INC.,US,Acquisition 100%,Completed,"325,000.00",01.12.2020,100.00000,0.00000,100.00000,518210,524126,AIZ,,28.10.2020,Cash,Unlisted,"325,000"
,,,,,,,,,,,,,,,,,,Cash Reserves,,n.a.
1976.,1941409817,SPARC GROUP LLC,US,BROOKS BROTHERS GROUP INC.'S ASSETS,US,Acquisition 100%,Completed,"325,000.00",18.08.2020,100.00000,0.00000,100.00000,448120,448140,,,23.07.2020,,Unlisted,n.a.
1977.,1941254175,COLONY CAPITAL INC.,US,DIGITAL BRIDGE HOLDINGS LLC,US,Acquisition 100%,Completed,"325,000.00",25.07.2019,100.00000,0.00000,100.00000,517312,237210,CLNY,,25.07.2019,Deferred payment,Unlisted,n.a.
,,,,,,,,,,,,,,,,,,Cash,,"216,667"
1978.,2007487506,CADENT LLC,US,ADTHEORENT HOLDING COMPANY INC.,US,Acquisition 100%,Completed,"324,000.00",21.06.2024,100.00000,0.00000,100.00000,518210,541810,,ADTH,01.04.2024,Cash,Delisted,"324,000"
1979.,2007151499,MR COOPER GROUP INC.,US,HOME POINT CAPITAL INC.,US,Acquisition 100%,Completed,"324,000.00",31.07.2023,100.00000,0.00000,100.00000,522310,524130,COOP,HMPT,10.05.2023,Cash,Delisted,"324,000"
1980.,1941611760,FIRST MERCHANTS CORPORATION,US,LEVEL ONE BANCORP INC.,US,Acquisition 100%,Completed,"323,500.00",01.04.2022,100.00000,0.00000,100.00000,522110,522110,FRME,,04.11.2021,Shares,Unlisted,"247,800"
,,,,,,,,,,,,,,,,,,Cash,,"77,700"
1981.,1941520108,GRAHAM HOLDINGS COMPANY,US,LEAF GROUP LTD,US,Acquisition 100%,Completed,"323,000.00",14.06.2021,100.00000,0.00000,100.00000,518210,511110,GHC,LEAF,05.04.2021,Cash,Delisted,"323,000"
1982.,2007601276,OMAHA BEACH INVESTMENT HOLDINGS LLC,US,LEND LEASE GROUP'S US MILITARY HOUSING BUSINESS,US,Acquisition 100%,Completed,"321,209.94",31.01.2025,0.00000,0.00000,0.00000,531312,551112,,,30.06.2024,,Unlisted,n.a.
1983.,1941534334,"NORITSU KOKI CO., LTD'S SPECIAL PURPOSE COMPANY",US,PEAG LLC,US,Acquisition 100%,Completed,"320,481.01",06.05.2021,100.00000,0.00000,100.00000,334310,334310,,,14.04.2021,,Unlisted,n.a.
1984.,2007130936,BRIDGE INVESTMENT GROUP HOLDINGS INC.,US,NEWBURY PARTNERS LLC,US,Acquisition 100%,Completed,"320,100.00",03.04.2023,100.00000,0.00000,100.00000,523910,523920,BRDG,,14.02.2023,Cash,Unlisted,"320,100"
1985.,2007890443,NVIDIA CORPORATION,US,GRETEL LABS INC.,US,Acquisition 100%,Completed,"320,000.00",19.03.2025,100.00000,0.00000,100.00000,518210,334413,NVDA,,19.03.2025,,Unlisted,n.a.
1986.,2007757723,CONNING & COMPANY,US,MGG INVESTMENT GROUP LP,US,Acquisition 77%,Completed,"320,000.00",01.10.2025,77.00000,0.00000,77.00000,522390,523920,,,17.01.2025,,Unlisted,n.a.
1987.,2007174802,WESTINGHOUSE AIR BRAKE TECHNOLOGIES CORPORATION,US,L&M RADIATOR INC.,US,Acquisition 100%,Completed,"320,000.00",16.06.2023,100.00000,0.00000,100.00000,332410,336390,WAB,,16.06.2023,Cash Reserves,Unlisted,n.a.
,,,,,,,,,,,,,,,,,,Cash,,"320,000"
1988.,2007059710,GOLOGIQ INC.,US,GAMMAREY INC.,US,Acquisition 100%,Completed,"320,000.00",07.03.2023,100.00000,0.00000,100.00000,518210,518210,GOLQ,,03.01.2023,Shares,Unlisted,"320,000"
1989.,1941665736,CRYOPORT INC.,US,MVE BIOLOGICAL SOLUTIONS US LLC,US,Acquisition 100%,Completed,"320,000.00",01.10.2020,100.00000,0.00000,100.00000,335999,333249,CYRX,,25.08.2020,Cash,Unlisted,"320,000"
,,,,,,,,,,,,,,,,,,Cash Reserves,,n.a.
1990.,1941584292,WINNEBAGO INDUSTRIES INC.,US,BARLETTA BOAT COMPANY LLC,US,Acquisition 100%,Completed,"320,000.00",31.08.2021,100.00000,0.00000,100.00000,336612,336213,WGO,,20.07.2021,Cash,Unlisted,"280,000"
,,,,THREE LIMES LLC,US,,,,,100.00000,0.00000,100.00000,551114,,,,,Shares,Unlisted,"40,000"
,,,,,,,,,,,,,,,,,,Earn-out,,"65,000"
,,,,,,,,,,,,,,,,,,Cash Reserves,,n.a.
1991.,1941507117,BIO-TECHNE CORPORATION,US,ASURAGEN INC.,US,Acquisition 100%,Completed,"320,000.00",06.04.2021,100.00000,0.00000,100.00000,541713,325411,TECH,,03.03.2021,Cash Reserves,Unlisted,n.a.
,,,,,,,,,,,,,,,,,,Earn-out,,"105,000"
,,,,,,,,,,,,,,,,,,Cash,,n.a.
1992.,1941502422,POWERSCHOOL GROUP LLC,US,HOBSONS INC.'S NAVIANCE BUSINESS,US,Acquisition 100%,Completed,"320,000.00",04.03.2021,100.00000,0.00000,100.00000,518210,518210,,,19.02.2021,,Unlisted,n.a.
,,,,HOBSONS INC.'S INTERSECT BUSINESS,US,,,,,100.00000,0.00000,100.00000,518210,,,,,,Unlisted,
1993.,1941214800,LEAR CORPORATION,US,XEVO INC.,US,Acquisition 100%,Completed,"320,000.00",17.04.2019,100.00000,0.00000,100.00000,511210,336360,LEA,,02.04.2019,,Unlisted,n.a.
1994.,1941390650,B RILEY PRINCIPAL MERGER CORPORATION II,US,EOS ENERGY STORAGE LLC,US,Acquisition 100%,Completed,"320,000.00",16.11.2020,100.00000,0.00000,100.00000,541715,525990,EOSE,,08.09.2020,Shares,Unlisted,"320,000"
,,,,,,,,,,,,,,,,,,Earn-out,,"20,000"
1995.,2007129282,DISTRIBUTION SOLUTIONS GROUP INC.,US,HIS COMPANY INC.,US,Acquisition 100%,Completed,"319,200.00",08.06.2023,100.00000,0.00000,100.00000,423610,423830,DSGR,,30.03.2023,Shares,Unlisted,n.a.
,,,,,,,,,,,,,,,,,,Cash,,n.a.
,,,,,,,,,,,,,,,,,,Earn-out,,"12,600"
1996.,1941415484,PERPETUAL US HOLDINGS COMPANY INC.,US,BARROW HANLEY MEWHINNEY & STRAUSS LLC,US,Acquisition 75%,Completed,"319,000.00",17.11.2020,75.00000,0.00000,75.00000,523920,523920,,,26.07.2020,Liabilities,Unlisted,n.a.
,,,,,,,,,,,,,,,,,,Cash,,"319,000"
,,,,,,,,,,,,,,,,,,Cash Reserves,,n.a.
1997.,1941587132,INNERGEX RENEWABLE ENERGY INC.,CA,12 MW CURTIS MILLS HYDROELECTRIC POWER PLANT,US,Acquisition 100%,Completed,"318,400.00",25.10.2021,100.00000,0.00000,100.00000,221111,221111,INE,,17.08.2021,Cash,Unlisted,"318,400"
,,HQI US HOLDING LLC,US,48 MW PALMER FALLS FACILITIES,US,,,,,100.00000,0.00000,100.00000,221111,221111,,,,Earn-out,Unlisted,n.a.
1998.,1941296182,NV5 GLOBAL INC.,US,GEOSPATIAL HOLDINGS INC,US,Acquisition 100%,Completed,"318,000.00",20.12.2019,100.00000,0.00000,100.00000,541370,541330,NVEE,,07.11.2019,Cash,Unlisted,"318,000"
1999.,1941694345,BROOKLINE BANCORP INC.,US,PCSB FINANCIAL CORPORATION,US,Acquisition 100%,Completed,"317,787.00",01.01.2023,100.00000,0.00000,100.00000,522110,522110,BRKL,PCSB,24.05.2022,Cash,Delisted,"134,947"
,,,,,,,,,,,,,,,,,,Shares,,"182,840"
2000.,2008336942,PARK NATIONAL CORPORATION,US,FIRST CITIZENS BANCSHARES INC.,US,Acquisition 100%,Completed,"317,300.00",01.02.2026,100.00000,0.00000,100.00000,522110,522110,PRK,FCNCA,27.10.2025,Shares,Listed,"317,300"
2001.,1941681987,DATA KNIGHTS ACQUISITION CORPORATION,US,ONEMEDNET CORPORATION,US,Acquisition 100%,Completed,"317,000.00",07.11.2023,100.00000,0.00000,100.00000,518210,525990,ONMD,ONMD,25.04.2022,Shares,Listed,"200,000"
,,,,,,,,,,,,,,,,,,Cash,,"117,000"
2002.,1941719091,SILVERBACK THERAPEUTICS INC.,US,ARS PHARMACEUTICALS INC.,US,Acquisition 100%,Completed,"316,819.00",31.12.2022,100.00000,0.00000,100.00000,325411,541713,,,21.07.2022,Shares,Unlisted,"316,819"
2003.,2007515577,MARSH & MCLENNAN AGENCY LLC,US,FISHER BROWN BOTTRELL INSURANCE INC.,US,Acquisition 100%,Completed,"315,900.00",03.06.2024,100.00000,0.00000,100.00000,524210,524210,,,23.04.2024,Cash,Unlisted,"315,900"
2004.,1941518942,MILLENDO THERAPEUTICS INC.,US,TEMPEST THERAPEUTICS INC.,US,Acquisition 100%,Completed,"315,047.00",28.06.2021,100.00000,0.00000,100.00000,541713,541713,TPST,,29.03.2021,Shares,Unlisted,"315,047"
2005.,1941574614,VICTORY HEALTH HOLDINGS LLC,US,VRI INTERMEDIATE HOLDINGS LLC,US,Acquisition 100%,Completed,"315,000.00",22.09.2021,100.00000,0.00000,100.00000,621999,621999,,,03.08.2021,Cash,Unlisted,"315,000"
,,,,,,,,,,,,,,,,,,Cash Reserves,,n.a.
2006.,2007407725,PATRICK INDUSTRIES INC.,US,SPORTECH LLC,US,Acquisition 100%,Completed,"315,000.00",24.01.2024,100.00000,0.00000,100.00000,336390,337121,PATK,,11.01.2024,Cash Reserves,Unlisted,n.a.
,,,,,,,,,,,,,,,,,,Cash,,"315,000"
2007.,1941604799,LITTELFUSE INC.,US,CARLING TECHNOLOGIES INC.,US,Acquisition 100%,Completed,"315,000.00",30.11.2021,100.00000,0.00000,100.00000,335313,335313,LFUS,,20.10.2021,Cash,Unlisted,"315,000"
,,,,,,,,,,,,,,,,,,Deferred payment,,n.a.
,,,,,,,,,,,,,,,,,,Cash Reserves,,n.a.
2008.,1941332791,CATALENT PHARMA SOLUTIONS INC.,US,MASTHERCELL GLOBAL INC.,US,Acquisition 100%,Completed,"315,000.00",10.02.2020,100.00000,0.00000,100.00000,541715,541713,,,03.02.2020,Cash,Unlisted,"315,000"
2009.,2007485560,HOST HOTELS & RESORTS INC.,US,FOUR SEASONS JACKSON HOLE,US,Acquisition 100%,Completed,"315,000.00",02.11.2022,100.00000,0.00000,100.00000,721110,721110,HST,,02.11.2022,Cash,Unlisted,"315,000"
2010.,1941550376,FIRST BANCORP,US,SELECT BANCORP INC.,US,Acquisition 100%,Completed,"314,300.00",15.10.2021,100.00000,0.00000,100.00000,522110,522110,FBNC,SLCT,01.06.2021,Shares,Delisted,"314,300"
2011.,1941216676,ENTERGY MISSISSIPPI LLC,US,"GENON ENERGY INC.'S 810 MW CHOCTAW POWER PLANT IN FRENCH CAMP, MISSISSIPPI",US,Acquisition 100%,Completed,"314,000.00",31.10.2019,100.00000,0.00000,100.00000,221112,221114,,,22.08.2018,,Unlisted,n.a.
2012.,2007888328,RECTORSEAL LLC,US,ASPEN MANUFACTURING INC.,US,Acquisition 100%,Completed,"313,500.00",01.05.2025,100.00000,0.00000,100.00000,333415,325520,,,18.03.2025,Cash,Unlisted,"313,500"
,,,,,,,,,,,,,,,,,,Cash Reserves,,n.a.
2013.,1941657059,ORIGIN BANCORP INC.,US,BT HOLDINGS INC.,US,Acquisition 100%,Completed,"313,500.00",01.08.2022,100.00000,0.00000,100.00000,522110,522110,OBK,,24.02.2022,Shares,Unlisted,"313,500"
2014.,1941615034,GENEVE HOLDINGS INC.,US,INDEPENDENCE HOLDING COMPANY,US,Acquisition increased from 62.5% to 100%,Completed,"313,452.00",15.02.2022,37.50000,62.50000,100.00000,524113,551112,,IHC,09.11.2021,Cash,Delisted,"313,452"
2015.,2007256743,LIBERTY MEDIA CORPORATION,US,QUINTEVENTS LLC,US,Acquisition unknown majority stake %,Completed,"313,000.00",03.01.2024,Unknown majority,0.00000,Unknown majority,561920,551114,LLYVA,,06.09.2023,Cash Reserves,Unlisted,n.a.
,,,,,,,,,,,,,,,,,,Cash,,"313,000"
2016.,2007243490,CHAMPION HOMES INC.,US,REGIONAL ENTERPRISES LLC,US,Acquisition 100%,Completed,"313,000.00",13.10.2023,100.00000,0.00000,100.00000,321991,321991,,,28.08.2023,Liabilities,Unlisted,n.a.
,,CHAMPION RETAIL HOUSING INC.,US,,,,,,,,,,,321991,,,,Cash,,n.a.
,,,,,,,,,,,,,,,,,,Cash Reserves,,n.a.
,,,,,,,,,,,,,,,,,,Shares,,n.a.
,,,,,,,,,,,,,,,,,,Earn-out,,n.a.
2017.,1941586771,"EZRALOW COMPANY LLC, THE",US,ASCEND AT KIERLAND,US,Acquisition 100%,Completed,"312,500.00",09.09.2021,100.00000,0.00000,100.00000,531110,237210,,,09.09.2021,,Unlisted,n.a.
,,,,ELITE NORTH SCOTTSDALE,US,,,,,100.00000,0.00000,100.00000,531110,,,,,,Unlisted,
2018.,1941709992,INTERLINK PLUS INC.,US,LOOP MEDIA INC. (OLD),US,Acquisition 100%,Completed,"311,787.00",07.02.2020,100.00000,0.00000,100.00000,518210,561920,,,03.01.2020,Shares,Unlisted,"311,787"
2019.,2007101556,WATCO COMPANIES LLC,US,DOW INC.'S RAIL INFRASTRUCTURE ASSETS,US,Acquisition 100%,Completed,"310,000.00",29.09.2020,100.00000,0.00000,100.00000,325510,482111,,,02.07.2020,,Unlisted,n.a.
2020.,2007095552,PAR PACIFIC HOLDINGS INC.,US,EXXON MOBIL CORPORATION'S BILLINGS REFINERY AND ASSOCIATED MARKETING AND LOGISTICS ASSETS,US,Acquisition 100%,Completed,"310,000.00",01.06.2023,100.00000,0.00000,100.00000,211120,324110,PARR,,20.10.2022,Cash,Unlisted,"310,000"
,,,,,,,,,,,,,,,,,,Cash Reserves,,n.a.
2021.,1941622554,EDGEWELL PERSONAL CARE COMPANY,US,BILLIE INC.,US,Acquisition 100%,Completed,"310,000.00",29.11.2021,100.00000,0.00000,100.00000,446120,325620,EPC,,29.11.2021,Cash,Unlisted,"310,000"
2022.,1941572648,CERTARA INC.,US,PINNACLE 21 LLC,US,Acquisition 100%,Completed,"310,000.00",04.10.2021,100.00000,0.00000,100.00000,518210,511210,,,05.08.2021,Liabilities,Unlisted,n.a.
,,,,,,,,,,,,,,,,,,Cash,,"250,000"
,,,,,,,,,,,,,,,,,,Shares,,"60,000"
2023.,1941564004,KINDER MORGAN INC.,US,LNG INDY LLC,US,Acquisition 100%,Completed,"310,000.00",20.08.2021,100.00000,0.00000,100.00000,211120,486910,KMI,,16.07.2021,,Unlisted,n.a.
2024.,1941548462,MERCURY SYSTEMS INC.,US,PHYSICAL OPTICS CORPORATION,US,Acquisition 100%,Completed,"310,000.00",30.12.2020,100.00000,0.00000,100.00000,541511,511210,MRCY,,07.12.2020,Cash,Unlisted,"310,000"
,,,,,,,,,,,,,,,,,,Cash Reserves,,n.a.
2025.,1941505568,ALTICE USA INC.,US,MORRIS BROADBAND LLC'S ASSETS,US,Acquisition 100%,Completed,"310,000.00",06.04.2021,100.00000,0.00000,100.00000,517311,517311,OPTU,,01.03.2021,Cash,Unlisted,"310,000"
,,,,,,,,,,,,,,,,,,Liabilities,,n.a.
,,,,,,,,,,,,,,,,,,Cash Reserves,,n.a.
2026.,1941222285,WEX INC.,US,NOVENTIS INC.,US,Acquisition 100%,Completed,"310,000.00",24.01.2019,100.00000,0.00000,100.00000,522320,522320,WEX,,22.10.2018,,Unlisted,n.a.
2027.,2007455848,VERTICAL BRIDGE HOLDCO LLC,US,SHENANDOAH TELECOMMUNICATIONS COMPANY'S TOWER OPERATIONS,US,Acquisition 100%,Completed,"309,900.00",29.03.2024,100.00000,0.00000,100.00000,517312,517312,,,01.03.2024,Cash,Unlisted,"309,900"
,,,,SHENANDOAH TELECOMMUNICATIONS COMPANY'S TOWER PORTFOLIO,US,,,,,100.00000,0.00000,100.00000,517312,,,,,,Unlisted,
2028.,2007696600,GENCOM PLATFORM LLC,US,THOMPSON CENTRAL PARK NEW YORK,US,Acquisition 100%,Completed,"308,000.00",17.09.2024,100.00000,0.00000,100.00000,721110,523920,,,17.09.2024,,Unlisted,n.a.
2029.,1941558807,OAKTREE CAPITAL MANAGEMENT LP,US,TANOS ENERGY HOLDINGS III LLC'S COTTON VALLEY AND HAYNESVILLE UPSTREAM ASSETS AND RELATED FACILITIES IN LOUISIANA AND TEXAS,US,Acquisition 100%,Completed,"308,000.00",18.08.2021,100.00000,0.00000,100.00000,211120,523910,,,05.07.2021,Cash,Unlisted,"308,000"
,,DIVERSIFIED ENERGY COMPANY PLC,GB,,,,,,,,,,,211120,,,,Cash Reserves,,n.a.
2030.,1941523289,BALLY'S CORPORATION,US,TROPICANA LAS VEGAS HOTEL & CASINO INC.,US,Acquisition 100%,Completed,"308,000.00",27.09.2022,100.00000,0.00000,100.00000,721120,721120,BALY,,13.04.2021,,Unlisted,n.a.
2031.,2007395625,GLOBAL PARTNERS LP,US,MOTIVA ENTERPRISES LLC'S 25 LIQUID ENERGY TERMINALS IN ATLANTIC COAST,US,Acquisition 100%,Completed,"305,800.00",21.12.2023,100.00000,0.00000,100.00000,447110,424720,GLP,,08.11.2023,Cash,Unlisted,"305,800"
2032.,2007337863,GLOBAL OPERATING LLC,US,MOTIVA ENTERPRISES LLC'S 25 REFINED PRODUCT TERMINALS,US,Acquisition 100%,Completed,"305,800.00",21.12.2023,100.00000,0.00000,100.00000,447110,424720,,,09.11.2023,Cash,Unlisted,"305,800"
2033.,2007897605,TTAM RESEARCH INSTITUTE,US,23ANDME HOLDING COMPANY'S ASSETS,US,Acquisition 100%,Completed,"305,000.00",14.07.2025,100.00000,0.00000,100.00000,518210,541715,,,26.03.2025,,Unlisted,n.a.
,,,,"23ANDME HOLDING COMPANY'S PERSONAL GENOME SERVICE® (PGS), TOTAL HEALTH, LEMONAID HEALTH BUSINESS AND RESEARCH SERVICES BUSINESS LINES",US,,,,,Unknown %,Unknown %,Unknown %,518210,,,,,,Unlisted,
2034.,2007654340,FLOWSERVE CORPORATION,US,MOGAS INDUSTRIES INC.,US,Acquisition 100%,Completed,"305,000.00",15.10.2024,100.00000,0.00000,100.00000,332911,333914,FLS,,13.08.2024,Liabilities,Unlisted,n.a.
,,,,,,,,,,,,,,,,,,Cash,,n.a.
,,,,,,,,,,,,,,,,,,Earn-out,,"15,000"
2035.,1943120673,ENPRO INDUSTRIES INC.,US,"LEANTEQ CO., LTD",TW,Acquisition 100%,Completed,"305,000.00",25.09.2019,100.00000,0.00000,100.00000,811219,339991,NPO,,19.07.2019,Cash,Unlisted,n.a.
,,,,LEANTEQ LLC,US,,,,,100.00000,0.00000,100.00000,811219,,,,,Liabilities,Unlisted,n.a.
2036.,1941412934,SYNAPTICS INC.,US,DISPLAYLINK CORPORATION,US,Acquisition 100%,Completed,"305,000.00",31.07.2020,100.00000,0.00000,100.00000,334118,511210,SYNA,,20.07.2020,Cash,Unlisted,"305,000"
,,,,,,,,,,,,,,,,,,Cash Reserves,,n.a.
2037.,1941371032,SEQUITUR PERMIAN LLC,US,CALLON PETROLEUM COMPANY'S NON-CORE MIDLAND BASIN ASSETS,US,Acquisition 100%,Completed,"305,000.00",13.06.2019,100.00000,0.00000,100.00000,211120,211120,,,08.04.2019,Cash,Unlisted,"305,000"
,,,,,,,,,,,,,,,,,,Earn-out,,"60,000"
2038.,1941308712,UNITEDHEALTH GROUP INC.,US,DIPLOMAT PHARMACY INC.,US,Acquisition 100%,Completed,"303,896.00",10.02.2020,100.00000,0.00000,100.00000,446110,524114,UNH,DPLO,09.12.2019,Cash,Delisted,"303,896"
,,,,,,,,,,,,,,,,,,Liabilities,,n.a.
2039.,1941544869,UNITED BANKSHARES INC.,US,COMMUNITY BANKERS TRUST CORPORATION,US,Acquisition 100%,Completed,"303,300.00",03.12.2021,100.00000,0.00000,100.00000,522110,522110,UBSI,ESXB,03.06.2021,Shares,Delisted,"303,300"
2040.,1941579718,HARDWOODS SPECIALTY PRODUCTS US LP,US,NOVO BUILDING PRODUCTS HOLDINGS LLC,US,Acquisition 100%,Completed,"303,000.00",30.07.2021,100.00000,0.00000,100.00000,423320,423310,,,23.06.2021,,Unlisted,n.a.
2041.,1941739312,NEWFOLD DIGITAL INC.,US,MARKMONITOR INC.,US,Acquisition 100%,Completed,"302,500.00",31.12.2022,100.00000,0.00000,100.00000,511210,518210,,,12.09.2022,Deferred payment,Unlisted,n.a.
,,,,,,,,,,,,,,,,,,Cash,,"302,500"
2042.,2008311725,STRATEGIC GAMING MANAGEMENT LLC,US,SUNLAND PARK RACETRACK & CASINO,US,Acquisition 100%,Completed,"301,000.00",15.10.2025,100.00000,0.00000,100.00000,713210,713290,,,15.10.2025,,Unlisted,n.a.
2043.,1941733756,ERGON ASPHALT & EMULSIONS INC.,US,BLUEKNIGHT ENERGY PARTNERS LP,US,Acquisition unknown stake %,Completed,"300,909.00",17.08.2022,Unknown %,Unknown %,100.00000,486110,324122,,BKEP,22.04.2022,Cash,Delisted,"300,909"
2044.,2008345304,PALOMAR HOLDINGS INC.,US,"GRAY CASUALTY & SURETY COMPANY, THE",US,Acquisition 100%,Completed,"300,000.00",02.02.2026,100.00000,0.00000,100.00000,524113,524126,PLMR,,30.10.2025,Cash,Unlisted,"300,000"
2045.,2008229406,HIGHLINE WARREN LLC,US,SPRAYWAY INC.,US,Acquisition 100%,Completed,"300,000.00",05.01.2026,100.00000,0.00000,100.00000,325612,423840,,,05.01.2026,,Unlisted,n.a.
2046.,2008000379,LEIDOS HOLDINGS INC.,US,KUDU DYNAMICS LLC,US,Acquisition 100%,Completed,"300,000.00",28.05.2025,100.00000,0.00000,100.00000,541511,541512,LDOS,,28.05.2025,Cash,Unlisted,"300,000"
2047.,2007910927,MECHANICS BANK,US,HOMESTREET INC.,US,Acquisition 100%,Completed,"300,000.00",02.09.2025,100.00000,0.00000,100.00000,522110,551111,MCHB,MCHB,31.03.2025,Shares,Listed,"300,000"
2048.,2007823656,ROKT INC.,US,MPARTICLE INC.,US,Acquisition 100%,Completed,"300,000.00",16.01.2025,100.00000,0.00000,100.00000,518210,541613,,,16.01.2025,,Unlisted,n.a.
2049.,2007769275,ROBINHOOD MARKETS INC.,US,TRADE-PMR LLC,US,Acquisition 100%,Completed,"300,000.00",26.02.2025,100.00000,0.00000,100.00000,523920,518210,HOOD,,19.11.2024,Shares,Unlisted,"120,000"
,,,,,,,,,,,,,,,,,,Cash,,"180,000"
2050.,2007749836,ONEOK INC.,US,ENLINK MIDSTREAM MANAGER LLC,US,Acquisition 100%,Completed,"300,000.00",15.10.2024,100.00000,0.00000,100.00000,221210,221210,OKE,,28.08.2024,Cash,Unlisted,"300,000"
2051.,2007326891,"COOPER COMPANIES INC., THE",US,COOK GROUP INC.'S ASSETS,US,Acquisition 100%,Completed,"300,000.00",01.11.2023,100.00000,0.00000,100.00000,339112,339115,COO,,01.11.2023,Deferred payment,Unlisted,n.a.
2052.,2007313353,AMN HEALTHCARE SERVICES INC.,US,MEDICAL SEARCH INTERNATIONAL,US,Acquisition 100%,Completed,"300,000.00",30.11.2023,100.00000,0.00000,100.00000,561311,561320,AMN,,23.10.2023,Cash,Unlisted,n.a.
,,,,DRW HEALTHCARE STAFFING,US,,,,,100.00000,0.00000,100.00000,561311,,,,,Liabilities,Unlisted,n.a.
,,,,,,,,,,,,,,,,,,Cash Reserves,,n.a.
2053.,2007193382,POWERSCHOOL HOLDINGS INC.,US,RELIANCE HOLDING INC.,US,Acquisition 100%,Completed,"300,000.00",03.10.2023,100.00000,0.00000,100.00000,518210,541511,PWSC,,11.07.2023,Cash,Unlisted,"300,000"
,,,,,,,,,,,,,,,,,,Cash Reserves,,n.a.
2054.,2007171134,INGERSOLL RAND INC.,US,HOWDEN ROOTS LLC,US,Acquisition 100%,Completed,"300,000.00",18.08.2023,100.00000,0.00000,100.00000,333912,333912,IR,,12.06.2023,Cash,Unlisted,"300,000"
2055.,2007140140,XOMETRY INC.,US,THOMAS PUBLISHING COMPANY LLC,US,Acquisition 100%,Completed,"300,000.00",09.12.2021,100.00000,0.00000,100.00000,511120,518210,XMTR,,08.12.2021,Cash,Unlisted,"198,500"
,,,,,,,,,,,,,,,,,,Shares,,"101,500"
2056.,2007028666,GREIF PACKAGING LLC,US,LEE CONTAINER CORPORATION INC.,US,Acquisition 100%,Completed,"300,000.00",31.12.2022,100.00000,0.00000,100.00000,326111,326112,,,09.11.2022,Cash,Unlisted,"300,000"
2057.,2007006338,TELEFLEX INC.,US,STANDARD BARIATRICS INC.,US,Acquisition 100%,Completed,"300,000.00",28.09.2022,100.00000,0.00000,100.00000,339112,339112,TFX,,22.08.2022,Earn-out,Unlisted,"130,000"
,,,,,,,,,,,,,,,,,,Cash,,n.a.
2058.,1941719996,GINKGO BIOWORKS HOLDINGS INC.,US,ZYMERGEN INC.,US,Acquisition 100%,Completed,"300,000.00",19.10.2022,100.00000,0.00000,100.00000,541713,541713,DNA,ZY,24.07.2022,Shares,Delisted,"300,000"
2059.,1941693718,OPKO HEALTH INC.,US,MODEX THERAPEUTICS INC.,US,Acquisition 100%,Completed,"300,000.00",09.05.2022,100.00000,0.00000,100.00000,541713,339112,OPK,,09.05.2022,Shares,Unlisted,"300,000"
2060.,1941660175,XPANSIV DATA SYSTEMS INC.,US,APX INC.,US,Acquisition 100%,Completed,"300,000.00",31.12.2022,100.00000,0.00000,100.00000,518210,518210,,,02.03.2022,Cash,Unlisted,"300,000"
2061.,1941651632,SIGNIFY HEALTH INC.,US,CARAVAN HEALTH INC.,US,Acquisition 100%,Completed,"300,000.00",01.03.2022,100.00000,0.00000,100.00000,923120,518210,SGFY,,10.02.2022,Cash,Unlisted,n.a.
,,,,,,,,,,,,,,,,,,Shares,,n.a.
,,,,,,,,,,,,,,,,,,Earn-out,,"50,000"
2062.,1941627487,ASBURY AUTOMOTIVE GROUP INC.,US,STEVINSON AUTOMOTIVE INC.,US,Acquisition 100%,Completed,"300,000.00",07.12.2021,100.00000,0.00000,100.00000,441110,441110,ABG,,07.12.2021,Cash,Unlisted,"300,000"
,,,,,,,,,,,,,,,,,,Cash Reserves,,n.a.
2063.,1941606406,JONES LANG LASALLE INC.,US,BUILDING ENGINES INC.,US,Acquisition 100%,Completed,"300,000.00",30.11.2021,100.00000,0.00000,100.00000,518210,531390,JLL,,21.10.2021,Cash,Unlisted,"300,000"
2064.,1941601134,VROOM INC.,US,UNITED AUTO CREDIT CORPORATION,US,Acquisition 100%,Completed,"300,000.00",01.02.2022,100.00000,0.00000,100.00000,522291,518210,VRM,,12.10.2021,Cash Reserves,Unlisted,n.a.
,,,,,,,,,,,,,,,,,,Cash,,"300,000"
2065.,1941588028,MESA LABORATORIES INC.,US,AGENA BIOSCIENCE INC.,US,Acquisition 100%,Completed,"300,000.00",20.10.2021,100.00000,0.00000,100.00000,334510,334513,MLAB,,14.09.2021,Cash,Unlisted,"300,000"
,,,,,,,,,,,,,,,,,,Cash Reserves,,n.a.
2066.,1941584028,FAT BRANDS INC.,US,TWIN PEAKS BUYER LLC,US,Acquisition 100%,Completed,"300,000.00",01.10.2021,100.00000,0.00000,100.00000,722511,722511,FAT,,01.09.2021,Cash,Unlisted,"232,500"
,,,,,,,,,,,,,,,,,,Shares,,"67,500"
,,,,,,,,,,,,,,,,,,Liabilities,,n.a.
2067.,1941559119,CANO HEALTH LLC,US,DOCTORS MEDICAL CENTER LLC'S ASSETS,US,Acquisition 100%,Completed,"300,000.00",02.07.2021,100.00000,0.00000,100.00000,621111,621111,,,02.07.2021,Cash,Unlisted,"300,000"
2068.,1941531832,R1 RCM INC. (OLD),US,IVINCI HEALTH LLC,US,Acquisition 100%,Completed,"300,000.00",01.07.2021,100.00000,0.00000,100.00000,518210,541611,RCM,,04.05.2021,Cash,Unlisted,"300,000"
,,,,,,,,,,,,,,,,,,Cash Reserves,,n.a.
2069.,1941526445,MANULIFE INVESTMENT MANAGEMENT (US) LLC,US,CLEANCAPITAL LLC,US,Acquisition unknown majority stake %,Completed,"300,000.00",20.04.2021,Unknown majority,0.00000,Unknown majority,523910,523920,,,20.04.2021,Cash,Unlisted,"300,000"
2070.,1941520678,CREELED INC.,US,CREE INC.'S CREE LED PRODUCTS BUSINESS,US,Acquisition 51% and 100%,Completed,"300,000.00",01.03.2021,100.00000,0.00000,100.00000,334413,334413,,,19.10.2020,Cash,Unlisted,"50,000"
,,,,CREE HUIZHOU SOLID STATE LIGHTING CO. LTD,CN,,,,,100.00000,0.00000,100.00000,334413,,,,,Bonds,Unlisted,"250,000"
,,,,CREE VENTURE LED CO. LTD,HK,,,,,51.00000,0.00000,51.00000,334413,,,,,Earn-out,Unlisted,"125,000"
,,,,,,,,,,,,,,,,,,Deferred payment,,n.a.
2071.,1941485450,ENVISIONTEC MERGER SUB INC.,US,ENVISIONTEC INC.,US,Acquisition 100%,Completed,"300,000.00",16.02.2021,100.00000,0.00000,100.00000,333249,551112,,,15.01.2021,Cash,Unlisted,"150,000"
,,,,,,,,,,,,,,,,,,Third party shares,,"150,000"
2072.,1941477309,TIFFIN GROUP LLC,US,TIFFIN MOTOR HOMES INC.,US,Acquisition 100%,Completed,"300,000.00",18.12.2020,100.00000,0.00000,100.00000,336214,336214,,,18.12.2020,Cash,Unlisted,"300,000"
,,,,,,,,,,,,,,,,,,Cash Reserves,,n.a.
2073.,1941472583,LPL HOLDINGS INC.,US,WADDELL & REED FINANCIAL INC.'S WEALTH MANAGEMENT ASSETS,US,Acquisition 100%,Completed,"300,000.00",30.04.2021,100.00000,0.00000,100.00000,523920,523930,,,02.12.2020,Cash,Unlisted,"300,000"
,,,,WADDELL & REED INC.,US,,,,,100.00000,0.00000,100.00000,523930,,,,,Liabilities,Unlisted,n.a.
2074.,1941467349,GREENVISION ACQUISITION CORPORATION,US,HELBIZ INC.(OLD),US,Acquisition 100%,Completed,"300,000.00",12.08.2021,100.00000,0.00000,100.00000,511210,525990,MCOM,,08.02.2021,Shares,Unlisted,"300,000"
2075.,1941455987,PARSONS GOVERNMENT SERVICES INC.,US,BRAXTON SCIENCE & TECHNOLOGY GROUP LLC,US,Acquisition 100%,Completed,"300,000.00",19.11.2020,100.00000,0.00000,100.00000,511210,541512,,,29.10.2020,,Unlisted,n.a.
2076.,1941396595,OPES ACQUISITION CORPORATION,US,BURGERFI INTERNATIONAL LLC,US,Acquisition 100%,Completed,"300,000.00",17.12.2020,100.00000,0.00000,100.00000,722513,525990,BFI,,30.06.2020,Shares,Unlisted,n.a.
,,,,,,,,,,,,,,,,,,Cash,,n.a.
,,,,,,,,,,,,,,,,,,Earn-out,,n.a.
2077.,1941388548,NMSC II LLC,US,AMERICAN ANESTHESIOLOGY INC.,US,Acquisition 100%,Completed,"300,000.00",06.05.2020,100.00000,0.00000,100.00000,621111,551112,,,06.05.2020,Cash,Unlisted,n.a.
,,,,,,,,,,,,,,,,,,Earn-out,,"250,000"
2078.,1941372805,PLAINS ALL AMERICAN PIPELINE LP,US,FELIX ENERGY LLC'S CRUDE OIL GATHERING ASSETS,US,Acquisition 100%,Completed,"300,000.00",04.02.2020,100.00000,0.00000,100.00000,213112,486110,PAA,,04.02.2020,,Unlisted,n.a.
,,PLAINS GP HOLDINGS LP,US,,,,,,,,,,,486110,PAGP,,,,,
2079.,1941259971,ATRICURE INC.,US,SENTREHEART INC.,US,Acquisition 100%,Completed,"300,000.00",13.08.2019,100.00000,0.00000,100.00000,339112,339112,ATRC,,12.08.2019,Shares,Unlisted,n.a.
,,,,,,,,,,,,,,,,,,Cash,,n.a.
,,,,,,,,,,,,,,,,,,Earn-out,,"260,000"
2080.,1941235430,NRG ENERGY INC.,US,STREAM GAS & ELECTRIC LTD'S RETAIL ELECTRICITY AND NATURAL GAS BUSINESS,US,Acquisition 100%,Completed,"300,000.00",07.08.2019,100.00000,0.00000,100.00000,221122,221112,NRG,,20.05.2019,Cash,Unlisted,"300,000"
2081.,1941194640,AUTHORITY BRANDS INC.,US,CLOCKWORK INC.,US,Acquisition 100%,Completed,"300,000.00",30.04.2019,100.00000,0.00000,100.00000,333415,561720,,,21.02.2019,,Unlisted,n.a.
2082.,1941194491,CASCADE MERGER SUB INC.,US,IMMUNE DESIGN CORPORATION,US,Acquisition 100%,Completed,"300,000.00",02.04.2019,100.00000,0.00000,100.00000,541713,551112,,IMDZ,21.02.2019,Cash,Delisted,"300,000"
2083.,1941150683,RTI SURGICAL INC.,US,PARADIGM SPINE LLC,US,Acquisition 100%,Completed,"300,000.00",08.03.2019,100.00000,0.00000,100.00000,541715,339113,RTIX,,01.11.2018,Cash,Unlisted,n.a.
,,,,,,,,,,,,,,,,,,Shares,,n.a.
,,,,,,,,,,,,,,,,,,Earn-out,,"150,000"
2084.,2008459889,SPX ENTERPRISES LLC,US,CRAWFORD UNITED CORPORATION,US,Acquisition 100%,Completed,"300,000.00",06.02.2026,100.00000,0.00000,100.00000,551112,333415,,CRAWA,08.12.2025,Cash,Delisted,"300,000"
2085.,1941711958,STUDENT QUARTERS PROPERTIES LLC,US,FIVE STUDENT HOUSING PORTFOLIO ASSETS IN THE UNITED STATES,US,Acquisition 100%,Completed,"300,000.00",06.07.2022,100.00000,0.00000,100.00000,531110,531311,,,06.07.2022,,Unlisted,n.a.
2086.,1941660548,SHIFT4 PAYMENTS INC.,US,"GIVING BLOCK, THE",US,Acquisition 100%,Completed,"300,000.00",28.02.2022,100.00000,0.00000,100.00000,518210,511210,FOUR,,28.02.2022,Shares,Unlisted,"225,000"
,,,,,,,,,,,,,,,,,,Cash,,"75,000"
,,,,,,,,,,,,,,,,,,Earn-out,,"246,000"
2087.,1941435971,DELWINDS INSURANCE ACQUISITION CORPORATION,US,FOXO TECHNOLOGIES INC. (OLD),US,Acquisition 100%,Completed,"300,000.00",15.09.2022,100.00000,0.00000,100.00000,541713,525990,FOXO,,24.02.2022,Shares,Unlisted,"100,000"
2088.,1941154951,PENN NATIONAL GAMING INC.,US,GREEKTOWN CASINO LLC'S OPERATIONS,US,Acquisition 100%,Completed,"300,000.00",23.05.2019,100.00000,0.00000,100.00000,713210,713210,PENN,,14.11.2018,Cash Reserves,Unlisted,n.a.
,,,,,,,,,,,,,,,,,,Cash,,"300,000"
2089.,2008606114,FARMERS NATIONAL BANC CORPORATION,US,MIDDLEFIELD BANC CORPORATION,US,Acquisition 100%,Completed,"299,000.00",02.03.2026,100.00000,0.00000,100.00000,522110,522110,FMNB,MBCN,22.10.2025,Shares,Delisted,"299,000"
2090.,1941620852,REGAL REXNORD CORPORATION,US,ARROWHEAD SYSTEMS LLC,US,Acquisition 100%,Completed,"297,000.00",23.11.2021,100.00000,0.00000,100.00000,333993,334513,RRX,,02.11.2021,Cash,Unlisted,"297,000"
2091.,1941685635,UNITED COMMUNITY BANKS INC.,US,PROGRESS FINANCIAL CORPORATION,US,Acquisition 100%,Completed,"296,400.00",03.01.2023,100.00000,0.00000,100.00000,522110,522110,UCB,,04.05.2022,Shares,Unlisted,"296,400"
2092.,2007454153,TITAN TIRE HOLDINGS INC.,US,"CARLSTAR GROUP LLC, THE",US,Acquisition 100%,Completed,"296,200.00",29.02.2024,100.00000,0.00000,100.00000,336390,336390,,,29.02.2024,Shares,Unlisted,"168,700"
,,,,,,,,,,,,,,,,,,Cash,,"127,500"
2093.,2008656609,FII HOLDINGS USA INC.,US,CLOUD NETWORK TECHNOLOGY USA INC.,US,Acquisition increased from 100% to 100%,Completed,"295,600.00",30.03.2026,Unknown %,100.00000,100.00000,423690,334111,,,30.03.2026,Cash,Unlisted,"295,600"
2094.,2008656595,CLOUD NETWORK TECHNOLOGY USA INC.,US,FOXCONN ASSEMBLY LLC,US,Acquisition increased from 100% to 100%,Completed,"295,600.00",30.03.2026,Unknown %,100.00000,100.00000,334419,423690,,,30.03.2026,Cash,Unlisted,"295,600"
2095.,1941493686,NORTHERN OIL AND GAS INC.,US,"RELIANCE MARCELLUS LLC'S CERTAIN OIL AND GAS PROPERTIES, INTERESTS AND RELATED ASSETS",US,Acquisition 100%,Completed,"295,500.00",01.04.2021,100.00000,0.00000,100.00000,211120,211120,NOG,,03.02.2021,Cash,Unlisted,"250,000"
,,,,,,,,,,,,,,,,,,Shares,,"45,500"
2096.,2008143592,ASUR US COMMERCIAL AIRPORTS LLC,US,URW AIRPORTS LLC,US,Acquisition 100%,Completed,"295,000.00",11.12.2025,100.00000,0.00000,100.00000,488119,488119,,,30.07.2025,Cash,Unlisted,"295,000"
,,,,,,,,,,,,,,,,,,Liabilities,,n.a.
,,,,,,,,,,,,,,,,,,Cash Reserves,,n.a.
2097.,1941732931,EBAY INC.,US,TCGPLAYER INC.,US,Acquisition 100%,Completed,"295,000.00",31.10.2022,100.00000,0.00000,100.00000,518210,454110,EBAY,,22.08.2022,,Unlisted,n.a.
2098.,1941698313,NEWS CORPORATION,US,IHS MARKIT LTD'S BASE CHEMICALS BUSINESS,US,Acquisition 100%,Completed,"295,000.00",01.06.2022,100.00000,0.00000,100.00000,518210,511110,NWSA,,27.12.2021,Cash,Unlisted,"295,000"
2099.,1941675156,CHARLES RIVER LABORATORIES INTERNATIONAL INC.,US,EXPLORA BIOLABS HOLDINGS INC.,US,Acquisition unknown stake %,Completed,"295,000.00",06.04.2022,Unknown %,Unknown %,Unknown %,541713,541713,CRL,,06.04.2022,Cash,Unlisted,"295,000"
2100.,1941545624,FIRST FOUNDATION INC.,US,TGR FINANCIAL INC.,US,Acquisition 100%,Completed,"295,000.00",20.12.2021,100.00000,0.00000,100.00000,522110,522110,FFWM,,03.06.2021,Shares,Unlisted,"295,000"
2101.,1941642245,DOVER CORPORATION,US,ACME CRYOGENICS INC.,US,Acquisition 100%,Completed,"295,000.00",16.12.2021,100.00000,0.00000,100.00000,332420,333249,DOV,,16.12.2021,Cash,Unlisted,"295,000"
,,,,,,,,,,,,,,,,,,Cash Reserves,,n.a.
2102.,1941559274,PATTERSON-UTI ENERGY INC.,US,PIONEER ENERGY SERVICES CORPORATION,US,Acquisition 100%,Completed,"295,000.00",01.10.2021,100.00000,0.00000,100.00000,213111,213111,PTEN,PES,06.07.2021,Cash,Delisted,"30,000"
,,,,,,,,,,,,,,,,,,Shares,,"265,000"
,,,,,,,,,,,,,,,,,,Liabilities,,n.a.
2103.,1941659990,CIVITAS RESOURCES INC.,US,BISON OIL & GAS II LLC,US,Acquisition 100%,Completed,"294,600.00",01.03.2022,100.00000,0.00000,100.00000,213112,211120,CIVI,,01.02.2022,Liabilities,Unlisted,"134,600"
,,,,,,,,,,,,,,,,,,Cash Reserves,,n.a.
,,,,,,,,,,,,,,,,,,Cash,,"160,000"
2104.,2007204596,TAMPA GENERAL HOSPITAL INC.,US,BRAVERA HEALTH BROOKSVILLE,US,Acquisition 100%,Completed,"294,000.00",01.12.2023,100.00000,0.00000,100.00000,622110,622110,,,24.07.2023,Cash,Unlisted,"280,000"
,,,,BRAVERA HEALTH SEVEN RIVERS,US,,,,,100.00000,0.00000,100.00000,622110,,,,,,Unlisted,
,,,,BRAVERA HEALTH SPRING HILL,US,,,,,100.00000,0.00000,100.00000,622110,,,,,,Unlisted,
2105.,2007065556,ALTUS POWER INC.,US,TRUE GREEN CAPITAL MANAGEMENT LLC'S SOLAR ASSETS,US,Acquisition 100%,Completed,"293,000.00",15.02.2023,100.00000,0.00000,100.00000,221114,523910,AMPS,,27.12.2022,Cash,Unlisted,"293,000"
,,,,,,,,,,,,,,,,,,Cash Reserves,,n.a.
2106.,1941517605,PEOPLES BANCORP INC.,US,PREMIER FINANCIAL BANCORP INC.,US,Acquisition 100%,Completed,"292,300.00",17.09.2021,100.00000,0.00000,100.00000,522110,522110,PEBO,PFBI,29.03.2021,Shares,Delisted,"292,300"
2107.,1941514415,RC MERGER SUBSIDIARY LLC,US,ANWORTH MORTGAGE ASSET CORPORATION,US,Acquisition 100%,Completed,"291,753.00",19.03.2021,100.00000,0.00000,100.00000,525990,525990,,ANH,07.12.2020,Shares,Delisted,"231,219"
,,,,,,,,,,,,,,,,,,Cash,,"60,534"
2108.,1941679390,DR HORTON INC.,US,VIDLER WATER RESOURCES INC.,US,Acquisition 100%,Completed,"291,000.00",25.05.2022,100.00000,0.00000,100.00000,237110,236115,DHI,,14.04.2022,Cash,Unlisted,"291,000"
2109.,1941141997,FIRST MERCHANTS CORPORATION,US,MBT FINANCIAL CORPORATION,US,Acquisition 100%,Completed,"290,900.00",03.09.2019,100.00000,0.00000,100.00000,522110,522110,FRME,MBTF,10.10.2018,Shares,Delisted,"290,900"
2110.,1941673951,ADVOCATE AURORA ENTERPRISES INC.,US,INTEGRITY TRACKING LLC,US,Acquisition 100%,Completed,"290,700.00",04.04.2022,100.00000,0.00000,100.00000,334290,621610,,,04.04.2022,Cash,Unlisted,"290,700"
2111.,2008528825,ASGN INC.,US,QUINNOX INC.,US,Acquisition 100%,Completed,"290,000.00",09.03.2026,100.00000,0.00000,100.00000,541511,561311,EFOR,,20.01.2026,Cash,Unlisted,"290,000"
2112.,2008320306,DATAMINR INC.,US,THREATCONNECT INC.,US,Acquisition 100%,Completed,"290,000.00",25.11.2025,100.00000,0.00000,100.00000,518210,518210,,,25.11.2025,,Unlisted,n.a.
2113.,2008045757,FAYAT INC.,US,ST ENGINEERING LEEBOY INC.,US,Acquisition 100%,Completed,"290,000.00",04.09.2025,100.00000,0.00000,100.00000,333120,236210,,,24.06.2025,Liabilities,Unlisted,n.a.
2114.,2007602358,BELDEN INC.,US,PRECISION OPTICAL TECHNOLOGIES INC.,US,Acquisition 100%,Completed,"290,000.00",01.07.2024,100.00000,0.00000,100.00000,511210,335931,BDC,,01.07.2024,Cash,Unlisted,"290,000"
2115.,1941722577,JOHN BEAN TECHNOLOGIES CORPORATION,US,BEVCORP LLC'S ASSETS,US,Acquisition 100%,Completed,"290,000.00",01.09.2022,100.00000,0.00000,100.00000,333249,333415,JBTM,,27.07.2022,,Unlisted,n.a.
2116.,1941695959,ENLINK MIDSTREAM OPERATING LP,US,CRESTWOOD EQUITY PARTNERS LP'S BARNETT SHALE ASSETS,US,Acquisition 100%,Completed,"290,000.00",15.07.2022,100.00000,0.00000,100.00000,424720,221210,,,19.05.2022,Cash,Unlisted,"290,000"
2117.,1941632497,SPRAGUE HP HOLDINGS LLC,US,SPRAGUE RESOURCES LP,US,Acquisition unknown stake %,Completed,"290,000.00",28.05.2021,Unknown %,Unknown %,Unknown %,424720,551112,,SRLP,20.04.2021,Cash,Delisted,"290,000"
,,,,SPRAGUE RESOURCES GP LLC,US,,,,,100.00000,0.00000,100.00000,424720,,,,,,Unlisted,
2118.,1941454853,TENGASCO INC.,US,RILEY EXPLORATION - PERMIAN LLC,US,Acquisition 100%,Completed,"288,260.00",26.02.2021,100.00000,0.00000,100.00000,211120,211120,REPX,,22.10.2020,Shares,Unlisted,"288,260"
2119.,1941449850,PROPTECH INVESTMENT CORPORATION II,US,APPRECIATE INTERMEDIATE HOLDINGS LLC,US,Acquisition 100%,Completed,"287,100.00",29.11.2022,100.00000,0.00000,100.00000,551112,525990,,,17.05.2022,Shares,Unlisted,"287,100"
2120.,1941029057,LEO HOLDINGS CORPORATION,US,DIGITAL MEDIA SOLUTIONS HOLDINGS LLC,US,Acquisition 100%,Completed,"287,000.00",15.07.2020,100.00000,0.00000,100.00000,541613,525990,DMS,,23.04.2020,Shares,Unlisted,"257,000"
,,,,,,,,,,,,,,,,,,Cash,,"30,000"
2121.,2007877563,BRISTOL-MYERS SQUIBB COMPANY,US,2SEVENTY BIO INC.,US,Acquisition 100%,Completed,"286,000.00",13.05.2025,100.00000,0.00000,100.00000,541713,325412,BMY,TSVT,10.03.2025,Cash,Delisted,"286,000"
2122.,2007716923,TEXAS PACIFIC LAND CORPORATION,US,"7,490 ACRES OIL AND GAS MINERAL INTERESTS AND SURFACE ACREAGE IN MIDLAND BASIN",US,Acquisition 100%,Completed,"286,000.00",02.10.2024,100.00000,0.00000,100.00000,211120,541330,,,02.10.2024,Cash,Unlisted,"286,000"
2123.,2008384478,DAY ONE BIOPHARMACEUTICALS INC.,US,MERSANA THERAPEUTICS INC.,US,Acquisition 100%,Completed,"285,000.00",05.01.2026,100.00000,0.00000,100.00000,541713,541713,DAWN,MRSN,13.11.2025,Cash Reserves,Delisted,n.a.
,,,,,,,,,,,,,,,,,,Cash,,"285,000"
,,,,,,,,,,,,,,,,,,Earn-out,,"156,000"
2124.,2007792561,DELEK LOGISTICS PARTNERS LP,US,GRAVITY WATER INTERMEDIATE HOLDINGS LLC,US,Acquisition 100%,Completed,"285,000.00",02.01.2025,100.00000,0.00000,100.00000,213112,211120,DKL,,12.12.2024,Shares,Unlisted,"75,701"
,,,,,,,,,,,,,,,,,,Cash,,"209,299"
2125.,2007310127,MASONITE CORPORATION,US,FLEETWOOD WINDOWS & DOORS,US,Acquisition 100%,Completed,"285,000.00",19.10.2023,100.00000,0.00000,100.00000,332321,332321,,,19.10.2023,Cash,Unlisted,"285,000"
,,,,,,,,,,,,,,,,,,Liabilities,,n.a.
2126.,1941209643,ALCON LABORATORIES INC.,US,POWERVISION INC.,US,Acquisition 100%,Completed,"285,000.00",18.03.2019,100.00000,0.00000,100.00000,333314,339115,,,18.03.2019,Earn-out,Unlisted,n.a.
2127.,2007794758,DUKE UNIVERSITY HEALTH SYSTEM INC.,US,LAKE NORMAN REGIONAL MEDICAL CENTER'S ASSETS AND LIABILITIES,US,Acquisition 100%,Completed,"284,000.00",01.04.2025,100.00000,0.00000,100.00000,622110,622110,,,11.12.2024,Liabilities,Unlisted,n.a.
2128.,2007681192,CONNECTONE BANCORP INC.,US,"FIRST OF LONG ISLAND CORPORATION, THE",US,Acquisition 100%,Completed,"284,000.00",01.06.2025,100.00000,0.00000,100.00000,522110,522110,CNOB,FLIC,05.09.2024,Shares,Delisted,"284,000"
2129.,1941653542,MURATA ELECTRONICS NORTH AMERICA INC.,US,RESONANT INC.,US,Acquisition increased from 4% to 100%,Completed,"283,870.00",28.03.2022,96.00000,4.00000,100.00000,334220,334413,,RESN,14.02.2022,Cash,Delisted,"283,870"
2130.,1941718384,NUVUS GRO CORPORATION,US,PRO MUSIC RIGHTS INC.,US,Acquisition 100%,Completed,"283,032.00",15.08.2022,100.00000,0.00000,100.00000,512230,541511,SONG,,20.07.2022,Shares,Unlisted,"283,032"
2131.,1941246930,VARIAN MEDICAL SYSTEMS INC.,US,CANCER TREATMENT SERVICES INTERNATIONAL INC.,US,Acquisition 100%,Completed,"283,000.00",17.06.2019,100.00000,0.00000,100.00000,622310,334517,VAR,,20.05.2019,Cash Reserves,Unlisted,n.a.
,,,,,,,,,,,,,,,,,,Cash,,"283,000"
2132.,1941696831,GATO INVESTMENTS LP,US,HEMISPHERE MEDIA GROUP INC.,US,Acquisition 100%,Completed,"282,805.00",13.09.2022,100.00000,0.00000,100.00000,515120,523910,,HMTV,09.05.2022,Cash,Delisted,"282,805"
2133.,1941635093,BUILDERS FIRSTSOURCE INC.,US,NATIONAL LUMBER COMPANY,US,Acquisition 100%,Completed,"282,500.00",05.01.2022,100.00000,0.00000,100.00000,423310,321213,BLDR,,05.01.2022,,Unlisted,n.a.
2134.,2008480651,SAMSUNG BIOLOGICS AMERICA INC.,US,HUMAN GENOME SCIENCES INC.,US,Acquisition 100%,Completed,"280,000.00",31.03.2026,100.00000,0.00000,100.00000,541713,325412,,HGSI,21.12.2025,,Delisted,n.a.
2135.,2008306164,ENPRO INC.,US,OVERLOOK INDUSTRIES INC.,US,Acquisition 100%,Completed,"280,000.00",08.10.2025,100.00000,0.00000,100.00000,325412,339991,NPO,,08.10.2025,Cash,Unlisted,"280,000"
2136.,2007915111,DUKE UNIVERSITY HEALTH SYSTEM INC.,US,LAKE NORMAN REGIONAL MEDICAL CENTER'S ASSETS AND LIABILITIES,US,Acquisition 100%,Completed,"280,000.00",01.04.2025,100.00000,0.00000,100.00000,622110,622110,,,11.12.2024,Cash,Unlisted,"280,000"
,,,,,,,,,,,,,,,,,,Liabilities,,n.a.
2137.,2007723240,UNIVERSITY OF IOWA HEALTH CARE,US,MISSION CANCER & BLOOD PLLC'S ASSETS,US,Acquisition 100%,Completed,"280,000.00",31.12.2024,100.00000,0.00000,100.00000,622310,622110,,,07.10.2024,Liabilities,Unlisted,n.a.
2138.,2007541208,ONEOK INC.,US,EASTON ENERGY LLC'S NATURAL GAS LIQUIDS (NGL) PIPELINES,US,Acquisition 100%,Completed,"280,000.00",17.06.2024,100.00000,0.00000,100.00000,486210,221210,OKE,,13.05.2024,,Unlisted,n.a.
2139.,2007522821,"SIMPLY GOOD FOODS COMPANY, THE",US,ONLY WHAT YOU NEED INC.,US,Acquisition 100%,Completed,"280,000.00",13.06.2024,100.00000,0.00000,100.00000,311224,311999,SMPL,,29.04.2024,Cash,Unlisted,"280,000"
,,,,,,,,,,,,,,,,,,Cash Reserves,,n.a.
2140.,2007381474,INTEGRA LIFESCIENCES HOLDINGS CORPORATION,US,ACCLARENT INC.,US,Acquisition 100%,Completed,"280,000.00",01.04.2024,100.00000,0.00000,100.00000,541715,339112,IART,,13.12.2023,Cash,Unlisted,n.a.
,,,,,,,,,,,,,,,,,,Earn-out,,"5,000"
2141.,1941465307,EXPERIAN HOLDINGS INC.,US,TAPAD INC.,US,Acquisition 100%,Completed,"280,000.00",19.11.2020,100.00000,0.00000,100.00000,518210,511210,,,19.11.2020,Cash,Unlisted,"280,000"
,,,,,,,,,,,,,,,,,,Liabilities,,n.a.
2142.,2008306184,ENPRO INC.,US,ALPHA MEASUREMENT SOLUTIONS LLC,US,Acquisition 100%,Completed,"280,000.00",17.11.2025,100.00000,0.00000,100.00000,334519,339991,NPO,,13.10.2025,Cash,Unlisted,"280,000"
2143.,2007100476,INLAND REAL ESTATE INCOME TRUST INC.,US,8 GROCERY-ANCHORED RETAIL PROPERTIES IN THE US,US,Acquisition 100%,Completed,"278,150.00",15.06.2022,100.00000,0.00000,100.00000,531312,531120,,,15.06.2022,,Unlisted,n.a.
2144.,2007142380,ASSERTIO HOLDINGS INC.,US,SPECTRUM PHARMACEUTICALS INC.,US,Acquisition 100%,Completed,"277,044.00",31.07.2023,100.00000,0.00000,100.00000,325412,325412,ASRT,SPPI,25.04.2023,Shares,Delisted,n.a.
,,,,,,,,,,,,,,,,,,Cash,,n.a.
2145.,2008605807,MASTEC INC.,US,MCKEE UTILITY CONTRACTORS INC.,US,Acquisition 100%,Completed,"276,000.00",02.03.2026,100.00000,0.00000,100.00000,237110,237990,MTZ,,02.03.2026,Liabilities,Unlisted,n.a.
2146.,1941528751,VEGA ENERGY PARTNERS LTD,US,ALTAGAS LTD'S US TRANSPORTATION AND STORAGE BUSINESS,US,Acquisition 100%,Completed,"275,131.46",23.04.2021,100.00000,0.00000,100.00000,211120,523920,,,23.04.2021,Cash,Unlisted,"275,131"
,,SIX ONE COMMODITIES LLC,US,,,,,,,,,,,523920,,,,,,
2147.,2007986823,ROLLER BEARING COMPANY OF AMERICA INC.,US,VACCO INDUSTRIES INC.,US,Acquisition 100%,Completed,"275,000.00",18.07.2025,100.00000,0.00000,100.00000,332912,332991,,,20.05.2025,Cash Reserves,Unlisted,n.a.
,,,,,,,,,,,,,,,,,,Cash,,"275,000"
2148.,2007750279,ACADIA REALTY TRUST,US,"LINQ PROMENADE, THE",US,Acquisition 100%,Completed,"275,000.00",12.12.2024,100.00000,0.00000,100.00000,713210,531120,AKR,,29.10.2024,,Unlisted,n.a.
,,TPG CAPITAL ADVISORS LLC,US,,,,,,,,,,,523910,,,,,,
2149.,2007091884,BLACK DIAMOND CAPITAL MANAGEMENT LLC,US,ARCOSA INC'S STORAGE TANKS BUSINESS,US,Acquisition 100%,Completed,"275,000.00",03.10.2022,100.00000,0.00000,100.00000,493110,523920,,,26.04.2022,Cash,Unlisted,"275,000"
2150.,2007088705,MARQETA INC.,US,POWER FINANCE INC.,US,Acquisition 100%,Completed,"275,000.00",03.02.2023,100.00000,0.00000,100.00000,511210,522320,MQ,,30.01.2023,Cash,Unlisted,"275,000"
,,,,,,,,,,,,,,,,,,Earn-out,,"126,330"
2151.,1941687959,DOVER CORPORATION,US,MALEMA ENGINEERING CORPORATION,US,Acquisition 100%,Completed,"275,000.00",05.07.2022,100.00000,0.00000,100.00000,334513,333249,DOV,,09.05.2022,Cash,Unlisted,"275,000"
,,,,,,,,,,,,,,,,,,Earn-out,,"50,000"
2152.,1941251126,ETSY INC.,US,REVERB HOLDINGS INC.,US,Acquisition 100%,Completed,"275,000.00",15.08.2019,100.00000,0.00000,100.00000,518210,454110,ETSY,,22.07.2019,Cash,Unlisted,"275,000"
2153.,2007773269,APPLIED INDUSTRIAL TECHNOLOGIES INC.,US,HYDRADYNE LLC,US,Acquisition 100%,Completed,"273,000.00",31.12.2024,100.00000,0.00000,100.00000,333995,423830,AIT,,22.11.2024,Cash,Unlisted,"273,000"
,,,,,,,,,,,,,,,,,,Cash Reserves,,n.a.
2154.,2007741063,COSTAR REALTY INFORMATION INC.,US,VISUAL LEASE LLC,US,Acquisition 100%,Completed,"272,500.00",01.11.2024,100.00000,0.00000,100.00000,518210,531210,,,22.10.2024,Cash,Unlisted,"272,500"
,,,,,,,,,,,,,,,,,,Cash Reserves,,n.a.
2155.,1939051772,EXTREME NETWORKS INC.,US,AEROHIVE NETWORKS INC.,US,Acquisition 100%,Completed,"272,000.00",09.08.2019,100.00000,0.00000,100.00000,334220,334210,EXTR,HIVE,26.06.2019,Liabilities,Delisted,n.a.
,,,,,,,,,,,,,,,,,,Cash assumed,,"62,000"
,,,,,,,,,,,,,,,,,,Cash Reserves,,n.a.
,,,,,,,,,,,,,,,,,,Cash,,"272,000"
2156.,1941707625,BRIGHT HEALTH GROUP INC.,US,CENTRAL HEALTH PLAN OF CALIFORNIA INC.,US,Acquisition 100%,Completed,"271,700.00",01.04.2021,100.00000,0.00000,100.00000,524114,524114,NEUE,,06.01.2021,Shares,Unlisted,"79,800"
,,,,,,,,,,,,,,,,,,Cash,,"276,000"
,,,,,,,,,,,,,,,,,,Cash assumed,,"84,100"
2157.,1941604888,WESTERN ACQUISITION VENTURES CORPORATION,US,CYCURION INC.,US,Acquisition 100%,Completed,"271,630.00",11.04.2025,100.00000,0.00000,100.00000,518210,525990,CYCU,,22.11.2022,Cash,Unlisted,"115,910"
,,,,,,,,,,,,,,,,,,Liabilities,,n.a.
,,,,,,,,,,,,,,,,,,Cash Reserves,,n.a.
2158.,1941257669,B RILEY FINANCIAL INC.,US,BARNEYS NEW YORK INC.'S NAME AND OTHER ASSETS,US,Acquisition 100%,Completed,"271,400.00",01.11.2019,100.00000,0.00000,100.00000,452210,523930,RILY,,31.10.2019,Cash,Unlisted,"271,400"
,,ABG-BARNEYS LLC,US,,,,,,,,,,,525990,,,,,,
2159.,1941730172,NAVITAS SEMICONDUCTOR CORPORATION,US,GENESIC SEMICONDUCTOR INC.,US,Acquisition 100%,Completed,"271,313.00",15.08.2022,100.00000,0.00000,100.00000,334413,334413,NVTS,,15.08.2022,Shares,Unlisted,n.a.
,,,,,,,,,,,,,,,,,,Cash,,n.a.
,,,,,,,,,,,,,,,,,,Earn-out,,"25,000"
2160.,1941186688,SUNCOKE ENERGY INC.,US,SUNCOKE ENERGY PARTNERS LP,US,Acquisition increased from 61.7% to 100%,Completed,"271,227.00",28.06.2019,38.30000,61.70000,100.00000,324199,324199,SXC,SXCP,05.02.2019,Shares,Delisted,"271,227"
2161.,2007313476,ORMAT TECHNOLOGIES INC.,US,ENEL GREEN POWER NORTH AMERICA INC.'S US GEOTHERMAL AND SOLAR ASSETS,US,Acquisition 100%,Completed,"271,000.00",04.01.2024,100.00000,0.00000,100.00000,221115,221118,ORA,,23.10.2023,,Unlisted,n.a.
2162.,2007061060,KIMBELL ROYALTY PARTNERS LP,US,HATCH ROYALTY LLC'S MINERAL AND ROYALTY INTEREST ASSETS,US,Acquisition 100%,Completed,"270,700.00",15.12.2022,100.00000,0.00000,100.00000,211120,211120,KRP,,03.11.2022,Shares,Unlisted,"120,300"
,,,,,,,,,,,,,,,,,,Cash,,"150,400"
2163.,2007796349,NORTHWEST BANCSHARES INC.,US,PENNS WOODS BANCORP INC.,US,Acquisition 100%,Completed,"270,400.00",25.07.2025,100.00000,0.00000,100.00000,522110,522110,NWBI,PWOD,17.12.2024,Shares,Delisted,"270,400"
2164.,2008627225,CEDARS-SINAI MEDICAL CENTER,US,BEVERLY CONNECTION LLC,US,Acquisition 100%,Completed,"270,000.00",13.03.2026,100.00000,0.00000,100.00000,531120,622110,,,13.03.2026,,Unlisted,n.a.
2165.,2008259684,CIENA CORPORATION,US,NUBIS COMMUNICATIONS INC.,US,Acquisition 100%,Completed,"270,000.00",01.11.2025,100.00000,0.00000,100.00000,518210,511210,CIEN,,22.09.2025,Cash,Unlisted,"270,000"
2166.,2007978444,BIOMARIN PHARMACEUTICAL INC.,US,INOZYME PHARMA INC.,US,Acquisition 100%,Completed,"270,000.00",01.07.2025,100.00000,0.00000,100.00000,541713,325414,BMRN,INZY,16.05.2025,Cash,Delisted,"270,000"
2167.,2007390928,ERG USA HOLDING INC.,US,APEX CLEAN ENERGY HOLDINGS LLC'S PORTFOLIO OF CLEAN ENERGY ASSETS IN IOWA AND ILLINOIS,US,Acquisition 75%,Completed,"270,000.00",24.04.2024,75.00000,0.00000,75.00000,237130,221114,,,21.12.2023,,Unlisted,n.a.
2168.,2007099601,ASCENT RESOURCES LLC,US,XTO ENERGY INC'S INVENTORY ASSETS,US,Acquisition 100%,Completed,"270,000.00",05.08.2022,100.00000,0.00000,100.00000,213112,211120,,,01.07.2022,Cash,Unlisted,"270,000"
,,,,,,,,,,,,,,,,,,Cash Reserves,,n.a.
2169.,1941724346,AMETEK INC.,US,MAGNETROL INTERNATIONAL INC.,US,Acquisition 100%,Completed,"270,000.00",29.03.2021,100.00000,0.00000,100.00000,334519,334510,AME,,29.03.2021,,Unlisted,n.a.
,,,,CRANK SOFTWARE INC.,CA,,,,,100.00000,0.00000,100.00000,511210,,,,,,Unlisted,
,,,,EGS AUTOMATION GMBH,DE,,,,,100.00000,0.00000,100.00000,811310,,,,,,Unlisted,
2170.,1941541193,GCG WEALTH MANAGEMENT INC.,US,COOPER INVESTMENT COMPANY,US,Acquisition 100%,Completed,"270,000.00",30.04.2021,100.00000,0.00000,100.00000,523910,523920,,,30.04.2021,,Unlisted,n.a.
2171.,1941488641,FISERV INC.,US,ONDOT SYSTEMS INC.,US,Acquisition unknown remaining stake %,Completed,"270,000.00",22.01.2021,Unknown remaining %,Unknown %,100.00000,518210,511210,FISV,,16.12.2020,Cash assumed,Unlisted,"13,000"
,,,,,,,,,,,,,,,,,,Liabilities,,n.a.
2172.,1941188643,KURITA AMERICA HOLDINGS INC.,US,GLOBAL WATER SERVICES HOLDING COMPANY INC.,US,Acquisition 100%,Completed,"270,000.00",27.03.2019,100.00000,0.00000,100.00000,333318,221310,,,08.02.2019,,Unlisted,n.a.
2173.,1941742344,OXFORD INDUSTRIES INC.,US,JOHNNY WAS LLC,US,Acquisition 100%,Completed,"270,000.00",19.09.2022,100.00000,0.00000,100.00000,448120,315210,OXM,,19.09.2022,Cash Reserves,Unlisted,n.a.
,,,,,,,,,,,,,,,,,,Cash,,"270,000"
2174.,1941706810,PROFRAC HOLDING CORPORATION,US,US WELL SERVICES INC.,US,Acquisition 100%,Completed,"270,000.00",01.11.2022,100.00000,0.00000,100.00000,213112,213111,ACDC,USWS,21.06.2022,Shares,Delisted,"270,000"
2175.,1941390256,PTC THERAPEUTICS INC.,US,CENSA PHARMACEUTICALS INC.,US,Acquisition 100%,Completed,"269,405.00",01.06.2020,100.00000,0.00000,100.00000,541715,541713,PTCT,,06.05.2020,Cash,Unlisted,n.a.
,,,,,,,,,,,,,,,,,,Earn-out,,"217,500"
,,,,,,,,,,,,,,,,,,Shares,,n.a.
2176.,2008278480,PROSPERITY BANCSHARES INC.,US,SOUTHWEST BANCSHARES INC.,US,Acquisition 100%,Completed,"268,900.00",02.02.2026,100.00000,0.00000,100.00000,551111,522110,PB,,01.10.2025,Shares,Unlisted,"268,900"
2177.,1941584110,NEXTIER OILFIELD SOLUTIONS INC.,US,ALAMO PRESSURE PUMPING LLC,US,Acquisition 100%,Completed,"268,100.00",31.08.2021,100.00000,0.00000,100.00000,238220,213111,NEX,,04.08.2021,Cash,Unlisted,n.a.
,,,,,,,,,,,,,,,,,,Shares,,n.a.
,,,,,,,,,,,,,,,,,,Liabilities,,"38,000"
,,,,,,,,,,,,,,,,,,Earn-out,,n.a.
2178.,2007313356,WATTS WATER TECHNOLOGIES INC.,US,BRADLEY CORPORATION,US,Acquisition 100%,Completed,"268,000.00",23.10.2023,100.00000,0.00000,100.00000,327390,332911,WTS,,30.08.2023,Cash Reserves,Unlisted,n.a.
,,,,,,,,,,,,,,,,,,Liabilities,,n.a.
,,,,,,,,,,,,,,,,,,Cash,,"268,000"
2179.,2007103339,BRAEMAR HOTELS & RESORTS INC.,US,FOUR SEASONS RESORT SCOTTSDALE,US,Acquisition 100%,Completed,"267,800.00",01.12.2022,100.00000,0.00000,100.00000,721110,531120,BHR,,31.10.2022,Cash Reserves,Unlisted,n.a.
,,,,,,,,,,,,,,,,,,Cash,,"267,800"
2180.,2007537208,UNITED BANKSHARES INC.,US,PIEDMONT BANCORP INC.,US,Acquisition 100%,Completed,"267,000.00",10.01.2025,100.00000,0.00000,100.00000,522110,522110,UBSI,,10.05.2024,Shares,Unlisted,"267,000"
2181.,1941554587,COLUMBIA BANKING SYSTEM INC.,US,BANK OF COMMERCE HOLDINGS,US,Acquisition 100%,Completed,"266,000.00",30.09.2021,100.00000,0.00000,100.00000,522110,522110,COLB,BOCH,23.06.2021,Cash,Delisted,400
,,,,,,,,,,,,,,,,,,Shares,,"265,600"
2182.,2007771139,N-ABLE TECHNOLOGIES INC.,US,ADLUMIN INC.,US,Acquisition 100%,Completed,"265,896.00",20.11.2024,100.00000,0.00000,100.00000,518210,541511,,,20.11.2024,Deferred payment,Unlisted,n.a.
,,,,,,,,,,,,,,,,,,Shares,,"15,896"
,,,,,,,,,,,,,,,,,,Cash,,"220,000"
,,,,,,,,,,,,,,,,,,Earn-out,,"30,000"
2183.,1941229540,MIDSTATES PETROLEUM COMPANY INC.,US,AMPLIFY ENERGY CORPORATION (OLD),US,Acquisition 100%,Completed,"265,481.00",06.08.2019,100.00000,0.00000,100.00000,211120,211120,AMPY,AMPY,06.05.2019,Shares,Delisted,"265,481"
2184.,2007829387,CONCENTRA HEALTH SERVICES INC.,US,US OCCMED HOLDINGS LLC,US,Acquisition 100%,Completed,"265,000.00",01.03.2025,100.00000,0.00000,100.00000,621111,621340,,,22.01.2025,Cash Reserves,Unlisted,n.a.
,,,,,,,,,,,,,,,,,,Cash,,"265,000"
2185.,2007091381,IRONCLAD ENVIRONMENTAL SOLUTIONS,US,ADLER TANK RENTALS,US,Acquisition 100%,Completed,"265,000.00",01.02.2023,100.00000,0.00000,100.00000,532490,562211,,,01.02.2023,Cash,Unlisted,"265,000"
2186.,1941679354,WEYERHAEUSER COMPANY,US,CAMPBELL GLOBAL LLC'S TIMBERLANDS IN NORTH AND SOUTH CAROLINA,US,Acquisition 100%,Completed,"265,000.00",30.06.2022,100.00000,0.00000,100.00000,523910,321999,WY,,14.04.2022,,Unlisted,n.a.
2187.,2007637826,HOST HOTELS & RESORTS INC.,US,1 HOTEL CENTRAL PARK LLC,US,Acquisition 100%,Completed,"265,000.00",16.07.2024,100.00000,0.00000,100.00000,721110,721110,HST,,16.07.2024,Cash,Unlisted,"265,000"
2188.,1941356960,MURRAY METALLURGICAL HOLDINGS LLC,US,MISSION COAL COMPANY LLC'S OAK GROVE MINE,US,Acquisition 100%,Completed,"264,700.00",29.04.2019,100.00000,0.00000,100.00000,212112,212112,,,27.03.2019,,Unlisted,n.a.
,,,,MISSION COAL COMPANY LLC'S SEMINOLE ALABAMA,US,,,,,100.00000,0.00000,100.00000,212112,,,,,,Unlisted,
,,,,MISSION COAL COMPANY LLC'S MAPLE EAGLE MINE,US,,,,,100.00000,0.00000,100.00000,212112,,,,,,Unlisted,
2189.,1941134579,FIRST BUSEY CORPORATION,US,"BANC ED CORPORATION, THE",US,Acquisition 100%,Completed,"264,300.00",31.01.2019,100.00000,0.00000,100.00000,522110,522110,BUSE,,22.08.2018,Shares,Unlisted,"185,010"
,,,,,,,,,,,,,,,,,,Cash,,"79,290"
2190.,1941250784,VAIL HOLDINGS INC.,US,PEAK RESORTS INC.,US,Acquisition 100%,Completed,"264,000.00",24.09.2019,100.00000,0.00000,100.00000,721110,721110,,SKIS,22.07.2019,Cash,Delisted,n.a.
,,,,,,,,,,,,,,,,,,Cash Reserves,,n.a.
,,,,,,,,,,,,,,,,,,Liabilities,,n.a.
2191.,2007627897,HERC HOLDINGS INC.,US,OTAY MESA SALES INC.'S ASSETS,US,Acquisition 100%,Completed,"264,000.00",23.07.2024,100.00000,0.00000,100.00000,532412,532412,HRI,,23.07.2024,,Unlisted,n.a.
2192.,2007267750,KNOWLES CORPORATION,US,KAPLAN ELECTRONICS INC.,US,Acquisition 100%,Completed,"263,000.00",13.06.2024,100.00000,0.00000,100.00000,423610,334220,KN,,18.09.2023,Deferred payment,Unlisted,n.a.
,,,,CORNELL DUBILIER ELECTRONICS INC.'S ASSETS,US,,,,,100.00000,0.00000,100.00000,334416,,,,,Cash,Unlisted,"140,000"
,,,,CD AERO LLC'S ASSETS,US,,,,,100.00000,0.00000,100.00000,334416,,,,,Bonds,Unlisted,"123,000"
2193.,1941636780,SCHNEIDER NATIONAL INC.,US,MIDWEST LOGISTICS SYSTEMS LTD,US,Acquisition 100%,Completed,"262,600.00",31.12.2021,100.00000,0.00000,100.00000,484121,484121,SNDR,,31.12.2021,Cash,Unlisted,"262,600"
,,,,,,,,,,,,,,,,,,Cash Reserves,,n.a.
,,,,,,,,,,,,,,,,,,Liabilities,,n.a.
2194.,2007390405,HUB GROUP INC.,US,FORWARD AIR CORPORATION'S FINAL MILE BUSINESS,US,Acquisition 100%,Completed,"262,000.00",20.12.2023,100.00000,0.00000,100.00000,484121,488510,HUBG,,20.12.2023,Cash Reserves,Unlisted,n.a.
,,,,,,,,,,,,,,,,,,Cash,,"262,000"
2195.,2008326241,FLYING TIGERS ACQUISITION CORPORATION,US,ADVERUM BIOTECHNOLOGIES INC.,US,Acquisition 100%,Completed,"261,672.00",09.12.2025,100.00000,0.00000,100.00000,541713,523910,,ADVM,24.10.2025,Cash,Delisted,"261,672"
,,,,,,,,,,,,,,,,,,Earn-out,,"186,969"
2196.,2007694671,TIAA FSB HOLDINGS INC.,US,STERLING BANK & TRUST FSB,US,Acquisition 100%,Completed,"261,000.00",31.03.2025,100.00000,0.00000,100.00000,522110,522110,EVER,,16.09.2024,Cash,Unlisted,"261,000"
2197.,2007317980,WEX INC.,US,JUST PUSH PAY LLC,US,Acquisition 100%,Completed,"261,000.00",02.11.2023,100.00000,0.00000,100.00000,518210,522320,WEX,,26.10.2023,Earn-out,Unlisted,"11,000"
,,,,,,,,,,,,,,,,,,Cash,,"261,000"
,,,,,,,,,,,,,,,,,,Cash Reserves,,n.a.
2198.,1941728788,IMG WORLDWIDE LLC,US,BARRETT-JACKSON AUCTION COMPANY LLC,US,Acquisition 55%,Completed,"261,000.00",11.08.2022,55.00000,0.00000,55.00000,454390,711410,,,11.08.2022,Third party shares,Unlisted,"12,000"
,,,,,,,,,,,,,,,,,,Cash,,"249,000"
2199.,1941246155,CEDAR FAIR LP,US,GALVESTON ISLAND WATER PARK LP,US,Acquisition 100%,Completed,"261,000.00",01.07.2019,100.00000,0.00000,100.00000,713110,713110,FUN,,01.07.2019,Cash,Unlisted,"261,000"
,,,,SCHLITTERBAHN WATERPARK RESORT,US,,,,,100.00000,0.00000,100.00000,713110,,,,,,Unlisted,
2200.,2007146572,ENTERGY LOUISIANA LLC,US,WASHINGTON PARISH ENERGY CENTER,US,Acquisition 100%,Completed,"261,000.00",24.11.2020,100.00000,0.00000,100.00000,221118,221114,,,21.04.2017,,Unlisted,n.a.
2201.,2008198147,THUMZUP MEDIA CORPORATION,US,DOGEHASH TECHNOLOGIES INC.,US,Acquisition 100%,Completed,"260,950.00",15.12.2025,100.00000,0.00000,100.00000,541511,518210,DTCX,,19.08.2025,Shares,Unlisted,"260,950"
2202.,2007812677,UNDISCLOSED RENEWABLE ENERGY COMPANY,US,EOLUS VIND AB'S 100 MW/400 MWH POME BATTERY ENERGY STORAGE PROJECT IN CALIFORNIA,US,Acquisition 100%,Completed,"260,500.00",25.02.2025,100.00000,0.00000,100.00000,335911,221118,,,07.01.2025,Liabilities,Unlisted,n.a.
,,,,,,,,,,,,,,,,,,Earn-out,,"25,000"
,,,,,,,,,,,,,,,,,,Deferred payment,,n.a.
2203.,2008241493,CROWDSTRIKE HOLDINGS INC.,US,PANGEA CYBER CORPORATION,US,Acquisition 100%,Completed,"260,000.00",26.09.2025,100.00000,0.00000,100.00000,518210,518210,CRWD,,16.09.2025,,Unlisted,n.a.
2204.,2007773541,ADVENTIST HEALTH SYSTEM SUNBELT HEALTHCARE CORPORATION,US,SHOREPOINT HEALTH PUNTA GORDA'S ASSETS,US,Acquisition 100%,Completed,"260,000.00",03.03.2025,100.00000,0.00000,100.00000,622110,622110,,,22.11.2024,Liabilities,Unlisted,n.a.
,,,,SHOREPOINT HEALTH PORT CHARLOTTE'S ASSETS,US,,,,,100.00000,0.00000,100.00000,622110,,,,,Cash,Unlisted,"260,000"
2205.,2007109707,DAIKIN APPLIED AMERICAS INC.,US,ALLIANCE AIR PRODUCTS LLC,US,Acquisition 100%,Completed,"260,000.00",02.03.2023,100.00000,0.00000,100.00000,333415,333415,,,02.03.2023,,Unlisted,n.a.
2206.,1941710717,MCGRATH RENTCORP,US,DESIGN SPACE MODULAR BUILDINGS PNW LP,US,Acquisition 100%,Completed,"260,000.00",17.05.2021,100.00000,0.00000,100.00000,532490,532490,MGRC,,13.05.2021,Cash,Unlisted,"260,000"
2207.,1941576574,VERDE CLEAN FUELS OPCO LLC,US,BLUESCAPE CLEAN FUELS INTERMEDIATE HOLDINGS LLC,US,Acquisition 100%,Completed,"260,000.00",15.02.2023,100.00000,0.00000,100.00000,211120,525990,,,12.08.2022,Shares,Unlisted,"260,000"
,,,,,,,,,,,,,,,,,,Earn-out,,"35,000"
2208.,1941337169,RAND LOGISTICS INC.,US,AMERICAN STEAMSHIP COMPANY,US,Acquisition 100%,Completed,"260,000.00",14.05.2020,100.00000,0.00000,100.00000,483113,483111,RLOGQ,,10.02.2020,Cash,Unlisted,"260,000"
2209.,2007134152,AMMO INC.,US,OUTDOORS ONLINE LLC,US,Acquisition 100%,Completed,"260,000.00",30.04.2021,100.00000,0.00000,100.00000,518210,332992,POWW,,30.04.2021,Shares,Unlisted,"160,000"
,,,,,,,,,,,,,,,,,,Liabilities,,"50,000"
,,,,,,,,,,,,,,,,,,Cash,,"50,000"
2210.,1941536656,PERKINELMER INC.,US,NEXCELOM BIOSCIENCE LLC,US,Acquisition 100%,Completed,"260,000.00",25.06.2021,100.00000,0.00000,100.00000,339112,334516,RVTY,,12.05.2021,Cash,Unlisted,"260,000"
2211.,1941456747,OAKTREE SPECIALTY LENDING CORPORATION,US,OAKTREE STRATEGIC INCOME II INC.,US,Acquisition 100%,Completed,"259,064.00",23.01.2023,100.00000,0.00000,100.00000,522298,522298,OCSL,,29.10.2020,Shares,Unlisted,"259,064"
2212.,1941628727,"HAIN CELESTIAL GROUP INC., THE",US,PROVEN BRANDS INC.,US,Acquisition 100%,Completed,"259,000.00",28.12.2021,100.00000,0.00000,100.00000,311821,311999,HAIN,,13.12.2021,Cash,Unlisted,"259,000"
,,,,KTB FOODS INC.,US,,,,,100.00000,0.00000,100.00000,311821,,,,,,Unlisted,
2213.,2008454750,LUMINE GROUP US HOLDCO INC.,US,SYNCHRONOSS TECHNOLOGIES INC.,US,Acquisition 100%,Completed,"258,400.00",13.02.2026,100.00000,0.00000,100.00000,518210,518210,,SNCR,04.12.2025,Cash,Delisted,"116,400"
,,,,,,,,,,,,,,,,,,Liabilities,,n.a.
2214.,2008671449,TYLER TECHNOLOGIES INC.,US,FTR LTD,US,Acquisition 100%,Completed,"258,000.00",14.04.2026,100.00000,0.00000,100.00000,518210,518210,TYL,,02.02.2026,Liabilities,Unlisted,n.a.
,,,,,,,,,,,,,,,,,,Cash,,"212,500"
2215.,2007923029,CAL-MAINE FOODS INC.,US,ECHO LAKE FOODS INC.,US,Acquisition 100%,Completed,"258,000.00",02.06.2025,100.00000,0.00000,100.00000,112310,112310,CALM,,08.04.2025,Cash,Unlisted,"258,000"
,,,,,,,,,,,,,,,,,,Cash Reserves,,n.a.
2216.,2007441848,AMERICAN HEALTHCARE REIT INC.,US,TRILOGY REIT HOLDINGS LLC,US,Acquisition increased from 76% to 100%,Completed,"258,000.00",20.09.2024,24.00000,76.00000,100.00000,621999,531120,,,20.09.2024,Cash,Unlisted,"258,000"
2217.,1941593584,PROGRESS SOFTWARE CORPORATION,US,KEMP TECHNOLOGIES INC.,US,Acquisition 100%,Completed,"258,000.00",01.11.2021,100.00000,0.00000,100.00000,511210,541511,PRGS,,23.09.2021,Cash Reserves,Unlisted,n.a.
,,,,,,,,,,,,,,,,,,Cash,,"258,000"
2218.,2007255908,BLACKROCK TCP CAPITAL CORPORATION,US,BLACKROCK CAPITAL INVESTMENT CORPORATION,US,Acquisition 100%,Completed,"257,630.00",18.03.2024,100.00000,0.00000,100.00000,523910,522298,TCPC,BKCC,06.09.2023,,Delisted,n.a.
2219.,2008611726,ESPERION THERAPEUTICS INC.,US,CORSTASIS THERAPEUTICS INC.,US,Acquisition unknown stake %,Completed,"255,000.00",02.04.2026,100.00000,0.00000,100.00000,541713,541713,ESPR,,03.03.2026,Cash,Unlisted,n.a.
,,,,,,,,,,,,,,,,,,Earn-out,,"180,000"
2220.,2007681809,PACIFIC WESTERN BANK,US,MUFG UNION BANK NA'S CERTAIN HOMEOWNERS ASSOCIATION SERVICES DIVISION ASSETS,US,Acquisition 100%,Completed,"255,000.00",08.10.2021,100.00000,0.00000,100.00000,522110,522110,,,01.04.2021,Cash,Unlisted,"255,000"
,,,,,,,,,,,,,,,,,,Liabilities,,n.a.
2221.,2007159494,RYAN SPECIALTY HOLDINGS INC.,US,SOCIUS INSURANCE SERVICES INC.,US,Acquisition 100%,Completed,"255,000.00",03.07.2023,100.00000,0.00000,100.00000,524210,524210,RYAN,,23.05.2023,Cash,Unlisted,"255,000"
2222.,2007100046,WORTHINGTON INDUSTRIES INC.,US,TEMPEL STEEL CO,US,Acquisition 100%,Completed,"255,000.00",01.12.2021,100.00000,0.00000,100.00000,331110,332312,WOR,,01.11.2021,Cash,Unlisted,"255,000"
2223.,2007057500,SURTECO NORTH AMERICA INC.,US,"OMNOVA SOLUTIONS INC'S LAMINATES, FILMS AND COATED FABRICS BUSINESS",US,Acquisition 100%,Completed,"255,000.00",28.02.2023,100.00000,0.00000,100.00000,325998,322299,,,13.12.2022,Cash,Unlisted,"255,000"
,,,,,,,,,,,,,,,,,,Liabilities,,n.a.
,,,,,,,,,,,,,,,,,,Deferred payment,,n.a.
2224.,1941685942,CONMED CORPORATION,US,IN2BONES GLOBAL INC.,US,Acquisition 100%,Completed,"255,000.00",13.06.2022,100.00000,0.00000,100.00000,339112,339113,CNMD,,04.05.2022,Earn-out,Unlisted,"110,000"
,,,,,,,,,,,,,,,,,,Cash Reserves,,n.a.
,,,,,,,,,,,,,,,,,,Cash,,n.a.
2225.,1941591652,PROJECT44 INC.,US,CONVEY INC.,US,Acquisition 100%,Completed,"255,000.00",21.09.2021,100.00000,0.00000,100.00000,518210,518210,,,21.09.2021,,Unlisted,n.a.
2226.,1941151249,HUB GROUP INC.,US,CASESTACK INC.,US,Acquisition 100%,Completed,"255,000.00",14.02.2019,100.00000,0.00000,100.00000,561410,488510,HUBG,,05.11.2018,Cash,Unlisted,"255,000"
,,,,,,,,,,,,,,,,,,Cash Reserves,,n.a.
2227.,2007059691,SHORE BANCSHARES INC.,US,"COMMUNITY FINANCIAL CORPORATION, THE",US,Acquisition 100%,Completed,"254,400.00",03.07.2023,100.00000,0.00000,100.00000,522110,522110,SHBI,TCFC,14.12.2022,Shares,Delisted,"254,400"
2228.,1941708816,UFP INDUSTRIAL LLC,US,PALLETONE INC.,US,Acquisition 100%,Completed,"253,000.00",28.12.2020,100.00000,0.00000,100.00000,321920,321912,,,10.12.2020,Cash Reserves,Unlisted,n.a.
,,,,,,,,,,,,,,,,,,Cash,,"232,000"
2229.,1941559268,NORTH AMERICAN PIPE CORPORATION,US,LASCO FITTINGS INC.,US,Acquisition 100%,Completed,"252,000.00",19.08.2021,100.00000,0.00000,100.00000,326122,326122,,,05.07.2021,Cash,Unlisted,"252,000"
2230.,2007898590,SUPERIOR LIVING FOUNDATION INC.,US,14 SKILLED NURSING FACILITIES IN EASTERN TEXAS,US,Acquisition 100%,Completed,"250,200.00",11.03.2025,100.00000,0.00000,100.00000,623110,621111,,,11.03.2025,,Unlisted,n.a.
2231.,2008662160,BELCREST VACATIONS ACQUISITIONS LLC,US,TOWNEBANK'S RESORT PROPERTY MANAGEMENT SEGMENT,,Acquisition 100%,Completed,"250,000.00",06.04.2026,100.00000,0.00000,100.00000,522110,518210,,,06.04.2026,,Unlisted,n.a.
,,,,TOWNE VACATIONS LLC,US,,,,,100.00000,0.00000,100.00000,721110,,,,,,Unlisted,
2232.,2008534254,LOAR HOLDINGS INC.,US,HARPER ENGINEERING COMPANY,US,Acquisition 100%,Completed,"250,000.00",22.01.2026,100.00000,0.00000,100.00000,336413,336411,,,22.01.2026,Cash Reserves,Unlisted,n.a.
,,,,,,,,,,,,,,,,,,Cash,,"250,000"
2233.,2008450820,LOGICMONITOR INC.,US,CATCHPOINT SYSTEMS INC.,US,Acquisition 100%,Completed,"250,000.00",02.12.2025,100.00000,0.00000,100.00000,511210,518210,,,02.12.2025,Cash,Unlisted,n.a.
2234.,2008377552,BIGBEAR.AI HOLDINGS INC.,US,ASK SAGE INC.,US,Acquisition 100%,Completed,"250,000.00",31.12.2025,100.00000,0.00000,100.00000,518210,518210,BBAI,,10.11.2025,Shares,Unlisted,n.a.
,,,,,,,,,,,,,,,,,,Cash,,n.a.
,,,,,,,,,,,,,,,,,,Earn-out,,"110,000"
2235.,2008275106,CIRRATA VI LLC,US,ARMADACARE LLC,US,Acquisition 100%,Completed,"250,000.00",03.11.2025,100.00000,0.00000,100.00000,524114,551114,,,29.09.2025,Cash,Unlisted,"250,000"
,,,,,,,,,,,,,,,,,,Cash Reserves,,n.a.
2236.,2008157409,SENTINELONE INC.,US,PROMPT SECURITY INC.,US,Acquisition 100%,Completed,"250,000.00",05.09.2025,100.00000,0.00000,100.00000,518210,518210,S,,05.08.2025,Shares,Unlisted,n.a.
,,,,,,,,,,,,,,,,,,Cash,,n.a.
2237.,2008121392,COATUE US 24 LLC,US,VIVINT SOLAR INC.,US,Acquisition 100%,Completed,"250,000.00",18.08.2022,100.00000,0.00000,100.00000,238210,523910,,VSLR,18.08.2020,,Delisted,n.a.
2238.,2007955958,NOVA INFRASTRUCTURE MANAGEMENT LLC,US,DARTPOINTS HOLDING COMPANY LLC,US,Acquisition unknown majority stake %,Completed,"250,000.00",30.04.2025,Unknown majority,0.00000,Unknown majority,518210,523910,,,30.04.2025,Cash,Unlisted,"250,000"
,,OIC LP,US,,,,,,,,,,,523930,,,,,,
2239.,2007845176,GLOBUS MEDICAL INC.,US,NEVRO CORPORATION,US,Acquisition 100%,Completed,"250,000.00",03.04.2025,100.00000,0.00000,100.00000,339112,339113,GMED,NVRO,06.02.2025,Cash,Delisted,"250,000"
2240.,2007723269,ZETA GLOBAL HOLDINGS CORPORATION,US,LIVEINTENT INC.,US,Acquisition 100%,Completed,"250,000.00",21.10.2024,100.00000,0.00000,100.00000,518210,518210,ZETA,,08.10.2024,Cash Reserves,Unlisted,n.a.
,,,,,,,,,,,,,,,,,,Cash,,"115,000"
,,,,,,,,,,,,,,,,,,Earn-out,,"100,000"
,,,,,,,,,,,,,,,,,,Shares,,"235,000"
2241.,2007675723,"SYNERGOS COMPANIES LLC, THE",US,ODC CONSTRUCTION LLC,US,Acquisition 100%,Completed,"250,000.00",29.08.2024,100.00000,0.00000,100.00000,531311,551112,,,29.08.2024,,Unlisted,n.a.
2242.,2007599140,ABBVIE INC.,US,CELSIUS THERAPEUTICS INC.,US,Acquisition 100%,Completed,"250,000.00",27.06.2024,0.00000,0.00000,0.00000,541715,541713,ABBV,,27.06.2024,Cash,Unlisted,"250,000"
2243.,2007237633,CHURCHILL DOWNS INC.,US,EXACTA SYSTEMS LLC,US,Acquisition 100%,Completed,"250,000.00",22.08.2023,100.00000,0.00000,100.00000,333318,711212,CHDN,,19.12.2022,Cash,Unlisted,"250,000"
,,,,,,,,,,,,,,,,,,Cash Reserves,,n.a.
2244.,2007158966,EVERGY INC.,US,SCOUT CLEAN ENERGY LLC AND ELAWAN ENERGY SL'S 199-MEGAWATT PERSIMMON CREEK WIND FARM IN WESTERN OKLAHOMA,US,Acquisition 100%,Completed,"250,000.00",23.05.2023,100.00000,0.00000,100.00000,221115,221122,EVRG,,09.08.2022,,Unlisted,n.a.
2245.,2007156185,EASTERN BAND OF CHEROKEE INDIANS INC.,US,CAESARS ENTERTAINMENT CORPORATION'S SOUTHERN INDIANA OPERATIONS,US,Acquisition 100%,Completed,"250,000.00",03.09.2021,100.00000,0.00000,100.00000,721120,921150,,,03.09.2021,,Unlisted,n.a.
2246.,2007044529,MR SHAWN CARTER,US,MITCHELL & NESS NOSTALGIA COMPANY INC.,US,Acquisition 100%,Completed,"250,000.00",18.02.2022,100.00000,0.00000,100.00000,315220,525920,,,18.02.2022,,Unlisted,n.a.
,,FANATICS INC.,US,,,,,,,,,,,448140,,,,,,
,,MR MAVERICK CARTER,US,,,,,,,,,,,525920,,,,,,
,,MR MEEK MILL,,,,,,,,,,,,525920,,,,,,
,,MR DOMINIQUE ARMANI JONES,US,,,,,,,,,,,525920,,,,,,
,,D’AMELIO FAMILY,,,,,,,,,,,,525920,,,,,,
2247.,2007015978,B RILEY PRINCIPAL INVESTMENTS LLC,US,TARGUS GROUP INTERNATIONAL INC.,US,Acquisition 100%,Completed,"250,000.00",19.10.2022,100.00000,0.00000,100.00000,334118,523910,,,19.10.2022,Bonds,Unlisted,"114,000"
,,,,,,,,,,,,,,,,,,Liabilities,,n.a.
2248.,1941716626,CHASE CORPORATION,US,NUCERA HOLDINGS INC.,US,Acquisition 100%,Completed,"250,000.00",01.09.2022,100.00000,0.00000,100.00000,325998,325510,CCF,,18.07.2022,Cash Reserves,Unlisted,n.a.
,,,,,,,,,,,,,,,,,,Cash,,"250,000"
2249.,1941708593,HUNTSMAN CORPORATION,US,GABRIEL PERFORMANCE PRODUCTS LLC,US,Acquisition 100%,Completed,"250,000.00",15.01.2021,100.00000,0.00000,100.00000,325998,325199,HUN,,07.12.2020,Cash Reserves,Unlisted,n.a.
,,,,,,,,,,,,,,,,,,Cash,,"250,000"
2250.,1941679424,REGENERON PHARMACEUTICALS INC.,US,CHECKMATE PHARMACEUTICALS INC.,US,Acquisition 100%,Completed,"250,000.00",31.05.2022,100.00000,0.00000,100.00000,541713,541713,REGN,CMPI,19.04.2022,Cash,Delisted,"250,000"
2251.,1941659509,CALPORTLAND COMPANY,US,"MARTIN MARIETTA MATERIALS INC.'S CEMENT AND READY MIXED CONCRETE OPERATIONS IN WEST COAST, US",US,Acquisition 100%,Completed,"250,000.00",31.12.2022,100.00000,0.00000,100.00000,327310,327310,,,01.03.2022,Cash,Unlisted,"250,000"
2252.,1941657365,VERISK ANALYTICS INC.,US,INFUTOR DATA SOLUTIONS LLC,US,Acquisition 100%,Completed,"250,000.00",24.02.2022,100.00000,0.00000,100.00000,511210,518210,VRSK,,24.02.2022,Earn-out,Unlisted,"25,000"
2253.,1941647424,PLAID INC.,US,BLOCKSCORE INC.,US,Acquisition 100%,Completed,"250,000.00",20.01.2022,100.00000,0.00000,100.00000,518210,518210,,,20.01.2022,,Unlisted,n.a.
2254.,1941545327,SCIENCE APPLICATIONS INTERNATIONAL CORPORATION,US,HALFAKER AND ASSOCIATES LLC,US,Acquisition 100%,Completed,"250,000.00",02.07.2021,100.00000,0.00000,100.00000,541511,541512,SAIC,,03.06.2021,Cash,Unlisted,"250,000"
,,,,,,,,,,,,,,,,,,Cash Reserves,,n.a.
2255.,1941527947,LIFEPOINT HEALTH INC.,US,SPRINGSTONE HEALTH OPCO LLC,US,Acquisition unknown majority stake %,Completed,"250,000.00",07.02.2023,Unknown majority,0.00000,Unknown majority,622210,622110,LPNT,,29.08.2022,Liabilities,Unlisted,"200,000"
2256.,1941480044,MONDELEZ INTERNATIONAL INC.,US,HU MASTER HOLDINGS LLC,US,Acquisition unknown remaining stake %,Completed,"250,000.00",04.01.2021,Unknown remaining %,Unknown %,Unknown majority,311351,311919,MDLZ,,04.01.2021,Earn-out,Unlisted,n.a.
2257.,1941476940,GENERAL SHALE BRICK INC.,US,MERIDIAN BRICK LLC,US,Acquisition 100%,Completed,"250,000.00",06.10.2021,100.00000,0.00000,100.00000,327331,327120,,,18.12.2020,,Unlisted,n.a.
2258.,1941359423,SCM METAL PRODUCTS INC.,US,READING ALLOYS INC.,US,Acquisition 100%,Completed,"250,000.00",23.03.2020,100.00000,0.00000,100.00000,332999,331420,,,07.01.2020,Cash,Unlisted,"250,000"
2259.,1941239163,FIREEYE INC.,US,VERODIN INC.,US,Acquisition 100%,Completed,"250,000.00",28.05.2019,100.00000,0.00000,100.00000,541511,518210,MNDT,,28.05.2019,Cash assumed,Unlisted,n.a.
,,,,,,,,,,,,,,,,,,Shares,,n.a.
,,,,,,,,,,,,,,,,,,Cash,,n.a.
2260.,2007583146,SHIFT4 PAYMENTS INC.,US,REVEL SYSTEMS INC.,US,Acquisition 100%,Completed,"250,000.00",14.06.2024,100.00000,0.00000,100.00000,518210,511210,FOUR,,10.05.2024,Cash,Unlisted,"250,000"
,,,,,,,,,,,,,,,,,,Cash Reserves,,n.a.
2261.,1941623994,8X8 INC.,US,FUZE INC.,US,Acquisition 100%,Completed,"250,000.00",18.01.2022,100.00000,0.00000,100.00000,518210,518210,EGHT,,01.12.2021,Shares,Unlisted,"120,000"
,,,,,,,,,,,,,,,,,,Liabilities,,n.a.
,,,,,,,,,,,,,,,,,,Cash,,"130,000"
2262.,1941615106,ZIMMER BIOMET HOLDINGS INC.,US,A&E MEDICAL CORPORATION,US,Acquisition 100%,Completed,"250,000.00",01.12.2020,100.00000,0.00000,100.00000,339112,339113,ZBH,,01.12.2020,Cash,Unlisted,"250,000"
,,,,,,,,,,,,,,,,,,Deferred payment,,n.a.
2263.,1941532597,ZYNGA INC.,US,CHARTBOOST INC.,US,Acquisition 100%,Completed,"250,000.00",04.08.2021,100.00000,0.00000,100.00000,518210,541511,ZNGA,,05.05.2021,Cash,Unlisted,"250,000"
2264.,2007096451,INDIE SEMICONDUCTOR INC.,US,GEO SEMICONDUCTOR INC.,US,Acquisition 100%,Completed,"249,300.00",03.03.2023,100.00000,0.00000,100.00000,334413,334413,,,09.02.2023,Shares,Unlisted,n.a.
,,,,,,,,,,,,,,,,,,Cash,,n.a.
,,,,,,,,,,,,,,,,,,Earn-out,,"59,300"
2265.,1941218645,WEWORK COMPANIES INC.,US,MANAGED BY Q INC.,US,Acquisition 100%,Completed,"249,000.00",03.04.2019,100.00000,0.00000,100.00000,511210,531120,,,03.04.2019,,Unlisted,n.a.
2266.,2007218070,ESTES EXPRESS LINES CORPORATION,US,YELLOW CORPORATION'S 24 TRUCKING TERMINALS,US,Acquisition 100%,Completed,"248,700.00",04.12.2023,100.00000,0.00000,100.00000,484122,484121,,,21.09.2023,,Unlisted,n.a.
2267.,1941642189,LANDSEA HOMES CORPORATION,US,HANOVER FAMILY BUILDERS LLC,US,Acquisition 100%,Completed,"248,600.00",19.01.2022,100.00000,0.00000,100.00000,236117,236117,LFACU,,19.01.2022,Liabilities,Unlisted,"69,300"
2268.,2008144155,EURONET WORLDWIDE INC.,US,CORECARD CORPORATION,US,Acquisition 100%,Completed,"248,000.00",04.08.2025,100.00000,0.00000,100.00000,522210,522320,EEFT,CCRD,31.07.2025,Shares,Delisted,"248,000"
2269.,1941523334,NICOLET BANKSHARES INC.,US,MACKINAC FINANCIAL CORPORATION,US,Acquisition 100%,Completed,"248,000.00",03.09.2021,100.00000,0.00000,100.00000,522110,522110,NIC,MFNC,12.04.2021,Cash,Delisted,"49,600"
,,,,,,,,,,,,,,,,,,Shares,,"198,400"
2270.,1941481556,UNDISCLOSED ACQUIROR,,NPC INTERNATIONAL INC.'S 190 WENDY'S RESTAURANTS,US,Acquisition 100%,Completed,"248,000.00",24.03.2021,100.00000,0.00000,100.00000,722511,551114,,,07.01.2021,,Unlisted,n.a.
,,WENDY'S INTERNATIONAL LLC,US,,,,,,,,,,,722511,WEN,,,,,
2271.,2007342822,GRAPHITE BIO INC.,US,LENZ THERAPEUTICS INC.,US,Acquisition 100%,Completed,"247,728.00",21.03.2024,100.00000,0.00000,100.00000,541713,541713,LENZ,,15.11.2023,Shares,Unlisted,"247,728"
2272.,1941300071,AVERY DENNISON CORPORATION,US,SMARTRAC TECHNOLOGY MALAYSIA SDN BHD,MY,Acquisition 100%,Completed,"247,570.53",28.02.2020,100.00000,0.00000,100.00000,334419,325211,AVY,,20.11.2019,Cash,Unlisted,"247,571"
,,,,SMARTRAC TECHNOLOGY FLETCHER INC.,US,,,,,100.00000,0.00000,100.00000,334419,,,,,Cash Reserves,Unlisted,n.a.
,,,,"SMARTRAC TECHNOLOGY (GUANGZHOU) CO., LTD",CN,,,,,100.00000,0.00000,100.00000,334419,,,,,,Unlisted,
,,,,SMARTRAC TECHNOLOGY GERMANY GMBH,DE,,,,,100.00000,0.00000,100.00000,334419,,,,,,Unlisted,
,,,,SMARTRAC TECHNOLOGY GMBH,DE,,,,,100.00000,0.00000,100.00000,334419,,,,,,Unlisted,
,,,,SMARTRAC INVESTMENT BV,NL,,,,,100.00000,0.00000,100.00000,533110,,,,,,Unlisted,
2273.,1941225814,ELANCO ANIMAL HEALTH INC.,US,ARATANA THERAPEUTICS INC.,US,Acquisition 100%,Completed,"247,150.00",18.07.2019,100.00000,0.00000,100.00000,325412,325414,ELAN,PETX,26.04.2019,Cash,Delisted,"12,242"
,,,,,,,,,,,,,,,,,,Earn-out,,"12,242"
,,,,,,,,,,,,,,,,,,Shares,,"234,908"
2274.,2007457264,BEACON INTERACTIVE SYSTEMS LLC,US,SABER INTERACTIVE INC.'S ASSETS,US,Acquisition 100%,Completed,"247,000.00",28.03.2024,100.00000,0.00000,100.00000,511210,511210,,,14.03.2024,Deferred payment,Unlisted,n.a.
2275.,2007846993,FACTSET RESEARCH SYSTEMS INC.,US,LIQUIDITYBOOK LLC,US,Acquisition 100%,Completed,"246,500.00",07.02.2025,100.00000,0.00000,100.00000,518210,511210,FDS,,07.02.2025,Cash,Unlisted,"246,500"
2276.,1941674035,CALLODINE MIDCO INC.,US,MANNING & NAPIER INC.,US,Acquisition 100%,Completed,"245,748.00",21.10.2022,100.00000,0.00000,100.00000,523920,523920,,MN,01.04.2022,Cash,Delisted,"245,748"
2277.,2007819309,GLACIER BANCORP INC.,US,BANK OF IDAHO HOLDING COMPANY,US,Acquisition 100%,Completed,"245,400.00",01.05.2025,100.00000,0.00000,100.00000,551112,522110,GBCI,BOID,13.01.2025,Shares,Delisted,"245,400"
2278.,2008545460,WERNER ENTERPRISES INC.,US,FIRSTFLEET INC.,US,Acquisition 100%,Completed,"245,000.00",27.01.2026,100.00000,0.00000,100.00000,484110,484121,WERN,,27.01.2026,Earn-out,Unlisted,"35,000"
,,,,,,,,,,,,,,,,,,Cash,,n.a.
,,,,,,,,,,,,,,,,,,Cash Reserves,,n.a.
2279.,2007915018,RPC INC.,US,PINTAIL ALTERNATIVE ENERGY LLC,US,Acquisition 100%,Completed,"245,000.00",02.04.2025,100.00000,0.00000,100.00000,213112,213112,RES,,02.04.2025,Cash,Unlisted,"170,000"
,,,,,,,,,,,,,,,,,,Shares,,"25,000"
,,,,,,,,,,,,,,,,,,Bonds,,"50,000"
,,,,,,,,,,,,,,,,,,Cash Reserves,,n.a.
2280.,2007769417,LANDBRIDGE COMPANY LLC,US,WOLF BONE RANCH PARTNERS LLC,US,Acquisition 100%,Completed,"245,000.00",20.12.2024,100.00000,0.00000,100.00000,237210,211120,LB,,19.11.2024,Cash,Unlisted,"245,000"
2281.,2007653714,RURAL HEALTHCARE GROUP,US,STEWARD HEALTH CARE NETWORK,US,Acquisition 100%,Completed,"245,000.00",31.10.2024,100.00000,0.00000,100.00000,622110,622110,,,13.08.2024,Cash,Unlisted,"245,000"
,,,,STEWARD MEDICAL GROUP,US,,,,,100.00000,0.00000,100.00000,622110,,,,,,Unlisted,
2282.,2007583888,WAVESTREAM CORPORATION,US,STELLAR BLU SOLUTIONS LLC,US,Acquisition 100%,Completed,"245,000.00",07.01.2025,100.00000,0.00000,100.00000,541715,335999,,,17.06.2024,Earn-out,Unlisted,"147,000"
,,,,,,,,,,,,,,,,,,Cash Reserves,,n.a.
,,,,,,,,,,,,,,,,,,Cash,,"245,000"
2283.,2007316987,ACCENTURE SONG PRODUCTION STUDIOS US LLC,US,CONCENTRIC PARTNERS LLC,US,Acquisition 100%,Completed,"245,000.00",01.11.2023,100.00000,0.00000,100.00000,541613,518210,,,25.10.2023,Cash,Unlisted,"245,000"
2284.,1941343650,1-800-FLOWERS.COM INC.,US,PERSONALIZATIONMALL.COM LLC,US,Acquisition 100%,Completed,"245,000.00",03.08.2020,100.00000,0.00000,100.00000,453220,453110,FLWS,,18.02.2020,Cash Reserves,Unlisted,n.a.
,,,,,,,,,,,,,,,,,,Cash,,"245,000"
2285.,2007953875,ASTEC INDUSTRIES INC.,US,TERRASOURCE HOLDINGS LLC,US,Acquisition 100%,Completed,"245,000.00",01.07.2025,100.00000,0.00000,100.00000,333249,333120,ASTE,,29.04.2025,Cash,Unlisted,"245,000"
2286.,1941160084,FORRESTER RESEARCH INC.,US,SIRIUSDECISIONS INC.,US,Acquisition 100%,Completed,"245,000.00",03.01.2019,100.00000,0.00000,100.00000,541910,541910,FORR,,26.11.2018,Cash Reserves,Unlisted,n.a.
,,,,,,,,,,,,,,,,,,Cash,,"245,000"
2287.,1941658915,MN8 ENERGY LLC,US,NEW ENERGY SOLAR LTD'S REMAINING 14 US-BASED SOLAR POWER ASSETS,US,Acquisition 100%,Completed,"244,500.00",18.11.2022,100.00000,0.00000,100.00000,221114,523910,,,22.08.2022,Shares,Unlisted,"244,500"
2288.,1941561693,LAKELAND BANCORP INC.,US,1ST CONSTITUTION BANCORP,US,Acquisition 100%,Completed,"244,400.00",06.01.2022,100.00000,0.00000,100.00000,522110,522110,LBAI,FCCY,12.07.2021,Shares,Delisted,"244,400"
2289.,2008426795,FULTON FINANCIAL CORPORATION,US,BLUE FOUNDRY BANCORP,US,Acquisition 100%,Completed,"243,000.00",01.04.2026,100.00000,0.00000,100.00000,522110,522110,FULT,BLFY,24.11.2025,Shares,Delisted,"243,000"
2290.,2007939485,ALUMIS INC.,US,ACELYRIN INC.,US,Acquisition 100% Bid 2 – Increased,Completed,"242,883.00",21.05.2025,100.00000,0.00000,100.00000,541713,541713,,SLRN,21.04.2025,Shares,Delisted,"242,883"
2291.,1941459080,AMERICAN ITALIAN PASTA COMPANY,US,RIVIANA FOODS INC.'S US BRANDED PASTA AND NOODLE BUSINESS,US,Acquisition unknown majority stake %,Completed,"242,500.00",11.12.2020,Unknown majority,0.00000,Unknown majority,311824,311824,AIPC,,05.11.2020,Cash,Unlisted,"242,500"
,,,,,,,,,,,,,,,,,,Cash Reserves,,n.a.
2292.,2007405594,LANDSEA HOMES CORPORATION,US,ANTARES ACQUISITION LLC,US,Acquisition 100%,Completed,"242,500.00",02.04.2024,100.00000,0.00000,100.00000,237210,236117,LFACU,,09.01.2024,Cash,Unlisted,"242,500"
,,,,,,,,,,,,,,,,,,Liabilities,,"43,200"
2293.,1941575913,CREATION TECHNOLOGIES INTERNATIONAL INC.,US,IEC ELECTRONICS CORPORATION,US,Acquisition 100%,Completed,"242,400.00",06.10.2021,100.00000,0.00000,100.00000,334412,334419,,IEC,12.08.2021,Liabilities,Delisted,"68,600"
,,,,,,,,,,,,,,,,,,Cash,,"173,800"
2294.,2007706495,APOGEE ENTERPRISES INC.,US,UW INTERCO LLC,US,Acquisition 100%,Completed,"242,000.00",04.11.2024,100.00000,0.00000,100.00000,325510,332321,APOG,,25.09.2024,Cash,Unlisted,"242,000"
,,,,,,,,,,,,,,,,,,Liabilities,,n.a.
,,,,,,,,,,,,,,,,,,Cash Reserves,,n.a.
2295.,2008267972,FIRST MERCHANTS CORPORATION,US,FIRST SAVINGS FINANCIAL GROUP INC.,US,Acquisition 100%,Completed,"241,300.00",02.02.2026,100.00000,0.00000,100.00000,522110,522110,FRME,FSFG,25.09.2025,Shares,Delisted,"241,300"
2296.,2007280484,V99 INC.,US,TELENAV INC.,US,Acquisition 100%,Completed,"241,000.00",17.02.2021,100.00000,0.00000,100.00000,541511,551114,,TNAV,03.11.2020,Cash,Delisted,"241,000"
2297.,2007375663,LNGR LLC,US,GHOST ROBOTICS CORPORATION,US,Acquisition 60%,Completed,"240,000.00",28.07.2024,60.00000,0.00000,60.00000,335999,523910,,,08.12.2023,Cash,Unlisted,"240,000"
,,,,,,,,,,,,,,,,,,Liabilities,,n.a.
2298.,2007333109,VIVID SEATS INC.,US,VEGAS.COM LLC,US,Acquisition 100%,Completed,"240,000.00",07.11.2023,100.00000,0.00000,100.00000,518210,518210,SEAT,,07.11.2023,Shares,Unlisted,"88,800"
,,,,,,,,,,,,,,,,,,Cash,,"151,200"
2299.,2007147828,AMERICAN FINANCIAL GROUP INC.,US,CROP RISK SERVICES INC.,US,Acquisition 100%,Completed,"240,000.00",03.07.2023,100.00000,0.00000,100.00000,524126,524126,AFG,,02.05.2023,Cash,Unlisted,"240,000"
,,,,,,,,,,,,,,,,,,Cash Reserves,,n.a.
2300.,1941647006,CURTISS-WRIGHT CORPORATION,US,SAFRAN AEROSYSTEMS ARRESTING COMPANY'S ASSETS,US,Acquisition 100%,Completed,"240,000.00",05.07.2022,100.00000,0.00000,100.00000,336413,334513,CW,,21.01.2022,Cash,Unlisted,"240,000"
2301.,1941646023,BLACKLINE INC.,US,FOURQ SYSTEMS INC.,US,Acquisition 100%,Completed,"240,000.00",26.01.2022,100.00000,0.00000,100.00000,518210,518210,BL,,26.01.2022,Cash,Unlisted,n.a.
,,,,,,,,,,,,,,,,,,Earn-out,,"75,000"
,,,,,,,,,,,,,,,,,,Cash Reserves,,n.a.
2302.,1941645993,MARAVAI LIFESCIENCES HOLDINGS INC.,US,MYCHEM LLC,US,Acquisition 100%,Completed,"240,000.00",28.01.2022,100.00000,0.00000,100.00000,325414,541713,,,28.01.2022,Earn-out,Unlisted,n.a.
,,,,,,,,,,,,,,,,,,Cash,,n.a.
2303.,1941518108,ORGANON & COMPANY,US,ALYDIA HEALTH INC.,US,Acquisition 100%,Completed,"240,000.00",16.06.2021,100.00000,0.00000,100.00000,339112,325412,OGN,,30.03.2021,Earn-out,Unlisted,"25,000"
,,,,,,,,,,,,,,,,,,Cash,,n.a.
2304.,1941466107,COMPUGROUP HOLDING USA INC.,US,E-MDS INC.,US,Acquisition 100%,Completed,"240,000.00",22.12.2020,100.00000,0.00000,100.00000,511210,511210,,,23.11.2020,Liabilities,Unlisted,n.a.
2305.,1941338986,MTN INFRASTRUCTURE TOPCO INC.,US,NORTH STATE TELECOMMUNICATIONS CORPORATION,US,Acquisition 100%,Completed,"240,000.00",19.05.2020,100.00000,0.00000,100.00000,517312,517311,,NORSA,09.12.2019,Liabilities,Delisted,n.a.
,,,,,,,,,,,,,,,,,,Cash,,n.a.
2306.,1941225838,REPLIGEN CORPORATION,US,C TECHNOLOGIES INC.,US,Acquisition 100%,Completed,"240,000.00",31.05.2019,100.00000,0.00000,100.00000,334513,325411,RGEN,,26.04.2019,Shares,Unlisted,"45,000"
,,,,,,,,,,,,,,,,,,Cash,,"195,000"
,,,,,,,,,,,,,,,,,,Cash Reserves,,n.a.
2307.,1941553996,CONSTANT CONTACT INC.,US,SHARPSPRING INC.,US,Acquisition 100%,Completed,"240,000.00",01.09.2021,100.00000,0.00000,100.00000,518210,511210,CTCT,SHSP,22.06.2021,Liabilities,Delisted,n.a.
,,,,,,,,,,,,,,,,,,Cash,,n.a.
2308.,2008280179,CHIMERA FUNDING TRS LLC,US,HOMEXPRESS MORTGAGE CORPORATION,US,Acquisition 100%,Completed,"239,500.00",01.10.2025,100.00000,0.00000,100.00000,522310,522310,,,11.06.2025,Cash,Unlisted,"120,000"
,,,,,,,,,,,,,,,,,,Shares,,"28,852"
2309.,2008280168,CHIMERA FUNDING TRS LLC,US,HOMEXPRESS MORTGAGE CORPORATION,US,Acquisition 100%,Completed,"239,500.00",01.10.2025,100.00000,0.00000,100.00000,522310,522310,,,11.06.2025,Cash,Unlisted,"120,000"
,,,,,,,,,,,,,,,,,,Shares,,"28,852"
2310.,2007438363,LABORATORY CORPORATION OF AMERICA HOLDINGS,US,INVITAE CORPORATION'S ASSETS,US,Acquisition 100%,Completed,"239,000.00",05.08.2024,100.00000,0.00000,100.00000,621511,621511,LH,,24.04.2024,Cash,Unlisted,"239,000"
2311.,2007547941,FIRST BRANDS GROUP LLC,US,LUMILEDS LLC'S LAMPS AND ACCESSORIES BUSINESS,US,Acquisition 100%,Completed,"238,000.00",02.08.2024,100.00000,0.00000,100.00000,334515,336390,,,17.05.2024,,Unlisted,n.a.
2312.,1941341608,JBS USA LLC,US,EMPIRE PACKING COMPANY LP'S LEDBETTER BRAND,US,Acquisition 100%,Completed,"238,000.00",06.04.2020,100.00000,0.00000,100.00000,424470,112111,,,18.02.2020,,Unlisted,n.a.
,,,,EMPIRE PACKING COMPANY LP'S FIVE CASE READY PRODUCTION FACILITIES,US,,,,,100.00000,0.00000,100.00000,311612,,,,,,Unlisted,
2313.,1941650348,HOME BANCSHARES INC.,US,LENDINGCLUB BANK NA'S PERFORMING MARINE LOAN PORTFOLIO,US,Acquisition 100%,Completed,"238,000.00",07.02.2022,100.00000,0.00000,100.00000,522291,522110,HOMB,,07.02.2022,,Unlisted,n.a.
2314.,1941194206,CARROLS RESTAURANT GROUP INC.,US,CAMBRIDGE FRANCHISE HOLDINGS LLC'S 166 BURGER KING RESTAURANTS,US,Acquisition 100%,Completed,"238,000.00",30.04.2019,100.00000,0.00000,100.00000,722513,722513,TAST,,20.02.2019,Liabilities,Unlisted,"100,000"
,,,,CAMBRIDGE FRANCHISE HOLDINGS LLC'S 55 POPEYES RESTAURANTS,US,,,,,100.00000,0.00000,100.00000,722513,,,,,Shares,Unlisted,"238,000"
,,,,CAMBRIDGE FRANCHISE HOLDINGS LLC'S RESTAURANTS PORTFOLIO,US,,,,,100.00000,0.00000,100.00000,722513,,,,,,Unlisted,
2315.,2007693638,LABORATORY CORPORATION OF AMERICA HOLDINGS,US,BIOREFERENCE HEALTH LLC'S LABORATORY TESTING BUSINESSES,US,Acquisition 100%,Completed,"237,500.00",16.09.2024,100.00000,0.00000,100.00000,541380,621511,LH,,28.03.2024,,Unlisted,n.a.
2316.,2007970463,MPLX LP,US,SHIPROCK MIDSTREAM LLC'S SAN JUAN BASIN MIDSTREAM BUSINESS,US,Acquisition 100%,Completed,"237,000.00",09.05.2025,100.00000,0.00000,100.00000,237120,211120,MPLX,,09.05.2025,Cash,Unlisted,"237,000"
2317.,1941596009,SILGAN HOLDINGS INC.,US,UNICEP PACKAGING LLC,US,Acquisition 100%,Completed,"237,000.00",30.09.2021,100.00000,0.00000,100.00000,326112,332431,SLGN,,30.09.2021,Liabilities,Unlisted,n.a.
2318.,1941442490,VISION INVESTMENT LLC,US,ALLUXA INC.,US,Acquisition 100%,Completed,"237,000.00",26.10.2020,100.00000,0.00000,100.00000,333314,333314,,,28.09.2020,Shares,Unlisted,n.a.
,,,,,,,,,,,,,,,,,,Cash assumed,,"18,000"
,,,,,,,,,,,,,,,,,,Cash Reserves,,n.a.
,,,,,,,,,,,,,,,,,,Cash,,n.a.
2319.,1941568749,CITIZENS BUSINESS BANK,US,SUNCREST BANK,US,Acquisition 100%,Completed,"237,000.00",07.01.2022,100.00000,0.00000,100.00000,522110,522110,,SBKK,27.07.2021,Cash,Delisted,"39,000"
,,,,,,,,,,,,,,,,,,Shares,,"165,000"
2320.,2007290114,WPF HOLDINGS INC.,US,VIRTUAL HEALTH HOLDINGS INC.,US,Acquisition 100%,Completed,"236,060.00",21.02.2024,100.00000,0.00000,100.00000,621610,511210,,,04.10.2023,Earn-out,Unlisted,"85,840"
,,,,,,,,,,,,,,,,,,Shares,,"236,060"
2321.,2007685466,NBT BANCORP INC.,US,EVANS BANCORP INC.,US,Acquisition 100%,Completed,"236,000.00",02.05.2025,100.00000,0.00000,100.00000,522110,551111,NBTB,EVBN,09.09.2024,Shares,Delisted,"236,000"
2322.,1941345820,STONEX GROUP INC.,US,GAIN CAPITAL HOLDINGS INC.,US,Acquisition 100%,Completed,"236,000.00",31.07.2020,100.00000,0.00000,100.00000,523210,523930,SNEX,GCAP,27.02.2020,Cash,Delisted,"236,000"
2323.,2007368426,SAIA INC.,US,YELLOW CORPORATION'S 17 TRUCKING TERMINALS,US,Acquisition 100%,Completed,"235,700.00",04.12.2023,100.00000,0.00000,100.00000,484122,484122,SAIA,,21.09.2023,,Unlisted,n.a.
2324.,2008216889,EDGEWELL PERSONAL CARE COMPANY,US,CREMO COMPANY LLC,US,Acquisition 100%,Completed,"235,000.00",04.08.2022,100.00000,0.00000,100.00000,325620,325620,EPC,,04.08.2020,Cash,Unlisted,"235,000"
2325.,2007878325,RITCHIE BROS AUCTIONEERS AMERICA INC.,US,JM WOOD AUCTION COMPANY INC.,US,Acquisition 100%,Completed,"235,000.00",14.07.2025,100.00000,0.00000,100.00000,561990,551112,,,11.03.2025,Cash,Unlisted,"235,000"
,,,,,,,,,,,,,,,,,,Deferred payment,,n.a.
2326.,2007297154,POST HOLDINGS INC.,US,PERFECTION PET FOODS LLC'S ASSETS,US,Acquisition 100%,Completed,"235,000.00",04.12.2023,100.00000,0.00000,100.00000,311111,311230,POST,,10.10.2023,,Unlisted,n.a.
2327.,1941374607,AMEDISYS HOSPICE LLC,US,HOMECARE PREFERRED CHOICE INC.,US,Acquisition 100%,Completed,"235,000.00",01.06.2020,100.00000,0.00000,100.00000,623110,621610,,,27.04.2020,Cash Reserves,Unlisted,n.a.
,,,,,,,,,,,,,,,,,,Cash,,"235,000"
2328.,1941224921,SONIC FINANCIAL CORPORATION,US,SPEEDWAY MOTORSPORTS INC.,US,Acquisition increased from 71.984% to 100%,Completed,"234,115.00",17.09.2019,28.01600,71.98400,100.00000,711212,551112,,TRK,24.07.2019,Cash,Delisted,"234,115"
2329.,2007474495,EXUS NORTH AMERICA HOLDINGS LLC,US,NM RENEWABLE DEVELOPMENT LLC,US,Acquisition 100%,Completed,"234,000.00",28.02.2024,100.00000,0.00000,100.00000,221118,523920,,,26.12.2023,Cash,Unlisted,"115,000"
2330.,2007774793,BENDING SPOONS US INC.,US,BRIGHTCOVE INC.,US,Acquisition 100%,Completed,"233,000.00",04.02.2025,100.00000,0.00000,100.00000,518210,511210,,BCOV,25.11.2024,Cash,Delisted,"233,000"
2331.,1941524673,RELIANCE STANDARD LIFE INSURANCE COMPANY,US,STANDARD SECURITY LIFE INSURANCE COMPANY OF NEW YORK,US,Acquisition 100%,Completed,"233,000.00",03.01.2022,100.00000,0.00000,100.00000,524113,524113,,,15.04.2021,Cash,Unlisted,"180,000"
,,,,,,,,,,,,,,,,,,Dividend,,"53,000"
2332.,2008384873,DURAVANT LLC,US,MATTHEWS INTERNATIONAL CORPORATION'S WAREHOUSE AUTOMATION BUSINESS,US,Acquisition 100%,Completed,"232,100.00",31.12.2025,100.00000,0.00000,100.00000,541613,333241,,,13.11.2025,Cash,Unlisted,"225,400"
,,,,,,,,,,,,,,,,,,Liabilities,,"6,700"
2333.,2007407884,GLOBAL FEDERAL CREDIT UNION,US,FIRST FINANCIAL NORTHWEST BANK'S ASSETS,US,Acquisition 100%,Completed,"231,200.00",11.04.2025,100.00000,0.00000,100.00000,522110,523910,,,10.01.2024,Cash,Unlisted,"231,200"
,,,,,,,,,,,,,,,,,,Liabilities,,n.a.
2334.,1941673776,NATIONAL BANK HOLDINGS CORPORATION,US,BANCSHARES OF JACKSON HOLE INC.,US,Acquisition 100%,Completed,"230,232.00",15.10.2022,100.00000,0.00000,100.00000,522110,522110,NBHC,,01.04.2022,Cash,Unlisted,"53,000"
,,,,,,,,,,,,,,,,,,Shares,,"177,232"
2335.,2008468499,GENCOM PLATFORM LLC,US,INTERCONTINENTAL NEW YORK TIMES SQUARE,US,Acquisition 100%,Completed,"230,000.00",11.12.2025,100.00000,0.00000,100.00000,721110,523920,,,11.12.2025,,Unlisted,n.a.
,,HIGHGATE HOTELS LP,US,,,,,,,,,,,721110,,,,,,
,,ARGENT VENTURES LLC,US,,,,,,,,,,,531390,,,,,,
2336.,2007738409,PARSONS CORPORATION,US,BCC ENGINEERING LLC,US,Acquisition 100%,Completed,"230,000.00",01.11.2024,100.00000,0.00000,100.00000,541330,541512,PSN,,21.10.2024,Cash,Unlisted,"230,000"
,,,,,,,,,,,,,,,,,,Cash Reserves,,n.a.
2337.,2007644579,DELEK LOGISTICS PARTNERS LP,US,H2O MIDSTREAM LLC,US,Acquisition 100%,Completed,"230,000.00",06.08.2024,100.00000,0.00000,100.00000,221310,211120,DKL,,06.08.2024,Cash,Unlisted,"160,000"
2338.,2007530515,SUNSTONE HOTEL INVESTORS INC.,US,HYATT REGENCY SAN ANTONIO RIVERWALK,US,Acquisition 100%,Completed,"230,000.00",30.04.2024,100.00000,0.00000,100.00000,721110,531120,SHO,,10.04.2024,Cash,Unlisted,"230,000"
2339.,2007526270,FRESHWORKS INC.,US,DEVICE42 INC.,US,Acquisition 100%,Completed,"230,000.00",06.06.2024,100.00000,0.00000,100.00000,511210,511210,FRSH,,30.04.2024,Cash,Unlisted,"215,000"
,,,,,,,,,,,,,,,,,,Shares,,"15,000"
2340.,2007394193,EXUS NEW MEXICO LLC,US,NEW MEXICO RENEWABLE DEVELOPMENT LLC,US,Acquisition 100%,Completed,"230,000.00",27.02.2024,100.00000,0.00000,100.00000,221118,523920,,,26.12.2023,Shares,Unlisted,"115,000"
,,,,,,,,,,,,,,,,,,Cash,,"104,000"
2341.,2007171909,BALLY'S CORPORATION,US,"LADY LUCK CASINO VICKSBURG, THE",US,Acquisition 100%,Completed,"230,000.00",02.07.2020,100.00000,0.00000,100.00000,713210,721120,BALY,,02.07.2020,,Unlisted,n.a.
,,,,ISLE OF CAPRI CASINO KANSAS CITY,US,,,,,100.00000,0.00000,100.00000,713210,,,,,,Unlisted,
2342.,2007018279,GPM INVESTMENTS LLC,US,PRIDE CONVENIENCE HOLDINGS LLC,US,Acquisition 100%,Completed,"230,000.00",06.12.2022,100.00000,0.00000,100.00000,445120,445120,,,19.10.2022,Cash,Unlisted,"30,000"
,,,,,,,,,,,,,,,,,,Cash Reserves,,n.a.
2343.,1941588034,AGILITI INC.,US,SIZEWISE RENTALS LLC,US,Acquisition 100%,Completed,"230,000.00",04.10.2021,100.00000,0.00000,100.00000,339113,811219,AGTI,,14.09.2021,Cash Reserves,Unlisted,n.a.
,,,,,,,,,,,,,,,,,,Cash,,"230,000"
2344.,1941549668,AMETEK INC.,US,NSI-MI TECHNOLOGIES LLC,US,Acquisition 100%,Completed,"230,000.00",04.05.2021,100.00000,0.00000,100.00000,334510,334510,AME,,04.05.2021,,Unlisted,n.a.
2345.,1941513839,COLOMBIER ACQUISITION CORPORATION,US,PSQ HOLDINGS INC.,US,Acquisition 100%,Completed,"230,000.00",19.07.2023,100.00000,0.00000,100.00000,518210,525990,PSQH,PSQH,27.02.2023,Earn-out,Listed,"30,000"
,,,,,,,,,,,,,,,,,,Liabilities,,n.a.
,,,,,,,,,,,,,,,,,,Shares,,"200,000"
2346.,1941481085,HOLOGIC INC.,US,BIOTHERANOSTICS INC.,US,Acquisition 100%,Completed,"230,000.00",22.02.2021,100.00000,0.00000,100.00000,541713,334510,HOLX,,05.01.2021,,Unlisted,n.a.
2347.,2007825003,KIMBELL ROYALTY PARTNERS LP,US,BOREN MINERALS INC.'S MINERAL AND ROYALTY INTERESTS IN PERMIAN BASIN,US,Acquisition 100%,Completed,"230,000.00",17.01.2025,100.00000,0.00000,100.00000,212399,211120,KRP,,07.01.2025,Cash,Unlisted,"230,000"
2348.,1941657123,AARON’S RETAIL SOLUTIONS LLC,US,INTERBOND CORPORATION OF AMERICA,US,Acquisition 100%,Completed,"230,000.00",01.04.2022,100.00000,0.00000,100.00000,443141,443141,,,23.02.2022,Cash,Unlisted,"230,000"
,,,,,,,,,,,,,,,,,,Cash Reserves,,n.a.
2349.,1941596147,FOXCONN EV TECHNOLOGY INC.,US,LORDSTOWN MOTORS CORPORATION'S OHIO FACILITY ASSETS,US,Acquisition 100%,Completed,"230,000.00",11.05.2022,100.00000,0.00000,100.00000,336111,336111,,,10.11.2021,,Unlisted,n.a.
2350.,1941480090,RBI SOLAR INC.,US,TERRASMART LLC,US,Acquisition 100%,Completed,"228,800.00",31.12.2020,100.00000,0.00000,100.00000,541618,332312,,,31.12.2020,Cash,Unlisted,"142,600"
,,,,,,,,,,,,,,,,,,Liabilities,,600
,,,,,,,,,,,,,,,,,,Cash Reserves,,n.a.
2351.,2007780952,KPS CAPITAL PARTNERS LP,US,CRANE COMPANY'S ENGINEERED MATERIALS BUSINESS,US,Acquisition 100%,Completed,"227,000.00",02.01.2025,100.00000,0.00000,100.00000,336411,523910,,,02.12.2024,Liabilities,Unlisted,n.a.
2352.,2007752081,FAIR HOLDINGS INC.,US,TRUECAR INC.,US,Acquisition 100%,Completed,"227,000.00",21.01.2026,100.00000,0.00000,100.00000,518210,518210,,TRUE,15.10.2025,Cash,Delisted,"227,000"
2353.,2007064314,PROSPERITY BANCSHARES INC.,US,LONE STAR STATE BANCSHARES INC.,US,Acquisition 100%,Completed,"226,417.00",01.04.2024,100.00000,0.00000,100.00000,522110,522110,PB,,11.10.2022,Shares,Unlisted,"162,317"
,,,,,,,,,,,,,,,,,,Cash,,"64,100"
2354.,1941603806,BANC OF CALIFORNIA INC.,US,PACIFIC MERCANTILE BANCORP,US,Acquisition 100%,Completed,"226,000.00",18.10.2021,100.00000,0.00000,100.00000,522110,522110,BANC,PMBC,22.03.2021,Cash,Delisted,"3,200"
,,,,,,,,,,,,,,,,,,Shares,,"223,700"
2355.,2007763385,CHS INC.,US,WEST CENTRAL AG SERVICES,US,Acquisition 100%,Completed,"225,000.00",02.01.2025,100.00000,0.00000,100.00000,424910,111998,CHSCP,,18.11.2024,,Unlisted,n.a.
2356.,2007202053,OMNICELL INC.,US,PHARMACEUTICAL STRATEGIES GROUP LLC'S 340B BUSINESS,US,Acquisition 100%,Completed,"225,000.00",01.10.2020,100.00000,0.00000,100.00000,541618,511210,OMCL,,01.10.2020,,Unlisted,n.a.
2357.,2007180565,TRXADE HEALTH INC.,US,SUPERLATUS INC.,US,Acquisition 100%,Completed,"225,000.00",31.07.2023,100.00000,0.00000,100.00000,541713,518210,SCNX,,23.06.2023,Shares,Unlisted,"225,000"
2358.,2007157901,FBG ENTERPRISES OPCO LLC,US,POINTSBET US INC.,US,Acquisition 100%,Completed,"225,000.00",04.04.2024,100.00000,0.00000,100.00000,518210,713290,,,15.05.2023,Cash,Unlisted,"225,000"
,,,,,,,,,,,,,,,,,,Deferred payment,,n.a.
2359.,2007020039,AVEANNA HEALTHCARE LLC,US,DUNN & BERGER INC.,US,Acquisition 100%,Completed,"225,000.00",30.11.2021,100.00000,0.00000,100.00000,623990,621610,,,14.11.2021,Cash,Unlisted,"225,000"
,,,,,,,,,,,,,,,,,,Deferred payment,,n.a.
2360.,1941644723,CACI INTERNATIONAL INC.,US,ID TECHNOLOGIES LLC,US,Acquisition 100%,Completed,"225,000.00",29.12.2021,100.00000,0.00000,100.00000,541511,541512,CACI,,29.12.2021,,Unlisted,n.a.
2361.,1941539545,ROMAN HEALTH VENTURES INC.,US,MODERN FERTILITY INC.,US,Acquisition 100%,Completed,"225,000.00",19.05.2021,100.00000,0.00000,100.00000,325412,621310,,,19.05.2021,Shares,Unlisted,n.a.
2362.,1941441400,HESS INFRASTRUCTURE PARTNERS LP,US,HESS CORPORATION'S BAKKEN WATER SERVICES BUSINESS,US,Acquisition 100%,Completed,"225,000.00",07.03.2019,100.00000,0.00000,100.00000,213112,211120,,,07.03.2019,Cash,Unlisted,"225,000"
2363.,1941438072,SANTEN HOLDINGS US INC.,US,EYEVANCE PHARMACEUTICALS HOLDINGS INC.,US,Acquisition 100%,Completed,"225,000.00",16.09.2020,100.00000,0.00000,100.00000,325412,325412,,,16.09.2020,Cash,Unlisted,"225,000"
2364.,1941330586,CH ROBINSON COMPANY INC.,US,PRIME DISTRIBUTION SERVICES INC.,US,Acquisition 100%,Completed,"225,000.00",02.03.2020,100.00000,0.00000,100.00000,541614,488510,,,28.01.2020,Cash,Unlisted,"225,000"
,,,,,,,,,,,,,,,,,,Cash Reserves,,n.a.
2365.,1941292586,PROOFPOINT INC.,US,OBSERVEIT INC.,US,Acquisition 100%,Completed,"225,000.00",25.11.2019,100.00000,0.00000,100.00000,511210,518210,PFPT,,03.11.2019,Cash,Unlisted,"225,000"
2366.,1941213202,PROGRESS SOFTWARE CORPORATION,US,IPSWITCH INC.,US,Acquisition 100%,Completed,"225,000.00",01.05.2019,100.00000,0.00000,100.00000,518210,541511,PRGS,PRGS,28.03.2019,Cash,Listed,"225,000"
,,,,,,,,,,,,,,,,,,Cash Reserves,,n.a.
2367.,1941206094,IDEAL INDUSTRIES INC.,US,CREE INC.'S LIGHTING BUSINESS,US,Acquisition 100%,Completed,"225,000.00",13.05.2019,100.00000,0.00000,100.00000,334413,334419,,,15.03.2019,Cash,Unlisted,"225,000"
,,,,,,,,,,,,,,,,,,Earn-out,,n.a.
2368.,1941186916,TELEDYNE TECHNOLOGIES INC.,US,ROPER TECHNOLOGIES INC.'S SCIENTIFIC IMAGING BUSINESSES,US,Acquisition 100%,Completed,"225,000.00",05.02.2019,100.00000,0.00000,100.00000,333914,334419,TDY,,19.12.2018,Cash,Unlisted,"225,000"
2369.,1941184310,CACI INTERNATIONAL INC.,US,MASTODON DESIGN LLC,US,Acquisition 100%,Completed,"225,000.00",30.01.2019,100.00000,0.00000,100.00000,511210,541512,CACI,,30.01.2019,,Unlisted,n.a.
2370.,2007878356,LABCORP HOLDINGS INC.,US,BIOREFERENCE HEALTH LLC'S LABORATORY TESTING BUSINESSES,US,Acquisition 100%,Completed,"225,000.00",15.09.2025,100.00000,0.00000,100.00000,541380,621511,LH,,11.03.2025,Cash,Unlisted,"192,500"
,,,,,,,,,,,,,,,,,,Earn-out,,"32,500"
2371.,1941722311,QUEST DIAGNOSTICS INC.,US,MERCY FAMILY CENTER'S OUTREACH LABORATORY SERVICES BUSINESS ASSETS,US,Acquisition 100%,Completed,"225,000.00",01.06.2021,100.00000,0.00000,100.00000,621511,621511,DGX,,08.03.2021,Cash,Unlisted,"225,000"
2372.,1941678861,EF HUTTON ACQUISITION CORPORATION I,US,HUMBLE IMPORTS INC.,US,Acquisition 100%,Completed,"225,000.00",12.12.2023,100.00000,0.00000,100.00000,336111,525990,ECDA,,03.03.2023,Cash,Unlisted,"15,000"
,,,,,,,,,,,,,,,,,,Shares,,"210,000"
2373.,1941193654,EVERSOURCE ENERGY,US,ORSTED A/S'S OFFSHORE WIND ASSETS BASED IN NEW ENGLAND,US,Acquisition 50%,Completed,"225,000.00",08.02.2019,50.00000,0.00000,50.00000,221115,221122,ES,,08.02.2019,,Unlisted,n.a.
2374.,1601234982,GILEAD SCIENCES INC.,US,ARRESTO BIOSCIENCES INC.,US,Acquisition 100%,Completed,"225,000.00",04.02.2019,100.00000,0.00000,100.00000,541713,325412,GILD,,20.12.2010,Earn-out,Unlisted,n.a.
,,,,,,,,,,,,,,,,,,Cash,,n.a.
2375.,2007530585,MEDRISK INC.,US,CONDUENT INC.'S CASUALTY CLAIMS SOLUTIONS BUSINESS,US,Acquisition 100%,Completed,"224,000.00",01.09.2024,100.00000,0.00000,100.00000,561439,621999,,,03.05.2024,Cash,Unlisted,"224,000"
2376.,2007193282,DUBOIS CHEMICALS INC.,US,MILACRON LLC'S CIMCOOL BUSINESS,US,Acquisition 100%,Completed,"224,000.00",30.03.2020,100.00000,0.00000,100.00000,333249,325998,,,20.03.2020,Cash,Unlisted,"224,000"
,,,,,,,,,,,,,,,,,,Earn-out,,n.a.
2377.,1941710858,ENDEAVOR GROUP HOLDINGS INC.,US,ENDEAVOR OLE PARENT LLC,US,Acquisition unknown remaining stake %,Completed,"224,000.00",28.04.2022,Unknown remaining %,Unknown majority,100.00000,561599,541613,EDR,,28.04.2022,Shares,Unlisted,"224,000"
2378.,2008352469,ARTHUR J GALLAGHER & COMPANY,US,TOMPKINS INSURANCE AGENCIES INC.,US,Acquisition 100%,Completed,"223,000.00",03.11.2025,100.00000,0.00000,100.00000,524210,524210,AJG,,03.11.2025,Cash,Unlisted,"223,000"
2379.,1941716638,FORTRESS INVESTMENT GROUP LLC,US,BRIGHTSPIRE CAPITAL INC'S NON-DIGITAL REAL ESTATE INVESTMENT ASSETS,US,Acquisition 100%,Completed,"223,000.00",22.12.2021,100.00000,0.00000,100.00000,531120,523920,FIG,,22.12.2021,,Unlisted,n.a.
2380.,1941266151,AUSTIN NICHOLS & COMPANY INC.,US,CASTLE BRANDS INC.,US,Acquisition 100%,Completed,"223,000.00",09.10.2019,100.00000,0.00000,100.00000,312140,312140,,ROX,28.08.2019,Cash,Delisted,n.a.
,,,,,,,,,,,,,,,,,,Liabilities,,n.a.
2381.,2007759651,LINEAGE INC.,US,COLDPOINT LOGISTICS LLC,US,Acquisition 100%,Completed,"223,000.00",01.11.2024,100.00000,0.00000,100.00000,493110,523991,,,01.11.2024,,Unlisted,n.a.
2382.,2007321836,AUTHENTIC RESTAURANT BRANDS,US,FIESTA RESTAURANT GROUP INC.,US,Acquisition 100%,Completed,"222,607.00",30.10.2023,100.00000,0.00000,100.00000,722513,722511,,FRGI,07.08.2023,Cash,Delisted,"222,607"
2383.,2008448323,MOVANO INC.,US,CORVEX INC.,US,Acquisition 100%,Completed,"222,282.00",19.03.2026,100.00000,0.00000,100.00000,511210,511210,MOVE,,10.11.2025,Shares,Unlisted,"222,282"
2384.,1941692731,DD ACQUISITION HOLDINGS LLC,US,DIPPIN’ DOTS HOLDING LLC,US,Acquisition 100%,Completed,"222,000.00",21.06.2022,100.00000,0.00000,100.00000,311520,311520,,,19.05.2022,Cash Reserves,Unlisted,n.a.
,,,,,,,,,,,,,,,,,,Cash,,"222,000"
2385.,1941588300,HUDSON PACIFIC PROPERTIES INC.,US,STAR WAGGONS,US,Acquisition 100%,Completed,"222,000.00",31.08.2021,100.00000,0.00000,100.00000,532120,531120,HPP,,17.08.2021,Cash,Unlisted,n.a.
,,,,ZIO STUDIO SERVICES,US,,,,,100.00000,0.00000,100.00000,532120,,,,,Cash Reserves,Unlisted,n.a.
2386.,1941649772,REPSOL OIL & GAS USA LLC,US,ROCKDALE MARCELLUS LLC'S ASSETS,US,Acquisition 100%,Completed,"222,000.00",19.01.2022,100.00000,0.00000,100.00000,211120,211120,,,03.01.2022,Liabilities,Unlisted,n.a.
,,,,ROCKDALE MARCELLUS HOLDINGS LLC'S ASSETS,US,,,,,100.00000,0.00000,100.00000,211120,,,,,,Unlisted,
2387.,1941477171,VIASAT INC.,US,RIGNET INC.,US,Acquisition 100%,Completed,"222,000.00",30.04.2021,100.00000,0.00000,100.00000,334210,334220,VSAT,RNET,21.12.2020,Shares,Delisted,n.a.
,,,,,,,,,,,,,,,,,,Liabilities,,n.a.
2388.,2007832979,ATLAS ENERGY SOLUTIONS INC.,US,MOSER ACQUISITION INC.,US,Acquisition 100%,Completed,"221,000.00",24.02.2025,100.00000,0.00000,100.00000,551114,213112,AESI,,27.01.2025,Shares,Unlisted,"41,000"
,,,,,,,,,,,,,,,,,,Cash,,"180,000"
2389.,2008502312,KARMAN HOLDINGS INC.,US,SEEMANN COMPOSITES LLC,US,Acquisition 100%,Completed,"220,000.00",05.02.2026,100.00000,0.00000,100.00000,336419,336419,KRMN,,07.01.2026,Cash,Unlisted,"210,000"
,,,,MATERIALS SCIENCES LLC,US,,,,,100.00000,0.00000,100.00000,541330,,,,,Shares,Unlisted,"10,000"
2390.,2008361546,WORLD KINECT CORPORATION,US,UNIVERSAL WEATHER AND AVIATION INC.'S TRIP SUPPORT SERVICES BUSINESS,US,Acquisition 100%,Completed,"220,000.00",05.11.2025,100.00000,0.00000,100.00000,518210,424720,WKC,,03.09.2025,Deferred payment,Unlisted,n.a.
,,,,,,,,,,,,,,,,,,Cash,,"220,000"
2391.,2007956805,DATADOG INC.,US,EPPO DATA INC.,US,Acquisition 100%,Completed,"220,000.00",01.05.2025,100.00000,0.00000,100.00000,518210,518210,DDOG,,01.05.2025,,Unlisted,n.a.
2392.,2007214139,MEDTECH ACQUISITION CORPORATION,US,TRISALUS LIFE SCIENCES INC.,US,Acquisition 100%,Completed,"220,000.00",10.08.2023,100.00000,0.00000,100.00000,541713,525990,TLSI,,14.11.2022,Shares,Unlisted,"220,000"
2393.,1941700612,ICF INCORPORATED LLC,US,SEMANTICBITS LLC,US,Acquisition 100%,Completed,"220,000.00",14.07.2022,100.00000,0.00000,100.00000,541511,541611,,,08.06.2022,Cash,Unlisted,"220,000"
2394.,1941575240,INTEGRAL AD SCIENCE INC.,US,PUBLICA LLC,US,Acquisition 100%,Completed,"220,000.00",10.08.2021,100.00000,0.00000,100.00000,541810,518210,,,10.08.2021,Third party shares,Unlisted,"55,000"
,,,,,,,,,,,,,,,,,,Cash,,"165,000"
,,,,,,,,,,,,,,,,,,Cash Reserves,,n.a.
2395.,1941554446,NICOLET BANKSHARES INC.,US,COUNTY BANCORP INC.,US,Acquisition 100%,Completed,"220,000.00",03.12.2021,100.00000,0.00000,100.00000,522110,522110,NIC,ICBK,22.06.2021,Shares,Delisted,"167,969"
,,,,,,,,,,,,,,,,,,Cash,,"49,000"
2396.,1941536753,NCC SERVICES LTD,GB,IRON MOUNTAIN INTELLECTUAL PROPERTY MANAGEMENT INC.,US,Acquisition 100%,Completed,"220,000.00",08.06.2021,100.00000,0.00000,100.00000,541519,541511,,,13.05.2021,Cash Reserves,Unlisted,n.a.
,,NCC GROUP SOFTWARE RESILIENCE (NA) LLC,US,IRON MOUNTAIN INC.'S INTELLECTUAL PROPERTY MANAGEMENT ASSETS,US,,,,,100.00000,0.00000,100.00000,533110,523910,,,,Cash,Unlisted,"220,000"
2397.,1941510426,BTC INTERNATIONAL HOLDINGS INC.,US,XBP EUROPE INC.,US,Acquisition 100%,Completed,"220,000.00",29.11.2023,100.00000,0.00000,100.00000,511210,525990,,,09.10.2022,Liabilities,Unlisted,n.a.
2398.,1941433431,PROGRESS SOFTWARE CORPORATION,US,CHEF SOFTWARE INC.,US,Acquisition 100%,Completed,"220,000.00",05.10.2020,100.00000,0.00000,100.00000,511210,541511,PRGS,,08.09.2020,Cash,Unlisted,"220,000"
,,,,,,,,,,,,,,,,,,Cash Reserves,,n.a.
2399.,1941322577,BCE-MACH III LLC,US,ALTA MESA RESOURCES INC.'S ASSETS,US,Acquisition 100%,Completed,"220,000.00",08.04.2020,100.00000,0.00000,100.00000,211120,525990,,,06.01.2020,Cash,Unlisted,"220,000"
2400.,1941228521,AMN HEALTHCARE INC.,US,ADVANCED MEDICAL PERSONNEL SERVICES INC.,US,Acquisition 100%,Completed,"220,000.00",17.06.2019,100.00000,0.00000,100.00000,561311,561320,,,30.04.2019,Earn-out,Unlisted,"20,000"
2401.,1941200781,PACIRA PHARMACEUTICALS INC.,US,MYOSCIENCE INC.,US,Acquisition 100%,Completed,"220,000.00",09.04.2019,100.00000,0.00000,100.00000,339113,325412,PCRX,,05.03.2019,Cash,Unlisted,n.a.
,,,,,,,,,,,,,,,,,,Earn-out,,"100,000"
,,,,,,,,,,,,,,,,,,Cash Reserves,,n.a.
2402.,2007576689,YEXT INC.,US,HEARSAY SOCIAL INC.,US,Acquisition 100%,Completed,"220,000.00",01.08.2024,100.00000,0.00000,100.00000,518210,518210,YEXT,,10.06.2024,Cash,Unlisted,n.a.
,,,,,,,,,,,,,,,,,,Earn-out,,"95,000"
2403.,2007137124,FIFTH SEASON INVESTMENTS LLC,US,FIFTH SEASON FINANCIAL LP'S LIFE SETTLEMENT BUSINESS ASSETS,US,Acquisition 100%,Completed,"220,000.00",15.11.2022,100.00000,0.00000,100.00000,523999,523999,,,15.11.2022,,Unlisted,n.a.
2404.,1941609020,INTEGER HOLDINGS CORPORATION,US,OSCOR INC.,US,Acquisition 100%,Completed,"220,000.00",02.12.2021,100.00000,0.00000,100.00000,541715,339112,ITGR,,28.10.2021,,Unlisted,n.a.
2405.,1939059956,SPB HOSPITALITY LLC,US,J ALEXANDER'S HOLDINGS INC.,US,Acquisition 100%,Completed,"220,000.00",30.09.2021,100.00000,0.00000,100.00000,722511,722511,,JAX,02.07.2021,Cash,Delisted,"220,000"
2406.,1941226517,FIRST CITIZENS BANCSHARES INC.,US,ENTEGRA FINANCIAL CORPORATION,US,Acquisition increased from 1.56% to 100%,Completed,"219,800.00",31.12.2019,98.44000,1.56000,100.00000,522110,522110,FCNCA,ENFC,23.04.2019,Cash,Delisted,"219,800"
2407.,2007171958,CASELLA WASTE SYSTEMS INC.,US,CONSOLIDATED WASTE SERVICES LLC'S ASSETS,US,Acquisition 100%,Completed,"219,000.00",01.09.2023,100.00000,0.00000,100.00000,562111,562212,CWST,,12.06.2023,Cash,Unlisted,"219,000"
2408.,1941412918,HELPSYSTEMS LLC,US,GLOBALSCAPE INC.,US,Acquisition 100%,Completed,"218,852.00",28.08.2020,100.00000,0.00000,100.00000,511210,511210,,GSB,20.07.2020,Cash Reserves,Delisted,n.a.
,,,,,,,,,,,,,,,,,,Liabilities,,n.a.
,,,,,,,,,,,,,,,,,,Cash,,n.a.
2409.,1941447903,HELIOS TECHNOLOGIES INC.,US,BWG HOLDINGS I CORPORATION,US,Acquisition 100%,Completed,"218,500.00",09.11.2020,100.00000,0.00000,100.00000,423910,334513,,,12.10.2020,Cash,Unlisted,"218,000"
2410.,1941186151,CAMBRIA ACQUISITION CORPORATION,US,MAXWELL TECHNOLOGIES INC.,US,Acquisition 100%,Completed,"217,874.00",16.05.2019,100.00000,0.00000,100.00000,335911,335911,,MXWL,03.02.2019,Shares,Delisted,"217,874"
2411.,1941250921,ENCOMPASS HEALTH CORPORATION,US,ALACARE HOME HEALTH SERVICES INC'S ASSETS,US,Acquisition 100%,Completed,"217,500.00",01.07.2019,100.00000,0.00000,100.00000,621610,621610,EHC,,01.04.2019,Cash,Unlisted,"217,500"
,,,,,,,,,,,,,,,,,,Cash Reserves,,n.a.
2412.,2007396016,TOKYO GAS AMERICA LTD,US,"BATTERY PROJECT IN LONGBOW, TEXAS",US,Acquisition 100%,Completed,"216,000.00",30.01.2024,100.00000,0.00000,100.00000,335911,211120,,,22.12.2023,,Unlisted,n.a.
2413.,2007079305,MANAGEMENT,,KINGSBRIDGE HOLDINGS LLC,US,Acquisition 87.5%,Completed,"216,000.00",03.11.2020,87.50000,Unknown %,87.50000,523920,525920,,,03.11.2020,,Unlisted,n.a.
,,SOLAR CAPITAL LTD,US,,,,,,,,,,,522298,SLRC,,,,,
2414.,1941624545,FORIS DAX MARKETS INC.,US,SMALL EXCHANGE INC.,US,Acquisition unknown stake %Acquisition unknown % and 100%,Completed,"216,000.00",02.03.2022,Unknown %,Unknown %,Unknown %,518210,511210,,,01.12.2021,Cash,Unlisted,"216,000"
,,,,NORTH AMERICAN DERIVATIVES EXCHANGE INC.,US,,,,,100.00000,0.00000,100.00000,518210,,,,,,Unlisted,
2415.,1941295855,INPHI CORPORATION,US,ESILICON CORPORATION,US,Acquisition 100%,Completed,"216,000.00",13.01.2020,100.00000,0.00000,100.00000,334413,334413,IPHI,,11.11.2019,Cash,Unlisted,n.a.
,,,,,,,,,,,,,,,,,,Liabilities,,n.a.
2416.,2007108241,P10 INTERMEDIATE HOLDINGS LLC,US,WESTECH INVESTMENT ADVISORS LLC,US,Acquisition 100%,Completed,"215,703.00",13.10.2022,100.00000,0.00000,100.00000,523910,523920,,,26.08.2022,Earn-out,Unlisted,"69,000"
,,,,,,,,,,,,,,,,,,Cash,,"166,000"
,,,,,,,,,,,,,,,,,,Shares,,"49,702"
2417.,2008043283,PELICAN HOLDCO INC.,US,GREENLAND EXPLORATION LTD,US,Acquisition 100% and 100%,Completed,"215,000.00",25.03.2026,100.00000,0.00000,100.00000,211120,523920,,,09.09.2025,Shares,Unlisted,"214,140"
,,,,MARCH GL COMPANY,US,,,,,100.00000,0.00000,100.00000,541360,,,,,,Unlisted,
2418.,2007869496,JAMF HOLDING CORPORATION,US,IDENTITY AUTOMATION LP,US,Acquisition 100%,Completed,"215,000.00",01.04.2025,100.00000,0.00000,100.00000,518210,518210,JAMF,,03.03.2025,Cash,Unlisted,"215,000"
2419.,2007574421,FEDERAL REALTY INVESTMENT TRUST,US,VIRGINIA GATEWAY PLAZA INC.,US,Acquisition 100%,Completed,"215,000.00",03.06.2024,100.00000,0.00000,100.00000,531312,531120,FRT,,03.06.2024,,Unlisted,n.a.
2420.,2007283311,SUMITOMO FORESTRY AMERICA INC.,US,"JPI GROUP LLC, THE",US,Acquisition 90%,Completed,"215,000.00",05.12.2023,90.00000,0.00000,90.00000,561311,236117,,,29.09.2023,Earn-out,Unlisted,n.a.
2421.,2007102000,SERVICE COMPRESSION LLC,US,INCREMENTAL WELLHEAD COMPRESSION ASSETS IN THE PERMIAN BASIN,US,Acquisition 100%,Completed,"215,000.00",17.05.2022,100.00000,0.00000,100.00000,213112,213112,,,17.05.2022,,Unlisted,n.a.
2422.,1941684016,ARCHAEA INFRASTRUCTURE LLC,US,NEXTGEN POWER HOLDINGS LLC,US,Acquisition 100%,Completed,"215,000.00",15.07.2022,100.00000,0.00000,100.00000,221118,221118,,,28.04.2022,Cash,Unlisted,"215,000"
2423.,1941636355,"SCOTTS MIRACLE-GRO COMPANY, THE",US,LUXX LIGHTING INC.,US,Acquisition 100%,Completed,"215,000.00",30.12.2021,100.00000,0.00000,100.00000,334413,333112,SMG,,30.12.2021,,Unlisted,n.a.
2424.,1941636350,STERLING CONSTRUCTION COMPANY INC.,US,PETILLO INC.,US,Acquisition 100%,Completed,"215,000.00",30.12.2021,100.00000,0.00000,100.00000,237310,237310,STRL,,30.12.2021,Cash,Unlisted,n.a.
,,,,PETILLO NY INC.,US,,,,,100.00000,0.00000,100.00000,237310,,,,,Shares,Unlisted,n.a.
,,,,PETILLO MARYLAND INC.,US,,,,,100.00000,0.00000,100.00000,237310,,,,,Earn-out,Unlisted,"20,000"
,,,,,,,,,,,,,,,,,,Cash Reserves,,n.a.
2425.,1941535907,SIGNAL HOLDCO LP,US,LARK INDUSTRIES INC.,US,Acquisition 100%,Completed,"215,000.00",30.06.2021,100.00000,0.00000,100.00000,238290,551114,,,09.05.2021,Cash,Unlisted,"215,000"
2426.,1941520262,KELLY SERVICES INC.,US,SOFTWORLD INC.,US,Acquisition 100%,Completed,"215,000.00",05.04.2021,100.00000,0.00000,100.00000,541612,561311,KELYA,,05.04.2021,Cash,Unlisted,"215,000"
,,,,,,,,,,,,,,,,,,Cash Reserves,,n.a.
2427.,1941500908,KALEYRA INC.,US,VIVIAL INC.,US,Acquisition 100%,Completed,"215,000.00",01.06.2021,100.00000,0.00000,100.00000,541613,518210,KLR,,19.02.2021,Cash,Unlisted,"195,000"
,,,,,,,,,,,,,,,,,,Shares,,"20,000"
2428.,1941484749,LEIDOS HOLDINGS INC.,US,1901 GROUP LLC,US,Acquisition 100%,Completed,"215,000.00",14.01.2021,100.00000,0.00000,100.00000,541512,541512,LDOS,,10.12.2020,Cash,Unlisted,"215,000"
,,,,,,,,,,,,,,,,,,Cash Reserves,,n.a.
2429.,1941415633,FS DEVELOPMENT CORPORATION,US,GEMINI THERAPEUTICS INC.,US,Acquisition 100%,Completed,"215,000.00",08.02.2021,100.00000,0.00000,100.00000,541713,525990,IRON,IRON,15.10.2020,Cash,Listed,"215,000"
2430.,1941223213,MARQUEE BRANDS LLC,US,SEQUENTIAL BRANDS GROUP INC.'S MARTHA STEWART AND EMERIL LAGASSE BRANDS,US,Acquisition 100%,Completed,"215,000.00",11.06.2019,100.00000,0.00000,100.00000,424330,551112,,,16.04.2019,Earn-out,Unlisted,"40,000"
2431.,1941222563,COUPA SOFTWARE INC.,US,EXARI GROUP INC.,US,Acquisition 100%,Completed,"215,000.00",07.05.2019,100.00000,0.00000,100.00000,518210,518210,COUP,,16.04.2019,Cash,Unlisted,"215,000"
2432.,2007752489,POLYMER CONCEPTS TECHNOLOGIES INC.,US,SKF AB'S US RING AND SEAL OPERATIONS DIVISION,US,Acquisition 100%,Completed,"215,000.00",14.04.2025,100.00000,0.00000,100.00000,332991,332991,,,29.10.2024,Liabilities,Unlisted,n.a.
2433.,2007816862,CNB FINANCIAL CORPORATION,US,ESSA BANCORP INC.,US,Acquisition 100%,Completed,"214,000.00",23.07.2025,100.00000,0.00000,100.00000,522110,522110,CCNE,ESSA,10.01.2025,Shares,Delisted,"214,000"
2434.,1939042383,AKUMIN CORPORATION,US,ADG ACQUISITION HOLDINGS LLC,US,Acquisition 100%,Completed,"214,000.00",03.06.2019,100.00000,0.00000,100.00000,621512,621512,,,15.04.2019,Shares,Unlisted,"25,000"
,,,,TIC ACQUISITION HOLDINGS LLC,US,,,,,100.00000,0.00000,100.00000,621512,,,,,Earn-out,Unlisted,n.a.
,,,,SFL RADIOLOGY HOLDINGS LLC,US,,,,,100.00000,0.00000,100.00000,621512,,,,,,Unlisted,
2435.,1941227767,HANCOCK WHITNEY CORPORATION,US,MIDSOUTH BANCORP INC.,US,Acquisition 100%,Completed,"213,106.00",21.09.2019,100.00000,0.00000,100.00000,522110,522110,HWC,MSL,30.04.2019,Shares,Delisted,"213,106"
2436.,2008121355,VERTICAL BRIDGE HOLDINGS LLC,US,CUMULUS MEDIA INC.'S 250 BROADCAST COMMUNICATIONS TOWER SITES,US,Acquisition 100%,Completed,"213,000.00",01.10.2020,100.00000,0.00000,100.00000,517312,517312,,,01.10.2020,,Unlisted,n.a.
2437.,2007226212,REGENERON PHARMACEUTICALS INC.,US,DECIBEL THERAPEUTICS INC.,US,Acquisition 100%,Completed,"213,000.00",25.09.2023,100.00000,0.00000,100.00000,541713,541713,REGN,DBTX,09.08.2023,Earn-out,Delisted,"104,000"
,,,,,,,,,,,,,,,,,,Cash,,"213,000"
2438.,2007031871,INDIVIOR INC.,US,OPIANT PHARMACEUTICALS INC.,US,Acquisition 100%,Completed,"213,000.00",02.03.2023,100.00000,0.00000,100.00000,541713,325412,,OPNT,14.11.2022,Cash,Delisted,"213,000"
,,,,,,,,,,,,,,,,,,Earn-out,,"68,000"
,,,,,,,,,,,,,,,,,,Cash Reserves,,n.a.
2439.,1941520421,"BRINK'S COMPANY, THE",US,PAYMENT ALLIANCE INTERNATIONAL INC.,US,Acquisition 100%,Completed,"213,000.00",06.04.2021,100.00000,0.00000,100.00000,522320,522320,BCO,,06.04.2021,Cash Reserves,Unlisted,n.a.
,,,,,,,,,,,,,,,,,,Cash,,"213,000"
2440.,1941150553,ENTERPRISE FINANCIAL SERVICES CORPORATION,US,TRINITY CAPITAL CORPORATION,US,Acquisition 100%,Completed,"213,000.00",08.03.2019,100.00000,0.00000,100.00000,551111,522110,EFSC,,01.11.2018,Shares,Unlisted,"175,000"
,,,,,,,,,,,,,,,,,,Cash,,"38,000"
2441.,1941378186,CHANGE HEALTHCARE INC.,US,ERX NETWORK HOLDINGS INC.,US,Acquisition 100%,Completed,"212,900.00",04.05.2020,100.00000,0.00000,100.00000,511210,511210,CHNG,,04.05.2020,Cash assumed,Unlisted,n.a.
2442.,2007484298,BESPIN SUBSIDIARY LLC,US,LANDOS BIOPHARMA INC.,US,Acquisition 100%,Completed,"212,500.00",23.05.2024,100.00000,0.00000,100.00000,541713,525990,,LABP,25.03.2024,Earn-out,Delisted,"75,000"
,,,,,,,,,,,,,,,,,,Cash,,"212,500"
2443.,1941611202,GMS INC.,US,AMES TAPING TOOLS HOLDING LLC,US,Acquisition 100%,Completed,"212,500.00",01.12.2021,100.00000,0.00000,100.00000,332216,423390,GMS,,03.11.2021,Cash Reserves,Unlisted,n.a.
,,,,,,,,,,,,,,,,,,Cash,,"212,500"
2444.,2007499177,GLOBAL PARTNERS LP,US,"GULF OIL LP'S FOUR LIQUID ENERGY TERMINALS IN MASSACHUSETTS, CONNECTICUT AND NEW JERSEY",US,Acquisition 100%,Completed,"212,300.00",09.04.2024,100.00000,0.00000,100.00000,454310,424720,GLP,,09.04.2024,,Unlisted,n.a.
2445.,2008047166,BAIN CAPITAL LP,US,PORTFOLIO OF THREE RETAIL CENTRES IN OKLAHOMA CITY,US,Acquisition 100%,Completed,"212,000.00",25.06.2025,100.00000,0.00000,100.00000,452319,523910,,,25.06.2025,,Unlisted,n.a.
,,11NORTH PARTNERS GP LLC,US,,,,,,,,,,,531390,,,,,,
2446.,2007027121,OUSTER INC.,US,VELODYNE LIDAR INC.,US,Acquisition 100%,Completed,"211,985.00",13.02.2023,100.00000,0.00000,100.00000,334519,334413,OUST,VLDR,07.11.2022,Shares,Delisted,"211,985"
2447.,2007018175,PEOPLES BANCORP INC.,US,LIMESTONE BANCORP INC.,US,Acquisition 100%,Completed,"211,844.00",30.04.2023,100.00000,0.00000,100.00000,522110,522110,PEBO,LMST,25.10.2022,Shares,Delisted,"211,844"
2448.,2008013816,NB BANCORP INC.,US,PROVIDENT BANCORP INC.,US,Acquisition 100%,Completed,"211,800.00",14.11.2025,100.00000,0.00000,100.00000,522110,522110,NBBK,PVBC,05.06.2025,Cash,Delisted,n.a.
,,,,,,,,,,,,,,,,,,Shares,,n.a.
2449.,1941404909,BUSINESS FIRST BANCSHARES INC.,US,PEDESTAL BANCSHARES INC.,US,Acquisition 100%,Completed,"211,200.00",01.05.2020,100.00000,0.00000,100.00000,522110,522110,BFST,,22.01.2020,Cash,Unlisted,"21,800"
,,,,,,,,,,,,,,,,,,Shares,,"189,400"
2450.,2008035732,STINORLAND USA INC.,US,APA SOLAR LLC,US,Acquisition 100%,Completed,"210,000.00",14.08.2025,100.00000,0.00000,100.00000,221114,333414,,,18.06.2025,Cash,Unlisted,n.a.
,,,,,,,,,,,,,,,,,,Shares,,n.a.
,,,,,,,,,,,,,,,,,,Deferred payment,,n.a.
2451.,2007753914,MERIT MEDICAL SYSTEMS INC.,US,COOK MEDICAL HOLDINGS LLC'S LEAD MANAGEMENT PORTFOLIO,US,Acquisition 100% 100%,Completed,"210,000.00",01.11.2024,100.00000,0.00000,100.00000,339112,339112,MMSI,,17.09.2024,Cash,Unlisted,"210,000"
,,,,,,,,,,,,,,,,,,Cash Reserves,,n.a.
,,,,,,,,,,,,,,,,,,Liabilities,,n.a.
2452.,2007690465,GEVO INC.,US,RED TRAIL ENERGY LLC'S ETHANOL PRODUCTION PLANT AND CARBON CAPTURE AND SEQUESTRATION ASSETS,US,Acquisition 100%,Completed,"210,000.00",31.01.2025,100.00000,0.00000,100.00000,325199,325998,GEVO,,12.09.2024,Liabilities,Unlisted,n.a.
,,RICHARDTON CCS LLC,US,,,,,,,,,,,551114,,,,Cash,,n.a.
,,NET ZERO RICHARDTON LLC,US,,,,,,,,,,,551114,,,,Cash Reserves,,n.a.
2453.,2007688981,VOYA FINANCIAL INC.,US,ONEAMERICA FINANCIAL PARTNERS INC.'S RETIREMENT PLAN BUSINESS,US,Acquisition 100%,Completed,"210,000.00",02.01.2025,100.00000,0.00000,100.00000,524113,525110,VOYA,,11.09.2024,Deferred payment,Unlisted,n.a.
2454.,2007680639,WISA TECHNOLOGIES INC.,US,DATA VAULT HOLDINGS INC.'S INFORMATION TECHNOLOGY ASSETS,US,Acquisition 100%,Completed,"210,000.00",31.12.2024,100.00000,0.00000,100.00000,518210,334310,DVLT,,04.09.2024,Shares,Unlisted,"200,000"
,,,,,,,,,,,,,,,,,,Bonds,,"10,000"
2455.,2007412663,BORA PHARMACEUTICALS USA INC.,US,UPSHER-SMITH LABORATORIES INC.,US,Acquisition 100%,Completed,"210,000.00",01.04.2024,100.00000,0.00000,100.00000,541715,424210,,,16.01.2024,,Unlisted,n.a.
2456.,2007397329,ENPRO INC.,US,ADVANCED MICRO INSTRUMENTS INC.,US,Acquisition 100%,Completed,"210,000.00",30.01.2024,100.00000,0.00000,100.00000,334513,333611,,,28.12.2023,Cash,Unlisted,"210,000"
2457.,2007035569,CIENA CORPORATION,US,TIBIT COMMUNICATIONS INC.,US,Acquisition unknown remaining stake %,Completed,"210,000.00",30.12.2022,Unknown remaining %,Unknown %,100.00000,334290,511210,CIEN,,22.11.2022,Cash,Unlisted,"210,000"
2458.,1941696759,CLASS TECHNOLOGIES INC.,US,BLACKBOARD INC.,US,Acquisition 100%,Completed,"210,000.00",30.06.2022,100.00000,0.00000,100.00000,518210,511210,,BBBB,19.05.2022,,Delisted,n.a.
2459.,1941688080,SHUTTERSTOCK INC.,US,POND5 INC.,US,Acquisition 100%,Completed,"210,000.00",11.05.2022,100.00000,0.00000,100.00000,518210,518210,SSTK,,11.05.2022,Cash,Unlisted,"210,000"
2460.,1941706483,PACIFIC WOODTECH CORPORATION,US,LOUISIANA PACIFIC CORPORATION’S ENGINEERED WOOD PRODUCTS BUSINESS,US,Acquisition 100%,Completed,"210,000.00",01.08.2022,100.00000,0.00000,100.00000,321213,321213,,,21.06.2022,Cash,Unlisted,"210,000"
2461.,1939074267,RONDO ACQUISITION LLC,US,AVKARE INC.,US,Acquisition 61.5%,Completed,"209,100.00",04.02.2020,61.50000,0.00000,61.50000,325412,325412,,,10.12.2019,Cash,Unlisted,"75,000"
,,,,,,,,,,,,,,,,,,Bonds,,"44,200"
,,,,,,,,,,,,,,,,,,Liabilities,,n.a.
2462.,1941649864,JACOBS ENGINEERING GROUP INC.,US,STREETLIGHT DATA INC.,US,Acquisition 100%,Completed,"209,000.00",04.02.2022,100.00000,0.00000,100.00000,518210,541330,J,,04.02.2022,Liabilities,Unlisted,n.a.
2463.,1941158250,SKYLINE RENEWABLES LLC,US,NJR CLEAN ENERGY VENTURES CORPORATION'S 4 WIND FARMS,US,Acquisition 100%,Completed,"208,500.00",11.02.2019,100.00000,0.00000,100.00000,221115,221115,,,21.11.2018,,Unlisted,n.a.
2464.,2007527727,ENERSYS ADVANCED SYSTEMS INC.,US,BREN-TRONICS INC.,US,Acquisition 100%,Completed,"208,000.00",26.07.2024,100.00000,0.00000,100.00000,335911,335911,,,02.05.2024,Cash,Unlisted,"208,000"
,,,,,,,,,,,,,,,,,,Cash Reserves,,n.a.
2465.,2007509192,MERCK & COMPANY INC.,US,ABCEUTICS INC.,US,Acquisition 100%,Completed,"208,000.00",05.04.2024,100.00000,0.00000,100.00000,541713,325412,MRK,,05.04.2024,Earn-out,Unlisted,n.a.
2466.,1941454190,PACIFIC ARCHITECTS AND ENGINEERS LLC,US,CENTRA TECHNOLOGY INC.,US,Acquisition 100%,Completed,"208,000.00",20.11.2020,100.00000,0.00000,100.00000,561621,541330,,,26.10.2020,Cash,Unlisted,"208,000"
,,,,,,,,,,,,,,,,,,Cash Reserves,,n.a.
2467.,2007382553,ORRSTOWN FINANCIAL SERVICES INC.,US,CODORUS VALLEY BANCORP INC.,US,Acquisition 100%,Completed,"207,000.00",01.07.2024,100.00000,0.00000,100.00000,522110,522110,ORRF,CVLY,12.12.2023,Shares,Delisted,"207,000"
2468.,2007050698,MTY FRANCHISING USA INC.,US,COP WP PARENT INC.,US,Acquisition 100%,Completed,"207,000.00",08.12.2022,100.00000,0.00000,100.00000,311812,722511,,,02.11.2022,Cash,Unlisted,"207,000"
,,,,,,,,,,,,,,,,,,Cash Reserves,,n.a.
2469.,1941737846,GLOBAL INFRASTRUCTURE SOLUTIONS INC.,US,HILL INTERNATIONAL INC.,US,Acquisition 100% Bid 2 - Increased offer,Completed,"207,000.00",27.12.2022,100.00000,0.00000,100.00000,541611,236210,,HIL,27.08.2022,Cash,Delisted,"207,000"
,,,,,,,,,,,,,,,,,,Liabilities,,n.a.
2470.,1941721888,"FIRST BANCSHARES INC., THE (MISSISSIPPI)",US,HERITAGE SOUTHEAST BANCORPORATION INC.,US,Acquisition 100%,Completed,"207,000.00",01.01.2023,100.00000,0.00000,100.00000,522110,522110,FBMS,HSBI,27.07.2022,Shares,Delisted,"207,000"
2471.,2007886015,METROCITY BANKSHARES INC.,US,FIRST IC CORPORATION,US,Acquisition 100%,Completed,"206,000.00",02.12.2025,100.00000,0.00000,100.00000,522110,522110,MCBS,,17.03.2025,Shares,Unlisted,"94,024"
,,,,,,,,,,,,,,,,,,Cash,,"111,965"
2472.,2007643413,SPS COMMERCE INC.,US,SUPPLYPIKE INC.,US,Acquisition 100%,Completed,"206,000.00",01.08.2024,100.00000,0.00000,100.00000,518210,518210,SPSC,,01.08.2024,Cash,Unlisted,"119,000"
,,,,,,,,,,,,,,,,,,Shares,,"87,000"
2473.,2007322394,IDEX CORPORATION,US,SUPERIOR TECHNICAL CERAMICS CORPORATION,US,Acquisition 100%,Completed,"206,000.00",14.12.2023,100.00000,0.00000,100.00000,327110,334516,IEX,,30.10.2023,Liabilities,Unlisted,n.a.
,,,,,,,,,,,,,,,,,,Cash,,"206,000"
,,,,,,,,,,,,,,,,,,Cash Reserves,,n.a.
2474.,1939043408,S&T BANCORP INC.,US,DNB FINANCIAL CORPORATION,US,Acquisition 100%,Completed,"206,000.00",02.12.2019,100.00000,0.00000,100.00000,522110,522110,STBA,DNBF,05.06.2019,Shares,Delisted,"206,000"
2475.,1941199663,NATIONAL WESTERN LIFE INSURANCE COMPANY,US,OZARK NATIONAL LIFE INSURANCE COMPANY INC.,US,Acquisition 100%,Completed,"205,500.00",01.02.2019,100.00000,0.00000,100.00000,524113,524113,NWLI,,01.02.2019,Cash,Unlisted,"205,500"
,,,,NIS FINANCIAL SERVICES INC.,US,,,,,100.00000,0.00000,100.00000,523999,,,,,,Unlisted,
2476.,2008473435,WORTHINGTON ENTERPRISES INC.,US,LSI GROUP LLC,US,Acquisition 100%,Completed,"205,000.00",16.01.2026,100.00000,0.00000,100.00000,541512,332312,WOR,,16.12.2025,Cash Reserves,Unlisted,n.a.
,,,,,,,,,,,,,,,,,,Cash,,"205,000"
2477.,2007803400,USANA HEALTH SCIENCES INC.,US,HIYA HEALTH PRODUCTS LLC,US,Acquisition 78.8%,Completed,"205,000.00",23.12.2024,78.80000,0.00000,78.80000,446199,325411,USNA,,23.12.2024,Cash,Unlisted,"205,000"
,,,,,,,,,,,,,,,,,,Cash Reserves,,n.a.
2478.,2007780292,TREEHOUSE FOODS INC.,US,HARRIS FREEMAN & COMPANY INC.'S TEA BRAND SUBSIDIARIES,US,Acquisition 100%,Completed,"205,000.00",02.01.2025,100.00000,0.00000,100.00000,424490,311999,THS,,02.12.2024,,Unlisted,n.a.
2479.,2007498489,BLUE OWL CAPITAL INC.,US,PRIMA CAPITAL ADVISORS LLC,US,Acquisition 100%,Completed,"205,000.00",07.06.2024,100.00000,0.00000,100.00000,523920,523920,OWL,,09.04.2024,Cash,Unlisted,"13,000"
,,,,,,,,,,,,,,,,,,Earn-out,,"35,000"
,,,,,,,,,,,,,,,,,,Shares,,"192,000"
2480.,2007328370,DAVIES US LLC,US,AMERICAN CLAIMS MANAGEMENT INC.,US,Acquisition 100%,Completed,"205,000.00",31.12.2023,100.00000,0.00000,100.00000,524291,524298,,,31.10.2023,,Unlisted,n.a.
,,,,PREFERRED GOVERNMENTAL CLAIM SOLUTIONS INC.,US,,,,,100.00000,0.00000,100.00000,524291,,,,,,Unlisted,
,,,,USIS INC.,US,,,,,100.00000,0.00000,100.00000,524291,,,,,,Unlisted,
,,,,INSURANCE CLAIMS ADJUSTERS INC.,US,,,,,100.00000,0.00000,100.00000,524291,,,,,,Unlisted,
2481.,2007284747,MC2 TITANIUM LLC,US,TRUSTWAVE HOLDINGS INC.,US,Acquisition 99.4%,Completed,"205,000.00",05.01.2024,99.40000,Unknown %,Unknown majority,511210,523930,,,30.09.2023,Cash,Unlisted,"10,000"
,,,,,,,,,,,,,,,,,,Liabilities,,"195,000"
2482.,1941740492,ANTERO MIDSTREAM PARTNERS LP,US,CRESTWOOD MARCELLUS MIDSTREAM LLC'S MARCELLUS SHALE ASSETS,US,Acquisition 100%,Completed,"205,000.00",31.12.2022,100.00000,0.00000,100.00000,424720,486210,AM,,12.09.2022,Cash,Unlisted,"205,000"
2483.,1941630653,RUSH ENTERPRISES INC.,US,"SUMMIT TRUCK GROUP LLC'S 16 INTERNATIONAL BRAND COMMERCIAL VEHICLE DEALERSHIPS IN ARKANSAS, KANSAS, MISSOURI AND TENNESSEE",US,Acquisition 100%,Completed,"205,000.00",13.12.2021,100.00000,0.00000,100.00000,441228,441110,RUSHA,,13.12.2021,,Unlisted,n.a.
,,,,SUMMIT TRUCK GROUP LLC'S UNDISCLOSED SUBSIDIARIES,US,,,,,100.00000,0.00000,100.00000,441228,,,,,,Unlisted,
2484.,1941619482,LIFE360 INC.,US,TILE INC.,US,Acquisition 100%,Completed,"205,000.00",06.01.2022,100.00000,0.00000,100.00000,334220,511210,360,,22.11.2021,,Unlisted,n.a.
2485.,1941516397,METTLER-TOLEDO INTERNATIONAL INC.,US,PENDOTECH LLC,US,Acquisition 100%,Completed,"205,000.00",24.03.2021,100.00000,0.00000,100.00000,334513,334513,MTD,,24.03.2021,Earn-out,Unlisted,"20,000"
2486.,1941424344,BROOKLINE CAPITAL ACQUISITION CORPORATION,US,APEXIGEN INC.,US,Acquisition 100%,Completed,"205,000.00",01.08.2022,100.00000,0.00000,100.00000,541713,525990,APGN,,18.03.2022,Shares,Unlisted,"205,000"
2487.,2007198440,NEOLEUKIN THERAPEUTICS INC.,US,NEUROGENE INC.,US,Acquisition 100%,Completed,"204,612.00",19.12.2023,100.00000,0.00000,100.00000,541713,541713,NGNE,,18.07.2023,Shares,Unlisted,"204,612"
2488.,1941575161,INSIGHT ACQUISITION CORPORATION,US,ALPHA MODUS CORPORATION,US,Acquisition 100%,Completed,"204,500.00",13.12.2024,100.00000,0.00000,100.00000,518210,525990,AMOD,,13.10.2023,Shares,Unlisted,"175,000"
,,,,,,,,,,,,,,,,,,Earn-out,,"29,500"
2489.,1941422500,SOUTHWESTERN ENERGY COMPANY,US,MONTAGE RESOURCES CORPORATION,US,Acquisition 100%,Completed,"204,278.00",13.11.2020,100.00000,0.00000,100.00000,211120,211120,SWN,MR,12.08.2020,Shares,Delisted,"204,278"
2490.,2007916949,TOWNEBANK,US,OLD POINT FINANCIAL CORPORATION,US,Acquisition 100%,Completed,"203,000.00",02.09.2025,100.00000,0.00000,100.00000,522110,522110,TOWN,OPOF,03.04.2025,Shares,Delisted,n.a.
,,,,,,,,,,,,,,,,,,Cash,,n.a.
2491.,1943350019,ARM MONUMENT INTERMEDIATE HOLDINGS LLC,US,MONUMENT PIPELINE LP,US,Acquisition 100%,Completed,"203,000.00",01.04.2022,100.00000,0.00000,100.00000,221210,541613,,,01.04.2022,,Unlisted,n.a.
2492.,1943301788,JOHNS LYNG INTERMEDIARY HOLDINGS LLC,US,RECONSTRUCTION EXPERTS INC.,US,Acquisition 100%,Completed,"202,000.00",01.01.2022,100.00000,0.00000,100.00000,236116,551112,,,09.12.2021,Cash,Unlisted,"202,000"
,,,,,,,,,,,,,,,,,,Earn-out,,"58,000"
,,,,,,,,,,,,,,,,,,Liabilities,,n.a.
2493.,1941446910,LEVITON MANUFACTURING COMPANY INC.,US,BERK-TEK LLC,US,Acquisition 100%,Completed,"202,000.00",30.09.2020,100.00000,0.00000,100.00000,335921,335313,,,17.07.2020,Liabilities,Unlisted,n.a.
2494.,2007336350,HIGHPEAK ENERGY INC.,US,ALAMO BORDEN COUNTY IV LLC'S OIL AND GAS PROPERTIES IN THE PERMIAN BASIN,US,Acquisition 100%,Completed,"201,000.00",25.03.2022,100.00000,0.00000,100.00000,213111,211120,HPK,,07.03.2022,Shares,Unlisted,n.a.
,,,,,,,,,,,,,,,,,,Cash,,n.a.
2495.,1939044189,HERITAGE BANK OF COMMERCE,US,PRESIDIO BANK,US,Acquisition 100%,Completed,"200,300.00",14.10.2019,100.00000,0.00000,100.00000,551111,522110,,PDOB,16.05.2019,Third party shares,Delisted,"200,300"
2496.,2008555224,FLOWCO HOLDINGS INC.,US,RIVERSTONE OILFIELD SERVICES AND EQUIPMENT INC.,US,Acquisition 100%,Completed,"200,000.00",02.03.2026,100.00000,0.00000,100.00000,333132,333132,FLOC,,02.02.2026,Cash Reserves,Unlisted,n.a.
,,,,,,,,,,,,,,,,,,Shares,,"30,000"
,,,,,,,,,,,,,,,,,,Cash,,"170,000"
2497.,2008513895,BATTERY MANAGEMENT CORPORATION,US,ONEBRIEF INC.,US,Acquisition unknown stake %,Completed,"200,000.00",13.01.2026,Unknown %,Unknown %,Unknown %,511210,523910,,,13.01.2026,Cash,Unlisted,"200,000"
,,GENERAL CATALYST GROUP MANAGEMENT LLC,US,,,,,,,,,,,523910,,,,,,
,,INSIGHT VENTURE MANAGEMENT LLC,US,,,,,,,,,,,523910,,,,,,
,,SALESFORCE VENTURES LLC,US,,,,,,,,,,,523910,,,,,,
,,SAPPHIRE VENTURES LLC,US,,,,,,,,,,,523910,,,,,,
2498.,2008344740,FIGMA INC.,US,WEAVY INC.,US,Acquisition 100%,Completed,"200,000.00",30.10.2025,100.00000,0.00000,100.00000,518210,518210,FIG,,30.10.2025,,Unlisted,n.a.
2499.,2008295556,DATAVANT INC.,US,DIGITALOWL INC.,US,Acquisition 100%,Completed,"200,000.00",08.10.2025,100.00000,0.00000,100.00000,518210,518210,,,25.09.2025,,Unlisted,n.a.
2500.,2008180850,POWER TECHNOLOGY GROUP LLC,US,CHANGING OF THE ASPENS LLC,US,Acquisition 100%,Completed,"200,000.00",14.08.2025,100.00000,0.00000,100.00000,541715,541715,,,14.08.2025,,Unlisted,n.a.
2501.,2008174360,KINGS & CONVICTS BREWING COMPANY,US,BALLAST POINT BREWING CO.,US,Acquisition 100%,Completed,"200,000.00",07.05.2020,100.00000,0.00000,100.00000,551114,312120,,,24.03.2020,,Unlisted,n.a.
2502.,2008109807,VERTIV HOLDINGS COMPANY,US,GREAT LAKES CASE & CABINET COMPANY INC.,US,Acquisition 100%,Completed,"200,000.00",20.08.2025,100.00000,0.00000,100.00000,337215,334111,VRT,,17.07.2025,,Unlisted,n.a.
2503.,2007793399,ABBVIE INC.,US,NIMBLE THERAPEUTICS INC.,US,Acquisition 100%,Completed,"200,000.00",23.01.2025,100.00000,0.00000,100.00000,541713,541713,ABBV,,13.12.2024,Earn-out,Unlisted,n.a.
,,,,,,,,,,,,,,,,,,Cash,,n.a.
2504.,2007752596,ELEKTRON ENERGY LP,US,PEAK MINING LLC,US,Acquisition 100%,Completed,"200,000.00",03.11.2025,100.00000,0.00000,100.00000,518210,518210,,,03.11.2025,Cash,Unlisted,n.a.
,,,,,,,,,,,,,,,,,,Earn-out,,"150,000"
2505.,2007731700,VSE CORPORATION,US,KELLSTROM AEROSPACE GROUP INC.,US,Acquisition 100%,Completed,"200,000.00",03.12.2024,100.00000,0.00000,100.00000,423860,423860,VSEC,,15.10.2024,Cash,Unlisted,"200,000"
,,,,,,,,,,,,,,,,,,Shares,,"15,000"
2506.,2007635627,PARSONS CORPORATION,US,BLACKSIGNAL TECHNOLOGIES LLC,US,Acquisition 100%,Completed,"200,000.00",16.08.2024,100.00000,0.00000,100.00000,518210,541512,PSN,,30.07.2024,Cash,Unlisted,"200,000"
2507.,2007622816,KRONOS LOUISIANA INC.,US,LOUISIANA PIGMENT COMPANY LP,US,Acquisition increased from 50% to 100%,Completed,"200,000.00",17.07.2024,50.00000,50.00000,100.00000,325180,551114,,,17.07.2024,Cash Reserves,Unlisted,n.a.
,,,,,,,,,,,,,,,,,,Cash,,n.a.
,,,,,,,,,,,,,,,,,,Earn-out,,"15,000"
2508.,2007609985,SOLARIS OILFIELD INFRASTRUCTURE INC.,US,MOBILE ENERGY RENTALS LLC,US,Acquisition 100%,Completed,"200,000.00",11.09.2024,100.00000,0.00000,100.00000,532490,333132,SEI,,09.07.2024,Shares,Unlisted,"137,115"
,,,,,,,,,,,,,,,,,,Cash,,"60,000"
2509.,2007503122,DIAGEO NORTH AMERICA INC.,US,DELEON HOLDING COMPANY LLC,US,Acquisition increased from 50% to 100%,Completed,"200,000.00",16.01.2024,50.00000,50.00000,100.00000,312140,312130,,,16.01.2024,,Unlisted,n.a.
2510.,2007495164,KANDERS & COMPANY INC.,US,L3HARRIS TECHNOLOGIES INC.'S ANTENNA AND TEST EQUIPMENT BUSINESSES,US,Acquisition 100%,Completed,"200,000.00",03.06.2024,100.00000,0.00000,100.00000,334220,523910,,,05.04.2024,Bonds,Unlisted,"25,000"
,,,,,,,,,,,,,,,,,,Cash,,"175,000"
2511.,2007488772,SONY PICTURES ENTERTAINMENT INC.,US,ALAMO DRAFTHOUSE CINEMAS LLC,US,Acquisition 100%,Completed,"200,000.00",12.06.2024,100.00000,0.00000,100.00000,512131,512110,,,12.06.2024,,Unlisted,n.a.
2512.,2007413074,LIVERAMP HOLDINGS INC.,US,AUDION MANAGEMENT COMPANY LLC,US,Acquisition 100%,Completed,"200,000.00",31.01.2024,Unknown %,Unknown %,Unknown %,523910,518210,RAMP,,17.01.2024,Cash,Unlisted,"170,000"
,,,,HABU INC.,US,,,,,100.00000,0.00000,100.00000,518210,,,,,Shares,Unlisted,"30,000"
2513.,2007342570,AIRBNB INC.,US,GAMEPLANNER INC.,US,Acquisition 100%,Completed,"200,000.00",14.11.2023,100.00000,0.00000,100.00000,518210,518210,ABNB,,14.11.2023,,Unlisted,n.a.
2514.,2007325038,INVENTURUS KNOWLEDGE SOLUTIONS INC.,US,AQUITY LLC,US,Acquisition 100%,Completed,"200,000.00",31.10.2023,100.00000,0.00000,100.00000,561410,518210,,,31.10.2023,,Unlisted,n.a.
2515.,2007240857,PARSONS CORPORATION,US,SEALING TECHNOLOGIES INC.,US,Acquisition 100%,Completed,"200,000.00",23.08.2023,100.00000,0.00000,100.00000,541512,541512,PSN,,23.08.2023,Cash,Unlisted,"175,000"
,,,,,,,,,,,,,,,,,,Earn-out,,"25,000"
2516.,2007181386,THOUGHTSPOT INC.,US,MODE ANALYTICS INC.,US,Acquisition 100%,Completed,"200,000.00",19.07.2023,100.00000,0.00000,100.00000,518210,518210,,,26.06.2023,Cash,Unlisted,n.a.
,,,,,,,,,,,,,,,,,,Shares,,n.a.
2517.,1941742214,ANGLOGOLD ASHANTI (USA) HOLDINGS INC.,US,COEUR STERLING INC.,US,Acquisition 100%,Completed,"200,000.00",31.12.2022,100.00000,0.00000,100.00000,213114,212221,,,19.09.2022,Earn-out,Unlisted,"50,000"
,,,,,,,,,,,,,,,,,,Cash,,"200,000"
2518.,1941727278,MTY FRANCHISING USA INC.,US,BBQ HOLDINGS INC.,US,Acquisition 100%,Completed,"200,000.00",27.09.2022,100.00000,0.00000,100.00000,722511,722511,,BBQ,09.08.2022,Liabilities,Delisted,n.a.
,,,,,,,,,,,,,,,,,,Cash,,n.a.
,,,,,,,,,,,,,,,,,,Cash Reserves,,n.a.
2519.,1941674706,NOMI HEALTH INC.,US,ARTEMIS HEALTH INC.,US,Acquisition 100%,Completed,"200,000.00",06.01.2022,100.00000,0.00000,100.00000,518210,518210,,,06.01.2022,,Unlisted,n.a.
2520.,1941666280,TARGA RESOURCES CORPORATION,US,SOUTHCROSS ENERGY OPERATING LLC,US,Acquisition 100%,Completed,"200,000.00",21.04.2022,100.00000,0.00000,100.00000,486210,211120,,,17.03.2022,,Unlisted,n.a.
2521.,1941623124,"SYNERGOS COMPANIES LLC, THE",US,BREWER COMPANIES LLC,US,Acquisition 100%,Completed,"200,000.00",18.11.2021,100.00000,0.00000,100.00000,238220,551112,,,18.11.2021,,Unlisted,n.a.
,,,,BREWER ENTERPRISES INC.,US,,,,,100.00000,0.00000,100.00000,238220,,,,,,Unlisted,
,,,,BREWER COMMERCIAL SERVICES LLC,US,,,,,100.00000,0.00000,100.00000,238220,,,,,,Unlisted,
,,,,JBKB LLC,US,,,,,100.00000,0.00000,100.00000,238220,,,,,,Unlisted,
,,,,T-PLUG LLC,US,,,,,100.00000,0.00000,100.00000,238220,,,,,,Unlisted,
2522.,1941620452,ANDRETTI ACQUISITION CORPORATION,US,ZAPATA COMPUTING INC.,US,Acquisition 100%,Completed,"200,000.00",28.03.2024,100.00000,0.00000,100.00000,511210,525990,WNNR,,06.09.2023,Shares,Unlisted,"200,000"
2523.,1941591994,LAREDO PETROLEUM INC.,US,OIL AND GAS PROPERTIES IN THE MIDLAND BASIN,US,Acquisition 100%,Completed,"200,000.00",18.10.2021,100.00000,0.00000,100.00000,211120,211120,VTLE,,19.09.2021,Cash Reserves,Unlisted,n.a.
,,,,,,,,,,,,,,,,,,Cash,,"131,600"
,,,,,,,,,,,,,,,,,,Shares,,"68,400"
2524.,1941447999,CONSONANCE-HFW ACQUISITION CORPORATION,US,SURROZEN INC.,US,Acquisition 100%,Completed,"200,000.00",11.08.2021,100.00000,0.00000,100.00000,541713,525990,SRZN,,15.04.2021,Shares,Unlisted,"200,000"
2525.,1941423841,REDDIT INC.,US,DUBSMASH INC.,US,Acquisition 100%,Completed,"200,000.00",13.12.2020,100.00000,0.00000,100.00000,511210,518210,RDDT,,13.12.2020,Cash,Unlisted,n.a.
,,,,,,,,,,,,,,,,,,Shares,,n.a.
2526.,1941351193,COMPASS DIVERSIFIED HOLDINGS,US,MARUCCI SPORTS LLC,US,Acquisition 100%,Completed,"200,000.00",20.04.2020,100.00000,0.00000,100.00000,339920,523910,CODI,,09.03.2020,,Unlisted,n.a.
2527.,1941323854,APPLE INC.,US,XNOR.AI INC.,US,Acquisition 100%,Completed,"200,000.00",15.01.2020,100.00000,0.00000,100.00000,518210,334111,AAPL,,15.01.2020,,Unlisted,n.a.
2528.,1941321769,R1 RCM INC. (OLD),US,CLEARSIGHT INTERMEDIATE HOLDINGS INC.,US,Acquisition 100%,Completed,"200,000.00",01.04.2020,100.00000,0.00000,100.00000,518210,541611,RCM,,13.01.2020,Cash Reserves,Unlisted,n.a.
,,,,,,,,,,,,,,,,,,Earn-out,,"10,000"
,,,,,,,,,,,,,,,,,,Cash,,n.a.
2529.,1941316609,ADVANCE AUTO PARTS INC.,US,TRANSFORM HOLDCO LLC'S DIEHARD BRAND,US,Acquisition 100%,Completed,"200,000.00",23.12.2019,100.00000,0.00000,100.00000,335911,441310,AAP,,23.12.2019,Cash,Unlisted,"200,000"
,,,,,,,,,,,,,,,,,,Cash Reserves,,n.a.
2530.,1941190086,JOBVITE INC.,US,ROLEPOINT INC.,US,Acquisition 100%,Completed,"200,000.00",11.02.2019,100.00000,0.00000,100.00000,518210,518210,,,11.02.2019,,Unlisted,n.a.
,,,,CANVAS TALENT INC.,US,,,,,100.00000,0.00000,100.00000,518210,,,,,,Unlisted,
,,,,TALEMETRY INC.,CA,,,,,100.00000,0.00000,100.00000,511210,,,,,,Unlisted,
2531.,1941173520,PLAID INC.,US,QUOVO INC.,US,Acquisition 100%,Completed,"200,000.00",02.01.2019,100.00000,0.00000,100.00000,518210,518210,,,02.01.2019,Cash,Unlisted,"200,000"
2532.,2008641093,OPENAI GLOBAL LLC,US,OPENCLAW,US,Acquisition 100%,Completed,"200,000.00",15.02.2026,100.00000,0.00000,100.00000,518210,541511,,,15.02.2026,,Unlisted,n.a.
2533.,2008631475,AEROVIRONMENT INC.,US,EMPIRICAL SYSTEMS AEROSPACE INC.,US,Acquisition 100%,Completed,"200,000.00",16.03.2026,100.00000,0.00000,100.00000,336411,336411,AVAV,,16.03.2026,Cash,Unlisted,"40,000"
,,,,,,,,,,,,,,,,,,Shares,,"160,000"
2534.,2008340029,CADRE HOLDINGS INC.,US,TYR TACTICAL LLC,US,Acquisition 100%,Completed,"200,000.00",02.02.2026,100.00000,0.00000,100.00000,332994,316998,CDRE,,29.10.2025,Cash,Unlisted,n.a.
,,,,,,,,,,,,,,,,,,Shares,,n.a.
,,,,,,,,,,,,,,,,,,Cash Reserves,,n.a.
,,,,,,,,,,,,,,,,,,Earn-out,,"25,000"
2535.,2007296479,UC SAN DIEGO HEALTH SYSTEM,US,ALVARADO HOSPITAL MEDICAL CENTER INC.,US,Acquisition 100%,Completed,"200,000.00",11.12.2023,100.00000,0.00000,100.00000,622110,622110,,,09.10.2023,,Unlisted,n.a.
2536.,2007025250,BAKKT MARKETPLACE LLC,US,APEX CRYPTO LLC,US,Acquisition 100%,Completed,"200,000.00",01.04.2023,100.00000,0.00000,100.00000,511210,518210,,,03.11.2022,Shares,Unlisted,n.a.
,,,,,,,,,,,,,,,,,,Cash,,"55,000"
,,,,,,,,,,,,,,,,,,Earn-out,,"145,000"
,,,,,,,,,,,,,,,,,,Bonds,,n.a.
2537.,1941729882,CORNERSTONE ONDEMAND INC.,US,SUMTOTAL SYSTEMS LLC,US,Acquisition 100%,Completed,"200,000.00",16.08.2022,100.00000,0.00000,100.00000,518210,518210,CSOD,SUMT,13.06.2022,Cash,Delisted,"200,000"
2538.,1941701832,CORNERSTONE ONDEMAND INC.,US,AMBER HOLDING INC.,US,Acquisition 100%,Completed,"200,000.00",15.08.2022,100.00000,0.00000,100.00000,551112,518210,CSOD,,13.06.2022,Cash,Unlisted,"200,000"
2539.,1941678198,FORTIS CAPITAL ADVISORS LLC,US,NEXT HORIZON ADVISORS LLC,US,Acquisition 100%,Completed,"200,000.00",13.04.2022,100.00000,0.00000,100.00000,523920,523930,,,13.04.2022,,Unlisted,n.a.
2540.,1941227982,ALTICE USA INC.,US,CHEDDAR INC.,US,Acquisition 100%,Completed,"200,000.00",06.06.2019,100.00000,0.00000,100.00000,515120,517311,OPTU,,30.04.2019,,Unlisted,n.a.
2541.,1941160584,"KRAFT HEINZ COMPANY, THE",US,PRIMAL NUTRITION LLC,US,Acquisition 100%,Completed,"200,000.00",04.01.2019,100.00000,0.00000,100.00000,445299,311941,KHC,,29.11.2018,,Unlisted,n.a.
2542.,2007042800,NBT BANCORP INC.,US,SALISBURY BANCORP INC.,US,Acquisition 100%,Completed,"199,373.00",11.08.2023,100.00000,0.00000,100.00000,522110,551111,NBTB,SAL,05.12.2022,Shares,Delisted,"199,373"
2543.,1941614587,ROC ENERGY ACQUISITION CORPORATION,US,DRILLING TOOLS INTERNATIONAL HOLDINGS INC.,US,Acquisition 100%,Completed,"198,000.00",20.06.2023,100.00000,0.00000,100.00000,532412,525990,ROCAU,,13.02.2023,Shares,Unlisted,"198,000"
2544.,2007869996,OLD SECOND BANCORP INC.,US,BANCORP FINANCIAL INC.,US,Acquisition 100%,Completed,"197,000.00",01.07.2025,100.00000,0.00000,100.00000,551111,522110,OSBC,,25.02.2025,Shares,Unlisted,"147,750"
,,,,,,,,,,,,,,,,,,Cash,,"49,250"
2545.,1941164722,CARLISLE COMPANIES INC.,US,PETERSEN ALUMINUM CORPORATION,US,Acquisition 100%,Completed,"197,000.00",14.01.2019,100.00000,0.00000,100.00000,423510,327390,CSL,,10.12.2018,Cash,Unlisted,"197,000"
2546.,2008336026,JEFFERSON CAPITAL INC.,US,BLUESTEM BRANDS INC.'S CREDIT CARD ASSET PORTFOLIO,US,Acquisition 100%,Completed,"196,700.00",04.12.2025,100.00000,0.00000,100.00000,522210,522320,JCAP,,27.10.2025,,Unlisted,n.a.
2547.,1941632348,EVOQUA WATER TECHNOLOGIES LLC,US,CANTEL MEDICAL LLC AND MAR COR PURIFICATION INC.‘S WATER PURIFICATION BUSINESS UNIT,US,Acquisition 100%,Completed,"196,300.00",03.01.2022,100.00000,0.00000,100.00000,221320,221310,,,20.12.2021,Cash,Unlisted,"196,300"
,,EVOQUA WATER TECHNOLOGIES LTD,CA,CANTEL MEDICAL LLC AND MAR COR PURIFICATION INC.'S FILTRATION BUSINESS UNIT,US,,,,,100.00000,0.00000,100.00000,541990,551114,,,,Cash Reserves,Unlisted,n.a.
,,,,CANTEL MEDICAL LLC AND MAR COR PURIFICATION INC.'S DIALYSIS BUSINESS UNIT,US,,,,,100.00000,0.00000,100.00000,541990,,,,,Earn-out,Unlisted,"12,300"
2548.,2007797916,GENTEX CORPORATION,US,VOXX INTERNATIONAL CORPORATION,US,Acquisition increased from 34% to 100%,Completed,"196,000.00",01.04.2025,66.00000,34.00000,100.00000,423120,333314,GNTX,VOXX,18.12.2024,Cash,Delisted,"196,000"
2549.,2008122068,LABCORP HOLDINGS INC.,US,COMMUNITY HEALTH SYSTEMS INC.'S CERTAIN OUTREACH LABORATORY ASSETS,US,Acquisition 100%,Completed,"195,000.00",02.12.2025,100.00000,0.00000,100.00000,622110,621511,LH,,22.07.2025,Cash,Unlisted,"195,000"
2550.,2007274768,ATS CORPORATION,US,AVIDITY SCIENCE LLC,US,Acquisition 100%,Completed,"195,000.00",17.11.2023,100.00000,0.00000,100.00000,221310,541511,ATSC,,22.09.2023,Cash,Unlisted,"195,000"
2551.,1941609587,GRANITE US HOLDINGS CORPORATION,US,COMPRESSOR PRODUCTS INTERNATIONAL LLC,US,Acquisition 100%,Completed,"195,000.00",22.12.2021,100.00000,0.00000,100.00000,333912,333999,,,12.10.2021,,Unlisted,n.a.
2552.,1941317943,VALLEY HOLDINGS INC.,US,TATA CHEMICALS (SODA ASH) PARTNERS HOLDINGS,US,Acquisition increased from 75% to 100%,Completed,"195,000.00",19.12.2019,25.00000,75.00000,100.00000,325180,551112,,,19.12.2019,Cash,Unlisted,"195,000"
2553.,1941525128,AKERS BIOSCIENCES INC.,US,MYMD PHARMACEUTICALS INC. (OLD),US,Acquisition 100%,Completed,"194,571.00",19.04.2021,100.00000,0.00000,100.00000,541713,339112,QCLS,,12.11.2020,Shares,Unlisted,"194,571"
,,,,,,,,,,,,,,,,,,Earn-out,,"80,000"
2554.,2007229853,SOC TELEMED INC.,US,ACCESS PHYSICIANS PLLC,US,Acquisition 100%,Completed,"194,000.00",30.03.2021,100.00000,0.00000,100.00000,518210,518210,TLMD,,30.03.2021,Shares,Unlisted,n.a.
,,,,,,,,,,,,,,,,,,Cash,,n.a.
2555.,1941193340,HOMEFED LLC,US,HOMEFED CORPORATION,US,Acquisition increased from 70.1% to 100%,Completed,"194,000.00",01.07.2019,29.90000,70.10000,100.00000,237210,523910,,HOFD,19.02.2019,Shares,Delisted,"194,000"
2556.,2007712117,UNIVERSAL LOGISTICS HOLDINGS INC.,US,PARSEC INC.,US,Acquisition 100%,Completed,"193,600.00",30.09.2024,100.00000,0.00000,100.00000,488210,484121,ULH,,30.09.2024,Cash,Unlisted,"193,600"
2557.,2007245871,BRAEMAR HOTELS & RESORTS INC.,US,"DORADO BEACH, A RITZ-CARLTON RESERVE",US,Acquisition 100%,Completed,"193,000.00",14.03.2022,100.00000,0.00000,100.00000,721110,531120,BHR,,27.12.2021,Cash,Unlisted,"104,000"
,,,,,,,,,,,,,,,,,,Shares,,"35,040"
,,,,,,,,,,,,,,,,,,Liabilities,,"54,000"
,,,,,,,,,,,,,,,,,,Cash Reserves,,n.a.
2558.,1941722407,VISTA OUTDOOR OPERATIONS LLC,US,SIMMS FISHING PRODUCTS LLC,US,Acquisition 100%,Completed,"192,500.00",23.08.2024,100.00000,0.00000,100.00000,339920,339920,,,27.07.2022,Cash,Unlisted,"192,500"
2559.,2008378177,IES HOLDINGS INC.,US,GULF ISLAND FABRICATION INC.,US,Acquisition 100%,Completed,"192,000.00",15.01.2026,100.00000,0.00000,100.00000,333132,237130,IESC,GIFI,07.11.2025,Cash,Delisted,"192,000"
2560.,2008638879,COMMUNITY WEST BANCSHARES,US,UNITED SECURITY BANCSHARES,US,Acquisition 100%,Completed,"191,900.00",01.04.2026,100.00000,0.00000,100.00000,551111,551111,CWBC,UBFO,17.12.2025,Shares,Delisted,"191,900"
2561.,2007863675,ESL PARTNERS LP,US,LANDS' END INC.,US,Acquisition 55.327%,Completed,"191,574.00",24.02.2025,55.32700,0.01200,55.33900,448140,525910,,LE,24.02.2025,Cash,Listed,"191,574"
2562.,2007774986,TRACCOM INC.,US,VULCAIN INC.,US,Acquisition 100%,Completed,"191,447.00",13.11.2024,100.00000,0.00000,100.00000,511210,334511,VLAI,,13.11.2024,Shares,Unlisted,"191,447"
2563.,1941646994,CENGAGE LEARNING INC.,US,INFOSEC INSTITUTE INC.,US,Acquisition 100%,Completed,"191,000.00",31.03.2022,100.00000,0.00000,100.00000,611430,511130,,,31.01.2022,,Unlisted,n.a.
2564.,2007229605,BIOVIE INC.,US,NEURMEDIX INC.'S ASSETS,US,Acquisition 100%,Completed,"190,988.00",11.06.2021,100.00000,0.00000,100.00000,541713,541713,BIVI,,27.04.2021,Shares,Unlisted,n.a.
,,,,,,,,,,,,,,,,,,Cash,,"10,300"
,,,,,,,,,,,,,,,,,,Earn-out,,"7,300"
2565.,2007030334,AMETEK INC.,US,NAVITAR INC.,US,Acquisition 100%,Completed,"190,300.00",30.09.2022,100.00000,0.00000,100.00000,333314,334510,AME,,30.09.2022,Cash,Unlisted,"190,300"
2566.,2008211730,POET REFINING OBION LLC,US,GREEN PLAINS OBION LLC'S ETHANOL PLANT AND ASSETS IN TENNESSEE,US,Acquisition 100%,Completed,"190,000.00",25.09.2025,100.00000,0.00000,100.00000,324199,324199,,,27.08.2025,Cash,Unlisted,"190,000"
2567.,2008102467,CAVCO INDUSTRIES INC.,US,AMERICAN HOMESTAR CORPORATION,US,Acquisition 100%,Completed,"190,000.00",30.09.2025,100.00000,0.00000,100.00000,321991,321991,CVCO,HSTRQ,14.07.2025,Cash,Delisted,"190,000"
,,,,,,,,,,,,,,,,,,Cash Reserves,,n.a.
2568.,2007469485,PAR TECHNOLOGY CORPORATION,US,STUZO LLC,US,Acquisition 100%,Completed,"190,000.00",11.03.2024,100.00000,0.00000,100.00000,518210,511210,PAR,,11.03.2024,Cash,Unlisted,"170,000"
,,,,,,,,,,,,,,,,,,Shares,,"20,000"
2569.,2007076106,MICROSOFT CORPORATION,US,FUNGIBLE INC.,US,Acquisition 100%,Completed,"190,000.00",09.01.2023,100.00000,0.00000,100.00000,334118,541511,MSFT,,09.01.2023,,Unlisted,n.a.
2570.,2007050856,AUTONATION INC.,US,REPAIRSMITH INC.,US,Acquisition 100%,Completed,"190,000.00",26.01.2023,100.00000,0.00000,100.00000,811111,441110,AN,,12.12.2022,,Unlisted,n.a.
2571.,1941711303,TRADEWEB MARKETS INC.,US,NASDAQ INC.'S FIXED INCOME BUSINESS,US,Acquisition 100%,Completed,"190,000.00",25.06.2021,100.00000,0.00000,100.00000,523210,518210,TW,,02.02.2021,Cash Reserves,Unlisted,n.a.
,,,,,,,,,,,,,,,,,,Cash,,"190,000"
2572.,1941638557,EXACT SCIENCES CORPORATION,US,PREVENTIONGENETICS LLC,US,Acquisition 100%,Completed,"190,000.00",09.01.2022,100.00000,0.00000,100.00000,541713,541713,EXAS,,09.01.2022,Shares,Unlisted,"95,000"
,,,,,,,,,,,,,,,,,,Cash,,"95,000"
2573.,1941615753,PROOF ACQUISITION CORPORATION I,US,VOLATO INC.,US,Acquisition 100%,Completed,"190,000.00",01.12.2023,100.00000,0.00000,100.00000,481211,525990,SOAR,,01.08.2023,Shares,Unlisted,"190,000"
2574.,1941730241,GOLDEN ENTERTAINMENT INC.,US,COLORADO BELLE GAMING LLC,US,Acquisition 100%,Completed,"190,000.00",14.01.2019,100.00000,0.00000,100.00000,721120,713210,GDEN,,16.07.2018,Earn-out,Unlisted,"22,000"
,,,,EDGEWATER GAMING LLC,US,,,,,100.00000,0.00000,100.00000,721120,,,,,Cash,Unlisted,"155,000"
,,,,,,,,,,,,,,,,,,Shares,,"35,000"
,,,,,,,,,,,,,,,,,,Cash Reserves,,n.a.
2575.,1941274702,FIRST FINANCIAL BANKSHARES INC.,US,TB&T BANCSHARES INC.,US,Acquisition 100%,Completed,"190,000.00",02.01.2020,100.00000,0.00000,100.00000,522110,522110,FFIN,,19.09.2019,Shares,Unlisted,"190,000"
2576.,1941544125,STOCK YARDS BANCORP INC.,US,KENTUCKY BANCSHARES INC.,US,Acquisition 100%,Completed,"189,431.00",01.06.2021,100.00000,0.00000,100.00000,522110,522110,SYBT,KTYB,27.01.2021,Cash,Delisted,"28,075"
,,,,,,,,,,,,,,,,,,Shares,,"161,356"
2577.,2007342683,NOVANTA CORPORATION,US,MOTION SOLUTIONS PARENT CORPORATION,US,Acquisition 100%,Completed,"189,000.00",02.01.2024,100.00000,0.00000,100.00000,336390,335312,,,14.11.2023,Cash,Unlisted,"189,000"
,,,,,,,,,,,,,,,,,,Cash Reserves,,n.a.
2578.,2007490768,KINTARA THERAPEUTICS INC.,US,TUHURA BIOSCIENCES INC.,US,Acquisition 100%,Completed,"188,521.00",17.10.2024,100.00000,0.00000,100.00000,541713,325412,HURA,HURA,03.04.2024,Shares,Listed,"188,521"
2579.,2007576774,DELTICUS HOLDCO LP,US,INGERSOLL RAND INC.'S SUBSIDIARY,US,Acquisition 100%,Completed,"188,500.00",10.06.2024,100.00000,0.00000,100.00000,327999,523920,,,10.06.2024,,Unlisted,n.a.
2580.,2007966359,WHITEHAWK INCOME CORPORATION,US,PHX MINERALS INC.,US,Acquisition increased from 2.5% to 100%,Completed,"187,000.00",23.06.2025,97.50000,2.50000,100.00000,211120,211120,,PHX,08.05.2025,Cash,Delisted,"187,000"
,,,,,,,,,,,,,,,,,,Liabilities,,n.a.
2581.,2007251053,EXPERIAN HOLDINGS INC.,US,CIC PLUS LLC,US,Acquisition 100%,Completed,"187,000.00",11.04.2022,100.00000,0.00000,100.00000,511210,511210,,,11.04.2022,,Unlisted,n.a.
,,,,TAYVAH LLC,US,,,,,100.00000,0.00000,100.00000,561499,,,,,,Unlisted,
2582.,1941605461,OLO INC.,US,WISELY INC.,US,Acquisition 100%,Completed,"187,000.00",04.11.2021,100.00000,0.00000,100.00000,518210,518210,OLO,,21.10.2021,Shares,Unlisted,"110,000"
,,,,,,,,,,,,,,,,,,Cash,,"77,000"
,,,,,,,,,,,,,,,,,,Cash Reserves,,n.a.
2583.,1941588188,ADVOCATE AURORA ENTERPRISES INC.,US,SH FRANCHISING LLC,US,Acquisition 100%,Completed,"187,000.00",01.04.2021,100.00000,0.00000,100.00000,621610,621610,,,01.04.2021,,Unlisted,n.a.
2584.,1941216798,HARD ROCK INTERNATIONAL INC.,US,JACK CINCINNATI CASINO LLC'S OPERATING ASSETS,US,Acquisition 100%,Completed,"187,000.00",23.09.2019,100.00000,0.00000,100.00000,713210,722511,,,05.04.2019,Cash,Unlisted,"187,000"
2585.,1941299354,SONOCO PLASTICS INC.,US,PLASTIQUE LTD,GB,Acquisition 100%,Completed,"187,000.00",31.12.2019,100.00000,0.00000,100.00000,326199,326199,,,18.11.2019,Cash,Unlisted,"187,000"
,,SONOCO HOLDINGS INC.,US,THERMOFORM ENGINEERED QUALITY LLC,US,,,,,100.00000,0.00000,100.00000,326112,551112,,,,,Unlisted,
,,,,PLASTIQUE SP. Z O.O.,PL,,,,,100.00000,0.00000,100.00000,326199,,,,,,Unlisted,
2586.,2008488948,WONDER GROUP INC.,US,SPYCE FOOD COMPANY,US,Acquisition 100%,Completed,"186,400.00",29.12.2025,100.00000,0.00000,100.00000,722511,511210,,,06.11.2025,Cash,Unlisted,"100,000"
,,,,,,,,,,,,,,,,,,Shares,,"86,400"
2587.,1941606970,ONE WATER ASSETS & OPERATIONS LLC,US,T-H MARINE SUPPLIES LLC,US,Acquisition 100%,Completed,"186,100.00",30.11.2021,100.00000,0.00000,100.00000,332510,551114,,,21.10.2021,Third party shares,Unlisted,"6,400"
,,,,THMS INC.,US,,,,,100.00000,0.00000,100.00000,551114,,,,,Cash,Unlisted,"179,700"
2588.,1941465580,BRAVO MERGER ACQUISITION LLC,US,RESPOND SOFTWARE INC.,US,Acquisition 100%,Completed,"186,100.00",18.11.2020,100.00000,0.00000,100.00000,511210,525990,,,18.11.2020,Cash,Unlisted,"116,900"
,,,,,,,,,,,,,,,,,,Shares,,"69,200"
,,,,,,,,,,,,,,,,,,Cash Reserves,,n.a.
2589.,2007136375,CALICHE DEVELOPMENT PARTNERS LLC,US,CENTRAL VALLEY GAS STORAGE LLC,US,Acquisition 100%,Completed,"186,000.00",03.10.2023,100.00000,0.00000,100.00000,486210,486210,,,29.11.2022,,Unlisted,n.a.
2590.,2007136376,CALICHE DEVELOPMENT PARTNERS LLC,US,GOLDEN TRIANGLE STORAGE INC.,US,Acquisition 100%,Completed,"186,000.00",18.11.2022,100.00000,0.00000,100.00000,486210,486210,,,18.11.2022,,Unlisted,n.a.
2591.,2007899419,WHINSTONE US INC.,US,RHODIUM ENTERPRISES INC.'S ASSETS,US,Acquisition 100%,Completed,"185,000.00",28.04.2025,100.00000,0.00000,100.00000,518210,511210,,,28.04.2025,Shares,Unlisted,"49,000"
,,,,,,,,,,,,,,,,,,Cash,,"129,900"
2592.,2007838335,BADGER METER INC.,US,HADRONEX INC.,US,Acquisition 100%,Completed,"185,000.00",31.01.2025,100.00000,0.00000,100.00000,334514,334514,BMI,,31.01.2025,Cash,Unlisted,"185,000"
2593.,2007752853,WESCO INTERNATIONAL INC.,US,ASCENT LLC,US,Acquisition 100%,Completed,"185,000.00",06.12.2024,100.00000,0.00000,100.00000,511210,423610,WCC,,31.10.2024,,Unlisted,n.a.
2594.,2007058145,DLH HOLDINGS CORPORATION,US,GROVE RESOURCE SOLUTIONS INC.,US,Acquisition 100%,Completed,"185,000.00",08.12.2022,100.00000,0.00000,100.00000,541512,621399,DLHC,,08.12.2022,Shares,Unlisted,"7,000"
,,,,,,,,,,,,,,,,,,Cash,,"178,000"
2595.,2007015124,PGT INNOVATIONS INC.,US,MARTIN DOOR HOLDINGS INC.,US,Acquisition 100%,Completed,"185,000.00",17.10.2022,100.00000,0.00000,100.00000,332321,332321,PGTI,,17.10.2022,Cash,Unlisted,"185,000"
,,,,,,,,,,,,,,,,,,Cash Reserves,,n.a.
2596.,1941724065,BORGWARNER INC.,US,RHOMBUS ENERGY SOLUTIONS INC.,US,Acquisition 100%,Completed,"185,000.00",03.08.2022,100.00000,0.00000,100.00000,335311,336310,BWA,,03.08.2022,Cash Reserves,Unlisted,n.a.
,,,,,,,,,,,,,,,,,,Cash,,n.a.
,,,,,,,,,,,,,,,,,,Earn-out,,"55,000"
,,,,,,,,,,,,,,,,,,Liabilities,,n.a.
2597.,1941660305,E2OPEN LLC,US,LOGISTYX TECHNOLOGIES LLC,US,Acquisition 100%,Completed,"185,000.00",02.03.2022,100.00000,0.00000,100.00000,541511,518210,,,02.03.2022,Shares,Unlisted,n.a.
,,,,,,,,,,,,,,,,,,Cash,,n.a.
,,,,,,,,,,,,,,,,,,Deferred payment,,n.a.
2598.,1941653416,NORTHERN LIGHTS ACQUISITION CORPORATION,US,SHF HOLDINGS INC.,US,Acquisition 100%,Completed,"185,000.00",29.09.2022,100.00000,0.00000,100.00000,522110,525990,SHFS,,14.02.2022,Cash,Unlisted,"70,000"
,,,,,,,,,,,,,,,,,,Deferred payment,,n.a.
,,,,,,,,,,,,,,,,,,Shares,,"115,000"
2599.,1941563390,HORACE MANN EDUCATORS CORPORATION,US,MADISON NATIONAL LIFE INSURANCE COMPANY INC.,US,Acquisition 100%,Completed,"185,000.00",03.01.2022,100.00000,0.00000,100.00000,524113,524210,HMN,,14.07.2021,Earn-out,Unlisted,"12,500"
,,,,,,,,,,,,,,,,,,Cash,,"185,000"
,,,,,,,,,,,,,,,,,,Cash Reserves,,n.a.
2600.,1941230963,PETIQ LLC,US,SERGEANT'S PET CARE PRODUCTS INC.,US,Acquisition 100%,Completed,"185,000.00",08.07.2019,100.00000,0.00000,100.00000,325412,311111,PETQ,,08.05.2019,Cash Reserves,Unlisted,n.a.
,,,,,,,,,,,,,,,,,,Cash,,"185,000"
2601.,2007399064,TOME BIOSCIENCES INC.,US,REPLACE THERAPEUTICS INC.,US,Acquisition 100%,Completed,"185,000.00",02.01.2024,100.00000,0.00000,100.00000,541713,541713,,,02.01.2024,Cash,Unlisted,n.a.
,,,,,,,,,,,,,,,,,,Earn-out,,"120,000"
,,,,,,,,,,,,,,,,,,Shares,,n.a.
2602.,1943113961,VARIAN MEDICAL SYSTEMS INC.,US,ENDOCARE INC.,US,Acquisition 100%,Completed,"185,000.00",10.06.2019,100.00000,0.00000,100.00000,339112,334517,VAR,ENDO,10.06.2019,Cash,Delisted,"185,000"
,,,,SCION MEDICAL LTD,HK,,,,,100.00000,0.00000,100.00000,339112,,,,,,Unlisted,
2603.,1941709559,INGERSOLL RAND INC.,US,TUTHILL CORPORATION'S VACUUM AND BLOWER SYSTEMS DIVISION,US,Acquisition 100%,Completed,"184,000.00",01.02.2021,100.00000,0.00000,100.00000,333914,333912,IR,,07.12.2020,Cash Reserves,Unlisted,n.a.
,,,,,,,,,,,,,,,,,,Cash,,"184,000"
2604.,2007801644,FREEHOLD ROYALTIES (USA) INC.,US,MINERAL AND ROYALTY ASSETS LOCATED IN THE CORE OF THE MIDLAND BASIN IN TEXAS,US,Acquisition 100%,Completed,"184,000.00",19.12.2024,100.00000,0.00000,100.00000,212399,211120,,,13.12.2024,,Unlisted,n.a.
2605.,1941193270,READYCAP MERGER SUB LLC,US,OWENS REALTY MORTGAGE INC.,US,Acquisition 100%,Completed,"183,357.00",29.03.2019,100.00000,0.00000,100.00000,522292,522292,,ORM,07.11.2018,Third party shares,Delisted,"183,357"
2606.,1941260056,OCEANFIRST FINANCIAL CORPORATION,US,TWO RIVER BANCORP,US,Acquisition 100%,Completed,"182,800.00",01.01.2020,100.00000,0.00000,100.00000,522110,522110,OCFC,TRCB,09.08.2019,Cash,Delisted,"46,597"
,,,,,,,,,,,,,,,,,,Shares,,"136,203"
2607.,1941679220,SECOND SIGHT MEDICAL PRODUCTS INC.,US,NANO PRECISION MEDICAL INC.,US,Acquisition 100%,Completed,"182,715.00",30.08.2022,100.00000,0.00000,100.00000,541713,333314,VANI,,07.02.2022,Shares,Unlisted,"182,715"
2608.,2007148480,GREEN PLAINS INC.,US,GREEN PLAINS PARTNERS LP,US,Acquisition increased from 50.1% to 100%,Completed,"182,136.00",09.01.2024,49.90000,50.10000,100.00000,325193,325193,GPRE,GPP,18.09.2023,Shares,Delisted,"158,918"
,,,,,,,,,,,,,,,,,,Earn-out,,n.a.
,,,,,,,,,,,,,,,,,,Cash,,"23,218"
2609.,1941551462,HYDROFARM HOLDINGS GROUP INC.,US,AURORA INNOVATIONS INC.,US,Acquisition 100%,Completed,"182,000.00",01.07.2021,100.00000,0.00000,100.00000,325311,333111,HYFM,,17.06.2021,Shares,Unlisted,n.a.
,,,,,,,,,,,,,,,,,,Earn-out,,"21,000"
,,,,,,,,,,,,,,,,,,Cash,,n.a.
2610.,1941483444,EARTHSTONE ENERGY HOLDINGS LLC,US,INDEPENDENCE RESOURCES MANAGEMENT LLC,US,Acquisition 100%,Completed,"182,000.00",07.01.2021,100.00000,0.00000,100.00000,211120,551112,,,18.12.2020,Liabilities,Unlisted,n.a.
,,,,INDEPENDENCE RESOURCES TECHNOLOGIES LLC,US,,,,,100.00000,0.00000,100.00000,211120,,,,,Cash,Unlisted,"131,200"
,,,,,,,,,,,,,,,,,,Cash Reserves,,n.a.
,,,,,,,,,,,,,,,,,,Third party shares,,"50,800"
2611.,1939046907,HEXAWARE TECHNOLOGIES INC.,US,MOBIQUITY INC.,US,Acquisition 100%,Completed,"182,000.00",14.06.2019,100.00000,0.00000,100.00000,541512,541512,,,14.06.2019,Deferred payment,Unlisted,n.a.
,,HEXAWARE TECHNOLOGIES LTD,IN,MOBIQUITY SOFTECH PVT LTD,IN,,,,,100.00000,0.00000,100.00000,541512,541512,HEXAWARE,,,Earn-out,Unlisted,n.a.
2612.,2007389954,COSETTE PHARMACEUTICALS INC.,US,PALATIN TECHNOLOGIES INC.'S VYLEESI PRODUCT AND RELATED ASSETS,US,Acquisition 100%,Completed,"181,500.00",19.12.2023,100.00000,0.00000,100.00000,541713,325412,,,19.12.2023,Earn-out,Unlisted,"169,500"
2613.,1941142565,FIRST INTERSTATE BANCSYSTEM INC.,US,IDAHO INDEPENDENT BANK INC.,US,Acquisition 100%,Completed,"181,300.00",08.04.2019,100.00000,0.00000,100.00000,522110,522110,FIBK,IIBK,11.10.2018,Shares,Delisted,"175,900"
,,,,,,,,,,,,,,,,,,Cash,,"5,400"
2614.,1941706111,FIRST BANCORP,US,GRANDSOUTH BANCORPORATION,US,Acquisition 100%,Completed,"181,100.00",01.01.2023,100.00000,0.00000,100.00000,522110,522110,FBNC,GRRB,21.06.2022,Shares,Delisted,"181,100"
2615.,2007264530,GXO LOGISTICS INC.,US,PFSWEB INC.,US,Acquisition 100%,Completed,"181,000.00",23.10.2023,100.00000,0.00000,100.00000,518210,488510,GXO,PFSW,14.09.2023,Liabilities,Delisted,n.a.
,,,,,,,,,,,,,,,,,,Cash,,"181,000"
2616.,1941487509,PRIVETERRA ACQUISITION CORPORATION,US,AEON BIOPHARMA INC.,US,Acquisition 100%,Completed,"181,000.00",21.07.2023,100.00000,0.00000,100.00000,541713,525990,AEON,AEON,13.12.2022,Shares,Listed,"181,000"
,,,,,,,,,,,,,,,,,,Earn-out,,"16,000"
2617.,1941166260,KERRY HOLDING COMPANY,US,ARIAKE USA INC.,US,Acquisition 100%,Completed,"180,739.09",29.03.2019,100.00000,0.00000,100.00000,311942,424690,,,14.12.2018,,Unlisted,n.a.
2618.,2007359729,FIRST BUSEY CORPORATION,US,MERCHANTS & MANUFACTURERS BANCORPORATION INC.,US,Acquisition 100%,Completed,"180,489.00",01.04.2024,100.00000,0.00000,100.00000,551111,522110,BUSE,,27.11.2023,Shares,Unlisted,"168,289"
,,,,,,,,,,,,,,,,,,Cash,,"12,200"
2619.,2007630593,CHOICEONE FINANCIAL SERVICES INC.,US,FENTURA FINANCIAL INC.,US,Acquisition 100%,Completed,"180,400.00",03.03.2025,100.00000,0.00000,100.00000,522110,522110,COFS,FETM,25.07.2024,Shares,Delisted,"180,400"
2620.,1941741453,EXTRA SPACE STORAGE INC.,US,BARGOLD STORAGE SYSTEMS LLC,US,Acquisition 100%,Completed,"180,392.00",01.06.2022,100.00000,0.00000,100.00000,531110,531130,EXR,,01.06.2022,Cash,Unlisted,"157,302"
,,,,,,,,,,,,,,,,,,Shares,,"22,000"
,,,,,,,,,,,,,,,,,,Liabilities,,"1,090"
2621.,1941384544,REVANCE THERAPEUTICS INC.,US,HINT INC.,US,Acquisition 100%,Completed,"180,020.00",23.07.2020,100.00000,0.00000,100.00000,518210,541713,RVNC,,19.05.2020,Shares,Unlisted,"180,020"
2622.,2008231373,F5 INC.,US,CALYPSO AI CORPORATION,US,Acquisition 100%,Completed,"180,000.00",30.09.2025,100.00000,0.00000,100.00000,518210,541512,FFIV,,11.09.2025,Cash,Unlisted,"180,000"
2623.,2008101769,CHURCHILL DOWNS INC.,US,PPE CASINO RESORTS NH HOLDINGS LLC,US,Acquisition 90%,Completed,"180,000.00",27.08.2025,90.00000,0.00000,90.00000,713210,711212,CHDN,,14.07.2025,Cash,Unlisted,"180,000"
2624.,2007819281,PLATFORM PARTNERS LLC,US,PLATFORM PARTNERS INVESTMENT COMPANY LLC,US,Acquisition increased from 100% to 100%,Completed,"180,000.00",13.01.2025,Unknown %,100.00000,100.00000,523930,523910,,,13.01.2025,Cash,Unlisted,"180,000"
2625.,2007465340,CEMC SERVICES LLC,US,AMERON POLE PRODUCTS LLC,US,Acquisition 100%,Completed,"180,000.00",09.04.2024,100.00000,0.00000,100.00000,541330,221122,,,11.03.2024,Cash,Unlisted,"20,000"
,,,,,,,,,,,,,,,,,,Liabilities,,"160,000"
,,,,,,,,,,,,,,,,,,Cash Reserves,,n.a.
2626.,2007209482,WEX INC.,US,ASCENSUS LLC'S HEALTH & BENEFITS BUSINESS,US,Acquisition 100%,Completed,"180,000.00",01.09.2023,100.00000,0.00000,100.00000,524292,522320,WEX,,01.07.2023,,Unlisted,n.a.
2627.,2007008382,NORTHERN OIL AND GAS INC.,US,ALPHA ENERGY PARTNERS LLC'S DELAWARE BASIN ASSETS,US,Acquisition 100%,Completed,"180,000.00",31.12.2022,100.00000,0.00000,100.00000,213111,211120,NOG,,30.09.2022,Earn-out,Unlisted,"22,500"
,,,,,,,,,,,,,,,,,,Cash,,n.a.
,,,,,,,,,,,,,,,,,,Cash Reserves,,n.a.
2628.,1941711347,SPRING BIDCO LLC,US,TRANS OVA GENETICS LC,US,Acquisition 100%,Completed,"180,000.00",30.09.2022,100.00000,0.00000,100.00000,541715,551112,,,05.07.2022,Cash,Unlisted,"180,000"
,,,,,,,,,,,,,,,,,,Earn-out,,"10,000"
2629.,1941580144,NORDSON CORPORATION,US,NDC TECHNOLOGIES INC.,US,Acquisition 100%,Completed,"180,000.00",01.11.2021,100.00000,0.00000,100.00000,334513,333914,NDSN,,24.08.2021,Cash,Unlisted,"180,000"
2630.,1941472391,JUNIPER NETWORKS INC.,US,APSTRA INC.,US,Acquisition 100%,Completed,"180,000.00",27.01.2021,100.00000,0.00000,100.00000,511210,334210,JNPR,,07.12.2020,Cash,Unlisted,"180,000"
2631.,1941458835,KIMBALL INTERNATIONAL INC.,US,POPPIN INC.,US,Acquisition 100%,Completed,"180,000.00",09.12.2020,100.00000,0.00000,100.00000,453210,334419,KBAL,,04.11.2020,Cash,Unlisted,"180,000"
,,,,,,,,,,,,,,,,,,Earn-out,,"70,000"
2632.,1941379221,MICROSOFT CORPORATION,US,CYBERX INC.,US,Acquisition 100%,Completed,"180,000.00",22.06.2020,100.00000,0.00000,100.00000,541519,541511,MSFT,,22.06.2020,,Unlisted,n.a.
2633.,1941352302,UNITED COMMUNITY BANKS INC.,US,THREE SHORES BANCORPORATION INC.,US,Acquisition 100%,Completed,"180,000.00",01.07.2020,100.00000,0.00000,100.00000,522110,522110,UCB,,09.03.2020,Cash,Unlisted,"16,000"
,,,,,,,,,,,,,,,,,,Shares,,"164,000"
2634.,1941208912,BLUCORA INC.,US,1ST GLOBAL INC.,US,Acquisition 100%,Completed,"180,000.00",06.05.2019,100.00000,0.00000,100.00000,541611,541611,AVTA,,19.03.2019,Cash,Unlisted,"180,000"
,,,,,,,,,,,,,,,,,,Cash Reserves,,n.a.
2635.,2007098316,AAON INC.,US,BASX LLC,US,Acquisition 100%,Completed,"180,000.00",10.12.2021,100.00000,0.00000,100.00000,332721,333415,AAON,,18.11.2021,Cash,Unlisted,n.a.
,,,,,,,,,,,,,,,,,,Earn-out,,"80,000"
,,,,,,,,,,,,,,,,,,Cash Reserves,,n.a.
2636.,2007112835,J&J VENTURES GAMING OF NEVADA LLC,US,GOLDEN ROUTE OPERATIONS LLC'S GAMING OPERATIONS,US,Acquisition 100%,Completed,"179,500.00",10.01.2024,100.00000,0.00000,100.00000,713210,713120,,,03.03.2023,Cash assumed,Unlisted,"34,000"
,,,,SARTINI GAMING LLC'S GAMING OPERATIONS,US,,,,,100.00000,0.00000,100.00000,713210,,,,,Cash,Unlisted,"213,500"
,,,,MARKET GAMING LLC'S GAMING OPERATIONS,US,,,,,100.00000,0.00000,100.00000,713210,,,,,,Unlisted,
,,,,CARDIVAN LLC'S GAMING OPERATIONS,US,,,,,100.00000,0.00000,100.00000,713210,,,,,,Unlisted,
,,,,CORRAL COUNTRY COIN LLC'S GAMING OPERATIONS,US,,,,,100.00000,0.00000,100.00000,713210,,,,,,Unlisted,
2637.,1941584421,BUILDERS FIRSTSOURCE INC.,US,CALIFORNIA TRUSFRAME LLC,US,Acquisition 100%,Completed,"179,500.00",02.09.2021,100.00000,0.00000,100.00000,332311,321213,BLDR,,02.09.2021,Liabilities,Unlisted,n.a.
2638.,2007294476,GRABAGUN DIGITAL HOLDINGS INC.,US,COLOMBIER ACQUISITION CORPORATION II,KY,Merger 100% and 100%,Completed,"179,100.00",15.07.2025,100.00000,0.00000,100.00000,525990,454110,,CLBR.U,06.01.2025,Cash,Delisted,n.a.
,,,,METROPLEX TRADING COMPANY LLC,US,,,,,100.00000,0.00000,100.00000,454110,,,,,Shares,Unlisted,n.a.
2639.,1941340963,PAC CARVEOUT LLC,US,NELL PARTNERS INC.,US,Acquisition 100%,Completed,"179,000.00",31.01.2020,100.00000,0.00000,100.00000,551114,551114,,,31.01.2020,Earn-out,Unlisted,"25,000"
,,,,NMA HOLDINGS INC.,US,,,,,100.00000,0.00000,100.00000,551112,,,,,Cash,Unlisted,n.a.
2640.,1941178455,KADANT INC.,US,SYNTRON MATERIAL HANDLING LLC,US,Acquisition 100%,Completed,"179,000.00",02.01.2019,100.00000,0.00000,100.00000,333922,333243,KAI,,10.12.2018,Cash,Unlisted,"179,000"
2641.,2007140335,CONTIGO HEALTH LLC,US,TRPN DIRECT PAY INC.'S KEY ASSETS,US,Acquisition 100%,Completed,"177,500.00",13.10.2022,100.00000,0.00000,100.00000,518210,518210,,,06.09.2022,Cash,Unlisted,"177,500"
,,,,DEVON HEALTH SERVICES INC.'S KEY ASSETS,US,,,,,100.00000,0.00000,100.00000,524114,,,,,,Unlisted,
2642.,1941568120,OMNICELL INC.,US,FDS AMPLICARE,US,Acquisition 100%,Completed,"177,000.00",09.09.2021,100.00000,0.00000,100.00000,518210,511210,OMCL,,26.07.2021,Cash Reserves,Unlisted,n.a.
,,,,,,,,,,,,,,,,,,Cash,,"177,000"
2643.,2008100685,ZIMMER BIOMET HOLDINGS INC.,US,MONOGRAM TECHNOLOGIES INC.,US,Acquisition 100%,Completed,"177,000.00",07.10.2025,100.00000,0.00000,100.00000,339113,339113,ZBH,MGRM,14.07.2025,Cash,Delisted,"177,000"
,,,,,,,,,,,,,,,,,,Liabilities,,n.a.
,,,,,,,,,,,,,,,,,,Earn-out,,n.a.
2644.,2007594211,ATLANTIC INTERNATIONAL CORPORATION,US,LYNEER STAFFING SOLUTIONS LLC,US,Acquisition 100%,Completed,"176,600.00",21.06.2024,100.00000,0.00000,100.00000,561311,541715,,,21.06.2024,Bonds,Unlisted,"35,000"
,,,,,,,,,,,,,,,,,,Shares,,"141,600"
2645.,2008267185,HERITAGE FINANCIAL CORPORATION,US,OLYMPIC BANCORP INC.,US,Acquisition 100%,Completed,"176,600.00",31.01.2026,100.00000,0.00000,100.00000,551111,522110,HFWA,,25.09.2025,Shares,Unlisted,"176,600"
2646.,1941165187,BERKSHIRE HILLS BANCORP INC.,US,SI FINANCIAL GROUP INC.,US,Acquisition 100%,Completed,"176,000.00",17.05.2019,100.00000,0.00000,100.00000,522110,522110,BBT,SIFI,11.12.2018,Shares,Delisted,"176,000"
2647.,2007701955,UEC SWEETWATER CORPORATION,US,KENNECOTT URANIUM COMPANY,US,Acquisition 100%,Completed,"175,400.00",05.12.2024,100.00000,0.00000,100.00000,212291,551114,,,23.09.2024,Cash,Unlisted,"175,400"
,,,,WYOMING COAL RESOURCES COMPANY,US,,,,,100.00000,0.00000,100.00000,212112,,,,,Cash Reserves,Unlisted,n.a.
2648.,2007214123,LOEWS CORPORATION,US,CNA FINANCIAL CORPORATION,US,Acquisition increased from 90.068% to 91.713%,Completed,"175,078.00",02.08.2023,1.64500,90.06800,91.71300,524126,524126,L,CNA,02.08.2023,Cash,Listed,"175,078"
2649.,2008618575,ONDAS INC.,US,MISTRAL INC.,US,Acquisition 100%,Completed,"175,000.00",24.04.2026,100.00000,0.00000,100.00000,334511,517311,ONDS,,09.03.2026,Shares,Unlisted,"175,000"
,,,,,,,,,,,,,,,,,,Deferred payment,,n.a.
2650.,2008430977,EXODUS MOVEMENT INC.,US,W3C CORPORATION,US,Acquisition 100%,Completed,"175,000.00",13.04.2026,100.00000,0.00000,100.00000,522320,518210,,,24.11.2025,Cash Reserves,Unlisted,n.a.
,,,,,,,,,,,,,,,,,,Cash,,"175,000"
2651.,2008291800,KADANT INC.,US,CLYDE INDUSTRIES INC.,US,Acquisition 100%,Completed,"175,000.00",07.10.2025,100.00000,0.00000,100.00000,333249,333243,KAI,,07.10.2025,Cash,Unlisted,"175,000"
2652.,2008235568,FOUNDERS FUND LLC,US,COGNITION AI INC.,US,Acquisition unknown stake %,Completed,"175,000.00",25.04.2024,Unknown %,Unknown %,Unknown %,518210,523910,,,25.04.2024,Cash,Unlisted,"175,000"
2653.,2008025714,DOORDASH INC.,US,SYMBIOSYS CORPORATION,US,Acquisition 100%,Completed,"175,000.00",11.06.2025,100.00000,0.00000,100.00000,518210,518210,DASH,,11.06.2025,,Unlisted,n.a.
2654.,2007714243,LIFESPAN OF MASSACHUSETTS INC.,US,MORTON HOSPITAL AND MEDICAL CENTER INC.,US,Acquisition 100%,Completed,"175,000.00",01.10.2024,100.00000,0.00000,100.00000,622110,813212,,,29.08.2024,,Unlisted,n.a.
,,,,ST. ANNE'S HOSPITAL INC.,US,,,,,100.00000,0.00000,100.00000,622110,,,,,,Unlisted,
2655.,2007432077,GAMING AND LEISURE PROPERTIES INC.,US,AMERICAN RACING & ENTERTAINMENT LLC'S TIOGA DOWNS CASINO RESORT ASSETS,US,Acquisition 100%,Completed,"175,000.00",06.02.2024,100.00000,0.00000,100.00000,721120,531120,GLPI,,06.02.2024,Shares,Unlisted,"20,000"
,,,,,,,,,,,,,,,,,,Cash,,n.a.
,,,,,,,,,,,,,,,,,,Cash Reserves,,n.a.
2656.,2007343814,ASTELLAS US HOLDING INC.,US,PROPELLA THERAPEUTICS INC.,US,Acquisition 100%,Completed,"175,000.00",21.12.2023,100.00000,0.00000,100.00000,541713,325412,,,15.11.2023,Cash,Unlisted,"175,000"
,,,,,,,,,,,,,,,,,,Cash Reserves,,n.a.
2657.,2007269532,BULLSEYE ACQUISITIONS LLC,US,SIERRA BULLETS LLC,US,Acquisition 100%,Completed,"175,000.00",29.02.2024,100.00000,0.00000,100.00000,332992,551114,,,29.12.2023,Cash,Unlisted,"175,000"
,,,,BARNES BULLETS - MONA LLC,US,,,,,100.00000,0.00000,100.00000,332992,,,,,,Unlisted,
2658.,2007206735,ENVIVA PARTNERS LP,US,GEORGIA BIOMASS HOLDING LLC,US,Acquisition 100%,Completed,"175,000.00",03.08.2020,100.00000,0.00000,100.00000,321113,321999,EVA,,18.06.2020,Cash,Unlisted,"175,000"
2659.,2007160644,SPIRE INC.,US,MOGAS PIPELINE LLC,US,Acquisition 100%,Completed,"175,000.00",19.01.2024,100.00000,0.00000,100.00000,486210,221210,SR,,25.05.2023,Cash,Unlisted,"175,000"
,,,,OMEGA PIPELINE COMPANY LLC,US,,,,,100.00000,0.00000,100.00000,221210,,,,,,Unlisted,
2660.,1941647140,AMOUNT INC.,US,LINEAR FINANCIAL TECHNOLOGIES LLC,US,Acquisition 100%,Completed,"175,000.00",01.02.2022,100.00000,0.00000,100.00000,518210,518210,,,01.02.2022,Shares,Unlisted,n.a.
,,,,,,,,,,,,,,,,,,Cash,,n.a.
2661.,1941642241,B RILEY FINANCIAL INC.,US,FOCALPOINT SECURITIES LLC,US,Acquisition 100%,Completed,"175,000.00",19.01.2022,100.00000,0.00000,100.00000,523110,523930,RILY,,18.01.2022,,Unlisted,n.a.
2662.,1941460608,180 LIFE SCIENCES CORPORATION,US,180 LIFE CORPORATION,US,Acquisition 100%,Completed,"175,000.00",09.11.2020,100.00000,0.00000,100.00000,541713,541713,FRMM,,26.07.2019,Shares,Unlisted,"175,000"
2663.,1941231136,MERITOR INC.,US,AXLETECH INTERNATIONAL LLC,US,Acquisition 100%,Completed,"175,000.00",29.07.2019,100.00000,0.00000,100.00000,336390,333612,MTOR,,08.05.2019,Cash,Unlisted,"175,000"
,,,,,,,,,,,,,,,,,,Cash Reserves,,n.a.
2664.,2008112285,BANK FIRST CORPORATION,US,CENTRE 1 BANCORP INC.,US,Acquisition 100%,Completed,"174,300.00",02.01.2026,100.00000,0.00000,100.00000,522110,522110,BFC,,18.07.2025,Shares,Unlisted,"174,300"
2665.,1941640947,CSP EAF II GP LTD,US,STARTEK INC.,US,Acquisition increased from 56% to 100%,Completed,"174,000.00",05.01.2024,44.00000,56.00000,100.00000,561499,551114,,SRT,10.10.2023,Liabilities,Delisted,n.a.
,,,,,,,,,,,,,,,,,,Cash,,"174,000"
2666.,2008565147,BROADRIDGE FINANCIAL SOLUTIONS INC.,US,CQG INC.,US,Acquisition 100%,Completed,"173,000.00",30.04.2026,100.00000,0.00000,100.00000,518210,518210,BR,,06.02.2026,Earn-out,Unlisted,n.a.
2667.,1941552114,BRADY CORPORATION,US,"CODE CORPORATION, THE",US,Acquisition 100%,Completed,"173,000.00",17.06.2021,100.00000,0.00000,100.00000,334118,326199,BRC,,17.06.2021,Cash,Unlisted,"173,000"
,,,,,,,,,,,,,,,,,,Cash Reserves,,n.a.
2668.,2007155252,MAGENTA THERAPEUTICS INC.,US,DIANTHUS THERAPEUTICS INC.,US,Acquisition 100%,Completed,"172,547.00",11.09.2023,100.00000,0.00000,100.00000,541713,541713,DNTH,,03.05.2023,Shares,Unlisted,"172,547"
2669.,2007240417,BOISE CASCADE BUILDING MATERIALS DISTRIBUTION LLC,US,BROCKWAY-SMITH COMPANY,US,Acquisition 100%,Completed,"172,000.00",02.10.2023,100.00000,0.00000,100.00000,423310,322110,,,23.08.2023,Cash,Unlisted,n.a.
,,,,,,,,,,,,,,,,,,Cash Reserves,,n.a.
2670.,2007206749,ENVIVA PARTNERS LP,US,ENVIVA PELLETS GREENWOOD HOLDINGS II LLC,US,Acquisition 100%,Completed,"172,000.00",01.07.2020,100.00000,0.00000,100.00000,321113,321999,EVA,,18.06.2020,Liabilities,Unlisted,"40,000"
,,,,,,,,,,,,,,,,,,Cash,,"132,000"
2671.,2007089526,CIRTEC MEDICAL CORPORATION,US,Q HOLDING COMPANY'S PRECISION COMPONENTS BUSINESS,US,Acquisition 100%,Completed,"172,000.00",30.01.2023,100.00000,0.00000,100.00000,326299,339112,,,30.01.2023,,Unlisted,n.a.
2672.,1941604945,NEPTUNE HOLDING INC.,US,GREYHOUND LINES INC.,US,Acquisition 100%,Completed,"172,000.00",21.10.2021,100.00000,0.00000,100.00000,485210,485210,,,21.10.2021,Liabilities,Unlisted,n.a.
,,,,,,,,,,,,,,,,,,Cash,,n.a.
,,,,,,,,,,,,,,,,,,Deferred payment,,n.a.
2673.,2007400127,COSETTE PHARMACEUTICALS INC.,US,VYLEESI,US,Acquisition 100%,Completed,"171,000.00",20.12.2023,100.00000,0.00000,100.00000,325412,325412,,,20.12.2023,Earn-out,Unlisted,"159,000"
2674.,2008456591,TARGA NORTHERN DELAWARE LLC,US,DOVETAIL MIDSTREAM LLC,US,Acquisition 100%,Completed,"171,000.00",04.12.2025,100.00000,0.00000,100.00000,621111,211120,,,04.12.2025,Cash,Unlisted,"171,000"
,,,,,,,,,,,,,,,,,,Earn-out,,"60,000"
2675.,2008320051,HBT FINANCIAL INC.,US,CNB BANK SHARES INC.,US,Acquisition 100%,Completed,"170,200.00",01.03.2026,100.00000,0.00000,100.00000,522110,522110,HBT,,20.10.2025,Cash,Unlisted,"34,000"
,,,,,,,,,,,,,,,,,,Shares,,n.a.
2676.,2008593777,ADT INC.,US,ORIGIN WIRELESS INC.,US,Acquisition 100%,Completed,"170,000.00",24.02.2026,100.00000,0.00000,100.00000,541512,541690,ADT,,24.02.2026,Cash,Unlisted,"170,000"
2677.,2008161672,GRANITE CONSTRUCTION INC.,US,PAPICH CONSTRUCTION COMPANY INC.,US,Acquisition 100%,Completed,"170,000.00",06.08.2025,100.00000,0.00000,100.00000,237990,237990,GVA,,06.08.2025,Cash Reserves,Unlisted,n.a.
,,,,,,,,,,,,,,,,,,Cash,,n.a.
2678.,2007287285,IA AMERICAN HOLDINGS INC.,US,VERICITY INC.,US,Acquisition 100%,Completed,"170,000.00",30.06.2024,100.00000,0.00000,100.00000,524113,524210,,VERY,03.10.2023,Cash Reserves,Delisted,n.a.
,,,,,,,,,,,,,,,,,,Cash,,"170,000"
2679.,1941709368,UNIVERSAL CORPORATION,US,SILVA INTERNATIONAL INC.,US,Acquisition 100%,Completed,"170,000.00",01.10.2020,100.00000,0.00000,100.00000,311423,424940,UVV,,08.09.2020,Cash,Unlisted,"170,000"
,,,,,,,,,,,,,,,,,,Cash Reserves,,n.a.
2680.,1941679539,FULGENT THERAPEUTICS LLC,US,SYMPHONY BUYER INC.,US,Acquisition 100%,Completed,"170,000.00",26.04.2022,100.00000,0.00000,100.00000,621511,621511,,,18.04.2022,Cash,Unlisted,"170,000"
,,,,,,,,,,,,,,,,,,Cash Reserves,,n.a.
2681.,1941670599,BOYD INTERACTIVE GAMING INC.,US,PALA INTERACTIVE LLC,US,Acquisition 100%,Completed,"170,000.00",01.11.2022,100.00000,0.00000,100.00000,713210,713210,,,28.03.2022,Cash,Unlisted,"170,000"
2682.,1941635826,DRIVEN BRANDS HOLDINGS INC.,US,AUTO GLASS NOW LLC,US,Acquisition 100%,Completed,"170,000.00",30.12.2021,100.00000,0.00000,100.00000,811122,811111,DRVN,,30.12.2021,Cash Reserves,Unlisted,n.a.
,,,,,,,,,,,,,,,,,,Cash,,"170,000"
2683.,1941489876,ROSECLIFF ACQUISITION CORPORATION I,US,SPECTRAL MD HOLDINGS LTD,US,Acquisition 100%,Completed,"170,000.00",11.09.2023,100.00000,0.00000,100.00000,511210,525990,MDAI,SMD,11.04.2023,Liabilities,Delisted,n.a.
2684.,1941247780,LONG RANGE ACQUISITION LLC,US,CALIBER COMPANY,US,Acquisition 100%,Completed,"170,000.00",08.07.2019,100.00000,0.00000,100.00000,332994,551114,,,08.07.2019,Bonds,Unlisted,"12,000"
,,,,,,,,,,,,,,,,,,Cash,,"158,000"
2685.,1941228349,PLURALSIGHT INC.,US,GITPRIME INC.,US,Acquisition 100%,Completed,"170,000.00",09.05.2019,100.00000,0.00000,100.00000,518210,518210,PS,,01.05.2019,Cash,Unlisted,"170,000"
2686.,2007541222,RENEO PHARMACEUTICALS INC.,US,ONKURE INC.,US,Acquisition 100%,Completed,"170,000.00",04.10.2024,100.00000,0.00000,100.00000,541713,541713,RPHM,,13.05.2024,Shares,Unlisted,n.a.
,,,,,,,,,,,,,,,,,,Liabilities,,n.a.
2687.,1941698700,HEARTLAND EXPRESS INC.,US,SMITH TRANSPORT INC.,US,Acquisition 100%,Completed,"170,000.00",31.05.2022,100.00000,0.00000,100.00000,484230,484121,HTLD,,31.05.2022,Cash Reserves,Unlisted,n.a.
,,,,,,,,,,,,,,,,,,Cash,,"170,000"
,,,,,,,,,,,,,,,,,,Liabilities,,n.a.
2688.,1941688269,EMERALD HOLDING INC.,US,MARIJUANA BUSINESS DAILY,US,Acquisition 100%,Completed,"170,000.00",04.01.2022,100.00000,0.00000,100.00000,511120,561920,EEX,,04.01.2022,Cash,Unlisted,"170,000"
,,,,,,,,,,,,,,,,,,Earn-out,,"50,000"
2689.,1941136454,YIELDSTREET INC.,US,ATHENA ART FINANCE CORPORATION,US,Acquisition 100%,Completed,"170,000.00",10.04.2019,100.00000,0.00000,100.00000,522298,518210,,,10.04.2019,,Unlisted,n.a.
2690.,2007674833,TEXAS PACIFIC LAND CORPORATION,US,OIL AND GAS MINERAL INTERESTS AND SURFACE ACREAGE IN PERMAIN BASIN,US,Acquisition 100%,Completed,"169,000.00",27.08.2024,100.00000,0.00000,100.00000,211120,541330,,,27.08.2024,Cash,Unlisted,"169,000"
2691.,2007486700,VIVAKOR INC.,US,EQUIPMENT TRANSPORT LLC,US,Acquisition 100%,Completed,"169,000.00",01.10.2024,100.00000,0.00000,100.00000,484230,551112,VIVK,,25.03.2024,Earn-out,Unlisted,"49,000"
,,,,ENDEAVOR CRUDE LLC,US,,,,,100.00000,0.00000,100.00000,484230,,,,,Shares,Unlisted,"169,000"
,,,,MERIDIAN EQUIPMENT LEASING LLC,US,,,,,100.00000,0.00000,100.00000,532120,,,,,,Unlisted,
,,,,SILVER FUELS PROCESSING LLC,US,,,,,100.00000,0.00000,100.00000,486210,,,,,,Unlisted,
2692.,2007411799,BORA PHARMACEUTICAL HOLDINGS INC.,US,SAWAI AMERICA HOLDINGS INC.,US,Acquisition 100%,Completed,"168,000.00",01.04.2024,100.00000,0.00000,100.00000,325412,325412,,,16.01.2024,Cash,Unlisted,"168,000"
,,,,,,,,,,,,,,,,,,Cash Reserves,,n.a.
2693.,1941578094,JANUS INTERNATIONAL GROUP INC.,US,CORNERSTONE BUILDING BRANDS INC.'S ROLL-UP SHEET DOOR BUSINESS,US,Acquisition 100%,Completed,"168,000.00",18.08.2021,100.00000,0.00000,100.00000,332321,334290,JBI,,27.07.2021,Cash,Unlisted,"168,000"
2694.,2007106455,LINKBANCORP INC.,US,PARTNERS BANCORP,US,Acquisition 100%,Completed,"167,800.00",01.12.2023,100.00000,0.00000,100.00000,522110,522110,LNKB,PTRS,22.02.2023,Shares,Delisted,"167,800"
2695.,1941326642,"TORO COMPANY, THE",US,VENTURE PRODUCTS INC.,US,Acquisition 100%,Completed,"167,500.00",02.03.2020,100.00000,0.00000,100.00000,333111,333112,TTC,,21.01.2020,Cash,Unlisted,"167,500"
2696.,2007092307,SILVERGATE CAPITAL CORPORATION,US,DIEM NETWORKS US INC'S PAYMENT NETWORK TECHNOLOGY ASSETS,US,Acquisition 100%,Completed,"167,359.00",31.01.2022,100.00000,0.00000,100.00000,522320,551111,SICPQ,,31.01.2022,Shares,Unlisted,"117,359"
,,,,,,,,,,,,,,,,,,Cash,,"50,000"
2697.,1941674362,TTEC GOVERNMENT SOLUTIONS LLC,US,FANEUIL INC.'S PUBLIC SECTOR AND CITIZEN EXPERIENCE CONTRACTS ASSETS,US,Acquisition 100%,Completed,"167,300.00",04.04.2022,100.00000,0.00000,100.00000,541613,561499,,,22.12.2021,Cash,Unlisted,n.a.
,,,,,,,,,,,,,,,,,,Earn-out,,"25,000"
2698.,2007142153,UNDISCLOSED ACQUIROR,US,500 L’ENFANT PLAZA,US,Acquisition 100%,Completed,"167,000.00",21.09.2021,100.00000,0.00000,100.00000,531120,551114,,,21.09.2021,,Unlisted,n.a.
2699.,1941468846,SUNESIS PHARMACEUTICALS INC.,US,VIRACTA THERAPEUTICS INC.,US,Acquisition 100%,Completed,"166,714.00",24.02.2021,100.00000,0.00000,100.00000,541713,541715,VIRX,,30.11.2020,Shares,Unlisted,"166,714"
2700.,2008465380,ALAMO GROUP (USA) INC.,US,PETERSEN INDUSTRIES INC.,US,Acquisition 100%,Completed,"166,500.00",26.01.2026,100.00000,0.00000,100.00000,333111,333111,,,10.12.2025,Cash,Unlisted,n.a.
,,,,,,,,,,,,,,,,,,Cash Reserves,,n.a.
2701.,1941348273,SNAP INC.,US,AI FACTORY INC.,US,Acquisition 100%,Completed,"166,000.00",03.01.2020,100.00000,0.00000,100.00000,518210,511210,SNAP,,03.01.2020,,Unlisted,n.a.
2702.,1941660160,ALLETE INC.,US,NEW ENERGY EQUITY LLC,US,Acquisition 100%,Completed,"165,500.00",15.04.2022,100.00000,0.00000,100.00000,237130,221122,ALE,,02.03.2022,,Unlisted,n.a.
2703.,2007165325,SERVICE PROPERTIES TRUST,US,NAUTILUS HOTEL INC.,US,Acquisition 100%,Completed,"165,400.00",01.06.2023,100.00000,0.00000,100.00000,721110,531110,,,01.06.2023,,Unlisted,n.a.
2704.,2007769955,TEX TECH INDUSTRIES INC.,US,FIBER MATERIALS INC.,US,Acquisition 100%,Completed,"165,000.00",13.01.2025,100.00000,0.00000,100.00000,335991,314999,,,18.11.2024,Cash,Unlisted,"165,000"
2705.,2007622904,JRK PROPERTY HOLDINGS INC.,US,HILTON LA JOLLA TORREY PINES,US,Acquisition 100%,Completed,"165,000.00",18.07.2024,100.00000,0.00000,100.00000,721110,523910,,,18.07.2024,,Unlisted,n.a.
2706.,2007530752,DOCUSIGN INC.,US,DOCUSMART INC.,US,Acquisition 100%,Completed,"165,000.00",31.05.2024,100.00000,0.00000,100.00000,518210,518210,DOCU,,06.05.2024,Cash,Unlisted,"165,000"
2707.,2007287386,CORDIA LLC,US,ESSENTIAL UTILITIES INC.'S THREE MICROGRIDS AND DISTRICT ENERGY SYSTEMS IN PENNSYLVANIA,US,Acquisition 100%,Completed,"165,000.00",30.01.2024,100.00000,0.00000,100.00000,221118,221118,,,03.10.2023,,Unlisted,n.a.
2708.,2007015827,SUMMIT MIDSTREAM HOLDINGS LLC,US,OUTRIGGER DJ MIDSTREAM LLC,US,Acquisition 100%,Completed,"165,000.00",31.12.2022,100.00000,0.00000,100.00000,211120,211120,,,17.10.2022,Cash,Unlisted,"165,000"
2709.,1941707519,SAPPORO USA INC.,US,STONE BREWING COMPANY LLC,US,Acquisition 100%,Completed,"165,000.00",01.09.2022,100.00000,0.00000,100.00000,312120,312120,,,24.06.2022,Earn-out,Unlisted,n.a.
2710.,1941597294,FALCON ACQUISITION HOLDCO INC.,US,BLUE RAVEN SOLAR HOLDINGS LLC,US,Acquisition 100%,Completed,"165,000.00",04.10.2021,100.00000,0.00000,100.00000,238220,238220,,,04.10.2021,Deferred payment,Unlisted,n.a.
,,,,,,,,,,,,,,,,,,Cash,,"165,000"
,,,,,,,,,,,,,,,,,,Earn-out,,"20,000"
2711.,1941509002,DROPBOX INC.,US,DOCSEND INC.,US,Acquisition 100%,Completed,"165,000.00",22.03.2021,100.00000,0.00000,100.00000,518210,518210,DBX,,09.03.2021,Cash,Unlisted,"165,000"
2712.,1941329382,K12 MANAGEMENT INC.,US,GALVANIZE INC.,US,Acquisition 100%,Completed,"165,000.00",27.01.2020,100.00000,0.00000,100.00000,611430,511210,,,27.01.2020,Cash Reserves,Unlisted,n.a.
,,,,,,,,,,,,,,,,,,Cash,,"165,000"
2713.,1941286679,TERADYNE INC.,US,AUTOGUIDE LLC,US,Acquisition 100%,Completed,"165,000.00",14.11.2019,100.00000,0.00000,100.00000,333924,334513,TER,,21.10.2019,Earn-out,Unlisted,"107,000"
2714.,1941249143,ENTEGRIS INC.,US,MPD CHEMICALS LLC,US,Acquisition 100%,Completed,"165,000.00",15.07.2019,100.00000,0.00000,100.00000,325199,334513,ENTG,,15.07.2019,Cash,Unlisted,"165,000"
,,,,,,,,,,,,,,,,,,Cash Reserves,,n.a.
2715.,1939046704,ALLEN MEDIA BROADCASTING LLC,US,BAYOU CITY BROADCASTING EVANSVILLE INC.,US,Acquisition 100%,Completed,"165,000.00",06.05.2019,100.00000,0.00000,100.00000,515120,515120,,,06.05.2019,,Unlisted,n.a.
,,,,BAYOU CITY BROADCASTING LAFAYETTE INC.,US,,,,,100.00000,0.00000,100.00000,515120,,,,,,Unlisted,
2716.,1941569849,TRICO BANCSHARES,US,VALLEY REPUBLIC BANCORP,US,Acquisition 100%,Completed,"164,700.00",25.03.2022,100.00000,0.00000,100.00000,522110,522110,TCBK,VLLX,01.03.2022,Shares,Delisted,"164,700"
2717.,2007198874,FREQUENCY THERAPEUTICS INC.,US,KORRO BIO INC.,US,Acquisition 100%,Completed,"164,459.00",03.11.2023,100.00000,0.00000,100.00000,541713,325412,KRRO,,14.07.2023,Shares,Unlisted,"164,459"
2718.,1941544571,ACCEL ENTERTAINMENT INC.,US,CENTURY GAMING INC.,US,Acquisition 100%,Completed,"164,200.00",01.06.2022,100.00000,0.00000,100.00000,334310,713290,JET,,02.03.2021,Cash,Unlisted,"45,500"
,,,,,,,,,,,,,,,,,,Cash Reserves,,n.a.
,,,,,,,,,,,,,,,,,,Shares,,"5,500"
,,,,,,,,,,,,,,,,,,Liabilities,,"113,200"
2719.,2007227919,HARMONY BIOSCIENCES HOLDINGS INC.,US,ZYNERBA PHARMACEUTICALS INC.,US,Acquisition 100%,Completed,"164,000.00",10.10.2023,100.00000,0.00000,100.00000,325412,541713,HRMY,ZYNE,14.08.2023,Earn-out,Delisted,"140,000"
,,,,,,,,,,,,,,,,,,Cash assumed,,"36,000"
,,,,,,,,,,,,,,,,,,Cash,,"200,000"
,,,,,,,,,,,,,,,,,,Cash Reserves,,n.a.
2720.,1941464353,HEALTH AND HAPPINESS (H&H) US INTERNATIONAL INC.,US,SOLID GOLD HOLDINGS LLC,US,Acquisition 73.2% and 100%,Completed,"163,000.00",12.12.2020,73.20000,0.00000,73.20000,311111,551114,,,05.11.2020,Liabilities,Unlisted,n.a.
,,,,VMG SOLID GOLD BLOCKER INC.,US,,,,,100.00000,0.00000,100.00000,311111,,,,,Cash,Unlisted,"163,000"
,,,,SGH BLOCKER LLC,US,,,,,100.00000,0.00000,100.00000,453910,,,,,,Unlisted,
2721.,1941589897,BRP GROUP INC.,US,"JACOBSON, GOLDFARB & SCOTT INC.'S ASSETS",US,Acquisition 100%,Completed,"163,000.00",01.10.2021,100.00000,0.00000,100.00000,524210,524210,BWIN,,13.09.2021,Cash,Unlisted,"163,000"
,,,,"JACOBSON, GOLDFARB & SCOTT INC.'S SUBSIDIARIES",US,,,,,100.00000,0.00000,100.00000,524210,,,,,,Unlisted,
2722.,2007350925,NORTHERN OIL AND GAS INC.,US,UNDISCLOSED NON-OPERATED INTERESTS IN THE NORTHERN DELAWARE AND APPALACHIAN BASINS,US,Acquisition 100%,Completed,"162,600.00",05.02.2024,100.00000,0.00000,100.00000,211120,211120,NOG,,21.11.2023,Deferred payment,Unlisted,n.a.
,,,,,,,,,,,,,,,,,,Cash,,"162,600"
2723.,2007136185,BORUSAN MANNESMAN PIPE US INC,US,BERG EUROPIPE HOLDING CORP,US,Acquisition 100%,Completed,"162,094.00",13.04.2023,100.00000,0.00000,100.00000,331210,331210,,,13.04.2023,Deferred payment,Unlisted,n.a.
2724.,2008231392,ATLANTICUS HOLDINGS CORPORATION,US,MERCURY FINANCIAL LLC,US,Acquisition 100%,Completed,"162,000.00",11.09.2025,100.00000,0.00000,100.00000,522291,522291,ATLC,,11.09.2025,Cash,Unlisted,n.a.
,,,,,,,,,,,,,,,,,,Earn-out,,n.a.
2725.,1941656738,CLOUDFLARE INC.,US,AREA 1 SECURITY INC.,US,Acquisition 100%,Completed,"162,000.00",01.04.2022,100.00000,0.00000,100.00000,518210,518210,NET,,23.02.2022,Cash,Unlisted,"81,000"
,,,,,,,,,,,,,,,,,,Shares,,"81,000"
2726.,2008593869,SERVICE COMPRESSION LLC,US,AXIP ENERGY SERVICES LP'S ASSETS,US,Acquisition 100%,Completed,"161,000.00",15.04.2026,100.00000,0.00000,100.00000,423830,213112,,,22.02.2026,,Unlisted,n.a.
2727.,2007436437,QOO10 INC.,US,CONTEXTLOGIC INC.'S ASSETS,US,Acquisition 100%,Completed,"161,000.00",19.04.2024,100.00000,0.00000,100.00000,518210,518210,,,12.02.2024,Cash,Unlisted,"161,000"
,,,,,,,,,,,,,,,,,,Liabilities,,n.a.
2728.,1941513472,HOST HOTELS & RESORTS INC.,US,HYATT REGENCY AUSTIN,US,Acquisition 100%,Completed,"161,000.00",15.03.2021,100.00000,0.00000,100.00000,721110,721110,HST,,15.03.2021,Cash,Unlisted,"161,000"
2729.,2007003671,FENNEC ACQUISITION INC.,US,F-STAR THERAPEUTICS INC.,US,Acquisition 100%,Completed,"161,000.00",08.03.2023,100.00000,0.00000,100.00000,541713,541713,,FSTX,23.06.2022,Cash,Delisted,"161,000"
2730.,2007510413,MEDIACO OPERATIONS LLC,US,ESTRELLA BROADCASTING INC.'S ASSETS,US,Acquisition 100%,Completed,"160,282.00",17.04.2024,100.00000,0.00000,100.00000,515120,519130,,,17.04.2024,Bonds,Unlisted,"30,000"
,,,,,,,,,,,,,,,,,,Cash,,"30,000"
,,,,,,,,,,,,,,,,,,Shares,,"60,282"
,,,,,,,,,,,,,,,,,,Liabilities,,"45,000"
2731.,2007865215,TBK BANK SSB,US,GREENSCREENS AI INC.,US,Acquisition 100%,Completed,"160,000.00",08.05.2025,100.00000,0.00000,100.00000,518210,522120,,,26.02.2025,Third party shares,Unlisted,"20,000"
,,,,,,,,,,,,,,,,,,Cash,,"140,000"
2732.,2007813696,POPB DE CRUDE HOLDINGS LLC,US,EMG MEDALLION 2 HOLDINGS LLC,US,Acquisition 100%,Completed,"160,000.00",07.01.2025,100.00000,0.00000,100.00000,486110,486110,,,07.01.2025,Cash,Unlisted,"160,000"
2733.,2007811167,CALPORTLAND COMPANY,US,GRIMES ROCK INC.'S AGGREGATE AND READY MIXED CONCRETE BUSINESS ASSETS,US,Acquisition 100%,Completed,"160,000.00",06.01.2025,100.00000,0.00000,100.00000,327320,327310,,,06.01.2025,,Unlisted,n.a.
2734.,2007795313,ARCTIC WOLF NETWORKS INC.,US,CYLANCE INC.'S ENDPOINT SECURITY ASSETS,US,Acquisition 100%,Completed,"160,000.00",03.02.2025,100.00000,0.00000,100.00000,511210,518210,,,15.12.2024,Shares,Unlisted,n.a.
,,,,,,,,,,,,,,,,,,Cash,,"160,000"
,,,,,,,,,,,,,,,,,,Deferred payment,,n.a.
2735.,2007632555,DIGNITY HEALTH INC.,US,ARIZONA GENERAL HOSPITAL,US,Acquisition 100%,Completed,"160,000.00",24.07.2024,100.00000,0.00000,100.00000,622110,622110,,,24.07.2024,,Unlisted,n.a.
,,,,"MEDICAL PROPERTIES TRUST INC.'S FREESTANDING EMERGENCY DEPARTMENT FACILITIES IN THE PHOENIX, ARIZONA",US,,,,,100.00000,0.00000,100.00000,622110,,,,,,Unlisted,
2736.,2007609867,VIRGINIA ELECTRIC AND POWER COMPANY,US,KITTY HAWK NORTH LLC'S KITTY HAWK NORTH OFFSHORE WIND LEASE IN NORTH CAROLINA,US,Acquisition 100%,Completed,"160,000.00",24.10.2024,100.00000,0.00000,100.00000,221114,221121,VELPI,,08.07.2024,,Unlisted,n.a.
2737.,2007510962,HAMILTON HEALTH CARE SYSTEM INC.,US,"COMMUNITY HEALTH SYSTEMS INC.'S ASSETS AND LIABILITIES OF TENNOVA HEALTHCARE – CLEVELAND HOSPITAL IN CLEVELAND, TENNESSEE",US,Acquisition 100%,Completed,"160,000.00",01.08.2024,100.00000,0.00000,100.00000,622110,622110,,,18.04.2024,Cash,Unlisted,n.a.
,,,,"COMMUNITY HEALTH SYSTEMS INC.'S RELATED BUSINESSES OF TENNOVA HEALTHCARE – CLEVELAND HOSPITAL IN CLEVELAND, TENNESSEE",US,,,,,100.00000,0.00000,100.00000,622110,,,,,Earn-out,Unlisted,n.a.
,,,,,,,,,,,,,,,,,,Liabilities,,n.a.
2738.,2007458809,HAEMONETICS CORPORATION,US,ADVANCED COOLING THERAPY INC.,US,Acquisition 100%,Completed,"160,000.00",01.04.2024,100.00000,0.00000,100.00000,339112,339112,HAE,,05.03.2024,Cash,Unlisted,n.a.
,,,,,,,,,,,,,,,,,,Cash Reserves,,n.a.
,,,,,,,,,,,,,,,,,,Earn-out,,n.a.
2739.,2007149929,MULTIPLAN CORPORATION,US,BENEFITS SCIENCE LLC,US,Acquisition 100%,Completed,"160,000.00",09.05.2023,100.00000,0.00000,100.00000,518210,518210,CTEV,,09.05.2023,Cash,Unlisted,"140,800"
,,,,,,,,,,,,,,,,,,Shares,,"21,600"
2740.,2007101293,PLUG POWER INC.,US,JOULE PROCESSING LLC,US,Acquisition 100%,Completed,"160,000.00",31.01.2022,100.00000,0.00000,100.00000,333132,541715,PLUG,,31.01.2022,Earn-out,Unlisted,"130,000"
2741.,1943210149,NAN YA PLASTICS AMERICA CORPORATION,US,NAN YA PLASTICS TEXAS CORPORATION,US,Acquisition increased from 100% to 100%,Completed,"160,000.00",15.09.2020,Unknown %,100.00000,100.00000,325199,313110,,,15.09.2020,Cash,Unlisted,"160,000"
2742.,1941603043,HOLOGIC INC.,US,BOLDER SURGICAL LLC,US,Acquisition 100%,Completed,"160,000.00",30.11.2021,100.00000,0.00000,100.00000,339112,334510,HOLX,,14.10.2021,,Unlisted,n.a.
2743.,1941502307,GRAF ACQUISITION CORPORATION IV LLC,US,NKGEN BIOTECH INC.,US,Acquisition 100%,Completed,"160,000.00",29.09.2023,100.00000,0.00000,100.00000,541715,525990,NKGN,,14.04.2023,Shares,Unlisted,"160,000"
,,,,,,,,,,,,,,,,,,Liabilities,,n.a.
2744.,1941381277,FORGE GLOBAL INC.,US,SHARESPOST INC.,US,Acquisition 100%,Completed,"160,000.00",09.11.2020,100.00000,0.00000,100.00000,523910,518210,,,12.05.2020,Shares,Unlisted,n.a.
,,,,,,,,,,,,,,,,,,Cash,,n.a.
2745.,1941306483,CADENCE DESIGN SYSTEMS INC.,US,AWR CORPORATION,US,Acquisition 100%,Completed,"160,000.00",15.01.2020,100.00000,0.00000,100.00000,511210,334118,CDNS,,02.12.2019,Cash,Unlisted,"160,000"
2746.,1941219247,HEXCEL CORPORATION,US,ARC TECHNOLOGIES INC.,US,Acquisition 100%,Completed,"160,000.00",03.01.2019,100.00000,0.00000,100.00000,325211,327999,HXL,,30.11.2018,,Unlisted,n.a.
2747.,2007511147,HAMILTON HEALTH CARE SYSTEM INC.,US,TENNOVA HEALTHCARE'S ASSETS,US,Acquisition 100%,Completed,"160,000.00",02.08.2024,100.00000,0.00000,100.00000,622110,622110,,,18.04.2024,Liabilities,Unlisted,n.a.
,,,,TENNOVA HEALTHCARE'S CERTAIN RELATED BUSINESSES,US,,,,,100.00000,0.00000,100.00000,622110,,,,,Cash,Unlisted,"160,000"
,,,,,,,,,,,,,,,,,,Deferred payment,,n.a.
2748.,1941701848,STAGWELL INC.,US,INSTRUMENT LLC,US,Acquisition increased from 51% to 100%,Completed,"160,000.00",31.12.2021,49.00000,51.00000,100.00000,541613,541613,STGW,,31.12.2021,Deferred payment,Unlisted,n.a.
,,,,,,,,,,,,,,,,,,Shares,,"73,921"
,,,,,,,,,,,,,,,,,,Cash,,"86,079"
2749.,1941587895,TENABLE INC.,US,ACCURICS INC.,US,Acquisition 100%,Completed,"160,000.00",01.10.2021,100.00000,0.00000,100.00000,518210,518210,,,13.09.2021,Cash,Unlisted,"160,000"
2750.,2007008456,NORTHERN OIL AND GAS INC.,US,"WILLISTON BASIN DRILLING OIL AND GAS WELL ASSETS IN DUNN, MCKENZIE AND WILLIAMS COUNTIES",US,Acquisition unknown remaining stake %,Completed,"159,800.00",15.08.2022,Unknown remaining %,Unknown %,100.00000,213111,211120,NOG,,07.06.2022,Earn-out,Unlisted,"1,900"
,,,,,,,,,,,,,,,,,,Cash,,n.a.
,,,,,,,,,,,,,,,,,,Cash Reserves,,n.a.
2751.,2007113603,INLAND PIPE REHABILITATION LLC,US,GRANITE CONSTRUCTION INC.'S INLINER TRENCHLESS AND PIPE REHABILITATION SERVICES BUSINESS INLINER,US,Acquisition 100%,Completed,"159,700.00",30.06.2022,100.00000,0.00000,100.00000,237990,237110,,,02.02.2022,,Unlisted,n.a.
2752.,1941672443,NICOLET BANKSHARES INC.,US,CHARTER BANKSHARES INC.,US,Acquisition 100%,Completed,"157,744.00",26.08.2022,100.00000,0.00000,100.00000,522110,522110,NIC,,30.03.2022,Shares,Unlisted,"118,944"
,,,,,,,,,,,,,,,,,,Cash,,"38,800"
2753.,2007158811,ESG HOLDINGS GROUP LLC,US,ENERGY SYSTEMS GROUP LLC,US,Acquisition 100%,Completed,"157,000.00",11.07.2023,100.00000,0.00000,100.00000,221118,221210,,,21.05.2023,,Unlisted,n.a.
2754.,1941661340,GOODRX HOLDINGS INC.,US,VITACARE PRESCRIPTION SERVICES INC.,US,Acquisition 100%,Completed,"157,000.00",14.04.2022,100.00000,0.00000,100.00000,518210,518210,GDRX,,07.03.2022,Cash,Unlisted,"157,000"
,,,,,,,,,,,,,,,,,,Earn-out,,"7,000"
2755.,1941224627,ACREAGE HOLDINGS INC.,US,FORM FACTORY INC.,US,Acquisition 100%,Completed,"157,000.00",16.04.2019,100.00000,0.00000,100.00000,424590,111419,,,06.12.2018,Shares,Unlisted,"157,000"
2756.,1941172705,BLACKBAUD INC.,US,YOURCAUSE LLC,US,Acquisition 100%,Completed,"157,000.00",02.01.2019,100.00000,0.00000,100.00000,518210,518210,BLKB,,02.01.2019,,Unlisted,n.a.
2757.,2007397040,KADANT INC.,US,KEY KNIFE INC.,US,Acquisition 100%,Completed,"156,000.00",02.01.2024,100.00000,0.00000,100.00000,332216,333243,KAI,,28.12.2023,Cash,Unlisted,"156,000"
2758.,2007004334,HERITAGE-CRYSTAL CLEAN LLC,US,PATRIOT ENVIRONMENTAL SERVICES INC.,US,Acquisition 100%,Completed,"156,000.00",03.08.2022,100.00000,0.00000,100.00000,484230,423830,,,30.06.2022,Cash,Unlisted,"156,000"
,,,,,,,,,,,,,,,,,,Cash Reserves,,n.a.
2759.,1941564024,COSTAR GROUP INC.,US,HOMES.COM INC,US,Acquisition 100%,Completed,"156,000.00",24.05.2021,100.00000,0.00000,100.00000,531210,518210,CSGP,,14.04.2021,Cash,Unlisted,"156,000"
2760.,1941498509,PALO ALTO NETWORKS INC.,US,BRIDGECREW INC.,US,Acquisition 100%,Completed,"156,000.00",02.03.2021,100.00000,0.00000,100.00000,518210,518210,PANW,,16.02.2021,Cash,Unlisted,"156,000"
2761.,1941442114,DOLLAR MUTUAL BANCORP,US,STANDARD AVB FINANCIAL CORPORATION,US,Acquisition 100%,Completed,"156,000.00",28.05.2021,100.00000,0.00000,100.00000,522110,522110,,STND,24.09.2020,Cash,Delisted,"156,000"
2762.,2007753066,TRON MERGER SUB INC.,US,GRIID INFRASTRUCTURE LLC,US,Acquisition 100%,Completed,"155,000.00",30.10.2024,100.00000,0.00000,100.00000,518210,511210,,,26.06.2024,Liabilities,Unlisted,n.a.
,,,,,,,,,,,,,,,,,,Shares,,n.a.
2763.,2007215214,HMS HOLDINGS CORPORATION,US,INTRADO CORPORATION'S PAYMENT ACCURACY AND COST CONTAINMENT BUSINESS ACCENT,US,Acquisition 100%,Completed,"155,000.00",23.12.2019,100.00000,0.00000,100.00000,518210,524292,HMSY,,21.11.2019,Cash,Unlisted,"155,000"
,,,,,,,,,,,,,,,,,,Cash Reserves,,n.a.
2764.,1941702149,MULTIPLAN CORPORATION,US,DISCOVERY HEALTH PARTNERS LLC,US,Acquisition 100%,Completed,"155,000.00",01.03.2021,100.00000,0.00000,100.00000,518210,518210,CTEV,,21.01.2021,Cash,Unlisted,"155,000"
,,,,,,,,,,,,,,,,,,Cash Reserves,,n.a.
2765.,1941594282,MERCURY SYSTEMS INC.,US,AVALEX TECHNOLOGIES CORPORATION,US,Acquisition 100%,Completed,"155,000.00",08.11.2021,100.00000,0.00000,100.00000,335999,511210,MRCY,,27.09.2021,Cash,Unlisted,"155,000"
,,,,,,,,,,,,,,,,,,Cash Reserves,,n.a.
2766.,1941295126,DIGI INTERNATIONAL INC.,US,OPENGEAR INC.,US,Acquisition 100%,Completed,"155,000.00",13.12.2019,100.00000,0.00000,100.00000,518210,334118,DGII,,07.11.2019,Cash,Unlisted,n.a.
,,,,,,,,,,,,,,,,,,Earn-out,,"15,000"
2767.,2007008494,NORTHERN OIL AND GAS INC.,US,COMSTOCK RESOURCES INC.'S WILLISTON BASIN ASSETS,US,Acquisition 100%,Completed,"154,000.00",16.11.2021,100.00000,0.00000,100.00000,213111,211120,NOG,,06.10.2021,Cash,Unlisted,"154,000"
,,,,,,,,,,,,,,,,,,Cash Reserves,,n.a.
2768.,1941592219,GERMAN AMERICAN BANCORP INC.,US,CITIZENS UNION BANCORP OF SHELBYVILLE INC.,US,Acquisition 100%,Completed,"154,000.00",01.01.2022,100.00000,0.00000,100.00000,522110,522110,GABC,,20.09.2021,Cash,Unlisted,"49,800"
,,,,,,,,,,,,,,,,,,Shares,,"104,200"
2769.,1941654922,COMMUNICATIONS SYSTEMS INC.,US,PINEAPPLE ENERGY LLC,US,Acquisition 100%,Completed,"153,010.00",28.03.2022,100.00000,0.00000,100.00000,523910,334210,SUNE,,02.03.2021,Shares,Unlisted,"153,010"
,,,,,,,,,,,,,,,,,,Earn-out,,"69,550"
2770.,1941574269,CAVCO INDUSTRIES INC.,US,THE COMMODORE CORPORATION'S BUSINESS,US,Acquisition 100%,Completed,"153,000.00",24.09.2021,100.00000,0.00000,100.00000,236115,321991,CVCO,,26.07.2021,Cash,Unlisted,"153,000"
,,,,THE COMMODORE CORPORATION'S CERTAIN ASSETS,US,,,,,100.00000,0.00000,100.00000,236115,,,,,Cash Reserves,Unlisted,n.a.
2771.,2007728629,DO IT BEST CORPORATION,US,TRUE VALUE COMPANY LLC'S BUSINESS OPERATIONS,US,Acquisition 100%,Completed,"153,000.00",22.11.2024,100.00000,0.00000,100.00000,423710,444130,,,14.10.2024,Liabilities,Unlisted,n.a.
,,,,,,,,,,,,,,,,,,Cash,,"153,000"
2772.,1941661741,STOCK YARDS BANCORP INC.,US,COMMONWEALTH BANCSHARES INC.,US,Acquisition 100%,Completed,"153,000.00",07.03.2022,100.00000,0.00000,100.00000,522110,522110,SYBT,,03.08.2021,Shares,Unlisted,"122,400"
,,,,,,,,,,,,,,,,,,Cash,,"30,900"
2773.,1941124397,MIDWESTONE FINANCIAL GROUP INC.,US,ATBANCORP,US,Acquisition 100%,Completed,"152,900.00",01.05.2019,100.00000,0.00000,100.00000,522110,522110,MOFG,,21.08.2018,Shares,Unlisted,"118,100"
,,,,,,,,,,,,,,,,,,Cash,,"34,800"
2774.,1941708831,AYR WELLNESS INC.,US,BLUE CAMO LLC,US,Acquisition 100%,Completed,"152,860.00",23.03.2021,100.00000,0.00000,100.00000,111422,453998,,,04.11.2020,Bonds,Unlisted,"28,500"
,,,,,,,,,,,,,,,,,,Shares,,"114,860"
,,,,,,,,,,,,,,,,,,Cash Reserves,,n.a.
,,,,,,,,,,,,,,,,,,Cash,,"9,500"
,,,,,,,,,,,,,,,,,,Earn-out,,"48,360"
2775.,2007840848,INTEGER HOLDINGS CORPORATION,US,PRECISION COATING COMPANY INC.'S ASSETS,US,Acquisition 100%,Completed,"152,000.00",07.01.2025,100.00000,0.00000,100.00000,332812,339112,ITGR,,07.01.2025,,Unlisted,n.a.
2776.,1941377323,CLUTTER INC.,US,THE STORAGE FOX INC,US,Acquisition 100%,Completed,"152,000.00",20.09.2019,100.00000,0.00000,100.00000,493110,493110,,,20.09.2019,,Unlisted,n.a.
2777.,1941175469,VSE AVIATION INC.,US,1ST CHOICE AEROSPACE INC.,US,Acquisition 100%,Completed,"152,000.00",10.01.2019,100.00000,0.00000,100.00000,488190,488119,,,10.01.2019,Earn-out,Unlisted,"40,000"
,,,,1ST CHOICE AEROSPACE INC.,US,,,,,100.00000,0.00000,100.00000,488190,,,,,Cash,Unlisted,"152,000"
2778.,1941669549,QCR HOLDINGS INC.,US,GUARANTY FEDERAL BANCSHARES INC.,US,Acquisition 100%,Completed,"151,600.00",01.04.2022,100.00000,0.00000,100.00000,522110,522110,QCRH,GFED,09.11.2021,Shares,Delisted,n.a.
,,,,,,,,,,,,,,,,,,Cash,,n.a.
2779.,1941188243,KIMBELL ROYALTY PARTNERS LP,US,PHILLIPS ENERGY PARTNERS LLC,US,Acquisition 100%,Completed,"151,300.00",25.03.2019,100.00000,0.00000,100.00000,533110,211120,KRP,,07.02.2019,Third party shares,Unlisted,"151,300"
,,,,PHILLIPS ENERGY PARTNERS II LLC,US,,,,,100.00000,0.00000,100.00000,533110,,,,,,Unlisted,
,,,,PHILLIPS ENERGY PARTNERS III LLC,US,,,,,100.00000,0.00000,100.00000,533110,,,,,,Unlisted,
2780.,2008321646,DREAM MOTOR GROUP,US,TOYOTA OF MONTGOMERY,US,Acquisition 100%,Completed,"151,000.00",24.11.2025,100.00000,0.00000,100.00000,441110,441110,,,20.10.2025,,Unlisted,n.a.
2781.,2007134587,STARFIELD PROPERTIES INC.,US,SHAFER VINEYARDS,US,Acquisition 100%,Completed,"150,300.00",16.02.2022,100.00000,0.00000,100.00000,312130,523910,,,16.02.2022,,Unlisted,n.a.
2782.,2007808596,PATHOCARE HOLDINGS INC.,US,PATHO CARE LLC,US,Acquisition 100%,Completed,"150,150.00",31.12.2024,100.00000,0.00000,100.00000,621511,551112,,,31.12.2024,Cash,Unlisted,n.a.
,,,,,,,,,,,,,,,,,,Shares,,n.a.
2783.,2008640537,ONDAS INC.,US,WORLD VIEW ENTERPRISES INC.,US,Acquisition 100%,Completed,"150,000.00",01.04.2026,100.00000,0.00000,100.00000,487990,517311,ONDS,,23.03.2026,Shares,Unlisted,"129,500"
,,,,,,,,,,,,,,,,,,Cash,,"20,500"
2784.,2008563451,SAUVEGARDER INVESTMENT MANAGEMENT INC.,US,GARDEN RETIREMENT COMPANY,US,Acquisition 100%,Completed,"150,000.00",05.02.2026,100.00000,0.00000,100.00000,518210,523910,,,05.02.2026,,Unlisted,n.a.
2785.,2008289954,PARAMOUNT SKYDANCE CORPORATION,US,"FREE PRESS, THE",US,Acquisition 100%,Completed,"150,000.00",06.10.2025,100.00000,0.00000,100.00000,519130,515120,PSKY,,06.10.2025,Cash,Unlisted,n.a.
,,,,,,,,,,,,,,,,,,Shares,,n.a.
2786.,2008220266,VARONIS SYSTEMS INC.,US,SLASHNEXT INC.,US,Acquisition 100%,Completed,"150,000.00",02.09.2025,100.00000,0.00000,100.00000,518210,518210,VRNS,,02.09.2025,Shares,Unlisted,n.a.
,,,,,,,,,,,,,,,,,,Cash,,n.a.
2787.,2008164830,OG HOLDCO LLC,US,DOLE FOOD COMPANY INC.'S FRESH VEGETABLE DIVISION,US,Acquisition 100%,Completed,"150,000.00",05.08.2025,100.00000,0.00000,100.00000,311421,523920,,,05.08.2025,Earn-out,Unlisted,"10,000"
,,,,,,,,,,,,,,,,,,Bonds,,n.a.
,,,,,,,,,,,,,,,,,,Cash,,n.a.
2788.,2007735122,SHIFTPIXY INC.,US,TURBOSCALE LLC,US,Acquisition 100%,Completed,"150,000.00",17.10.2024,100.00000,0.00000,100.00000,511210,518210,PIXY,,17.10.2024,Shares,Unlisted,"75,000"
2789.,2007423051,ARMIS INC.,US,SILK SECURITY INC.,US,Acquisition 100%,Completed,"150,000.00",17.04.2024,100.00000,0.00000,100.00000,518210,518210,,,17.04.2024,,Unlisted,n.a.
2790.,2007371719,GRANITE CONSTRUCTION INC.,US,LEHMAN-ROBERTS COMPANY,US,Acquisition 100%,Completed,"150,000.00",05.12.2023,100.00000,0.00000,100.00000,324121,237990,GVA,,05.12.2023,Cash Reserves,Unlisted,n.a.
,,,,MEMPHIS STONE & GRAVEL COMPANY,US,,,,,100.00000,0.00000,100.00000,324121,,,,,Cash,Unlisted,n.a.
2791.,2007117123,ARCOSA INC.,US,SOUTHWEST ROCK PRODUCTS LLC,US,Acquisition 100%,Completed,"150,000.00",04.08.2021,100.00000,0.00000,100.00000,237990,237990,ACA,,04.08.2021,,Unlisted,n.a.
2792.,1943093689,FG INC.,US,FG LA LLC,US,Acquisition increased from 100% to 100%,Completed,"150,000.00",11.03.2019,Unknown %,100.00000,100.00000,325998,523910,,,11.03.2019,Cash,Unlisted,"150,000"
2793.,1941702850,MBG HOLDCO INC.,US,MAVERICK BOAT GROUP INC.,US,Acquisition 100%,Completed,"150,000.00",31.12.2020,100.00000,0.00000,100.00000,336612,551112,,,31.12.2020,Cash,Unlisted,n.a.
,,,,,,,,,,,,,,,,,,Cash Reserves,,n.a.
2794.,1941693551,SIRIUS XM HOLDINGS INC.,US,TEAM COCO DIGITAL LLC,US,Acquisition 100%,Completed,"150,000.00",23.05.2022,100.00000,0.00000,100.00000,518210,515112,SIRI,,23.05.2022,,Unlisted,n.a.
2795.,1941669288,MARKETCAST LLC,US,PHOENIX MARKETING INTERNATIONAL INC.,US,Acquisition 100%,Completed,"150,000.00",24.03.2022,100.00000,0.00000,100.00000,541910,541910,,,24.03.2022,,Unlisted,n.a.
2796.,1941626352,KNIGHT-SWIFT TRANSPORTATION HOLDINGS INC.,US,RAC MME HOLDINGS LLC,US,Acquisition 100%,Completed,"150,000.00",06.12.2021,100.00000,0.00000,100.00000,488510,484121,KNX,,06.12.2021,Cash,Unlisted,"150,000"
,,,,,,,,,,,,,,,,,,Cash Reserves,,n.a.
2797.,1941568266,INTERNATIONAL CONSOLIDATED COMPANIES INC.,US,SOUNDTECH AI INC.,US,Acquisition 100%,Completed,"150,000.00",22.07.2021,100.00000,0.00000,100.00000,541511,541715,TERS,,15.07.2021,Shares,Unlisted,n.a.
2798.,1941566391,VERITONE INC.,US,PANDOLOGIC INC.,US,Acquisition 100%,Completed,"150,000.00",14.09.2021,100.00000,0.00000,100.00000,518210,518210,VERI,,22.07.2021,Shares,Unlisted,"56,700"
,,,,,,,,,,,,,,,,,,Cash,,"93,300"
,,,,,,,,,,,,,,,,,,Earn-out,,"65,000"
,,,,,,,,,,,,,,,,,,Cash Reserves,,n.a.
2799.,1941565904,BDG MEDIA INC.,US,SOME SPIDER INC.,US,Acquisition 100%,Completed,"150,000.00",21.07.2021,100.00000,0.00000,100.00000,518210,519130,,,21.07.2021,Shares,Unlisted,"150,000"
2800.,1941538421,FRANKLIN ELECTRIC COMPANY INC.,US,NEW AQUA LLC,US,Acquisition 100%,Completed,"150,000.00",17.05.2021,100.00000,0.00000,100.00000,333318,333996,FELE,,17.05.2021,Cash,Unlisted,"150,000"
2801.,1941496523,ANZU SPECIAL ACQUISITION CORPORATION I,US,ENVOY MEDICAL CORPORATION,US,Acquisition 100%,Completed,"150,000.00",29.09.2023,100.00000,0.00000,100.00000,339112,525990,ANZUU,,18.04.2023,Shares,Unlisted,"150,000"
2802.,1941477578,MOUNTAIN CREST ACQUISITION CORPORATION II,US,BETTER THERAPEUTICS INC. (OLD),US,Acquisition 100%,Completed,"150,000.00",28.10.2021,100.00000,0.00000,100.00000,541713,525990,BTTX,,07.04.2021,Shares,Unlisted,"150,000"
2803.,1941302633,PALO ALTO NETWORKS INC.,US,APORETO INC.,US,Acquisition 100%,Completed,"150,000.00",23.12.2019,100.00000,0.00000,100.00000,518210,518210,PANW,,25.11.2019,Cash,Unlisted,"150,000"
2804.,1941287806,ROKU INC.,US,DATAXU INC.,US,Acquisition 100%,Completed,"150,000.00",08.11.2019,100.00000,0.00000,100.00000,518210,334220,ROKU,,22.10.2019,Cash,Unlisted,"75,000"
,,,,,,,,,,,,,,,,,,Shares,,"75,000"
2805.,1941268037,HEARTLAND EXPRESS INC. OF IOWA,US,MIDWEST HOLDING GROUP INC.,US,Acquisition 100%,Completed,"150,000.00",26.08.2019,100.00000,0.00000,100.00000,484121,484121,,,26.08.2019,Liabilities,Unlisted,"90,000"
,,,,MILLIS REAL ESTATE LEASING LLC,US,,,,,100.00000,0.00000,100.00000,484121,,,,,Cash,Unlisted,"59,250"
,,,,,,,,,,,,,,,,,,Shares,,750
,,,,,,,,,,,,,,,,,,Cash Reserves,,n.a.
2806.,1939060590,MARKETAXESS HOLDINGS INC.,US,LIQUIDITYEDGE LLC,US,Acquisition 100%,Completed,"150,000.00",01.11.2019,100.00000,0.00000,100.00000,425110,519130,MKTX,,13.08.2019,Shares,Unlisted,"50,000"
,,,,,,,,,,,,,,,,,,Cash,,"100,000"
2807.,1939050274,LIVERAMP HOLDINGS INC.,US,DATA PLUS MATH CORPORATION,US,Acquisition 100%,Completed,"150,000.00",03.07.2019,100.00000,0.00000,100.00000,518210,518210,RAMP,,24.06.2019,Cash,Unlisted,n.a.
,,,,,,,,,,,,,,,,,,Shares,,n.a.
2808.,2007698444,SYNTIANT CORPORATION,US,KNOWLES CORPORATION'S CONSUMER MEMS MICROPHONES BUSINESS' CERTAIN ASSETS,US,Acquisition 100%,Completed,"150,000.00",30.12.2024,100.00000,0.00000,100.00000,334220,334413,,,19.09.2024,Cash,Unlisted,"70,000"
,,,,,,,,,,,,,,,,,,Shares,,"80,000"
,,,,,,,,,,,,,,,,,,Liabilities,,n.a.
2809.,2007366977,SOFPULSE INC.,US,ENDONOVO THERAPEUTICS INC.'S SOFPULSE BUSINESS,US,Acquisition 100%,Completed,"150,000.00",28.03.2024,100.00000,0.00000,100.00000,339112,339112,,,04.12.2023,Cash,Unlisted,n.a.
,,,,ENDONOVO THERAPEUTICS INC.'S SOFPULSE ASSETS,US,,,,,100.00000,0.00000,100.00000,339112,,,,,Deferred payment,Unlisted,n.a.
,,,,,,,,,,,,,,,,,,Shares,,"50,000"
,,,,,,,,,,,,,,,,,,Bonds,,n.a.
2810.,1941341335,MAXLINEAR INC.,US,INTEL CORPORATION'S CONNECTED HOME DIVISION,US,Acquisition 100%,Completed,"150,000.00",31.07.2020,100.00000,0.00000,100.00000,334413,334413,MXL,,05.04.2020,Cash,Unlisted,"150,000"
,,,,,,,,,,,,,,,,,,Cash Reserves,,n.a.
2811.,1941331274,BENDIX COMMERCIAL VEHICLE SYSTEMS LLC,US,"RH SHEPPARD CO., INC.",US,Acquisition 100%,Completed,"149,500.00",01.06.2020,100.00000,0.00000,100.00000,336330,336340,,,30.01.2020,,Unlisted,n.a.
2812.,2007182685,TALARIS THERAPEUTICS INC.,US,TOURMALINE BIO INC.,US,Acquisition 100%,Completed,"149,498.00",19.10.2023,100.00000,0.00000,100.00000,541713,541713,TRML,TRML,22.06.2023,Shares,Delisted,"149,498"
2813.,1941713285,INNOVIVA ACQUISITION SUB INC.,US,LA JOLLA PHARMACEUTICAL COMPANY,US,Acquisition 100%,Completed,"149,000.00",22.08.2022,100.00000,0.00000,100.00000,541713,525990,,LJPC,11.07.2022,Cash,Delisted,"149,000"
,,,,,,,,,,,,,,,,,,Liabilities,,n.a.
2814.,1941617696,CITIZENS FINANCIAL GROUP INC.,US,JMP GROUP LLC,US,Acquisition 100%,Completed,"149,000.00",15.11.2021,100.00000,0.00000,100.00000,523110,522110,CFG,JMP,08.09.2021,Cash,Delisted,"149,000"
2815.,1941739507,MULLEN AUTOMOTIVE INC.,US,BOLLINGER MOTORS INC.,US,Acquisition 60%,Completed,"148,200.00",08.09.2022,60.00000,0.00000,60.00000,336120,336111,BINI,,08.09.2022,Shares,Unlisted,n.a.
,,,,,,,,,,,,,,,,,,Cash,,n.a.
2816.,2007473111,TOTALENERGIES E&P USA INC.,US,TALOS LOW CARBON SOLUTIONS LLC,US,Acquisition 100%,Completed,"148,000.00",18.03.2024,100.00000,0.00000,100.00000,211120,211120,,,18.03.2024,Cash,Unlisted,n.a.
,,,,,,,,,,,,,,,,,,Earn-out,,n.a.
2817.,1941579857,MONOMOY CAPITAL MANAGEMENT LP,US,LIBERTY SAFE HOLDING CORPORATION,US,Acquisition unknown majority stake %,Completed,"147,500.00",03.08.2021,Unknown majority,0.00000,Unknown majority,332999,523910,,,19.07.2021,Cash assumed,Unlisted,n.a.
,,,,,,,,,,,,,,,,,,Cash,,"147,500"
,,,,,,,,,,,,,,,,,,Liabilities,,n.a.
2818.,1941375475,RAPID7 INC.,US,DIVVY CLOUD CORPORATION,US,Acquisition 100%,Completed,"147,337.00",01.05.2020,100.00000,0.00000,100.00000,518210,511210,RPD,,24.04.2020,Shares,Unlisted,"9,137"
,,,,,,,,,,,,,,,,,,Deferred payment,,n.a.
,,,,,,,,,,,,,,,,,,Cash,,"128,300"
2819.,2008241973,STRATA CRITICAL INC.,US,KEYSTONE PERFUSION SERVICES LLC,US,Acquisition 100%,Completed,"147,000.00",16.09.2025,100.00000,0.00000,100.00000,621498,488999,,,16.09.2025,Cash,Unlisted,"109,120"
,,,,,,,,,,,,,,,,,,Shares,,"14,880"
,,,,,,,,,,,,,,,,,,Earn-out,,"23,000"
2820.,2007289362,VERANO HOLDINGS LLC,US,AGRI-KIND LLC,US,Acquisition 100%,Completed,"147,000.00",12.07.2021,100.00000,0.00000,100.00000,325411,111998,,,22.04.2021,Shares,Unlisted,n.a.
,,,,AGRONOMED HOLDINGS INC.,US,,,,,100.00000,0.00000,100.00000,325411,,,,,Cash,Unlisted,n.a.
,,,,,,,,,,,,,,,,,,Earn-out,,"31,500"
2821.,2007461774,CANVAS HOLDING COMPANY LLC,US,SPX TECHNOLOGIES INC.'S THREE WHOLLY-OWNED SUBSIDIARIES,US,Acquisition 100%,Completed,"146,800.00",01.11.2022,100.00000,0.00000,100.00000,333415,523910,,,01.11.2022,Cash Reserves,Unlisted,n.a.
,,,,,,,,,,,,,,,,,,Cash,,"138,800"
2822.,1941671327,HOMETOWN FINANCIAL GROUP INC.,US,RANDOLPH BANCORP INC.,US,Acquisition 100%,Completed,"146,500.00",07.10.2022,100.00000,0.00000,100.00000,551111,551111,,RNDB,28.03.2022,Cash,Delisted,"146,500"
2823.,2008444946,"PENNANT GROUP INC., THE",US,"UNITEDHEALTH GROUP INC.'S CERTAIN HOME HEALTH, HOSPICE AND PERSONAL CARE OPERATIONS IN TENNESSEE, GEORGIA AND ALABAMA",US,Acquisition 100%,Completed,"146,500.00",01.10.2025,100.00000,0.00000,100.00000,524114,621610,PNTG,,01.10.2025,,Unlisted,n.a.
2824.,2008501237,AAR CORPORATION,US,AMERICAN DISTRIBUTORS HOLDING COMPANY LLC,US,Acquisition 100%,Completed,"146,000.00",25.09.2025,100.00000,0.00000,100.00000,335999,532411,AIR,,25.09.2025,Cash,Unlisted,n.a.
2825.,2008459402,HOME BANCSHARES INC.,US,MOUNTAIN COMMERCE BANCORP INC.,US,Acquisition 100%,Completed,"146,000.00",01.04.2026,100.00000,0.00000,100.00000,522110,522110,HOMB,MCBI,08.12.2025,Shares,Delisted,"146,000"
2826.,2008319581,AAR CORPORATION,US,AMERICAN DISTRIBUTORS HOLDING COMPANY LLC,US,Acquisition 100%,Completed,"146,000.00",25.09.2025,100.00000,0.00000,100.00000,335999,532411,AIR,,25.09.2025,Cash,Unlisted,n.a.
2827.,2008267065,AAR CORPORATION,US,AMERICAN DISTRIBUTORS HOLDING COMPANY LLC,US,Acquisition 100%,Completed,"146,000.00",25.09.2025,100.00000,0.00000,100.00000,335999,532411,AIR,,25.09.2025,Cash,Unlisted,"146,000"
2828.,2008005269,CARETRUST REIT INC.,US,UNDISCLOSED 10 NURSING FACILITIES IN PACIFIC NORTHWEST,US,Acquisition 100%,Completed,"146,000.00",02.06.2025,100.00000,0.00000,100.00000,623110,531120,CTRE,,02.06.2025,Cash Reserves,Unlisted,n.a.
,,,,,,,,,,,,,,,,,,Cash,,"146,000"
2829.,1941610228,SHORE BANCSHARES INC.,US,SEVERN BANCORP INC.,US,Acquisition 100%,Completed,"146,000.00",31.10.2021,100.00000,0.00000,100.00000,522110,522110,SHBI,SVBI,03.03.2021,Shares,Delisted,"125,457"
,,,,,,,,,,,,,,,,,,Cash,,"20,543"
2830.,1941671819,SEACOAST BANKING CORPORATION OF FLORIDA,US,APOLLO BANCSHARES INC.,US,Acquisition 100%,Completed,"146,000.00",07.10.2022,100.00000,0.00000,100.00000,522110,522110,SBCF,,29.03.2022,Shares,Unlisted,"146,000"
2831.,2008196673,DIGI INTERNATIONAL INC.,US,JOLT SOFTWARE INC.,US,Acquisition 100%,Completed,"145,500.00",18.08.2025,100.00000,0.00000,100.00000,518210,334118,DGII,,18.08.2025,Cash Reserves,Unlisted,n.a.
,,,,,,,,,,,,,,,,,,Cash,,"145,500"
2832.,2007565744,MARAVAI LIFESCIENCES HOLDINGS INC.,US,ALPHAZYME LLC,US,Acquisition 100%,Completed,"145,000.00",31.01.2023,100.00000,0.00000,100.00000,325414,541713,,,31.01.2023,Earn-out,Unlisted,"75,000"
,,,,,,,,,,,,,,,,,,Cash,,"145,000"
2833.,1941721410,ASSETMARK FINANCIAL HOLDINGS INC.,US,VOYANT INC.,US,Acquisition 100%,Completed,"145,000.00",01.07.2021,100.00000,0.00000,100.00000,518210,518210,AMK,,01.03.2021,Shares,Unlisted,"25,000"
,,,,,,,,,,,,,,,,,,Cash,,"120,000"
,,,,,,,,,,,,,,,,,,Cash Reserves,,n.a.
2834.,1941681340,MONTEREY CAPITAL ACQUISITION CORPORATION,US,CONNECTM TECHNOLOGY SOLUTIONS INC.,US,Acquisition 100%,Completed,"145,000.00",12.07.2024,100.00000,0.00000,100.00000,511210,525990,CNTMD,CNTMD,31.12.2022,Shares,Listed,"145,000"
2835.,1941612948,LEMONADE INC.,US,METROMILE INC.,US,Acquisition 100%,Completed,"145,000.00",28.07.2022,100.00000,0.00000,100.00000,524126,524126,LMND,,08.11.2021,Shares,Unlisted,"145,000"
2836.,1941570926,BIGCOMMERCE OMNI LLC,US,FEEDONOMICS LLC’S BUSINESS,US,Acquisition 100%,Completed,"145,000.00",27.07.2021,100.00000,0.00000,100.00000,518210,518210,,,27.07.2021,Shares,Unlisted,n.a.
,,,,FEEDONOMICS LLC’S ASSET,US,,,,,100.00000,0.00000,100.00000,518210,,,,,Cash,Unlisted,n.a.
,,,,,,,,,,,,,,,,,,Earn-out,,"65,000"
,,,,,,,,,,,,,,,,,,Cash assumed,,n.a.
,,,,,,,,,,,,,,,,,,Liabilities,,n.a.
2837.,1941544926,DBM GLOBAL INC.,US,BANKER STEEL HOLDCO LLC,US,Acquisition 100%,Completed,"145,000.00",27.05.2021,100.00000,0.00000,100.00000,238120,332312,DBMG,,15.03.2021,Liabilities,Unlisted,n.a.
2838.,1941239205,MARTIN MIDSTREAM PARTNERS LP,US,MARTIN TRANSPORT INC.,US,Acquisition 100%,Completed,"145,000.00",02.01.2019,100.00000,0.00000,100.00000,484230,424710,MMLP,,24.10.2018,Earn-out,Unlisted,"10,000"
2839.,1941173915,WEC ENERGY GROUP INC.,US,AVANGRID RENEWABLES LLC'S COYOTE RIDGE WIND FARM BASED IN SOUTH DAKOTA,US,Acquisition 80%,Completed,"145,000.00",08.01.2019,80.00000,0.00000,80.00000,221115,221118,WEC,,08.01.2019,,Unlisted,n.a.
2840.,1941675440,SPX CORPORATION,US,CINCINNATI FAN & VENTILATOR COMPANY INC.,US,Acquisition 100%,Completed,"145,000.00",16.12.2021,100.00000,0.00000,100.00000,333413,333415,SPXC,,15.11.2021,Cash,Unlisted,"145,000"
2841.,1941675297,AEI US SUBSIDIARY LLC,US,SL POWER ELECTRONICS CORPORATION,US,Acquisition 100%,Completed,"144,500.00",25.04.2022,100.00000,0.00000,100.00000,335999,335999,,,04.04.2022,Cash Reserves,Unlisted,n.a.
,,,,,,,,,,,,,,,,,,Cash,,"144,500"
2842.,2007495243,HAWK ACQUISITION INC.,US,"IDENTIV INC.'S PHYSICAL SECURITY, ACCESS CARD AND IDENTITY READER OPERATIONS AND ASSETS",US,Acquisition 100%,Completed,"144,200.00",09.09.2024,100.00000,0.00000,100.00000,511210,525990,,,03.04.2024,Liabilities,Unlisted,n.a.
,,,,IDENTIV PRIVATE LTD,IN,,,,,100.00000,0.00000,100.00000,511210,,,,,Cash,Unlisted,"144,200"
2843.,2007618618,PERDOCEO EDUCATION CORPORATION,US,UNIVERSITY OF ST AUGUSTINE FOR HEALTH SCIENCES LLC,US,Acquisition 100%,Completed,"144,000.00",02.12.2024,100.00000,0.00000,100.00000,611310,611310,PRDO,,16.07.2024,Cash,Unlisted,"144,000"
,,,,,,,,,,,,,,,,,,Cash Reserves,,n.a.
2844.,1941729184,VERMILLION POWER LLC,US,FIRSTENERGY GENERATION LLC'S WEST LORAIN FACILITY AND ASSETS,US,Acquisition 100%,Completed,"144,000.00",31.03.2019,100.00000,0.00000,100.00000,221112,221112,,,19.11.2018,Cash,Unlisted,"144,000"
2845.,1941723644,J PURCHASER CORPORATION,US,ROMEO POWER INC.,US,Acquisition 100%,Completed,"144,000.00",14.10.2022,100.00000,0.00000,100.00000,335911,335911,,RMO,01.08.2022,Shares,Delisted,"144,000"
2846.,2008565665,TAVROS THERAPEUTICS INC.,US,SEAPORT ENTERTAINMENT GROUP INC.'S 250 WATER STREET DEVELOPMENT PROJECT,US,Acquisition 100%,Completed,"143,000.00",06.02.2026,100.00000,0.00000,100.00000,711310,541713,,,06.02.2026,,Unlisted,n.a.
2847.,1941567792,WERNER ENTERPRISES INC.,US,ECM TRANSPORT LLC,US,Acquisition 80%,Completed,"142,400.00",01.07.2021,80.00000,0.00000,80.00000,484210,484121,WERN,,01.07.2021,Cash,Unlisted,"142,400"
,,,,,,,,,,,,,,,,,,Cash Reserves,,n.a.
2848.,1941561594,WEBER-STEPHEN PRODUCTS LLC,US,JUNE LIFE INC.,US,Acquisition increased from 20% to 100%,Completed,"142,200.00",12.01.2021,80.00000,20.00000,100.00000,541511,335220,,,12.01.2021,Cash,Unlisted,"108,300"
2849.,2008170953,FIRST FINANCIAL BANCORP,US,BANKFINANCIAL CORPORATION,US,Acquisition 100%,Completed,"142,000.00",31.12.2025,100.00000,0.00000,100.00000,522110,522110,FFBC,BFIN,11.08.2025,Shares,Delisted,"142,000"
2850.,2008070126,RILEY EXPLORATION - PERMIAN LLC,US,SILVERBACK EXPLORATION II LLC,US,Acquisition 100%,Completed,"142,000.00",01.07.2025,100.00000,0.00000,100.00000,211120,211120,,,07.05.2025,Earn-out,Unlisted,n.a.
2851.,2007157373,US FOODS HOLDING CORPORATION,US,RENZI BROS INC.,US,Acquisition 100%,Completed,"142,000.00",07.07.2023,100.00000,0.00000,100.00000,424410,424490,USFD,,19.05.2023,Cash,Unlisted,"142,000"
2852.,1941712183,SOLARWINDS INC.,US,SQL SENTRY LLC,US,Acquisition 100%,Completed,"142,000.00",29.10.2020,100.00000,0.00000,100.00000,511210,511210,SWI,,23.10.2020,,Unlisted,n.a.
2853.,1941216469,CRESCENT CAPITAL BDC INC.,US,ALCENTRA CAPITAL CORPORATION,US,Acquisition 100%,Completed,"141,900.00",31.01.2020,100.00000,0.00000,100.00000,525990,525990,CCAP,ABDC,13.08.2019,Shares,Delisted,"101,000"
,,CRESCENT CAP ADVISORS LLC,US,,,,,,,,,,,523930,,,,Cash,,"40,900"
2854.,1941631340,NORTHVIEW ACQUISITION CORPORATION,US,PROFUSA INC.,US,Acquisition 100%,Completed,"141,871.00",11.07.2025,100.00000,0.00000,100.00000,334413,525990,PFSA,,07.11.2022,Shares,Unlisted,"141,871"
2855.,1941132203,PARK NATIONAL CORPORATION,US,CAB FINANCIAL CORPORATION,US,Acquisition 100%,Completed,"141,800.00",01.04.2019,100.00000,0.00000,100.00000,551111,522110,PRK,,13.09.2018,Shares,Unlisted,"113,400"
,,,,,,,,,,,,,,,,,,Cash,,"28,400"
2856.,1941723750,ADVANCE BUSINESS CAPITAL LLC,US,TRANSPORT FINANCIAL SOLUTIONS' TRANSPORTATION FACTORING ASSETS,US,Acquisition 100%,Completed,"141,200.00",08.07.2020,100.00000,0.00000,100.00000,541611,522298,,,08.07.2020,Shares,Unlisted,"13,900"
,,,,,,,,,,,,,,,,,,Cash,,"117,400"
,,,,,,,,,,,,,,,,,,Earn-out,,"9,000"
2857.,2008500909,TIVIC HEALTH SYSTEMS INC.,US,SCORPIUS HOLDINGS INC.'S MANUFACTURING AND DEVELOPMENT ASSETS,US,Acquisition 100%,Completed,"141,000.00",11.12.2025,100.00000,0.00000,100.00000,541713,541713,,,11.12.2025,Shares,Unlisted,n.a.
,,,,,,,,,,,,,,,,,,Liabilities,,n.a.
2858.,2008466102,TIVIC HEALTH SYSTEMS INC.,US,SCORPIUS HOLDINGS INC.'S MANUFACTURING AND DEVELOPMENT ASSETS,US,Acquisition 100%,Completed,"141,000.00",11.12.2025,100.00000,0.00000,100.00000,541713,541713,,,11.12.2025,Liabilities,Unlisted,n.a.
,,,,,,,,,,,,,,,,,,Shares,,n.a.
2859.,2007134635,KIMBELL ROYALTY PARTNERS LP,US,MB MINERALS LP'S MINERAL AND ROYALTY INTERESTS IN THE MIDLAND BASIN,US,Acquisition 100%,Completed,"140,800.00",17.05.2023,100.00000,0.00000,100.00000,212399,211120,KRP,,12.04.2023,Shares,Unlisted,"92,100"
,,,,,,,,,,,,,,,,,,Cash,,"48,800"
2860.,1941473410,CARGURUS INC.,US,CAROFFER LLC,US,Acquisition 51%,Completed,"140,250.00",14.01.2021,51.00000,0.00000,51.00000,518210,518210,CARG,,14.01.2021,Shares,Unlisted,"70,125"
,,,,,,,,,,,,,,,,,,Cash,,"70,125"
2861.,2007090454,ARKO CORPORATION,US,WTG FUELS HOLDINGS LLC'S RETAIL ASSETS,US,Acquisition 100%,Completed,"140,200.00",07.06.2023,100.00000,0.00000,100.00000,447110,551112,ARKO,,07.12.2022,Cash,Unlisted,"140,200"
,,,,WTG FUELS HOLDINGS LLC'S WHOLESALE ASSETS,US,,,,,100.00000,0.00000,100.00000,447110,,,,,,Unlisted,
,,,,WTG FUELS HOLDINGS LLC'S FLEET FUELING ASSETS,US,,,,,100.00000,0.00000,100.00000,447110,,,,,,Unlisted,
2862.,2007922930,COUPANG INC.,US,SURPIQUE LP,US,Acquisition increased from 80.1% to 100%,Completed,"140,100.00",04.04.2025,19.90000,80.10000,100.00000,523920,518210,CPNG,,04.04.2025,Cash,Unlisted,"140,100"
,,,,,,,,,,,,,,,,,,Shares,,n.a.
2863.,2007097488,SPARC GROUP LLC,US,LUCKY BRAND DUNGAREES LLC'S OPERATING ASSETS,US,Acquisition 100%,Completed,"140,100.00",16.08.2020,100.00000,0.00000,100.00000,424330,448140,,,03.07.2020,,Unlisted,n.a.
2864.,2008658521,MERIT MEDICAL SYSTEMS INC.,US,VIEW POINT MEDICAL INC.,US,Acquisition 100%,Completed,"140,000.00",01.04.2026,100.00000,0.00000,100.00000,334510,339112,MMSI,,01.04.2026,Cash,Unlisted,"90,000"
,,,,,,,,,,,,,,,,,,Liabilities,,n.a.
,,,,,,,,,,,,,,,,,,Deferred payment,,n.a.
2865.,2008161078,AMES WATSON LLC,US,CLAIRE'S HOLDINGS LLC'S NORTH AMERICA BUSINESS OPERATIONS,US,Acquisition 100%,Completed,"140,000.00",19.09.2025,100.00000,0.00000,100.00000,448150,523920,,,20.08.2025,,Unlisted,n.a.
2866.,2008146340,JONES LANG LASALLE INCOME PROPERTY TRUST INC.,US,GLENDALE DISTRIBUTION CENTER,US,Acquisition 100%,Completed,"140,000.00",31.07.2025,100.00000,0.00000,100.00000,493110,531120,,,31.07.2025,,Unlisted,n.a.
2867.,2007713739,VERADIGM INC.,US,CASCADE BIO INC.,US,Acquisition 100%,Completed,"140,000.00",04.03.2024,100.00000,0.00000,100.00000,518210,518210,MDRX,,27.02.2024,Deferred payment,Unlisted,n.a.
,,,,,,,,,,,,,,,,,,Cash,,"140,000"
,,,,,,,,,,,,,,,,,,Cash Reserves,,n.a.
2868.,2007407834,INTEGER HOLDINGS CORPORATION,US,PULSE TECHNOLOGIES INC.,US,Acquisition 100%,Completed,"140,000.00",31.12.2023,100.00000,0.00000,100.00000,339112,339112,ITGR,,31.12.2023,,Unlisted,n.a.
2869.,2007339839,ARCH US MI HOLDINGS INC.,US,REPUBLIC MORTGAGE INSURANCE COMPANY,US,Acquisition 100%,Completed,"140,000.00",03.06.2024,100.00000,0.00000,100.00000,522310,524126,,,13.11.2023,,Unlisted,n.a.
2870.,2007216490,SPROUT SOCIAL INC.,US,TAGGER MEDIA INC.,US,Acquisition 100%,Completed,"140,000.00",02.08.2023,100.00000,0.00000,100.00000,518210,518210,SPT,,02.08.2023,Cash,Unlisted,"140,000"
2871.,2007207797,CARMELL CORPORATION,US,AXOLOTL BIOLOGIX INC.,US,Acquisition 100%,Completed,"140,000.00",09.08.2023,100.00000,0.00000,100.00000,541713,541713,XAGE,,27.07.2023,Earn-out,Unlisted,"75,000"
,,,,,,,,,,,,,,,,,,Shares,,"123,000"
,,,,,,,,,,,,,,,,,,Cash,,"17,000"
2872.,2007120029,AAR CORPORATION,US,TRAX USA CORPORATION,US,Acquisition 100%,Completed,"140,000.00",20.03.2023,100.00000,0.00000,100.00000,541511,532411,AIR,,20.03.2023,Earn-out,Unlisted,"20,000"
,,,,,,,,,,,,,,,,,,Cash,,"120,000"
2873.,2007071467,PROFRAC HOLDINGS II LLC,US,REV ENERGY HOLDINGS LLC,US,Acquisition 100%,Completed,"140,000.00",03.01.2023,100.00000,0.00000,100.00000,213112,213111,,,27.12.2022,Liabilities,Unlisted,n.a.
,,,,,,,,,,,,,,,,,,Shares,,n.a.
,,,,,,,,,,,,,,,,,,Cash Reserves,,n.a.
,,,,,,,,,,,,,,,,,,Cash,,n.a.
,,,,,,,,,,,,,,,,,,Earn-out,,"20,000"
2874.,2007059131,SUMMIT MIDSTREAM HOLDINGS LLC,US,STERLING ENERGY INVESTMENTS LLC,US,Acquisition 100%,Completed,"140,000.00",31.12.2022,100.00000,0.00000,100.00000,211120,211120,,,17.10.2022,Cash,Unlisted,"140,000"
,,,,GRASSLANDS ENERGY MARKETING LLC,US,,,,,100.00000,0.00000,100.00000,541613,,,,,,Unlisted,
,,,,CENTENNIAL WATER PIPELINES LLC,US,,,,,100.00000,0.00000,100.00000,221310,,,,,,Unlisted,
2875.,2007041335,INTEGRA LIFESCIENCES HOLDINGS CORPORATION,US,SURGICAL INNOVATION ASSOCIATES INC.,US,Acquisition 100%,Completed,"140,000.00",06.12.2022,100.00000,0.00000,100.00000,541713,339112,IART,,01.12.2022,Earn-out,Unlisted,"90,000"
2876.,2007030429,LPL FINANCIAL HOLDINGS INC.,US,FINANCIAL RESOURCES GROUP INVESTMENT SERVICES LLC,US,Acquisition 100%,Completed,"140,000.00",01.02.2023,100.00000,0.00000,100.00000,523110,523930,LPLA,,03.11.2022,Shares,Unlisted,n.a.
,,,,,,,,,,,,,,,,,,Earn-out,,n.a.
2877.,1941742077,SOUTHERN MISSOURI BANCORP INC.,US,CITIZENS BANCSHARES COMPANY,US,Acquisition 100%,Completed,"140,000.00",20.01.2023,100.00000,0.00000,100.00000,522110,522110,SMBC,,20.09.2022,Shares,Unlisted,n.a.
,,,,,,,,,,,,,,,,,,Cash,,n.a.
2878.,1941711816,TRANSACTION DATA SYSTEMS INC.,US,PRESCRIBE WELLNESS LLC,US,Acquisition 100%,Completed,"140,000.00",01.08.2022,100.00000,0.00000,100.00000,518210,511210,,,21.06.2022,Earn-out,Unlisted,"15,000"
,,,,,,,,,,,,,,,,,,Cash,,"140,000"
2879.,1941708508,BALLY'S CORPORATION,US,ELDORADO RESORT CASINO SHREVEPORT,US,Acquisition 100%,Completed,"140,000.00",23.12.2020,100.00000,0.00000,100.00000,721120,721120,BALY,,23.12.2020,Cash,Unlisted,"140,000"
,,,,,,,,,,,,,,,,,,Cash Reserves,,n.a.
2880.,1941593975,MARTIN MARIETTA MATERIALS INC.,US,SOUTHERN CRUSHED CONCRETE LLC,US,Acquisition 100%,Completed,"140,000.00",30.07.2021,100.00000,0.00000,100.00000,327390,212321,MLM,,30.07.2021,,Unlisted,n.a.
2881.,1941395971,DEERFIELD PRIVATE DESIGN FUND IV LP,US,MELINTA THERAPEUTICS INC.,US,Acquisition 100%,Completed,"140,000.00",20.04.2020,100.00000,0.00000,100.00000,541713,525990,,MLNTQ,04.03.2020,Converted Debt,Delisted,n.a.
,,DEERFIELD PRIVATE DESIGN FUND III LP,US,,,,,,,,,,,525990,,,,,,
2882.,1941256339,WACOAL INTERNATIONAL CORPORATION,US,INTIMATES ONLINE INC.,US,Acquisition 100%,Completed,"140,000.00",31.07.2019,100.00000,0.00000,100.00000,454110,315240,,,31.07.2019,Earn-out,Unlisted,"55,000"
2883.,2007622868,COMMURE INC.,US,AUGMEDIX INC.,US,Acquisition 100% 100%,Completed,"139,000.00",02.10.2024,100.00000,0.00000,100.00000,518210,511210,,AUGX,19.07.2024,Cash,Listed,"139,000"
,,,,,,,,,,,,,,,,,,Cash Reserves,,n.a.
2884.,1941150818,MARCUS THEATERS CORPORATION,US,MOVIE TAVERN INC.'S ASSETS,US,Acquisition 100%,Completed,"139,000.00",01.02.2019,100.00000,0.00000,100.00000,512131,512131,,,02.11.2018,Cash,Unlisted,"30,000"
,,,,,,,,,,,,,,,,,,Third party shares,,"109,000"
2885.,1941421245,LONGFELLOW REAL ESTATE PARTNERS LLC,US,DURHAM.ID,US,Acquisition 100%,Completed,"138,000.00",30.07.2020,100.00000,0.00000,100.00000,531120,531120,,,30.07.2020,,Unlisted,n.a.
2886.,1941644939,BE HOLDCO LLC,US,BAY EQUITY LLC,US,Acquisition 100%,Completed,"137,800.00",04.04.2022,100.00000,0.00000,100.00000,522310,522310,,,11.01.2022,Cash,Unlisted,"91,867"
,,,,,,,,,,,,,,,,,,Shares,,"45,933"
2887.,1941460236,PHARMARON (US) LAB TESTING INC.,US,ABSORPTION SYSTEMS LLC,US,Acquisition 100%,Completed,"137,500.00",08.11.2020,100.00000,0.00000,100.00000,541713,551112,,,08.11.2020,Earn-out,Unlisted,"22,500"
,,,,,,,,,,,,,,,,,,Cash,,"137,500"
,,,,,,,,,,,,,,,,,,Cash Reserves,,n.a.
2888.,1939044428,COLUMBIA FINANCIAL INC.,US,STEWARDSHIP FINANCIAL CORPORATION,US,Acquisition 100%,Completed,"137,214.00",01.11.2019,100.00000,0.00000,100.00000,522110,551111,CLBK,SSFN,07.06.2019,Cash,Delisted,"137,214"
2889.,2007660127,ALTOR SOLUTIONS INC.,US,LIFOAM INDUSTRIES LLC,US,Acquisition 100%,Completed,"137,000.00",02.10.2024,100.00000,0.00000,100.00000,326140,326140,,,19.08.2024,Liabilities,Unlisted,n.a.
,,,,,,,,,,,,,,,,,,Cash,,"137,000"
2890.,2007321462,UNITED THERAPEUTICS CORPORATION,US,MIROMATRIX MEDICAL INC.,US,Acquisition 100%,Completed,"136,553.00",13.12.2023,100.00000,0.00000,100.00000,541713,325412,UTHR,MIRO,30.10.2023,Cash,Delisted,"136,553"
,,,,,,,,,,,,,,,,,,Earn-out,,"47,793"
2891.,1941406159,BANCPLUS CORPORATION,US,STATE CAPITAL CORPORATION,US,Acquisition 100%,Completed,"136,500.00",01.04.2020,100.00000,0.00000,100.00000,522110,522110,,,19.09.2019,Shares,Unlisted,"136,500"
2892.,2007222927,BARINGS BDC INC.,US,MVC CAPITAL INC.,US,Acquisition 100%,Completed,"136,425.00",23.12.2020,100.00000,0.00000,100.00000,523910,522298,BBDC,MVC,10.08.2020,Shares,Delisted,"129,425"
,,,,,,,,,,,,,,,,,,Cash,,"7,000"
2893.,1941684158,FULTON FINANCIAL CORPORATION,US,PRUDENTIAL BANCORP INC.,US,Acquisition 100%,Completed,"136,096.00",01.07.2022,100.00000,0.00000,100.00000,522110,522110,FULT,PBIP,02.03.2022,Shares,Delisted,"108,877"
,,,,,,,,,,,,,,,,,,Cash,,"27,219"
2894.,2007716249,MACH NATURAL RESOURCES LP,US,CERTAIN OIL AND GAS ASSETS IN ARDMORE BASIN AND ANADARKO BASIN OF KANSAS AND OKLAHOMA,US,Acquisition 100%,Completed,"136,000.00",01.10.2024,100.00000,0.00000,100.00000,211120,211120,MNR,,04.09.2024,Cash Reserves,Unlisted,n.a.
,,,,,,,,,,,,,,,,,,Cash,,"136,000"
2895.,1941679950,NATIONAL BANK HOLDINGS CORPORATION,US,COMMUNITY BANCORPORATION,US,Acquisition 100%,Completed,"136,000.00",01.09.2022,100.00000,0.00000,100.00000,522110,522110,NBHC,,18.04.2022,Shares,Unlisted,"119,900"
,,,,,,,,,,,,,,,,,,Cash,,"16,100"
2896.,1941293032,GLACIER BANCORP INC.,US,STATE BANK CORPORATION,US,Acquisition 100%,Completed,"135,300.00",29.02.2020,100.00000,0.00000,100.00000,522110,522110,GBCI,SBAZ,30.09.2019,Shares,Delisted,"121,265"
,,,,,,,,,,,,,,,,,,Cash,,"13,678"
2897.,1941178399,HORIZON BANCORP INC.,US,SALIN BANCSHARES INC.,US,Acquisition 100%,Completed,"135,300.00",26.03.2019,100.00000,0.00000,100.00000,522110,522110,HBNC,,29.10.2018,Cash,Unlisted,n.a.
,,,,,,,,,,,,,,,,,,Shares,,n.a.
2898.,2007718300,INGERSOLL RAND INC.,US,AIR POWER SYSTEMS CO LLC,US,Acquisition 100%,Completed,"135,000.00",01.10.2024,100.00000,0.00000,100.00000,336390,333912,IR,,01.10.2024,,Unlisted,n.a.
,,,,BLUTEK SRL,IT,,,,,100.00000,0.00000,100.00000,333912,,,,,,Unlisted,
,,,,UT PUMPS & SYSTEMS PRIVATE LTD,IN,,,,,100.00000,0.00000,100.00000,333991,,,,,,Unlisted,
2899.,2007029740,CAREMAX INC.,US,STEWARD HEALTH CARE SYSTEM LLC'S MEDICARE VALUE-BASED CARE BUSINESS,US,Acquisition 100%,Completed,"135,000.00",11.11.2022,100.00000,0.00000,100.00000,622110,621610,CMAX,,01.06.2022,Shares,Unlisted,n.a.
,,,,,,,,,,,,,,,,,,Cash,,n.a.
,,,,,,,,,,,,,,,,,,Earn-out,,n.a.
2900.,2007005962,KINDER MORGAN INC.,US,NORTH AMERICAN NATURAL RESOURCES INC.,US,Acquisition 100%,Completed,"135,000.00",11.08.2022,100.00000,0.00000,100.00000,334413,486910,KMI,,11.08.2022,,Unlisted,n.a.
,,,,NORTH AMERICAN BIOFUELS LLC,US,,,,,100.00000,0.00000,100.00000,334413,,,,,,Unlisted,
,,,,NORTH AMERICAN-CENTRAL LLC,US,,,,,100.00000,0.00000,100.00000,334413,,,,,,Unlisted,
2901.,1941695216,VIRTUS PARTNERS INC.,US,WESTCHESTER CAPITAL MANAGEMENT LLC,US,Acquisition 100%,Completed,"135,000.00",01.10.2021,100.00000,0.00000,100.00000,523920,523920,,,01.02.2021,Cash,Unlisted,"135,000"
,,,,WESTCHESTER CAPITAL PARTNERS LLC,US,,,,,100.00000,0.00000,100.00000,523920,,,,,,Unlisted,
2902.,1941669512,SMARTRENT INC.,US,SIGHTPLAN HOLDINGS INC.,US,Acquisition 100%,Completed,"135,000.00",24.03.2022,100.00000,0.00000,100.00000,518210,518210,SMRT,,24.03.2022,Cash,Unlisted,"135,000"
2903.,1941594120,ELLIGO HEALTH RESEARCH INC.,US,CLINEDGE LLC,US,Acquisition 100%,Completed,"135,000.00",23.09.2021,100.00000,0.00000,100.00000,541611,518210,,,23.09.2021,,Unlisted,n.a.
,,,,GUIDESTAR RESEARCH,US,,,,,100.00000,0.00000,100.00000,541690,,,,,,Unlisted,
,,,,BTC OF NEW BEDFORD,US,,,,,100.00000,0.00000,100.00000,541715,,,,,,Unlisted,
2904.,1941368770,SPEEDWAY LLC,US,NOCO ENERGY CORPORATION'S 33 NOCO EXPRESS RETAIL STORES IN BUFFALO,US,Acquisition 100%,Completed,"135,000.00",30.09.2019,100.00000,0.00000,100.00000,447190,447110,,,12.04.2019,,Unlisted,n.a.
2905.,1941364184,"CHAN SOON-SHIONG FAMILY FOUNDATION,THE",US,ST VINCENT MEDICAL CENTER'S ASSETS,US,Acquisition 100%,Completed,"135,000.00",16.04.2020,100.00000,0.00000,100.00000,622110,813211,,,16.04.2020,,Unlisted,n.a.
2906.,1941338339,ORYX MIDSTREAM SERVICES LLC,US,TARGA RESOURCES CORPORATION'S PERMIAN DELAWARE CRUDE BUSINESS,US,Acquisition 100%,Completed,"135,000.00",22.01.2020,100.00000,0.00000,100.00000,211120,211120,,,08.11.2019,,Unlisted,n.a.
2907.,1941535822,GMS INC.,US,WESTSIDE BUILDING MATERIAL CORPORATION'S ASSETS,US,Acquisition 100%,Completed,"135,000.00",02.07.2021,100.00000,0.00000,100.00000,423390,423390,GMS,,11.05.2021,Cash,Unlisted,"135,000"
,,,,,,,,,,,,,,,,,,Cash Reserves,,n.a.
2908.,2007302839,AMPHENOL CORPORATION,US,PCTEL INC.,US,Acquisition 100%,Completed,"134,837.00",15.12.2023,100.00000,0.00000,100.00000,334220,334417,APH,PCTI,13.10.2023,Cash,Delisted,"134,837"
2909.,1941648940,LAKESIDE BOOK COMPANY,US,PHOENIX COLOR CORPORATION,US,Acquisition 100%,Completed,"134,800.00",13.04.2022,100.00000,0.00000,100.00000,323117,323117,,,04.02.2022,,Unlisted,n.a.
2910.,1941575368,BANK OF MARIN BANCORP,US,AMERICAN RIVER BANKSHARES,US,Acquisition 100%,Completed,"134,500.00",06.08.2021,100.00000,0.00000,100.00000,522110,522110,BMRC,AMRB,19.04.2021,Shares,Delisted,"134,500"
2911.,1941186258,STEEL DYNAMICS INC.,US,UNITED STEEL SUPPLY LLC,US,Acquisition 75%,Completed,"134,000.00",01.03.2019,75.00000,0.00000,75.00000,423510,331110,STLD,,01.02.2019,Cash,Unlisted,"92,000"
,,,,,,,,,,,,,,,,,,Liabilities,,"42,000"
2912.,2007020670,HARTREE PARTNERS LP,US,SPRAGUE RESOURCES LP,US,Acquisition increased from 74.5% to 100% Bid 2 - Increased Offer,Completed,"133,815.00",01.11.2022,25.50000,74.50000,100.00000,424720,523130,,SRLP,31.08.2022,Cash,Delisted,"133,815"
2913.,1941586366,INSGROUP LLC,US,WHITE HILL PLAZA INC.'S ASSETS,US,Acquisition 100%,Completed,"133,600.00",01.10.2021,100.00000,0.00000,100.00000,524210,524210,,,08.09.2021,Cash,Unlisted,"82,200"
,,,,,,,,,,,,,,,,,,Earn-out,,"51,400"
,,,,,,,,,,,,,,,,,,Shares,,n.a.
2914.,2008164471,HORIZON TECHNOLOGY FINANCE CORPORATION,US,MONROE CAPITAL CORPORATION,US,Acquisition 100%,Completed,"133,465.00",14.04.2026,100.00000,0.00000,100.00000,523910,522298,HRZN,MRCC,07.08.2025,Shares,Delisted,"133,465"
2915.,1941375909,RESTORBIO INC.,US,ADICET BIO INC.,US,Acquisition 100%,Completed,"133,391.00",15.09.2020,100.00000,0.00000,100.00000,541713,541713,ACET,,29.04.2020,Shares,Unlisted,"133,391"
2916.,2007204440,STANDARD MERGER SUB LLC,US,STANDARD DIVERSIFIED INC.,US,Acquisition 100%,Completed,"133,292.00",16.07.2020,100.00000,0.00000,100.00000,525990,523910,,SDI,08.04.2020,Shares,Delisted,"133,292"
2917.,2007184595,TELLURIAN PRODUCTION LLC,US,ENSIGHT IV ENERGY PARTNERS LLC'S NATURAL GAS EXTRACTION ASSETS IN HAYNESVILLE SHALE,US,Acquisition 100%,Completed,"133,000.00",18.08.2022,100.00000,0.00000,100.00000,211120,211120,,,13.07.2022,Cash Reserves,Unlisted,n.a.
,,,,ENSIGHT HAYNESVILLE PARTNERS LLC'S NATURAL GAS EXTRACTION ASSETS IN HAYNESVILLE SHALE,US,,,,,100.00000,0.00000,100.00000,211120,,,,,Earn-out,Unlisted,"7,500"
,,,,,,,,,,,,,,,,,,Cash,,"125,500"
2918.,2007775107,SPRUCE POWER 5 LLC,US,NJR CLEAN ENERGY VENTURES II CORPORATION'S 91-MEGAWATT RESIDENTIAL SOLAR PORTFOLIO BUSINESS,US,Acquisition 100%,Completed,"132,500.00",25.11.2024,100.00000,0.00000,100.00000,221114,221114,,,25.11.2024,,Unlisted,n.a.
2919.,1941239902,CONTANGO OIL & GAS COMPANY,US,WHITE STAR PETROLEUM LLC'S ASSETS,US,Acquisition 100%,Completed,"132,500.00",04.11.2019,100.00000,0.00000,100.00000,211120,211120,MCF,,27.09.2019,Cash,Unlisted,"95,800"
,,,,,,,,,,,,,,,,,,Liabilities,,n.a.
2920.,2007206699,MEDIPACIFIC INC.,US,PARDES BIOSCIENCES INC.,US,Acquisition 100%,Completed,"132,085.00",31.08.2023,100.00000,0.00000,100.00000,541713,551114,,PRDS,17.07.2023,Cash,Delisted,"132,085"
,,,,,,,,,,,,,,,,,,Earn-out,,n.a.
2921.,2007809457,PAR TECHNOLOGY CORPORATION,US,DELAGET LLC,US,Acquisition 100%,Completed,"132,000.00",31.12.2024,100.00000,0.00000,100.00000,518210,511210,PAR,,31.12.2024,Shares,Unlisted,"132,000"
2922.,2007111921,WW INTERNATIONAL INC.,US,WEEKEND HEALTH INC.,US,Acquisition 100%,Completed,"132,000.00",10.04.2023,100.00000,0.00000,100.00000,518210,812990,WGHTQ,,06.03.2023,Shares,Unlisted,"35,000"
,,,,,,,,,,,,,,,,,,Deferred payment,,n.a.
,,,,,,,,,,,,,,,,,,Cash,,"97,000"
2923.,1941303291,CURTISS-WRIGHT CORPORATION,US,901D HOLDINGS LLC,US,Acquisition 100%,Completed,"132,000.00",02.01.2020,100.00000,0.00000,100.00000,541512,334513,CW,,26.11.2019,Cash,Unlisted,"132,000"
2924.,2007103758,FOX (PARENT) HOLDINGS INC.,US,CUSTOM WHEEL HOUSE LLC,US,Acquisition 100%,Completed,"131,600.00",06.03.2023,100.00000,0.00000,100.00000,326211,336330,,,21.02.2023,Cash Reserves,Unlisted,n.a.
,,,,,,,,,,,,,,,,,,Cash,,"131,600"
,,,,,,,,,,,,,,,,,,Liabilities,,n.a.
2925.,2007590351,SPEEDCO II INC.,US,DOVER MOTORSPORTS INC.,US,Acquisition 100%,Completed,"131,500.00",22.12.2021,100.00000,0.00000,100.00000,711310,711212,,DVD,08.11.2021,Cash,Delisted,"131,500"
2926.,1941735842,FIRST COMMONWEALTH FINANCIAL CORPORATION,US,CENTRIC FINANCIAL CORPORATION,US,Acquisition 100%,Completed,"131,373.00",31.01.2023,100.00000,0.00000,100.00000,522110,522110,FCF,,30.08.2022,Shares,Unlisted,"131,373"
2927.,1941714277,SISECAM CHEMICALS WYOMING LLC,US,SISECAM RESOURCES LP,US,Acquisition increased from 75% to 100%,Completed,"131,220.00",26.05.2023,25.00000,75.00000,100.00000,212391,212391,,SIRE,01.02.2023,Cash,Delisted,"131,220"
2928.,2007307002,WEST STAR AVIATION LLC,US,GAMA AVIATION (ENG) INC.,US,Acquisition 100%,Completed,"131,000.00",06.11.2023,100.00000,0.00000,100.00000,481211,488190,,,17.10.2023,Liabilities,Unlisted,n.a.
2929.,2007076111,OLYMPIC STEEL INC.,US,METAL-FAB INC.,US,Acquisition 100%,Completed,"131,000.00",03.01.2023,100.00000,0.00000,100.00000,423830,423510,ZEUS,,03.01.2023,,Unlisted,n.a.
2930.,1941546067,DENTSPLY SIRONA INC.,US,PROPEL ORTHODONTICS LLC'S ASSETS,US,Acquisition 100%,Completed,"131,000.00",04.06.2021,100.00000,0.00000,100.00000,339114,339114,XRAY,,04.06.2021,Cash,Unlisted,"131,000"
2931.,1941542324,UNITED COMMUNITY BANKS INC.,US,AQUESTA FINANCIAL HOLDINGS INC.,US,Acquisition 100%,Completed,"131,000.00",01.10.2021,100.00000,0.00000,100.00000,522110,522110,UCB,,27.05.2021,Cash,Unlisted,"39,000"
,,,,,,,,,,,,,,,,,,Shares,,"92,000"
2932.,1941453991,TAPSTONE ENERGY LLC,US,CHESAPEAKE ENERGY CORPORATION' OKLAHOMA DRILLING OPERATIONS,US,Acquisition 100%,Completed,"130,500.00",19.11.2020,100.00000,0.00000,100.00000,213111,211120,,,14.10.2020,,Unlisted,n.a.
2933.,2007858206,PDF SOLUTIONS INC.,US,SECUREWISE LLC,US,Acquisition 100%,Completed,"130,000.00",07.03.2025,100.00000,0.00000,100.00000,518210,334413,PDFS,,19.02.2025,Cash Reserves,Unlisted,n.a.
,,,,,,,,,,,,,,,,,,Cash,,"130,000"
2934.,2007459093,NAN YA PLASTICS AMERICA CORPORATION,US,NAN YA PLASTICS TEXAS CORPORATION,US,Acquisition increased from 100% to 100%,Completed,"130,000.00",05.03.2024,Unknown %,100.00000,100.00000,325199,313110,,,05.03.2024,Cash,Unlisted,"130,000"
2935.,2007337539,ALABAMA ONE CREDIT UNION,US,FIRST BANK OF WADLEY'S ASSETS,US,Acquisition 100%,Completed,"130,000.00",12.12.2023,100.00000,0.00000,100.00000,522110,522130,,,19.12.2022,Cash,Unlisted,"130,000"
,,,,,,,,,,,,,,,,,,Liabilities,,n.a.
2936.,2007164543,PLASTIQ INC.,US,NEARSIDE BUSINESS CORPORATION,US,Acquisition 100%,Completed,"130,000.00",01.11.2022,100.00000,0.00000,100.00000,522291,518210,,,01.11.2022,,Unlisted,n.a.
2937.,2007144123,FAT BRANDS INC.,US,FAZOLI'S SYSTEM MANAGEMENT LLC,US,Acquisition 100%,Completed,"130,000.00",16.12.2021,100.00000,0.00000,100.00000,722511,722511,FAT,,02.11.2021,Cash,Unlisted,"130,000"
2938.,2007144119,COVENANT LOGISTICS GROUP INC.,US,LEW THOMPSON & SON TRUCKING INC.,US,Acquisition 100%,Completed,"130,000.00",26.04.2023,100.00000,0.00000,100.00000,484220,484121,CVLG,,26.04.2023,Liabilities,Unlisted,n.a.
,,,,,,,,,,,,,,,,,,Earn-out,,n.a.
,,,,,,,,,,,,,,,,,,Cash Reserves,,n.a.
,,,,,,,,,,,,,,,,,,Cash,,n.a.
2939.,1941742106,H&E EQUIPMENT SERVICES INC.,US,ONE SOURCE EQUIPMENT RENTALS INC.,US,Acquisition 100%,Completed,"130,000.00",03.10.2022,100.00000,0.00000,100.00000,532411,532412,HEES,,19.09.2022,Cash,Unlisted,"130,000"
2940.,1941683868,OZONE NETWORKS INC.,US,DHARMA LABS INC.,US,Acquisition 100%,Completed,"130,000.00",18.01.2022,100.00000,0.00000,100.00000,518210,518210,,,18.01.2022,Shares,Unlisted,n.a.
2941.,1941657324,GPM INVESTMENTS LLC,US,QUARLES PETROLEUM INC.'S FLEET FUELLING CARDLOCK AND FUEL DISTRIBUTION BUSINESS,US,Acquisition 100%,Completed,"130,000.00",25.07.2022,100.00000,0.00000,100.00000,447190,445120,,,23.02.2022,,Unlisted,n.a.
2942.,1941653301,EVOLENT HEALTH INC.,US,VITAL DECISIONS LLC,US,Acquisition 100%,Completed,"130,000.00",06.10.2021,100.00000,0.00000,100.00000,541690,518210,EVH,,04.08.2021,Earn-out,Unlisted,"45,000"
,,,,,,,,,,,,,,,,,,Shares,,n.a.
,,,,,,,,,,,,,,,,,,Cash,,n.a.
2943.,1941609710,FAT BRANDS INC.,US,FAZOLI’S SYSTEM MANAGEMENT LLC,US,Acquisition 100%,Completed,"130,000.00",16.12.2021,100.00000,0.00000,100.00000,722511,722511,FAT,,02.11.2021,,Unlisted,n.a.
2944.,1941579570,NEXSTAR MEDIA INC.,US,"HILL, THE",US,Acquisition 100%,Completed,"130,000.00",20.08.2021,100.00000,0.00000,100.00000,511110,515120,,,20.08.2021,Cash assumed,Unlisted,n.a.
2945.,1941434416,AVON PROTECTION SYSTEMS INC.,US,TEAM WENDY LLC,US,Acquisition 100%,Completed,"130,000.00",02.11.2020,100.00000,0.00000,100.00000,339920,339113,,,09.09.2020,Cash,Unlisted,"130,000"
2946.,1941265266,ADDUS HOMECARE CORPORATION,US,HOSPICE PARTNERS OF AMERICA LLC,US,Acquisition 100%,Completed,"130,000.00",01.10.2019,100.00000,0.00000,100.00000,623110,621610,ADUS,,26.08.2019,Cash,Unlisted,"130,000"
2947.,1941183350,UNITY SOFTWARE INC.,US,VIVOX INC.,US,Acquisition 100%,Completed,"130,000.00",29.01.2019,100.00000,0.00000,100.00000,541511,511210,U,,29.01.2019,,Unlisted,n.a.
2948.,2007388930,OKTA INC.,US,SPERA CYBERSECURITY INC.,US,Acquisition 100%,Completed,"130,000.00",30.04.2024,100.00000,0.00000,100.00000,518210,518210,OKTA,,19.12.2023,Earn-out,Unlisted,n.a.
2949.,2007363548,CID HOLDCO INC.,US,SEE ID INC.,US,Acquisition 100%,Completed,"130,000.00",18.06.2025,100.00000,0.00000,100.00000,541690,551114,,,18.03.2024,Shares,Unlisted,n.a.
,,,,,,,,,,,,,,,,,,Liabilities,,n.a.
2950.,2007280104,BGO INDUSTRIAL REAL ESTATE INCOME TRUST INC.,US,SUN LIFE (US) HOLDCO 2020 INC.'S UNDISCLOSED JOINT VENTURE COMPANY,US,Acquisition 56.5%,Completed,"130,000.00",07.07.2023,56.50000,0.00000,56.50000,523910,531120,,,07.07.2023,Shares,Unlisted,"130,000"
2951.,1941603666,HUB GROUP INC.,US,CHOPTANK TRANSPORT INC.,US,Acquisition 100%,Completed,"130,000.00",19.10.2021,100.00000,0.00000,100.00000,488510,488510,HUBG,,19.10.2021,Cash,Unlisted,"130,000"
,,,,,,,,,,,,,,,,,,Cash Reserves,,n.a.
2952.,1941565757,MGX EQUIPMENT SERVICES LLC,US,H&E EQUIPMENT SERVICES INC'S CRANE BUSINESS,US,Acquisition 100%,Completed,"130,000.00",01.10.2021,100.00000,0.00000,100.00000,532412,333923,,,20.07.2021,Cash,Unlisted,"130,000"
,,,,,,,,,,,,,,,,,,Cash Reserves,,n.a.
2953.,2007059715,FIRST BANK,US,MALVERN BANCORP INC.,US,Acquisition 100%,Completed,"129,700.00",17.07.2023,100.00000,0.00000,100.00000,522110,522110,FRBA,MLVFD,14.12.2022,Shares,Delisted,"90,521"
,,,,,,,,,,,,,,,,,,Cash,,"59,400"
2954.,1941596710,RANDSTAD NORTH AMERICA INC.,US,CELLA INC.,US,Acquisition 100%,Completed,"129,684.87",30.09.2021,100.00000,0.00000,100.00000,561311,561311,,,30.09.2021,Liabilities,Unlisted,n.a.
2955.,1941336109,ZEPHYR PARENT INC.,US,ZAGG INC.,US,Acquisition 100%,Completed,"129,329.00",22.02.2021,100.00000,0.00000,100.00000,453998,453998,,ZAGG,11.12.2020,Cash,Delisted,"129,000"
2956.,2007823183,MAINSTREAM PINE PRODUCTS LLC,US,INGEVITY CORPORATION'S NORTH CHARLESTON CRUDE TALL OIL REFINERY,US,Acquisition 100%,Completed,"129,000.00",05.01.2026,100.00000,0.00000,100.00000,325998,211120,,,04.09.2025,Earn-out,Unlisted,"19,000"
,,,,INGEVITY CORPORATION'S PERFORMANCE CHEMICALS INDUSTRIAL SPECIALTIES PRODUCT LINE,US,,,,,100.00000,0.00000,100.00000,325998,,,,,Cash,Unlisted,"129,000"
2957.,2007042911,BYLINE BANCORP INC.,US,INLAND BANCORP INC.,US,Acquisition 100%,Completed,"129,000.00",01.07.2023,100.00000,0.00000,100.00000,522110,522110,BY,,30.11.2022,Shares,Unlisted,n.a.
,,,,,,,,,,,,,,,,,,Cash,,n.a.
2958.,2007544613,ALERUS FINANCIAL CORPORATION,US,HMN FINANCIAL INC.,US,Acquisition 100%,Completed,"128,800.00",09.10.2024,100.00000,0.00000,100.00000,522110,522110,ALRS,HMNF,15.05.2024,Shares,Delisted,"128,800"
2959.,2007709528,METROPOLITAN IPA,US,COMMUNITY FAMILY CARE MEDICAL GROUP IPA INC.'S ASSETS,US,Acquisition 100%,Completed,"128,000.00",31.03.2024,100.00000,0.00000,100.00000,621999,518210,,,07.11.2023,Cash Reserves,Unlisted,n.a.
,,,,,,,,,,,,,,,,,,Cash,,n.a.
,,,,,,,,,,,,,,,,,,Liabilities,,n.a.
,,,,,,,,,,,,,,,,,,Earn-out,,n.a.
,,,,,,,,,,,,,,,,,,Third party shares,,n.a.
2960.,1941722014,HUBBELL INC.,US,PCX HOLDINGS LLC,US,Acquisition 100%,Completed,"128,000.00",08.07.2022,100.00000,0.00000,100.00000,335999,335313,HUBB,,08.07.2022,Cash,Unlisted,"128,000"
2961.,1941651024,CARS.COM INC.,US,ACCU-TRADE LLC,US,Acquisition 100%,Completed,"128,000.00",01.03.2022,100.00000,0.00000,100.00000,541990,518210,CARS,,08.02.2022,Shares,Unlisted,n.a.
,,,,GALVES MARKET DATA LLC,US,,,,,100.00000,0.00000,100.00000,518210,,,,,Earn-out,Unlisted,"63,000"
,,,,HEADSTART LOGISTICS LLC,US,,,,,100.00000,0.00000,100.00000,518210,,,,,Cash,Unlisted,n.a.
2962.,2007682224,PANTHEON VENTURES LTD,GB,PENNANT PARK SENIOR LOAN FUND LLC,US,Acquisition increased from 100% to 100%,Completed,"127,500.00",04.09.2024,Unknown %,100.00000,100.00000,525990,523910,,,04.09.2024,Cash,Unlisted,"127,500"
,,PENNANTPARK INVESTMENT CORPORATION,US,,,,,,,,,,,523910,PNNT,,,,,
2963.,2007491690,MASTRONARDI BEREA LLC,US,"APPHARVEST BEREA FARM LLC'S CONTROLLED ENVIRONMENT AGRICULTURE FACILITY IN BEREA, KENTUCKY",US,Acquisition 100%,Completed,"127,000.00",27.12.2022,100.00000,0.00000,100.00000,541715,525990,,,23.12.2022,,Unlisted,n.a.
2964.,2007013190,ESAB CORPORATION,US,OHIO MEDICAL CORPORATION,US,Acquisition 100%,Completed,"127,000.00",17.10.2022,100.00000,0.00000,100.00000,339112,333992,ESAB,,17.10.2022,Cash,Unlisted,"127,000"
2965.,2007755118,MID PENN BANCORP INC.,US,WILLIAM PENN BANCORPORATION,US,Acquisition 100%,Completed,"127,000.00",01.05.2025,100.00000,0.00000,100.00000,522110,522110,MPB,,01.11.2024,Shares,Unlisted,"127,000"
2966.,2007280794,PEOPLES FINANCIAL SERVICES CORPORATION,US,FNCB BANCORP INC.,US,Acquisition 100%,Completed,"126,416.00",01.07.2024,100.00000,0.00000,100.00000,522110,522110,PFIS,FNCB,22.03.2024,Shares,Delisted,"126,416"
2967.,1941618583,KALA PHARMACEUTICALS INC.,US,COMBANGIO INC.,US,Acquisition 100%,Completed,"126,123.00",15.11.2021,100.00000,0.00000,100.00000,541713,325412,KALA,,15.11.2021,Earn-out,Unlisted,"105,000"
,,,,,,,,,,,,,,,,,,Cash,,n.a.
,,,,,,,,,,,,,,,,,,Shares,,n.a.
,,,,,,,,,,,,,,,,,,Deferred payment,,n.a.
2968.,2008584904,REDDY ICE LLC,US,ARCTIC GLACIER LLC,US,Acquisition 100%,Completed,"126,000.00",18.02.2026,100.00000,0.00000,100.00000,312113,312113,,,30.01.2026,,Unlisted,n.a.
2969.,1941206844,KEECO LLC,US,SPRINGS GLOBAL PARTICIPACOES SA'S NORTH AMERICAN OPERATIONS,US,Acquisition 100%,Completed,"126,000.00",15.03.2019,100.00000,0.00000,100.00000,314999,314120,,,28.12.2018,Shares,Unlisted,"36,000"
,,,,,,,,,,,,,,,,,,Cash,,"90,000"
2970.,2007880105,CLEARWATER ANALYTICS HOLDINGS INC.,US,BLACKSTONE INC.'S BISTRO ASSETS,US,Acquisition 100%,Completed,"125,000.00",31.03.2025,100.00000,0.00000,100.00000,523920,518210,CWAN,,12.03.2025,Cash,Unlisted,"10,000"
,,,,,,,,,,,,,,,,,,Shares,,"115,000"
,,,,,,,,,,,,,,,,,,Cash Reserves,,n.a.
2971.,2007777959,CTS CORPORATION,US,SYQWEST INC.,US,Acquisition 100%,Completed,"125,000.00",29.07.2024,100.00000,0.00000,100.00000,334511,334419,CTS,,29.07.2024,Cash,Unlisted,n.a.
,,,,,,,,,,,,,,,,,,Liabilities,,n.a.
,,,,,,,,,,,,,,,,,,Earn-out,,n.a.
2972.,2007753980,CECO ENVIRONMENTAL CORPORATION,US,PROFIRE ENERGY INC.,US,Acquisition 100%,Completed,"125,000.00",03.01.2025,100.00000,0.00000,100.00000,333132,333415,CECO,PFIE,01.11.2024,Liabilities,Delisted,n.a.
,,,,,,,,,,,,,,,,,,Cash,,"125,000"
2973.,2007237195,MACOM TECHNOLOGY SOLUTIONS HOLDINGS INC.,US,WOLFSPEED INC.'S RADIO FREQUENCY BUSINESS,US,Acquisition 100%,Completed,"125,000.00",04.12.2023,100.00000,0.00000,100.00000,541715,334413,MTSI,,22.08.2023,Shares,Unlisted,"50,000"
,,,,,,,,,,,,,,,,,,Cash,,"75,000"
2974.,2007188046,TECH MAHINDRA (AMERICAS) INC.,US,GREEN INVESTMENTS LLC,US,Acquisition 100%,Completed,"125,000.00",31.12.2021,100.00000,0.00000,100.00000,221114,541511,,,31.12.2021,Cash,Unlisted,n.a.
,,,,ALLYIS INDIA PVT LTD,IN,,,,,100.00000,0.00000,100.00000,541611,,,,,Earn-out,Unlisted,n.a.
2975.,2007103714,CAM INDUSTRIAL SOLUTIONS LLC,US,WORLEY LTD'S MAINTENANCE AND TURNAROUND BUSINESS IN NORTH AMERICA,US,Acquisition 100%,Completed,"125,000.00",26.05.2023,100.00000,0.00000,100.00000,541330,561210,,,21.02.2023,Cash,Unlisted,"125,000"
2976.,2007042711,DEEP MEDICINE ACQUISITION CORPORATION,US,TRUGOLF INC.,US,Acquisition 100%,Completed,"125,000.00",31.01.2024,100.00000,0.00000,100.00000,713990,525990,TRUG,TRUG,31.03.2023,Shares,Listed,"80,000"
,,,,,,,,,,,,,,,,,,Earn-out,,"45,000"
,,,,,,,,,,,,,,,,,,Liabilities,,n.a.
2977.,2007003889,VECTRUS SYSTEMS CORPORATION,US,ZENETEX LLC,US,Acquisition 100%,Completed,"125,000.00",31.12.2020,100.00000,0.00000,100.00000,541519,561210,VVX,,28.12.2020,Cash,Unlisted,"125,000"
2978.,1941727877,ONEWATER MARINE INC.,US,OCEAN BIO-CHEM INC.,US,Acquisition 100%,Completed,"125,000.00",09.08.2022,100.00000,0.00000,100.00000,325611,441222,ONEW,OBCI,22.06.2022,Cash,Delisted,"125,000"
2979.,1941657587,TROIKA MEDIA GROUP INC.,US,CONVERGE DIRECT LLC,US,Acquisition 100%,Completed,"125,000.00",22.03.2022,100.00000,0.00000,100.00000,541613,541613,TRKAQ,,24.02.2022,Cash Reserves,Unlisted,n.a.
,,,,,,,,,,,,,,,,,,Cash,,"100,000"
,,,,,,,,,,,,,,,,,,Shares,,"25,000"
2980.,1941630627,UNITED TALENT AGENCY LLC,US,MEDIALINK LLC,US,Acquisition 100%,Completed,"125,000.00",16.12.2021,100.00000,0.00000,100.00000,541613,711410,,,16.12.2021,Cash,Unlisted,"125,000"
2981.,1941443308,SURGALIGN HOLDINGS INC.,US,HOLO SURGICAL INC.,US,Acquisition 100%,Completed,"125,000.00",23.10.2020,100.00000,0.00000,100.00000,339112,339113,SRGA,,29.09.2020,Earn-out,Unlisted,"83,000"
,,,,,,,,,,,,,,,,,,Cash,,n.a.
,,,,,,,,,,,,,,,,,,Cash Reserves,,n.a.
,,,,,,,,,,,,,,,,,,Shares,,n.a.
2982.,1939075994,IDEX CORPORATION,US,FLOW MANAGEMENT DEVICES LLC,US,Acquisition 100%,Completed,"125,000.00",28.02.2020,100.00000,0.00000,100.00000,213112,334516,IEX,,29.01.2020,Cash,Unlisted,"125,000"
2983.,2008150614,JOBY AERO INC.,US,BLADE AIR MOBILITY INC.'S URBAN AIR MOBILITY PASSENGER BUSINESS,US,Acquisition 100%,Completed,"125,000.00",29.08.2025,100.00000,0.00000,100.00000,481111,336411,,,04.08.2025,Cash,Unlisted,n.a.
,,,,,,,,,,,,,,,,,,Earn-out,,"35,000"
,,,,,,,,,,,,,,,,,,Shares,,n.a.
2984.,2007222830,BALLY'S CORPORATION,US,BET WORKS CORPORATION,US,Acquisition 100%,Completed,"125,000.00",01.06.2021,100.00000,0.00000,100.00000,713210,721120,BALY,,18.11.2020,Cash,Unlisted,"62,500"
,,,,,,,,,,,,,,,,,,Shares,,"62,500"
2985.,1941540964,HYDROFARM HOLDINGS GROUP INC.,US,HOUSE & GARDEN INC.,US,Acquisition 100%,Completed,"125,000.00",01.06.2021,100.00000,0.00000,100.00000,325312,333111,HYFM,,24.05.2021,Cash Reserves,Unlisted,n.a.
,,,,,,,,,,,,,,,,,,Cash,,"125,000"
2986.,2007233014,STEADFAST APARTMENT REIT INC.,US,STEADFAST REIT INVESTMENTS LLC'S ASSETS,US,Acquisition 100%,Completed,"124,999.00",01.09.2020,100.00000,0.00000,100.00000,525920,525920,STFR,,01.09.2020,Cash,Unlisted,"31,249"
,,,,,,,,,,,,,,,,,,Shares,,"93,750"
2987.,1941282925,CHANTICLEER HOLDINGS INC.,US,SONNET BIOTHERAPEUTICS INC.,US,Acquisition 100%,Completed,"124,930.00",01.04.2020,100.00000,Unknown %,100.00000,325411,722511,SONN,,10.10.2019,Shares,Unlisted,"124,930"
2988.,1941423453,BLUE RIDGE BANKSHARES INC.,US,BAY BANKS OF VIRGINIA INC.,US,Acquisition 100%,Completed,"124,800.00",31.01.2021,100.00000,0.00000,100.00000,522110,522110,BRBS,BAYK,13.08.2020,Shares,Delisted,"124,800"
2989.,1941557903,MID PENN BANCORP INC.,US,RIVERVIEW FINANCIAL CORPORATION,US,Acquisition 100%,Completed,"124,700.00",30.11.2021,100.00000,0.00000,100.00000,522110,522110,MPB,RIVE,30.06.2021,Shares,Delisted,"124,700"
2990.,2007148346,VSE CORPORATION,US,DESSER HOLDING COMPANY LLC,US,Acquisition 100%,Completed,"124,000.00",03.07.2023,100.00000,0.00000,100.00000,336411,423860,VSEC,,04.05.2023,Cash,Unlisted,"124,000"
2991.,1941553717,FARMERS NATIONAL BANC CORPORATION,US,CORTLAND BANCORP INC.,US,Acquisition 100%,Completed,"124,000.00",01.11.2021,100.00000,0.00000,100.00000,522110,522110,FMNB,CLDB,23.06.2021,Shares,Delisted,n.a.
,,,,,,,,,,,,,,,,,,Cash,,n.a.
2992.,1941526809,HEMISPHERE MEDIA GROUP INC.,US,PANTAYA LLC,US,Acquisition increased from 25% to 100%,Completed,"124,000.00",01.04.2021,75.00000,25.00000,100.00000,518210,515120,HMTV,,01.04.2021,Cash,Unlisted,"124,000"
2993.,2007341249,TELIX PHARMACEUTICALS (US) INC.,US,QSAM BIOSCIENCES INC.,US,Acquisition 100%,Completed,"123,100.00",03.05.2024,100.00000,0.00000,100.00000,541713,541713,,QSAM,08.02.2024,Earn-out,Delisted,"90,000"
,,,,,,,,,,,,,,,,,,Third party shares,,n.a.
,,,,,,,,,,,,,,,,,,Cash,,n.a.
2994.,2008556986,THIRD COAST BANCSHARES INC.,US,KEYSTONE BANCSHARES INC.,US,Acquisition 100%,Completed,"123,000.00",02.02.2026,100.00000,0.00000,100.00000,522110,522110,TCBX,,22.10.2025,Cash,Unlisted,"20,000"
,,,,,,,,,,,,,,,,,,Shares,,"103,000"
2995.,2008492731,EQUITY BANCSHARES INC.,US,FRONTIER HOLDINGS LLC,US,Acquisition 100%,Completed,"122,477.00",02.01.2026,100.00000,0.00000,100.00000,522110,522110,EQBK,,02.09.2025,Shares,Unlisted,"89,977"
,,,,,,,,,,,,,,,,,,Cash,,"32,500"
2996.,2007571090,AMERICAN ANTHRACITE SPV I LLC,US,ATLANTIC CARBON GROUP INC.,US,Acquisition 100%,Completed,"122,400.00",01.07.2024,100.00000,0.00000,100.00000,213114,213113,,,05.06.2024,,Unlisted,n.a.
2997.,2008485340,EQV ALPHA LLC,US,AMPLIFY ENERGY CORPORATION'S REMAINING HAYNESVILLE AND COTTON VALLEY ASSETS,US,Acquisition 100%,Completed,"122,000.00",22.12.2025,100.00000,0.00000,100.00000,211120,211120,,,29.10.2025,,Unlisted,n.a.
2998.,1941307982,CAMBRIDGE BANCORP,US,WELLESLEY BANCORP INC.,US,Acquisition 100%,Completed,"122,000.00",01.06.2020,100.00000,0.00000,100.00000,551111,522110,CATC,WEBK,05.12.2019,Shares,Delisted,"122,000"
2999.,2007441491,XRA 1 CORPORATION,US,KINNATE BIOPHARMA INC.,US,Acquisition 100%,Completed,"121,923.00",03.04.2025,100.00000,0.00000,100.00000,541713,525990,,KNTE,16.02.2024,Earn-out,Delisted,n.a.
,,,,,,,,,,,,,,,,,,Cash,,"121,923"
3000.,2007652358,PINNACLE US HOLDINGS LLC,US,BLINK FITNESS' CORPORATE OPERATIONS ASSETS,US,Acquisition 100%,Completed,"121,000.00",02.12.2024,100.00000,0.00000,100.00000,713940,551114,,,10.09.2024,Cash,Unlisted,"121,000"
,,,,,,,,,,,,,,,,,,Liabilities,,n.a.
3001.,1941232712,MISONIX INC.,US,SOLSYS MEDICAL LLC,US,Acquisition 100%,Completed,"121,000.00",27.09.2019,100.00000,0.00000,100.00000,325412,339113,MSON,,02.05.2019,Liabilities,Unlisted,"24,000"
,,,,,,,,,,,,,,,,,,Shares,,"97,000"
3002.,2007957510,TRICAL SOIL SOLUTIONS INC.,US,TELEOS AG SOLUTIONS INC.,US,Acquisition 100%,Completed,"121,000.00",01.05.2025,100.00000,0.00000,100.00000,325320,561710,,,01.05.2025,,Unlisted,n.a.
3003.,1941380201,REMARO GROUP CORPORATION,US,BOOMER NATURALS HOLDINGS INC.,US,Acquisition 100%,Completed,"120,981.00",07.01.2020,100.00000,0.00000,100.00000,325620,525990,BOMH,,07.01.2020,Shares,Unlisted,"120,981"
3004.,1941727333,SHIFT TECHNOLOGIES INC.,US,CARLOTZ INC.,US,Acquisition 100%,Completed,"120,958.00",09.12.2022,100.00000,0.00000,100.00000,441120,518210,SFT,,09.08.2022,Shares,Unlisted,"120,958"
3005.,2007091949,HBT FINANCIAL INC.,US,TOWN AND COUNTRY FINANCIAL CORPORATION,US,Acquisition 100%,Completed,"120,482.00",01.02.2023,100.00000,0.00000,100.00000,522110,522110,HBT,,23.08.2022,Shares,Unlisted,n.a.
,,,,,,,,,,,,,,,,,,Cash,,"38,000"
3006.,1941584352,CORBETT TECHNOLOGY SOLUTIONS INC.,US,AFA PROTECTIVE SYSTEMS INC.,US,Acquisition 100%,Completed,"120,275.00",29.10.2021,100.00000,0.00000,100.00000,561621,334310,,AFAP,03.09.2021,,Delisted,n.a.
3007.,2007451881,PTF HOLDINGS LLC,US,PROGRESSIVE PRODUCE LLC,US,Acquisition 65%,Completed,"120,250.00",14.03.2024,65.00000,0.00000,65.00000,111219,551114,,,27.02.2024,Cash,Unlisted,"120,250"
3008.,2007857379,CALERES INC.,US,STUART WEITZMAN HOLDINGS LLC,US,Acquisition 100%,Completed,"120,200.00",04.08.2025,100.00000,0.00000,100.00000,448210,448210,CAL,,19.02.2025,Cash,Unlisted,"11,500"
,,,,,,,,,,,,,,,,,,Liabilities,,n.a.
3009.,2008377202,LIFE360 INC.,US,NATIVO INC.,US,Acquisition 100%,Completed,"120,000.00",05.01.2026,100.00000,0.00000,100.00000,518210,511210,360,,10.11.2025,Shares,Unlisted,n.a.
,,,,,,,,,,,,,,,,,,Cash,,n.a.
3010.,2007857988,GIBRALTAR INDUSTRIES INC.,US,LANE SUPPLY INC.,US,Acquisition 100%,Completed,"120,000.00",11.02.2025,100.00000,0.00000,100.00000,332322,339999,ROCK,,11.02.2025,Cash,Unlisted,"120,000"
3011.,2007835179,PINE RUN GATHERING LLC,US,SUPERIOR MIDSTREAM APPALACHIAN LLC,US,Acquisition 100%,Completed,"120,000.00",27.01.2025,100.00000,0.00000,100.00000,486210,486210,,,27.01.2025,,Unlisted,n.a.
3012.,2007704228,TOWNEBANK,US,VILLAGE BANK AND TRUST FINANCIAL CORPORATION,US,Acquisition 100%,Completed,"120,000.00",01.04.2025,100.00000,0.00000,100.00000,522110,522110,TOWN,VBFC,24.09.2024,Cash,Delisted,"120,000"
3013.,2007544003,AMERICAN SODA LLC,US,SOLVAY SODA ASH JOINT VENTURE,US,Acquisition 20%,Completed,"120,000.00",04.05.2022,20.00000,80.00000,100.00000,212391,325180,,,04.05.2022,Cash,Unlisted,"120,000"
,,,,SOLVAY SODA ASH EXTENSION JOINT VENTURE,US,,,,,20.00000,80.00000,100.00000,212391,,,,,,Unlisted,
3014.,2007471348,MR ARTHUR LEVINE,US,SAN DIEGO WAVE FUTBOL CLUB,US,Acquisition increased from 35% to 100%,Completed,"120,000.00",17.10.2024,65.00000,35.00000,100.00000,711211,525920,,,15.03.2024,Cash,Unlisted,"113,000"
,,MS LAUREN LEICHTMAN,US,,,,,,,,,,,525920,,,,,,
3015.,2007454855,VSE CORPORATION,US,TURBINE CONTROLS INC.,US,Acquisition 100%,Completed,"120,000.00",24.04.2024,100.00000,0.00000,100.00000,488190,423860,VSEC,,29.02.2024,Shares,Unlisted,"10,000"
,,,,,,,,,,,,,,,,,,Cash,,"110,000"
3016.,2007317267,ULTRA CLEAN HOLDINGS INC.,US,HIS INNOVATIONS GROUP,US,Acquisition 100%,Completed,"120,000.00",25.10.2023,100.00000,0.00000,100.00000,333242,333242,UCTT,,25.10.2023,Cash,Unlisted,n.a.
,,,,,,,,,,,,,,,,,,Earn-out,,"70,000"
3017.,2007237661,AEROVIRONMENT INC.,US,TOMAHAWK ROBOTICS INC.,US,Acquisition 100%,Completed,"120,000.00",18.09.2023,100.00000,0.00000,100.00000,541511,336411,AVAV,,22.08.2023,Cash,Unlisted,n.a.
,,,,,,,,,,,,,,,,,,Shares,,n.a.
3018.,2007003343,AMERICAN FINANCIAL GROUP INC.,US,VERIKAI INC.,US,Acquisition 100%,Completed,"120,000.00",18.01.2022,100.00000,0.00000,100.00000,518210,524126,AFG,,18.01.2022,Cash,Unlisted,"120,000"
3019.,1941377447,ROTO-ROOTER SERVICES COMPANY,US,HSW RR INC.'S FRANCHISE OPERATIONS AND ASSETS,US,Acquisition 100%,Completed,"120,000.00",16.09.2019,100.00000,0.00000,100.00000,238220,238220,,,05.08.2019,Cash,Unlisted,"120,000"
,,,,,,,,,,,,,,,,,,Cash Reserves,,n.a.
3020.,1941173045,POLYONE CORPORATION,US,FIBER LINE INC.,US,Acquisition 100%,Completed,"120,000.00",02.01.2019,100.00000,0.00000,100.00000,237130,325211,AVNT,,02.01.2019,,Unlisted,n.a.
3021.,2007986161,MERIT MEDICAL SYSTEMS INC.,US,BIOLIFE DELAWARE LLC,US,Acquisition 100%,Completed,"120,000.00",16.05.2025,100.00000,0.00000,100.00000,339112,339112,MMSI,,16.05.2025,Cash Reserves,Unlisted,n.a.
,,,,,,,,,,,,,,,,,,Cash,,n.a.
,,,,,,,,,,,,,,,,,,Liabilities,,n.a.
3022.,2007097261,BALLY'S CORPORATION,US,JUMER'S CASINO & HOTEL,US,Acquisition 100%,Completed,"120,000.00",14.06.2021,100.00000,0.00000,100.00000,713210,721120,BALY,,01.10.2020,Cash,Unlisted,"120,000"
3023.,1941707490,NERDWALLET INC.,US,ON THE BARRELHEAD INC.,US,Acquisition 100%,Completed,"120,000.00",11.07.2022,100.00000,0.00000,100.00000,518210,518210,,,23.06.2022,Cash,Unlisted,"70,000"
,,,,,,,,,,,,,,,,,,Shares,,"50,000"
3024.,1941620344,IDEX CORPORATION,US,NEXSIGHT LLC,US,Acquisition 100%,Completed,"120,000.00",01.03.2022,100.00000,0.00000,100.00000,511210,334516,IEX,,23.11.2021,,Unlisted,n.a.
3025.,1941518946,PEOPLES BANK NA,US,NORTH STAR LEASING COMPANY LLC'S EQUIPMENT FINANCIAL BUSINESS,US,Acquisition 100%,Completed,"119,600.00",01.04.2021,100.00000,0.00000,100.00000,522220,522110,,,29.03.2021,Liabilities,Unlisted,"69,000"
,,,,NORTH STAR LEASING COMPANY LLC'S CERTAIN ASSETS,US,,,,,100.00000,0.00000,100.00000,522220,,,,,Earn-out,Unlisted,"3,100"
3026.,2007550797,CBC BANCORP,US,BAY COMMUNITY BANCORP,US,Acquisition 100%,Completed,"119,057.00",01.11.2024,100.00000,0.00000,100.00000,551111,551111,NCAL,,20.05.2024,Cash,Unlisted,"119,057"
3027.,2008315247,YADAV ENTERPRISES INC.,US,DEL TACO HOLDINGS INC.,US,Acquisition 100%,Completed,"119,000.00",22.12.2025,100.00000,0.00000,100.00000,722511,722511,,,16.10.2025,Bonds,Unlisted,"10,000"
,,,,,,,,,,,,,,,,,,Cash,,"109,000"
3028.,2007592146,NEXTRACKER INC.,US,OJJO INC.,US,Acquisition 100%,Completed,"119,000.00",20.06.2024,100.00000,0.00000,100.00000,333249,334513,NXT,,20.06.2024,Cash,Unlisted,"119,000"
3029.,1941646552,BANK FIRST CORPORATION,US,DENMARK BANCSHARES INC.,US,Acquisition 100%,Completed,"119,000.00",15.08.2022,100.00000,0.00000,100.00000,522110,522110,BFC,DMKBA,19.01.2022,Cash,Delisted,"23,800"
,,,,,,,,,,,,,,,,,,Shares,,"95,200"
3030.,2007594911,ABM INDUSTRIES INC.,US,QUALITY UPTIME SERVICES LLC,US,Acquisition 100%,Completed,"119,000.00",24.06.2024,100.00000,0.00000,100.00000,811310,561210,ABM,,24.06.2024,Cash,Unlisted,"119,000"
3031.,2007693994,VIPER ENERGY PARTNERS LLC,US,TUMBLEWEED-Q ROYALTIES LLC,US,Acquisition 100%,Completed,"118,800.00",03.09.2024,100.00000,0.00000,100.00000,212399,211120,,,03.09.2024,Earn-out,Unlisted,"5,400"
,,,,,,,,,,,,,,,,,,Cash Reserves,,n.a.
,,,,,,,,,,,,,,,,,,Cash,,"118,800"
3032.,1941195997,ONE WORLD PRODUCTS INC.,US,OWP VENTURES INC.,US,Acquisition 96.758%,Completed,"118,426.00",21.02.2019,96.75800,Unknown %,Unknown %,325411,325411,OWPC,,21.02.2019,Shares,Unlisted,"118,426"
3033.,2008089393,AD HOC GROUP,US,SUNNOVA ENERGY INTERNATIONAL INC.'S SOLAR AND ENERGY STORAGE ASSETS,US,Acquisition 100%,Completed,"118,000.00",04.09.2025,100.00000,0.00000,100.00000,221111,523910,,,09.07.2025,Liabilities,Unlisted,"90,000"
,,GOODFINCH MANAGEMENT LLC,US,,,,,,,,,,,523910,,,,Cash,,"25,000"
,,SOLARIS ASSETS LLC,US,,,,,,,,,,,523920,,,,,,
3034.,2007917270,WHITEHAWK ENERGY LLC,US,MARCELLUS SHALE NATURAL GAS MINERAL AND ROYALTY ASSETS,US,Acquisition 100%,Completed,"118,000.00",31.03.2025,100.00000,0.00000,100.00000,211120,211120,,,31.03.2025,,Unlisted,n.a.
3035.,2007426613,ALTUS POWER LLC,US,VITOL SOLAR I LLC'S 84 MWS OF COMMERCIAL-SCALE SOLAR PORTFOLIO,US,Acquisition 100%,Completed,"118,000.00",31.01.2024,100.00000,0.00000,100.00000,221114,221114,,,31.01.2024,Cash,Unlisted,"118,000"
,,,,,,,,,,,,,,,,,,Cash Reserves,,n.a.
3036.,2007161118,VAIL RESORTS INC.,US,SEVEN SPRINGS MOUNTAIN RESORT INC.'S RESORTS IN PENNSYLVANIA,US,Acquisition 100%,Completed,"118,000.00",31.12.2021,100.00000,0.00000,100.00000,721110,721110,MTN,,08.12.2021,,Unlisted,n.a.
,,,,HIDDEN VALLEY RESORT INC.,US,,,,,100.00000,0.00000,100.00000,721110,,,,,,Unlisted,
3037.,2007008643,FNB CORPORATION,US,UB BANCORPORATION,US,Acquisition 100%,Completed,"117,000.00",09.12.2022,100.00000,0.00000,100.00000,522110,522110,FNB,,01.06.2022,Shares,Unlisted,"117,000"
3038.,1941562479,ANDINA HOLDINGS LLC,US,STRYVE FOODS LLC,US,Acquisition 100%,Completed,"117,000.00",20.07.2021,100.00000,0.00000,100.00000,311919,311919,,,28.01.2021,Shares,Unlisted,"117,000"
3039.,2007532450,APPLE HOSPITALITY REIT INC.,US,234-ROOM MARRIOTT WASHINGTON DC CONVENTION CENTER HOTEL,US,Acquisition 100%,Completed,"116,800.00",07.05.2024,100.00000,0.00000,100.00000,721110,531120,APLE,,07.05.2024,,Unlisted,n.a.
3040.,1941574886,ARBOR BANCORP INC.,US,FNBH BANCORP INC.,US,Acquisition 100%,Completed,"116,636.00",30.11.2021,100.00000,0.00000,100.00000,522110,522110,,FNHM,09.08.2021,Cash,Delisted,"116,636"
3041.,1941664202,VEGA CONSULTING INC.,US,VOLT INFORMATION SCIENCES INC.,US,Acquisition 87.893%,Completed,"116,542.00",21.04.2022,87.89300,0.00000,87.89300,561311,541512,,VISI,14.03.2022,Cash,Delisted,"116,542"
3042.,2007411149,NOBLE INVESTMENT GROUP LLC,US,HOLIDAY INN EXPRESS NASHVILLE DOWNTOWN,US,Acquisition 100%,Completed,"116,000.00",05.12.2023,100.00000,0.00000,100.00000,721110,523920,,,05.12.2023,,Unlisted,n.a.
3043.,2007329570,FILM TRADING IMPORTACAO E REPRESENTACAO LTDA,BR,TERPHANE LTDA,BR,Acquisition 100%,Completed,"116,000.00",01.11.2024,100.00000,0.00000,100.00000,326113,424610,,,01.09.2023,,Unlisted,n.a.
,,PACKFILM US LLC,US,TERPHANE LLC,US,,,,,100.00000,0.00000,100.00000,326113,326112,,,,,Unlisted,
3044.,2007099034,UNITED COMMUNITY BANKS INC.,US,FIRST MIAMI BANCORP INC.,US,Acquisition 100%,Completed,"115,900.00",03.07.2023,100.00000,0.00000,100.00000,522110,522110,UCB,FMIA,13.02.2023,Shares,Delisted,"115,900"
3045.,2007823092,ASCENDAS REIT INDIANA 1 LLC,US,DHL SUPPLY CHAIN INC.'S LOGISTICS CENTER IN INDIANAPOLIS,US,Acquisition 100%,Completed,"115,800.00",15.01.2025,100.00000,0.00000,100.00000,488510,531120,,,17.12.2024,,Unlisted,n.a.
3046.,1941375249,CENTREVILLE BANK,US,PB BANCORP INC.,US,Acquisition 100%,Completed,"115,500.00",01.05.2020,100.00000,0.00000,100.00000,522110,522110,,PBBI,22.10.2019,Cash,Delisted,"115,500"
3047.,1941653731,888 CAPITAL PARTNERS LLC,US,ABC CARPET COMPANY INC.'S ASSETS,US,Acquisition 100%,Completed,"115,300.00",30.10.2021,100.00000,0.00000,100.00000,442110,442110,,,09.09.2021,Cash,Unlisted,300
,,,,,,,,,,,,,,,,,,Liabilities,,"100,000"
3048.,2007497603,CORERX INC.,US,SOCIETAL CDMO INC.,US,Acquisition 100%,Completed,"115,267.00",08.04.2024,100.00000,0.00000,100.00000,541713,541713,,SCTL,28.02.2024,Cash,Delisted,"115,267"
3049.,2008472166,SLR BUSINESS CREDIT,US,WEBSTER FINANCIAL CORPORATION'S FACTORING PORTFOLIO AND OPERATION BUSINESS,US,Acquisition 100%,Completed,"115,000.00",27.09.2024,100.00000,0.00000,100.00000,523920,523910,,,27.09.2024,,Unlisted,n.a.
3050.,2007927086,PROSPECT CAPITAL CORPORATION,US,QC HOLDINGS INC.,US,Acquisition 100%,Completed,"115,000.00",30.06.2025,100.00000,0.00000,100.00000,522298,522298,PSEC,QCCO,11.04.2025,Cash,Delisted,"115,000"
,,,,,,,,,,,,,,,,,,Liabilities,,n.a.
3051.,2007795370,WG TOWANDA LLC,US,"JELD-WEN INC.'S TOWANDA, PENNSYLVANIA BUSINESS",US,Acquisition 100%,Completed,"115,000.00",20.01.2025,100.00000,0.00000,100.00000,321911,321911,,,16.12.2024,,Unlisted,n.a.
,,,,JELD-WEN INC.'S ASSETS,US,,,,,100.00000,0.00000,100.00000,321911,,,,,,Unlisted,
3052.,2007750496,EDISON VENTURES MANAGEMENT LLC,US,FINGERCHECK LLC,US,Acquisition 100%,Completed,"115,000.00",29.10.2024,100.00000,0.00000,100.00000,511210,523910,,,29.10.2024,Cash,Unlisted,"115,000"
,,STEPSTONE GROUP INC.,US,,,,,,,,,,,523910,STEP,,,,,
,,COLUMBUS CAPITAL PARTNERS LLC,US,,,,,,,,,,,523910,,,,,,
3053.,2007487472,NUCOR CORPORATION,US,SOUTHWEST DATA PRODUCTS INC.,US,Acquisition 100%,Completed,"115,000.00",01.04.2024,100.00000,0.00000,100.00000,238290,331110,NUE,,01.04.2024,,Unlisted,n.a.
3054.,2007457344,IRIDIUM COMMUNICATIONS INC.,US,SATELLES INC.,US,Acquisition increased from 20% to 100%,Completed,"115,000.00",02.04.2024,80.00000,20.00000,100.00000,517410,517410,IRDM,,04.03.2024,,Unlisted,n.a.
3055.,1941646878,REPAY HOLDINGS CORPORATION,US,PAYIX INC.,US,Acquisition 100%,Completed,"115,000.00",03.01.2022,100.00000,0.00000,100.00000,518210,518210,RPAY,,03.01.2022,Cash Reserves,Unlisted,n.a.
,,,,,,,,,,,,,,,,,,Earn-out,,"20,000"
,,,,,,,,,,,,,,,,,,Cash,,n.a.
3056.,1941646195,NINJATRADER GROUP LLC,US,TRADOVATE HOLDINGS LLC,US,Acquisition 100%,Completed,"115,000.00",12.01.2022,100.00000,0.00000,100.00000,523120,518210,,,12.01.2022,,Unlisted,n.a.
3057.,1941614658,AGRIFY CORPORATION,US,MASS2MEDIA LLC,US,Acquisition 100%,Completed,"115,000.00",04.10.2021,100.00000,0.00000,100.00000,333111,333111,RYM,,04.10.2021,Shares,Unlisted,n.a.
,,MICHIGAN LLC,US,CASCADE SCIENCES LLC,US,,,,,100.00000,0.00000,100.00000,334516,333111,,,,Liabilities,Unlisted,n.a.
,,,,,,,,,,,,,,,,,,Earn-out,,"65,000"
,,,,,,,,,,,,,,,,,,Cash,,n.a.
3058.,1941563394,NOVANTA CORPORATION,US,SCHNEIDER ELECTRIC MOTION USA INC.,US,Acquisition 100%,Completed,"115,000.00",31.08.2021,100.00000,0.00000,100.00000,335312,335312,,,12.07.2021,Cash Reserves,Unlisted,n.a.
,,,,,,,,,,,,,,,,,,Cash,,"115,000"
3059.,1941526918,OSHKOSH CORPORATION,US,PRATT & MILLER ENGINEERING & FABRICATION LLC,US,Acquisition unknown stake %,Completed,"115,000.00",19.01.2021,Unknown %,Unknown %,Unknown %,541330,336120,OSK,,15.12.2020,,Unlisted,n.a.
3060.,1941392270,CHEGG INC.,US,MATHWAY LLC,US,Acquisition 100%,Completed,"115,000.00",04.06.2020,100.00000,0.00000,100.00000,518210,518210,CHGG,,04.06.2020,Cash,Unlisted,"115,000"
,,,,,,,,,,,,,,,,,,Earn-out,,"15,000"
3061.,1941350648,WH BUYER LLC,US,JA APPAREL CORPORATION,US,Acquisition 100%,Completed,"115,000.00",05.03.2020,100.00000,0.00000,100.00000,315210,523910,,,17.01.2020,,Unlisted,n.a.
3062.,1941336547,AMETEK INC.,US,INTELLIPOWER INC.,US,Acquisition 100%,Completed,"115,000.00",05.02.2020,100.00000,0.00000,100.00000,334419,334510,AME,,05.02.2020,,Unlisted,n.a.
3063.,1941203577,MANTECH INTERNATIONAL CORPORATION,US,KFORCE GOVERNMENT HOLDINGS INC.,US,Acquisition 100%,Completed,"115,000.00",01.04.2019,100.00000,0.00000,100.00000,541611,541511,MANT,,28.01.2019,Cash,Unlisted,"115,000"
,,,,,,,,,,,,,,,,,,Cash Reserves,,n.a.
3064.,2007826145,WOODGRAIN INC.,US,JELD-WEN HOLDING INC.'S TOWANDA BUSINESS,US,Acquisition 100%,Completed,"115,000.00",17.01.2025,100.00000,0.00000,100.00000,321911,321911,,,16.12.2024,,Unlisted,n.a.
,,,,JELD-WEN HOLDING INC.'S TOWANDA ASSETS,US,,,,,100.00000,0.00000,100.00000,321911,,,,,,Unlisted,
3065.,2007788291,ON SEMICONDUCTOR CORPORATION,US,UNITED SILICON CARBIDE INC.,US,Acquisition 100%,Completed,"115,000.00",15.01.2025,100.00000,0.00000,100.00000,334413,334413,ON,,09.12.2024,Cash,Unlisted,"115,000"
,,,,QORVO INC.'S SILICON CARBIDE JUNCTION FIELD-EFFECT TRANSISTOR (SIC JFET) TECHNOLOGY BUSINESS,US,,,,,100.00000,0.00000,100.00000,334220,,,,,,Unlisted,
3066.,2007120771,DUCOMMUN LABARGE TECHNOLOGIES INC.,US,BLR AEROSPACE LLC,US,Acquisition 100%,Completed,"115,000.00",25.04.2023,100.00000,0.00000,100.00000,336413,335999,,,20.03.2023,,Unlisted,n.a.
3067.,1941660328,SYSTEM1 INC.,US,NEXTGEN SHOPPING INC.,US,Acquisition 100%,Completed,"115,000.00",04.03.2022,100.00000,0.00000,100.00000,518210,518210,SST,,04.03.2022,Cash,Unlisted,n.a.
,,,,,,,,,,,,,,,,,,Shares,,n.a.
,,,,,,,,,,,,,,,,,,Earn-out,,n.a.
3068.,1941491709,WORTHINGTON INDUSTRIES INC.,US,GENERAL TOOLS & INSTRUMENTS LLC,US,Acquisition 100%,Completed,"115,000.00",29.01.2021,100.00000,0.00000,100.00000,332216,332312,WOR,,29.01.2021,Cash Reserves,Unlisted,n.a.
,,,,,,,,,,,,,,,,,,Cash,,"115,000"
3069.,1941650789,FWAV ACQUISITION CORPORATION,US,EDGEMODE INC.,US,Acquisition 100%,Completed,"114,504.00",08.02.2022,100.00000,0.00000,100.00000,518210,334118,,EDGM,06.12.2021,Shares,Listed,"114,504"
3070.,1941721286,ABRI SPAC I INC.,US,DLQ INC.,US,Acquisition 100%,Completed,"114,000.00",11.02.2023,100.00000,0.00000,100.00000,518210,525990,,,09.09.2022,Shares,Unlisted,"114,000"
3071.,2007117436,JP MORGAN,US,WEST MIDTOWN IN ATLANTA,US,Acquisition 100%,Completed,"114,000.00",11.10.2021,100.00000,0.00000,100.00000,531120,523110,JPM,,11.10.2021,,Unlisted,n.a.
,,CRESTLIGHT CAPITAL,US,,,,,,,,,,,523910,,,,,,
3072.,2007035183,FIRST COMMUNITY BANCSHARES INC.,US,SURREY BANCORP,US,Acquisition 100%,Completed,"113,200.00",24.04.2023,100.00000,0.00000,100.00000,551111,522110,FCBC,SRYB,18.11.2022,Shares,Delisted,"113,200"
3073.,2008262813,PRIVIA HEALTH GROUP INC.,US,EVOLENT HEALTH INC.'S ACCOUNTABLE CARE ORGANIZATION BUSINESS,US,Acquisition 100%,Completed,"113,000.00",31.12.2025,100.00000,0.00000,100.00000,518210,518210,PRVA,,23.09.2025,Earn-out,Unlisted,"13,000"
,,,,,,,,,,,,,,,,,,Cash Reserves,,n.a.
,,,,,,,,,,,,,,,,,,Cash,,"113,000"
3074.,2007831886,CARS.COM INC.,US,DEALER CLUB INC.,US,Acquisition 100%,Completed,"113,000.00",23.01.2025,100.00000,0.00000,100.00000,518210,518210,CARS,,23.01.2025,Earn-out,Unlisted,"88,000"
,,,,,,,,,,,,,,,,,,Cash,,n.a.
3075.,1941579241,CONSTRUCTION PARTNERS INC.,US,"GOOD HOPE CONTRACTING CO., INC.",US,Acquisition 100%,Completed,"113,000.00",02.08.2021,100.00000,0.00000,100.00000,237310,237990,ROAD,,02.08.2021,,Unlisted,n.a.
,,,,DAURITY SPRINGS QUARRY,US,,,,,100.00000,0.00000,100.00000,212313,,,,,,Unlisted,
3076.,1941262252,CONNECTONE BANCORP INC.,US,BANCORP OF NEW JERSEY INC.,US,Acquisition 100%,Completed,"113,000.00",02.01.2020,100.00000,0.00000,100.00000,522110,522110,CNOB,BKJ,16.08.2019,Cash,Delisted,"90,400"
,,,,,,,,,,,,,,,,,,Shares,,"22,600"
3077.,2008059861,WORLDWIDE SPORTS GROUP HOLDINGS LLC,US,BIG 5 SPORTING GOODS CORPORATION,US,Acquisition 100%,Completed,"112,700.00",02.10.2025,100.00000,0.00000,100.00000,451110,551112,,BGFV,30.06.2025,Cash,Delisted,"112,700"
,,,,,,,,,,,,,,,,,,Liabilities,,"71,400"
3078.,2007137932,KPIT TECHNOLOGIES GMBH,DE,TECHNICA ENGINEERING GMBH,DE,Acquisition 100%,Completed,"112,666.21",22.11.2022,100.00000,0.00000,100.00000,541511,541519,,,21.09.2022,Earn-out,Unlisted,"30,727"
,,KPIT TECHNOLOGIES INC.,US,TECHNICA ELECTRONICS BARCELONA SL,ES,,,,,100.00000,0.00000,100.00000,541511,541519,,,,Deferred payment,Unlisted,n.a.
,,,,TECHNICA ENGINEERING SPAIN SL,ES,,,,,100.00000,0.00000,100.00000,541715,,,,,Cash,Unlisted,"112,666"
,,,,TECHNICA ENGINEERING INC.,US,,,,,100.00000,0.00000,100.00000,541511,,,,,,Unlisted,
3079.,1941496021,A-MARK PRECIOUS METALS INC.,US,JM BULLION INC.,US,Acquisition increased from 20.5% to 100%,Completed,"112,600.00",19.03.2021,79.50000,20.50000,100.00000,453998,423940,GOLD,,09.02.2021,Cash,Unlisted,"82,300"
,,,,,,,,,,,,,,,,,,Shares,,"30,300"
,,,,,,,,,,,,,,,,,,Cash Reserves,,n.a.
3080.,1941406071,LUX AMBER CORPORATION,US,WORLDWIDE SPECIALTY CHEMICALS INC.,US,Acquisition 100%,Completed,"112,213.00",26.03.2020,100.00000,0.00000,100.00000,325320,325320,,,23.03.2020,Shares,Unlisted,"112,213"
3081.,2008120309,ADVENTURE ONE QSS INC.,US,QC CLEARING LLC,US,Acquisition 100%,Completed,"112,000.00",21.07.2025,100.00000,0.00000,100.00000,523120,518210,,,21.07.2025,,Unlisted,n.a.
,,,,QCX LLC,US,,,,,100.00000,0.00000,100.00000,523130,,,,,,Unlisted,
3082.,2008003164,MODINE MANUFACTURING COMPANY,US,LB WHITE COMPANY INC.,US,Acquisition 100%,Completed,"112,000.00",31.05.2025,100.00000,0.00000,100.00000,333415,333415,MOD,,30.05.2025,Liabilities,Unlisted,n.a.
3083.,2007111990,UNDISCLOSED ACQUIROR,US,NGL ENERGY PARTNERS LP'S MARINE ASSETS,US,Acquisition 100%,Completed,"111,650.00",30.03.2023,100.00000,0.00000,100.00000,454310,551114,,,06.03.2023,Cash,Unlisted,"111,650"
3084.,1941716766,MASTEK INC.,US,METASOFTECH SOLUTIONS LLC,US,Acquisition 100%,Completed,"111,600.00",04.08.2022,100.00000,0.00000,100.00000,541512,518210,,,18.07.2022,Earn-out,Unlisted,"35,000"
,,,,,,,,,,,,,,,,,,Cash,,"111,600"
3085.,1941289003,FLUSHING FINANCIAL CORPORATION,US,EMPIRE BANCORP INC.,US,Acquisition 100%,Completed,"111,600.00",30.10.2020,100.00000,0.00000,100.00000,522110,522110,FFIC,,25.10.2019,Cash,Unlisted,"55,800"
,,,,,,,,,,,,,,,,,,Shares,,"55,800"
3086.,1941694395,PORCH GROUP INC.,US,HOMEOWNERS OF AMERICA HOLDING CORPORATION,US,Acquisition 100%,Completed,"111,250.00",05.04.2021,100.00000,0.00000,100.00000,524126,518210,PRCH,HMWN,14.01.2021,Earn-out,Delisted,"11,250"
,,,,,,,,,,,,,,,,,,Shares,,n.a.
,,,,,,,,,,,,,,,,,,Cash,,n.a.
,,,,,,,,,,,,,,,,,,Deferred payment,,n.a.
3087.,2007866981,SEACOAST BANKING CORPORATION OF FLORIDA,US,HEARTLAND BANCSHARES INC.,US,Acquisition 100%,Completed,"111,200.00",11.07.2025,100.00000,0.00000,100.00000,551111,522110,SBCF,HRTB,27.02.2025,Shares,Delisted,n.a.
,,,,,,,,,,,,,,,,,,Cash,,n.a.
3088.,2007454006,QUEST DIAGNOSTICS INC.,US,LENCO DIAGNOSTIC LABORATORIES INC.'S ASSETS,US,Acquisition 100%,Completed,"111,000.00",29.02.2024,100.00000,0.00000,100.00000,621511,621511,DGX,,29.02.2024,Cash,Unlisted,"111,000"
3089.,2007319588,FAIRBANKS MORSE LLC,US,CHART INDUSTRIES INC.'S FAN BUSINESS IN USA,US,Acquisition 100%,Completed,"111,000.00",26.10.2023,100.00000,0.00000,100.00000,333249,336310,,,26.10.2023,Cash,Unlisted,"111,000"
3090.,1941711402,AMERICAN ACQUISITION OPPORTUNITY INC.,US,ROYALTY MANAGEMENT CORPORATION,US,Acquisition 100%,Completed,"111,000.00",31.10.2023,100.00000,0.00000,100.00000,523910,525990,RMCO,,05.07.2022,Shares,Unlisted,"111,000"
3091.,1941687946,CONCENTRIX CORPORATION,US,SERVICESOURCE INTERNATIONAL INC.,US,Acquisition 100%,Completed,"111,000.00",20.07.2022,100.00000,0.00000,100.00000,511210,518210,CNXC,SREV,09.05.2022,Cash,Delisted,"111,000"
,,,,,,,,,,,,,,,,,,Cash Reserves,,n.a.
,,,,,,,,,,,,,,,,,,Cash assumed,,"20,000"
3092.,1941439914,RHEINBUND LLC,US,BLUE MOUNTAIN MIDSTREAM LLC,US,Acquisition 100%,Completed,"111,000.00",08.10.2020,100.00000,0.00000,100.00000,211120,211120,,,24.08.2020,Cash,Unlisted,"111,000"
3093.,2008612043,MEDICAL UNIVERSITY HOSPITAL AUTHORITY,US,PALMETTO PRIMARY CARE PHYSICIANS LLC,US,Acquisition 100%,Completed,"111,000.00",03.03.2026,100.00000,0.00000,100.00000,621111,621111,,,03.03.2026,,Unlisted,n.a.
3094.,2007188464,DIGITALOCEAN HOLDINGS INC.,US,PAPERSPACE COMPANY,US,Acquisition 100%,Completed,"111,000.00",06.07.2023,100.00000,0.00000,100.00000,511210,518210,DOCN,,06.07.2023,Cash,Unlisted,"111,000"
3095.,2007289414,VERANO HOLDINGS LLC,US,"HEALING CENTER LLC, THE",US,Acquisition 100%,Completed,"110,300.00",14.05.2021,100.00000,0.00000,100.00000,325411,111998,,,31.03.2021,Shares,Unlisted,"55,150"
,,,,,,,,,,,,,,,,,,Cash,,"55,150"
,,,,,,,,,,,,,,,,,,Deferred payment,,n.a.
3096.,2007529577,KUMHO TIRE USA INC.,US,KUMHO TIRE GEORGIA INC.,US,Acquisition increased from 100% to 100%,Completed,"110,040.45",02.05.2024,Unknown %,100.00000,100.00000,326211,326211,,,02.05.2024,Cash,Unlisted,"110,040"
3097.,2007123498,ORTHOFIX MEDICAL INC,US,SEASPINE HOLDINGS CORPORATION,US,Acquisition 56.5%,Completed,"110,039.00",04.01.2023,56.50000,0.00000,56.50000,339112,339112,OFIX,SPNE,11.10.2022,Shares,Delisted,"110,039"
3098.,2008566281,B&G FOODS INC.,US,DEL MONTE FOODS CORPORATION II INC.'S BROTH AND STOCK BUSINESS,US,Acquisition 100%,Completed,"110,000.00",19.03.2026,100.00000,0.00000,100.00000,311423,311999,BGS,,15.01.2026,Cash,Unlisted,"110,000"
,,,,,,,,,,,,,,,,,,Cash Reserves,,n.a.
3099.,2008556985,QUANTUM COMPUTING INC.,US,LUMINAR SEMICONDUCTOR INC.,US,Acquisition 100%,Completed,"110,000.00",02.02.2026,100.00000,0.00000,100.00000,541511,511210,QUBT,,15.12.2025,Cash,Unlisted,"110,000"
3100.,2008213597,QUALUS POWER SERVICES LLC,US,JOHN WOOD GROUP PLC'S TRANSMISSION AND DISTRIBUTION ENGINEERING BUSINESS IN NORTH AMERICA,US,Acquisition 100%,Completed,"110,000.00",31.10.2025,100.00000,0.00000,100.00000,541330,541330,,,29.08.2025,,Unlisted,n.a.
,,2737813 ALBERTA LTD,,,,,,,,,,,,551114,,,,,,
3101.,2007961863,LOOMIS US HOLDING INC.,US,BURROUGHS INC.,US,Acquisition 100%,Completed,"110,000.00",01.06.2025,100.00000,0.00000,100.00000,522320,561613,,,06.05.2025,Earn-out,Unlisted,"38,000"
3102.,2007915338,LUBRICATION ENGINEERS INC.,US,CALUMET INC.'S ROYAL PURPLE BUSINESS ASSTES,US,Acquisition 100%,Completed,"110,000.00",01.04.2025,100.00000,0.00000,100.00000,324191,324191,,,28.02.2025,Cash,Unlisted,"110,000"
3103.,2007763821,L&T TECHNOLOGY SERVICES LLC,US,INTELLISWIFT SOFTWARE INC.,US,Acquisition 100%,Completed,"110,000.00",03.01.2025,100.00000,0.00000,100.00000,511210,541330,,,11.11.2024,Deferred payment,Unlisted,n.a.
,,,,INTELLISWIFT SOFTWARE (INDIA) PVT LTD,IN,,,,,100.00000,0.00000,100.00000,511210,,,,,Cash,Unlisted,"100,000"
3104.,2007608814,UFP TECHNOLOGIES INC.,US,AJR ENTERPRISES LLC,US,Acquisition 100%,Completed,"110,000.00",01.07.2024,100.00000,0.00000,100.00000,339112,326140,UFPT,,01.07.2024,,Unlisted,n.a.
3105.,2007028529,CBRE GROUP INC.,US,FULL SPECTRUM ANALYTICS INC.,US,Acquisition 100%,Completed,"110,000.00",09.11.2022,100.00000,0.00000,100.00000,811219,531210,CBRE,,09.11.2022,,Unlisted,n.a.
3106.,2007004237,RANGER OIL CORPORATION,US,UNDISCLOSED OIL AND GAS ASSETS IN THE EAGLE FORD SHALE,US,Acquisition 100%,Completed,"110,000.00",30.06.2022,100.00000,0.00000,100.00000,211120,211120,ROCC,,30.06.2022,Cash,Unlisted,"110,000"
3107.,1941585066,SHUTTERSTOCK INC.,US,PICMONKEY LLC,US,Acquisition 100%,Completed,"110,000.00",07.09.2021,100.00000,0.00000,100.00000,518210,518210,SSTK,,07.09.2021,Cash,Unlisted,"110,000"
3108.,1941584276,CAREMAX MEDICAL CENTERS OF CENTRAL FLORIDA LLC,US,UNLIMITED MEDICAL SERVICES OF FLORIDA LLC,US,Acquisition 100%,Completed,"110,000.00",01.09.2021,100.00000,0.00000,100.00000,621111,621111,,,06.07.2021,Cash,Unlisted,"88,118"
,,,,,,,,,,,,,,,,,,Shares,,"21,882"
3109.,1941537327,WOLTERS KLUWER TAX AND ACCOUNTING,US,VANGUARD SOFTWARE CORPORATION,US,Acquisition 100%,Completed,"110,000.00",14.05.2021,100.00000,0.00000,100.00000,518210,541511,,,14.05.2021,Cash,Unlisted,"110,000"
3110.,1941518695,BIOVENTUS INC.,US,BIONESS INC.,US,Acquisition 100%,Completed,"110,000.00",30.03.2021,100.00000,0.00000,100.00000,339112,334510,BVS,,30.03.2021,Cash Reserves,Unlisted,n.a.
,,,,,,,,,,,,,,,,,,Cash,,"45,000"
,,,,,,,,,,,,,,,,,,Earn-out,,"65,000"
3111.,1941418500,MOTOROLA SOLUTIONS INC.,US,PELCO INC.,US,Acquisition 100%,Completed,"110,000.00",03.08.2020,100.00000,0.00000,100.00000,334310,334210,MSI,,03.08.2020,Cash,Unlisted,"110,000"
3112.,1941285626,SABRE CORPORATION,US,RADIXX SOLUTIONS INTERNATIONAL INC.,US,Acquisition 100%,Completed,"110,000.00",16.10.2019,100.00000,0.00000,100.00000,518210,518210,SABR,,16.10.2019,Cash Reserves,Unlisted,n.a.
,,,,,,,,,,,,,,,,,,Liabilities,,n.a.
,,,,,,,,,,,,,,,,,,Cash,,"110,000"
3113.,1941180135,"MITSUI & CO., LTD",JP,HANS KISSLE COMPANY INC.,US,Acquisition 100%,Completed,"109,751.25",23.01.2019,100.00000,0.00000,100.00000,424480,423510,8031,,23.01.2019,,Unlisted,n.a.
,,MKU HOLDINGS INC.,US,,,,,,,,,,,525990,,,,,,
3114.,2007931962,PEAK UTILITY SERVICES GROUP INC.,US,HIGHER POWER ELECTRICAL LLC,US,Acquisition 100% and 100%,Completed,"108,700.00",14.04.2025,100.00000,0.00000,100.00000,238210,517919,,,14.04.2025,Deferred payment,Unlisted,n.a.
,,,,PYTHON EQUIPMENT LLC,US,,,,,100.00000,0.00000,100.00000,423610,,,,,Cash,Unlisted,"108,700"
,,,,5 STAR ELECTRIC LLC,US,,,,,100.00000,0.00000,100.00000,238210,,,,,,Unlisted,
3115.,2007446160,COMMERCE MEDIA HOLDINGS LLC,US,COMPLEX MEDIA INC.,US,Acquisition 100%,Completed,"108,600.00",21.02.2024,100.00000,0.00000,100.00000,518210,518210,,,21.02.2024,Cash,Unlisted,"108,600"
3116.,1941438694,MOUNTAIN CREST ACQUISITION CORPORATION,US,PLAYBOY ENTERPRISES INC.,US,Acquisition 100%,Completed,"108,600.00",10.02.2021,100.00000,0.00000,100.00000,511120,525990,PLBY,PLA,01.10.2020,Shares,Delisted,n.a.
,,,,,,,,,,,,,,,,,,Liabilities,,n.a.
3117.,2007107003,DIAMONDROCK HOSPITALITY COMPANY,US,BOURBON ORLEANS HOTEL LLC,US,Acquisition 100%,Completed,"108,600.00",04.08.2021,100.00000,0.00000,100.00000,721110,531120,DRH,,04.08.2021,,Unlisted,n.a.
,,,,HENDERSON PARK INN LLC,US,,,,,100.00000,0.00000,100.00000,721110,,,,,,Unlisted,
3118.,1941476923,OLAM AMERICAS INC.,US,MIZKAN AMERICAS INC.'S CHILE PEPPER BUSINESS,US,Acquisition 100%,Completed,"108,500.00",04.02.2021,100.00000,0.00000,100.00000,311941,311351,,,21.12.2020,Cash,Unlisted,"108,500"
,,,,,,,,,,,,,,,,,,Cash Reserves,,n.a.
3119.,1941701553,BANCORPSOUTH BANK,US,FNS BANCSHARES INC.,US,Acquisition 100%,Completed,"108,400.00",01.05.2021,100.00000,0.00000,100.00000,522110,522110,CADE,FNSB,13.01.2021,Cash,Delisted,"18,000"
,,,,,,,,,,,,,,,,,,Shares,,"90,400"
3120.,2007233813,BRUKER CORPORATION,US,PHENOMEX INC.,US,Acquisition 100%,Completed,"108,000.00",02.10.2023,100.00000,0.00000,100.00000,518210,334516,BRKR,CELL,17.08.2023,Cash,Delisted,"108,000"
3121.,1941543717,STANDARD MOTOR PRODUCTS INC.,US,SHAREHOLDERS,,Acquisition unknown % and 100%,Completed,"108,000.00",31.05.2021,Unknown %,Unknown %,Unknown %,525920,336310,SMP,,31.05.2021,Cash,Unlisted,"108,000"
,,,,TRUMPET HOLDINGS INC.,US,,,,,100.00000,0.00000,100.00000,335313,,,,,,Unlisted,
3122.,1941496427,PGT INNOVATIONS INC.,US,ECO WINDOW SYSTEMS LLC,US,Acquisition 75%,Completed,"108,000.00",01.02.2021,75.00000,0.00000,75.00000,332321,332321,PGTI,,07.01.2021,Cash,Unlisted,"100,000"
,,,,,,,,,,,,,,,,,,Shares,,"8,000"
3123.,1941495196,AMNEAL PHARMACEUTICALS LLC,US,KASHIV SPECIALTY PHARMACEUTICALS LLC,US,Acquisition 98%,Completed,"108,000.00",05.04.2021,98.00000,0.00000,98.00000,541713,325412,,,12.01.2021,Cash,Unlisted,n.a.
,,,,,,,,,,,,,,,,,,Cash Reserves,,n.a.
,,,,,,,,,,,,,,,,,,Earn-out,,"8,000"
,,,,,,,,,,,,,,,,,,Deferred payment,,n.a.
3124.,1941602681,ZASH GLOBAL MEDIA AND ENTERTAINMENT CORPORATION,US,ADRIZER LLC,US,Acquisition 100%,Completed,"108,000.00",16.02.2022,100.00000,0.00000,100.00000,518210,541511,,,07.10.2021,Cash,Unlisted,"25,000"
,,ZVV MEDIA PARTNERS LLC,US,,,,,,,,,,,551114,,,,Shares,,"83,000"
3125.,1941569357,BROCK SUB LLC,US,DELTA BANCSHARES COMPANY,US,Acquisition 100%,Completed,"107,831.00",14.02.2022,100.00000,0.00000,100.00000,522110,551112,,,29.07.2021,Cash,Unlisted,"15,200"
,,,,,,,,,,,,,,,,,,Shares,,"92,631"
3126.,1941336119,GAMEPLAN INC.,US,ATHENA BITCOIN INC.,US,Acquisition 100%,Completed,"107,809.00",31.01.2020,100.00000,0.00000,100.00000,518210,551112,ABIT,,31.01.2020,Shares,Unlisted,"107,809"
3127.,1941355519,ALLIGATOR ZEBRA HOLDINGS INC.,US,ZYLA LIFE SCIENCES,US,Acquisition 100%,Completed,"107,637.00",20.05.2020,100.00000,0.00000,100.00000,325412,325412,,ZCOR,16.03.2020,Shares,Delisted,n.a.
,,,,,,,,,,,,,,,,,,Liabilities,,"95,000"
3128.,2007020969,VISHAY INTERTECHNOLOGY INC.,US,MAXPOWER SEMICONDUCTOR INC.,US,Acquisition 100%,Completed,"107,500.00",28.10.2022,100.00000,0.00000,100.00000,334413,334413,VSH,,28.10.2022,Cash,Unlisted,n.a.
,,,,,,,,,,,,,,,,,,Earn-out,,"57,500"
3129.,1941675733,USD PARTNERS LP,US,US DEVELOPMENT GROUP LLC'S HARDISTY SOUTH TERMINAL ASSETS,US,Acquisition 100%,Completed,"107,488.00",06.04.2022,100.00000,0.00000,100.00000,236220,488210,USDP,,28.03.2022,Cash,Unlisted,"75,000"
,,,,,,,,,,,,,,,,,,Shares,,"32,488"
3130.,2008589796,NAKAMOTO INC.,US,BTC INC.,US,Acquisition 100%,Completed,"107,295.00",20.02.2026,100.00000,0.00000,100.00000,518210,518210,,,17.02.2026,Shares,Unlisted,"107,295"
,,,,UTXO MANAGEMENT GP LLC,US,,,,,100.00000,0.00000,100.00000,523920,,,,,,Unlisted,
3131.,2007134580,SITE CENTERS CORPORATION,US,MADISON INTERNATIONAL REALTY LLC'S SIX ASSETS,US,Acquisition 80%,Completed,"107,200.00",31.12.2021,80.00000,0.00000,80.00000,531190,531120,SITC,,31.12.2021,,Unlisted,n.a.
3132.,2007036155,GLOBITECH INC.,US,GLOBALWAFERS AMERICA LLC,US,Acquisition increased from 100% to 100%,Completed,"107,001.00",23.11.2022,Unknown %,100.00000,100.00000,334413,334413,,,23.11.2022,Cash,Unlisted,"107,001"
3133.,2007059756,DR HORTON INC.,US,RIGGINS CONSTRUCTION & DEVELOPMENT INC.,US,Acquisition 100%,Completed,"107,000.00",15.12.2022,100.00000,0.00000,100.00000,236115,236115,DHI,,15.12.2022,Cash,Unlisted,"107,000"
3134.,1941218912,AO SMITH CORPORATION,US,WATER-RIGHT INC.,US,Acquisition 100%,Completed,"107,000.00",08.04.2019,100.00000,0.00000,100.00000,333318,333318,AOS,,08.04.2019,Cash,Unlisted,"107,000"
3135.,1939047822,CENTURY CASINOS INC.,US,MOUNTAINEER PARK INC.,US,Acquisition 100%,Completed,"107,000.00",06.12.2019,100.00000,0.00000,100.00000,721120,713210,CNTY,,17.06.2019,Cash,Unlisted,"107,000"
,,,,IOC CARUTHERSVILLE LLC,US,,,,,100.00000,0.00000,100.00000,721120,,,,,,Unlisted,
,,,,IOC CAPE GIRARDEAU LLC,US,,,,,100.00000,0.00000,100.00000,721120,,,,,,Unlisted,
3136.,1941287149,COMMUNITY BANK SYSTEM INC.,US,STEUBEN TRUST CORPORATION,US,Acquisition 100%,Completed,"106,800.00",12.06.2020,100.00000,0.00000,100.00000,522110,522110,CBU,SBHO,21.10.2019,Shares,Delisted,"85,440"
,,,,,,,,,,,,,,,,,,Cash,,"21,360"
3137.,2007444002,CADRE HOLDINGS INC.,US,ALPHA SAFETY INTERMEDIATE LLC,US,Acquisition 100%,Completed,"106,500.00",04.03.2024,100.00000,0.00000,100.00000,541715,316998,CDRE,,20.02.2024,Cash,Unlisted,"106,500"
,,,,,,,,,,,,,,,,,,Cash Reserves,,n.a.
3138.,2008264774,MID PENN BANCORP INC.,US,1ST COLONIAL BANCORP INC.,US,Acquisition 100%,Completed,"106,100.00",27.02.2026,100.00000,0.00000,100.00000,551111,522110,MPB,FCOB,24.09.2025,Shares,Delisted,"60,600"
,,,,,,,,,,,,,,,,,,Cash,,"40,400"
3139.,2008281983,ILSL INC.,US,BIOPHARM COMMUNICATIONS LLC,US,Acquisition 100%,Completed,"106,000.00",01.10.2025,100.00000,0.00000,100.00000,541613,541512,,,01.10.2025,Cash,Unlisted,"106,000"
3140.,2007183876,ADDUS HOMECARE CORPORATION,US,TENNESSEE VALLEY HOME CARE LLC,US,Acquisition 100%,Completed,"106,000.00",01.08.2023,100.00000,0.00000,100.00000,621610,621610,ADUS,,29.06.2023,Cash,Unlisted,"106,000"
,,,,,,,,,,,,,,,,,,Cash Reserves,,n.a.
3141.,1941468088,BWC TERMINALS LLC,US,"NUSTAR ENERGY LP'S TERMINALS IN TEXAS CITY, TEXAS",US,Acquisition 100%,Completed,"106,000.00",07.12.2020,100.00000,0.00000,100.00000,424710,424710,,,02.11.2020,,Unlisted,n.a.
3142.,2008659203,SOUTH PLAINS FINANCIAL INC.,US,BOH HOLDINGS INC.,US,Acquisition 100%,Completed,"105,900.00",01.04.2026,100.00000,0.00000,100.00000,522110,522110,SPFI,,01.12.2025,Shares,Unlisted,"105,900"
3143.,1941214328,CURE PHARMACEUTICAL HOLDING CORPORATION,US,CHEMISTRY HOLDINGS INC.,US,Acquisition 100%,Completed,"105,839.00",14.05.2019,100.00000,0.00000,100.00000,541713,325412,AVRW,,31.03.2019,Shares,Unlisted,"105,839"
,,,,,,,,,,,,,,,,,,Earn-out,,"64,124"
,,,,,,,,,,,,,,,,,,Cash assumed,,"10,000"
3144.,2008471668,WORKHORSE GROUP INC.,US,MOTIV POWER SYSTEMS INC.,US,Acquisition 100%,Completed,"105,000.00",15.12.2025,100.00000,0.00000,100.00000,336120,336111,WKHS,,15.08.2025,Shares,Unlisted,n.a.
,,,,,,,,,,,,,,,,,,Liabilities,,n.a.
3145.,2008151021,INGERSOLL RAND INC.,US,DILUTION SOLUTIONS LLC,US,Acquisition 100% and 100%,Completed,"105,000.00",03.10.2022,100.00000,0.00000,100.00000,424690,333912,IR,,03.10.2022,Cash,Unlisted,n.a.
,,,,DOSATRON INTERNATIONAL LLC,US,,,,,100.00000,0.00000,100.00000,333914,,,,,,Unlisted,
3146.,2007951587,PWRTEK LLC,US,PROFRAC GDM LLC'S POWER GENERATION ASSETS,US,Acquisition 100%,Completed,"105,000.00",28.04.2025,100.00000,0.00000,100.00000,213112,333132,,,28.04.2025,Bonds,Unlisted,"40,000"
3147.,2007216609,ANVIL INTERNATIONAL AND SMITH-COOPER INTERNATIONAL,US,FORUM ENERGY TECHNOLOGIES INC.'S ABZ BRAND,US,Acquisition 100%,Completed,"105,000.00",31.12.2020,100.00000,0.00000,100.00000,333132,331210,,,31.12.2020,Cash,Unlisted,"105,000"
,,,,FORUM ENERGY TECHNOLOGIES INC.'S QUADRANT VALVE BRAND,US,,,,,100.00000,0.00000,100.00000,333132,,,,,,Unlisted,
3148.,2007030257,WORTHINGTON INDUSTRIES INC.,US,SHILOH INDUSTRIES INC.'S US BLANKLIGHT BUSINESS CERTAIN ASSETS,US,Acquisition 100%,Completed,"105,000.00",08.06.2021,100.00000,0.00000,100.00000,336390,332312,WOR,,08.06.2021,,Unlisted,n.a.
3149.,2007016595,MULLEN AUTOMOTIVE INC.,US,ELECTRIC LAST MILE SOLUTIONS INC.'S MISHAWAKA PLANT ASSETS,US,Acquisition 100%,Completed,"105,000.00",30.11.2022,100.00000,0.00000,100.00000,336111,336111,BINI,,16.09.2022,Cash,Unlisted,"105,000"
,,,,,,,,,,,,,,,,,,Liabilities,,"37,000"
,,,,,,,,,,,,,,,,,,Cash Reserves,,n.a.
3150.,1941692369,AMERICAN TIRE DISTRIBUTORS INC.,US,MONROE INC.'S TIRES NOW WHOLESALE TIRE DISTRIBUTION ASSETS,US,Acquisition 100%,Completed,"105,000.00",17.06.2022,100.00000,0.00000,100.00000,423130,423130,,,19.05.2022,Cash,Unlisted,"105,000"
,,,,,,,,,,,,,,,,,,Earn-out,,"40,000"
3151.,1941372887,QORVO INC.,US,CUSTOM MMIC DESIGN SERVICES INC.,US,Acquisition 100%,Completed,"105,000.00",19.02.2020,100.00000,0.00000,100.00000,334220,334220,QRVO,,30.01.2020,Cash,Unlisted,"105,000"
3152.,1941198001,"MIDDLEBY CORPORATION, THE",US,STANDEX COOKING SOLUTIONS GROUP,US,Acquisition 100%,Completed,"105,000.00",01.04.2019,100.00000,0.00000,100.00000,333415,333241,MIDD,,27.02.2019,Cash,Unlisted,"105,000"
3153.,2007094759,ULTRAGENYX PHARMACEUTICAL INC.,US,GENETX BIOTHERAPEUTICS LLC,US,Acquisition 100%,Completed,"105,000.00",18.07.2022,100.00000,0.00000,100.00000,541713,541713,RARE,,18.07.2022,Earn-out,Unlisted,"30,000"
3154.,1941256127,WWRR ACQUISITION LLC,US,"WINCHESTER & WESTERN RAILROAD COMPANY, THE",US,Acquisition 100%,Completed,"105,000.00",11.09.2019,100.00000,0.00000,100.00000,482111,482111,,,26.07.2019,Cash,Unlisted,"105,000"
3155.,2008060481,TDG RISE MERGER SUB INC.,US,SERVOTRONICS INC.,US,Acquisition 100% - Bid 2,Completed,"104,725.00",01.07.2025,100.00000,0.00000,100.00000,332911,332911,,SVT,29.05.2025,Cash,Delisted,"104,725"
,,,,,,,,,,,,,,,,,,Cash Reserves,,n.a.
3156.,2007387584,FIRST WAVE BIOPHARMA INC.,US,IMMUNOGENX LLC,US,Acquisition 100%,Completed,"104,000.00",14.03.2024,100.00000,0.00000,100.00000,541713,541713,GRDX,,14.03.2024,Shares,Unlisted,"2,385"
3157.,2007112836,J&J VENTURES GAMING OF MONTANA LLC,US,GOLDEN ROUTE OPERATIONS MONTANA LLC'S GAMING OPERATIONS,US,Acquisition 100%,Completed,"104,000.00",13.09.2023,100.00000,0.00000,100.00000,713210,713120,,,03.03.2023,Cash,Unlisted,"109,000"
,,,,,,,,,,,,,,,,,,Cash assumed,,"5,000"
3158.,2007744102,DEFLECTO HOLDCO LLC,US,DEFLECTO LLC,US,Acquisition 100%,Completed,"103,700.00",18.10.2024,100.00000,0.00000,100.00000,326199,321918,,,18.10.2024,Liabilities,Unlisted,n.a.
,,,,,,,,,,,,,,,,,,Cash,,n.a.
,,,,,,,,,,,,,,,,,,Cash Reserves,,n.a.
3159.,2007738535,DEFLECTO HOLDCO LLC,US,DEFLECTO LLC,US,Acquisition 100%,Completed,"103,700.00",18.10.2024,100.00000,0.00000,100.00000,326199,321918,,,18.10.2024,Cash Reserves,Unlisted,n.a.
,,,,,,,,,,,,,,,,,,Liabilities,,n.a.
,,,,,,,,,,,,,,,,,,Cash,,n.a.
3160.,1941219537,CENTRAL BANCOMPANY INC.,US,LIBERTY BANCORP INC.,US,Acquisition 100%,Completed,"103,700.00",01.08.2019,100.00000,0.00000,100.00000,551111,551111,CBC,LBCP,10.04.2019,Cash,Delisted,"103,700"
3161.,1941418399,AXAR CEMETERY PARENT CORP,US,STONEMOR INC.,US,Acquisition increased from 75% to 100%,Completed,"103,686.00",03.11.2022,25.00000,75.00000,100.00000,812220,551114,,STON,24.05.2022,Cash,Delisted,"103,686"
3162.,2007829485,CADENCE BANK,US,FCB FINANCIAL CORPORATION,US,Acquisition 100%,Completed,"103,600.00",01.05.2025,100.00000,0.00000,100.00000,522110,522110,CADE,,22.01.2025,Cash,Unlisted,"23,100"
,,,,,,,,,,,,,,,,,,Shares,,"80,500"
3163.,1941490948,IDEX CORPORATION,US,ABEL PUMPS LP,US,Acquisition 100%,Completed,"103,500.00",11.03.2021,100.00000,0.00000,100.00000,333914,334516,IEX,,11.01.2021,Cash,Unlisted,"103,500"
3164.,1941243019,EDUCATIONAL MEDIA FOUNDATION INC.,US,WPLJ-FM RADIO INC.,US,Acquisition 100%,Completed,"103,500.00",31.05.2019,100.00000,0.00000,100.00000,515112,515112,,,13.02.2019,Cash,Unlisted,"103,500"
,,,,WYAY-FM,US,,,,,100.00000,0.00000,100.00000,515112,,,,,,Unlisted,
,,,,KFFG-FM,US,,,,,100.00000,0.00000,100.00000,515112,,,,,,Unlisted,
,,,,WZAT-FM,US,,,,,100.00000,0.00000,100.00000,515112,,,,,,Unlisted,
,,,,WXTL-FM,US,,,,,100.00000,0.00000,100.00000,515112,,,,,,Unlisted,
,,,,WRQX-FM,US,,,,,100.00000,0.00000,100.00000,515112,,,,,,Unlisted,
3165.,2007037565,TERRA MERGER SUB LLC,US,TERRA INCOME FUND 6 LLC,US,Acquisition 100%,Completed,"103,038.00",01.10.2022,100.00000,0.00000,100.00000,531311,551112,,TFSA,02.05.2022,Shares,Delisted,"103,038"
3166.,2007632109,TRXADE HEALTH INC.,US,SCIENTURE INC.'S ASSETS,US,Acquisition 100%,Completed,"103,000.00",26.07.2024,100.00000,0.00000,100.00000,541715,518210,SCNX,,26.07.2024,Shares,Unlisted,"103,000"
3167.,2007252139,GATEWAY SUPPLY LLC,US,GATEWAY SUPPLY COMPANY INC.'S PLUMBING AND HVAC DISTRIBUTION BUSINESS,US,Acquisition 100%,Completed,"103,000.00",01.09.2023,100.00000,0.00000,100.00000,423730,423730,,,01.09.2023,Shares,Unlisted,n.a.
,,,,,,,,,,,,,,,,,,Cash,,"4,000"
3168.,1941732955,HUB GROUP INC.,US,TAGG LOGISTICS LLC,US,Acquisition 100%,Completed,"103,000.00",22.08.2022,100.00000,0.00000,100.00000,541614,488510,HUBG,,22.08.2022,Cash,Unlisted,"103,000"
,,,,,,,,,,,,,,,,,,Cash Reserves,,n.a.
3169.,2007934281,DEEPHEALTH INC.,US,ICAD INC.,US,Acquisition 100%,Completed,"103,000.00",17.07.2025,100.00000,0.00000,100.00000,334510,511210,,ICAD,15.04.2025,Shares,Delisted,"103,000"
3170.,2007401102,CRANE COMPANY,US,VIAN ENTERPRISES INC.,US,Acquisition 100%,Completed,"103,000.00",03.01.2024,100.00000,0.00000,100.00000,333914,336411,CR,,03.01.2024,,Unlisted,n.a.
3171.,1941348039,ALLISON TRANSMISSION HOLDINGS INC.,US,WALKER DIE CASTING INC.'S ASSETS,US,Acquisition 100%,Completed,"103,000.00",09.09.2019,100.00000,0.00000,100.00000,331523,336350,ALSN,,09.09.2019,Cash,Unlisted,"103,000"
,,,,C&R TOOL AND ENGINEERING INC.'S ASSETS,US,,,,,100.00000,0.00000,100.00000,333517,,,,,,Unlisted,
3172.,1941669452,FMNB MERGER SUBSIDIARY V LLC,US,EMCLAIRE FINANCIAL CORPORATION,US,Acquisition 100%,Completed,"102,899.00",01.01.2023,100.00000,0.00000,100.00000,522110,523910,,EMCF,24.03.2022,Cash,Delisted,"30,870"
,,,,,,,,,,,,,,,,,,Shares,,"72,029"
3173.,2007903039,WESTERN ASSET MANAGED MUNICIPALS FUND INC.,US,WESTERN ASSET MUNICIPAL PARTNERS FUND INC.,US,Acquisition 100%,Completed,"102,601.00",16.10.2023,100.00000,0.00000,100.00000,525990,525990,MMU,MNP,16.10.2023,Cash,Delisted,n.a.
,,,,,,,,,,,,,,,,,,Shares,,"102,601"
3174.,1941743618,CLEAR LINK TECHNOLOGIES LLC,US,TAYLOR MEDIA CORPORATION,US,Acquisition 100%,Completed,"102,500.00",04.01.2021,100.00000,0.00000,100.00000,519130,541613,,,21.12.2020,Cash Reserves,Unlisted,n.a.
,,,,,,,,,,,,,,,,,,Cash,,"102,500"
3175.,1941260088,OCEANFIRST FINANCIAL CORPORATION,US,COUNTRY BANK HOLDING COMPANY INC.,US,Acquisition 100%,Completed,"102,200.00",01.01.2020,100.00000,0.00000,100.00000,522110,522110,OCFC,CYHC,09.08.2019,Shares,Delisted,"102,200"
3176.,2007079980,SEACOAST BANKING CORPORATION OF FLORIDA,US,LEGACY BANK OF FLORIDA,US,Acquisition 100%,Completed,"102,200.00",06.08.2021,100.00000,0.00000,100.00000,522110,522110,SBCF,,23.03.2021,,Unlisted,n.a.
3177.,2008144922,IDEX CORPORATION,US,MICRO-LAM INC.,US,Acquisition,Completed,"102,000.00",29.07.2025,100.00000,0.00000,100.00000,333314,334516,IEX,,29.07.2025,Cash,Unlisted,"102,000"
,,,,,,,,,,,,,,,,,,Earn-out,,"12,000"
3178.,1941645650,BENSON HILL INC.,US,ZFS CRESTON LLC,US,Acquisition 100%,Completed,"102,000.00",04.01.2022,100.00000,0.00000,100.00000,311211,541713,BHIL,,04.01.2022,Cash Reserves,Unlisted,n.a.
,,DDB HOLDINGS INC.,US,,,,,,,,,,,311211,,,,Cash,,"102,000"
3179.,1941391393,INOGEN INC.,US,NEW AERA INC.,US,Acquisition 100%,Completed,"101,800.00",09.08.2019,100.00000,0.00000,100.00000,334510,339112,INGN,,07.08.2019,Cash Reserves,Unlisted,n.a.
,,,,,,,,,,,,,,,,,,Cash,,"101,800"
,,,,,,,,,,,,,,,,,,Earn-out,,"31,400"
3180.,2007751329,MEDICAL PRACTICE HOLDING COMPANY LLC,US,CENTRUM MEDICAL HOLDINGS LLC,US,Acquisition increased from 75% to 100%,Completed,"101,750.00",29.10.2024,25.00000,75.00000,100.00000,621111,621399,,,29.10.2024,Cash,Unlisted,"33,000"
,,,,,,,,,,,,,,,,,,Bonds,,"64,000"
,,,,,,,,,,,,,,,,,,Liabilities,,"7,800"
3181.,2007106686,SELECT ENERGY SERVICES INC.,US,BREAKWATER ENERGY PARTNERS LLC,US,Acquisition 100%,Completed,"101,380.00",01.11.2022,100.00000,0.00000,100.00000,213112,221310,WTTR,,01.11.2022,Liabilities,Unlisted,"12,600"
,,,,,,,,,,,,,,,,,,Shares,,"88,780"
3182.,2007146749,MIDAS PARENT LP,US,MIDWEST HOLDING INC.,US,Acquisition 100%,Completed,"100,655.00",21.12.2023,100.00000,0.00000,100.00000,524113,551114,,MDWT,30.04.2023,Cash,Delisted,"100,655"
3183.,1941281505,HISTOGENICS CORPORATION,US,OCUGEN INC.,US,Acquisition 100%,Completed,"100,581.00",30.09.2019,100.00000,0.00000,100.00000,541713,541713,OCGN,OCGN,08.04.2019,Shares,Listed,"100,581"
3184.,1941455381,MIRAGEN THERAPEUTICS INC.,US,VIRIDIAN THERAPEUTICS INC.,US,Acquisition 100%,Completed,"100,389.00",27.10.2020,100.00000,0.00000,100.00000,541713,541713,VRDN,,27.10.2020,Shares,Unlisted,"100,389"
3185.,2007822144,CADRE HOLDINGS INC.,US,CARR'S ENGINEERING LTD,GB,Acquisition 100%,Completed,"100,362.16",22.04.2025,100.00000,0.00000,100.00000,541330,316998,CDRE,,15.01.2025,Liabilities,Unlisted,n.a.
,,,,CARR'S ENGINEERING (US) INC.,US,,,,,100.00000,0.00000,100.00000,541330,,,,,Cash,Unlisted,"100,362"
,,,,,,,,,,,,,,,,,,Cash Reserves,,n.a.
3186.,1941248359,CAROLINA FINANCIAL CORPORATION,US,CAROLINA TRUST BANCSHARES INC.,US,Acquisition 100%,Completed,"100,100.00",31.12.2019,100.00000,0.00000,100.00000,522110,522110,CARO,CART,15.07.2019,Shares,Delisted,"90,090"
,,,,,,,,,,,,,,,,,,Cash,,"10,010"
3187.,2008620896,VEEVA SYSTEMS INC.,US,RISE HEALTHCARE TECH INC.,US,Acquisition 100%,Completed,"100,000.00",10.03.2026,100.00000,0.00000,100.00000,518210,518210,VEEV,,10.03.2026,Cash,Unlisted,"100,000"
3188.,2008512146,OPENAI GLOBAL LLC,US,TORCH HEALTH INC.,US,Acquisition 100%,Completed,"100,000.00",12.01.2026,100.00000,0.00000,100.00000,511210,541511,,,12.01.2026,Shares,Unlisted,"100,000"
3189.,2008467682,APPDIRECT INC.,US,VCOM SOLUTIONS INC.,US,Acquisition 100%,Completed,"100,000.00",10.12.2025,100.00000,0.00000,100.00000,511210,518210,,,12.11.2024,,Unlisted,n.a.
3190.,2008460375,PAXOS TRUST COMPANY LLC,US,FORDEFI INC.,US,Acquisition 100%,Completed,"100,000.00",25.11.2025,100.00000,0.00000,100.00000,518210,518210,,,25.11.2025,,Unlisted,n.a.
3191.,2007944863,INTERPUBLIC GROUP OF COMPANIES INC.,US,INTELLIGENCE NODE INC.,US,Acquisition 100%,Completed,"100,000.00",05.12.2024,100.00000,0.00000,100.00000,518210,541810,IPG,,05.12.2024,,Unlisted,n.a.
3192.,2007864622,RING ENERGY INC.,US,LIME ROCK RESOURCES IV LP'S CENTRAL BASIN PLATFORM ASSETS,US,Acquisition 100%,Completed,"100,000.00",31.03.2025,100.00000,0.00000,100.00000,213111,211120,REI,,26.02.2025,Shares,Unlisted,"10,000"
,,,,,,,,,,,,,,,,,,Cash,,"90,000"
,,,,,,,,,,,,,,,,,,Deferred payment,,n.a.
,,,,,,,,,,,,,,,,,,Cash Reserves,,n.a.
3193.,2007763426,BWX TECHNOLOGIES INC.,US,AEROJET ORDNANCE TENNESSE INC.,US,Acquisition 100%,Completed,"100,000.00",03.01.2025,100.00000,0.00000,100.00000,313210,221113,BWXT,,04.11.2024,Cash,Unlisted,"100,000"
3194.,2007677920,ZEO ENERGY CORPORATION,US,LUMIO HOLDINGS INC.'S ASSETS,US,Acquisition 100%,Completed,"100,000.00",06.11.2024,100.00000,0.00000,100.00000,221114,238210,,,03.09.2024,Converted Debt,Unlisted,n.a.
3195.,2007639774,COOPERSURGICAL INC.,US,OBP SURGICAL CORPORATION,US,Acquisition 100%,Completed,"100,000.00",01.08.2024,100.00000,0.00000,100.00000,339112,339112,,,01.08.2024,,Unlisted,n.a.
3196.,2007626129,NVIDIA CORPORATION,US,BREV.DEV INC.,US,Acquisition 100%,Completed,"100,000.00",17.07.2024,100.00000,0.00000,100.00000,518210,334413,NVDA,,17.07.2024,,Unlisted,n.a.
3197.,2007609502,AUGMENTED REALITY CONCEPTS INC.,US,OUTSELL LLC,US,Acquisition 100%,Completed,"100,000.00",09.07.2024,100.00000,0.00000,100.00000,518210,511210,,,09.07.2024,,Unlisted,n.a.
3198.,2007595819,INVESTOR,,PETVISOR,US,Acquisition unknown stake %,Completed,"100,000.00",14.11.2023,Unknown %,Unknown %,Unknown %,518210,525920,,,14.11.2023,Cash,Unlisted,"100,000"
,,PEAKSPAN CAPITAL MANAGEMENT LLC,US,,,,,,,,,,,523910,,,,,,
,,FC CAPITAL MANAGEMENT LLC,US,,,,,,,,,,,523910,,,,,,
,,APAX DIGITAL FUNDS,US,,,,,,,,,,,523910,,,,,,
3199.,2007587180,WORKIVA INC.,US,SUSTAIN.LIFE INC.,US,Acquisition 100%,Completed,"100,000.00",17.06.2024,100.00000,0.00000,100.00000,518210,518210,WK,,17.06.2024,,Unlisted,n.a.
3200.,2007582205,SIMULATIONS PLUS INC.,US,PRO-FICIENCY HOLDINGS INC.,US,Acquisition 100%,Completed,"100,000.00",12.06.2024,100.00000,0.00000,100.00000,541713,511210,SLP,,12.06.2024,Cash,Unlisted,"100,000"
3201.,2007554399,KINDER MORGAN INC.,US,AVAD ENERGY PARTNERS LLC'S OIL AND GAS ASSETS IN WEST TEXAS,US,Acquisition 100%,Completed,"100,000.00",22.05.2024,100.00000,0.00000,100.00000,211120,486910,KMI,,22.05.2024,,Unlisted,n.a.
3202.,2007452786,KOPPERS UTILITY AND INDUSTRIAL PRODUCTS INC.,US,BROWN WOOD PRESERVING COMPANY INC.'S ASSETS,US,Acquisition 100%,Completed,"100,000.00",02.04.2024,100.00000,0.00000,100.00000,321999,321999,,,28.02.2024,Cash,Unlisted,"100,000"
3203.,2007413852,ARCANE CAPITAL PARTNERS LLC,US,WESCON PLASTICS LLC,US,Acquisition 100%,Completed,"100,000.00",16.01.2024,100.00000,0.00000,100.00000,326199,523920,,,16.01.2024,,Unlisted,n.a.
,,,,PETROFLEX NORTH AMERICA LLC,US,,,,,100.00000,0.00000,100.00000,335999,,,,,,Unlisted,
3204.,2007378928,DELEK LOGISTICS PARTNERS LP,US,DELEK US HOLDINGS INC.'S BIG SPRING GATHERING SYSTEM,US,Acquisition 100%,Completed,"100,000.00",31.03.2020,100.00000,0.00000,100.00000,324110,211120,DKL,,31.03.2020,Shares,Unlisted,n.a.
,,,,,,,,,,,,,,,,,,Cash,,"100,000"
3205.,2007342837,INVESTOR,,PETVISOR,US,Acquisition unknown stake %,Completed,"100,000.00",14.11.2023,Unknown %,Unknown %,Unknown %,518210,525920,,,14.11.2023,Cash,Unlisted,"100,000"
,,PEAKSPAN CAPITAL MANAGEMENT LLC,US,,,,,,,,,,,523910,,,,,,
,,FC CAPITAL MANAGEMENT LLC,US,,,,,,,,,,,523910,,,,,,
,,APAX DIGITAL FUNDS,US,,,,,,,,,,,523910,,,,,,
3206.,2007290004,SHIFT4 PAYMENTS INC.,US,SPOTON TECHNOLOGIES INC.'S SPORTS AND ENTERTAINMENT DIVISION'S ASSETS,US,Acquisition 100%,Completed,"100,000.00",03.10.2023,100.00000,0.00000,100.00000,541613,511210,FOUR,,02.10.2023,Cash,Unlisted,"100,000"
3207.,2007254784,NVIDIA CORPORATION,US,INCEPTIVE INC.,US,Acquisition unknown stake %,Completed,"100,000.00",07.09.2023,Unknown %,Unknown %,Unknown %,511210,334413,NVDA,,07.09.2023,Cash,Unlisted,"100,000"
,,AH CAPITAL MANAGEMENT LLC,US,,,,,,,,,,,523910,,,,,,
,,"OBVIOUS CORPORATION, THE",US,,,,,,,,,,,541611,,,,,,
3208.,2007208136,UPGRADE INC.,US,UPLIFT INC.,US,Acquisition 100%,Completed,"100,000.00",27.07.2023,100.00000,0.00000,100.00000,518210,518210,,,27.07.2023,Shares,Unlisted,n.a.
,,,,,,,,,,,,,,,,,,Cash,,n.a.
3209.,2007201069,AURA SUB LLC,US,PANGO INC.,US,Acquisition 100%,Completed,"100,000.00",07.07.2020,100.00000,0.00000,100.00000,518210,511210,,,07.07.2020,,Unlisted,n.a.
3210.,2007195462,UCSF HEALTH ACO LLC,US,SAINT MARY’S MEDICAL CENTER INC.,US,Acquisition 100%,Completed,"100,000.00",01.08.2024,100.00000,0.00000,100.00000,622110,622110,,,05.02.2024,,Unlisted,n.a.
,,,,SAINT FRANCIS MEMORIAL HOSPITAL,US,,,,,100.00000,0.00000,100.00000,622110,,,,,,Unlisted,
,,,,DIGNITY HEALTH INC.'S ASSOCIATED OUTPATIENT AND URGENT CARE CLINICS IN SAN FRANCISCO,US,,,,,100.00000,0.00000,100.00000,622110,,,,,,Unlisted,
3211.,2007194395,BLUCORA INC.,US,HK FINANCIAL SERVICES INC.,US,Acquisition 100%,Completed,"100,000.00",01.07.2020,100.00000,0.00000,100.00000,523930,541611,AVTA,,07.01.2020,Earn-out,Unlisted,n.a.
3212.,2007170158,MERIT MEDICAL SYSTEMS INC.,US,ANGIODYNAMICS INC.'S DIALYSIS AND BIOSENTRY TRACT SEALANT SYSTEM BIOPSY PRODUCT PORTFOLIO,US,Acquisition 100%,Completed,"100,000.00",08.06.2023,100.00000,0.00000,100.00000,339112,339112,MMSI,,08.06.2023,Cash,Unlisted,"100,000"
3213.,2007168107,TREEHOUSE FOODS INC.,US,FARMER BROTHERS COMPANY'S NON-DIRECT STORE DELIVERY COFFEE BUSINESS,US,Acquisition 100%,Completed,"100,000.00",30.06.2023,100.00000,0.00000,100.00000,311920,311999,THS,,07.06.2023,,Unlisted,n.a.
,,,,FARMER BROTHERS COMPANY'S COFFEE FACILITY IN TEXAS,US,,,,,100.00000,0.00000,100.00000,311920,,,,,,Unlisted,
3214.,2007140740,ALPHA BREWING OPERATIONS LLC,US,STOUT TANKS AND KETTLES LLC,US,Merger 100%,Completed,"100,000.00",20.04.2023,100.00000,0.00000,100.00000,333241,333241,,,20.04.2023,,Unlisted,n.a.
,,,,TWIN MONKEYS BEVERAGE SYSTEMS INC.,US,,,,,100.00000,0.00000,100.00000,312111,,,,,,Unlisted,
,,,,BREWMATION INC.,US,,,,,100.00000,0.00000,100.00000,333241,,,,,,Unlisted,
,,,,AUTOMATED EXTRACTIONS CORPORATION,US,,,,,100.00000,0.00000,100.00000,333241,,,,,,Unlisted,
,,,,GW KENT INC.,US,,,,,100.00000,0.00000,100.00000,333241,,,,,,Unlisted,
3215.,2007139800,BLUE WATER VACCINES INC.,US,VERU INC.'S ENTADFI (FINASTERIDE AND TADALAFIL) CAPSULES BUSINESS,US,Acquisition 100%,Completed,"100,000.00",20.04.2023,100.00000,0.00000,100.00000,325412,325414,ONCO,,20.04.2023,Earn-out,Unlisted,"80,000"
,,,,,,,,,,,,,,,,,,Deferred payment,,n.a.
3216.,2007116011,TA CHEN INTERNATIONAL INC.,US,TCI TEXARKANA INC.,US,Acquisition increased from 100% to 100%,Completed,"100,000.00",13.03.2023,Unknown %,100.00000,100.00000,331313,331210,,,13.03.2023,Cash,Unlisted,"100,000"
3217.,2007108106,COX AUTOMOTIVE MOBILITY SOLUTIONS INC.,US,FLEETNET AMERICA INC.,US,Acquisition 100%,Completed,"100,000.00",28.02.2023,100.00000,0.00000,100.00000,811111,811111,,,28.02.2023,Cash,Unlisted,"100,000"
3218.,2007105454,CAPCOM CREDIT UNION,US,FIRST CITRUS BANK,US,Acquisition 100%,Completed,"100,000.00",03.01.2023,100.00000,0.00000,100.00000,522110,522130,,,12.05.2022,Cash,Unlisted,"100,000"
3219.,2007099335,HOUSTON NATURAL RESOURCES CORPORATION,US,CUNNINGHAM ENERGY LLC,US,Acquisition 100%,Completed,"100,000.00",19.09.2022,100.00000,0.00000,100.00000,211120,551114,,,19.09.2022,Cash,Unlisted,n.a.
3220.,2007026893,FULGENT GENETICS INC.,US,FULGENT PHARMA HOLDINGS INC.,US,Acquisition 100%,Completed,"100,000.00",07.11.2022,100.00000,0.00000,100.00000,541713,541380,FLGT,,07.11.2022,Shares,Unlisted,n.a.
,,,,,,,,,,,,,,,,,,Cash,,n.a.
,,,,,,,,,,,,,,,,,,Cash Reserves,,n.a.
3221.,2007022204,MYRIAD GENETICS INC.,US,GATEWAY GENOMICS LLC,US,Acquisition 100%,Completed,"100,000.00",01.11.2022,100.00000,0.00000,100.00000,339112,541713,MYGN,,01.11.2022,Cash,Unlisted,"100,000"
,,,,,,,,,,,,,,,,,,Earn-out,,"32,500"
3222.,2007005888,UNDISCLOSED LISTED COMPANY,US,PHARMASPECTRA US LLC,US,Acquisition unknown majority stake %,Completed,"100,000.00",08.08.2022,Unknown majority,0.00000,Unknown majority,518210,551114,,,08.08.2022,,Unlisted,n.a.
3223.,1941725127,WARNER MUSIC GROUP CORPORATION,US,IMGN MEDIA,US,Acquisition 100%,Completed,"100,000.00",14.08.2020,100.00000,0.00000,100.00000,541613,512230,WMG,,14.08.2020,,Unlisted,n.a.
3224.,1941696826,FUJIFILM DIOSYNTH BIOTECHNOLOGIES CALIFORNIA INC.,US,"ATARA BIOTHERAPEUTICS INC.'S CELL THERAPY MANUFACTURING BUSINESS OPERATION IN THOUSAND OAKS, CALIFORNIA",US,Acquisition 100%Acquisition unknown % and 100%,Completed,"100,000.00",04.04.2022,100.00000,0.00000,100.00000,325412,325412,,,26.01.2022,Cash,Unlisted,"100,000"
,,,,"ATARA BIOTHERAPEUTICS INC.'S CELL THERAPY MANUFACTURING FACILITY IN THOUSAND OAKS, CALIFORNIA",US,,,,,100.00000,0.00000,100.00000,325412,,,,,,Unlisted,
3225.,1941670375,SARCOS TECHNOLOGY & ROBOTICS CORPORATION,US,RE2 INC.,US,Acquisition 100%,Completed,"100,000.00",25.04.2022,100.00000,0.00000,100.00000,333249,333249,PDYN,,28.03.2022,Cash,Unlisted,"30,000"
,,,,,,,,,,,,,,,,,,Shares,,"70,000"
,,,,,,,,,,,,,,,,,,Cash Reserves,,n.a.
3226.,1941656722,CENTURY NEVADA ACQUISITION INC.,US,NUGGET SPARKS LLC,US,Acquisition 100%,Completed,"100,000.00",03.04.2023,100.00000,0.00000,100.00000,721120,713210,,,23.02.2022,,Unlisted,n.a.
3227.,1941654261,OMNICELL INC.,US,RECEPT HOLDINGS INC.,US,Acquisition 100%,Completed,"100,000.00",29.12.2021,100.00000,0.00000,100.00000,446110,511210,OMCL,,02.12.2021,Cash,Unlisted,"100,000"
,,,,,,,,,,,,,,,,,,Cash Reserves,,n.a.
3228.,1941649740,BENESTAR BRANDS LLC,US,4505 MEATS INC.,US,Acquisition 100%,Completed,"100,000.00",01.02.2022,100.00000,0.00000,100.00000,311919,311919,,,01.02.2022,,Unlisted,n.a.
3229.,1941635765,NEXSTAR MEDIA GROUP INC.,US,"CW NETWORK LLC, THE",US,Acquisition 75%,Completed,"100,000.00",03.10.2022,75.00000,0.00000,75.00000,515120,515120,NXST,,15.08.2022,Liabilities,Unlisted,"100,000"
3230.,1941616459,SPS COMMERCE INC.,US,DATA MASONS SOFTWARE LLC,US,Acquisition 100%,Completed,"100,000.00",17.12.2020,100.00000,0.00000,100.00000,511210,518210,SPSC,,17.12.2020,Cash,Unlisted,"100,000"
3231.,1941577743,HIBERCELL INC.,US,GENUITY SCIENCE INC.,US,Acquisition 100%,Completed,"100,000.00",16.08.2021,100.00000,0.00000,100.00000,518210,541713,,,16.08.2021,Cash assumed,Unlisted,n.a.
,,,,,,,,,,,,,,,,,,Shares,,n.a.
,,,,,,,,,,,,,,,,,,Cash,,n.a.
3232.,1941533585,NORTH STAR VENTURE MANAGEMENT 2000 LLC,US,DYNO THERAPEUTICS INC.,US,Acquisition unknown stake %,Completed,"100,000.00",06.05.2021,Unknown %,Unknown %,Unknown %,541713,523910,,,06.05.2021,Cash,Unlisted,"100,000"
,,LUX CAPITAL MANAGEMENT LLC,US,,,,,,,,,,,523910,,,,,,
,,AH CAPITAL MANAGEMENT LLC,US,,,,,,,,,,,523910,,,,,,
,,CASDIN CAPITAL LLC,US,,,,,,,,,,,523920,,,,,,
,,CRV LLC,US,,,,,,,,,,,523910,,,,,,
,,GV,US,,,,,,,,,,,525990,,,,,,
,,OBVIOUS MANAGEMENT SERVICES LLC,US,,,,,,,,,,,541611,,,,,,
,,KDT VENTURES LLC,US,,,,,,,,,,,523910,,,,,,
3233.,1941510579,VIA TRANSPORTATION INC.,US,REMIX SOFTWARE INC.,US,Acquisition 100%,Completed,"100,000.00",10.03.2021,100.00000,0.00000,100.00000,518210,518210,,,10.03.2021,Shares,Unlisted,n.a.
,,,,,,,,,,,,,,,,,,Cash,,n.a.
3234.,1941480585,WYNDHAM DESTINATIONS INC.,US,MEREDITH CORPORATION'S TRAVEL + LEISURE BRAND AND ALL RELATED ASSETS,US,Acquisition 100%,Completed,"100,000.00",06.01.2021,100.00000,0.00000,100.00000,511120,531190,TNL,,06.01.2021,Cash Reserves,Unlisted,n.a.
,,,,,,,,,,,,,,,,,,Cash,,"100,000"
,,,,,,,,,,,,,,,,,,Deferred payment,,n.a.
3235.,1941439238,PAGERDUTY INC.,US,RUNDECK INC.,US,Acquisition 100%,Completed,"100,000.00",01.10.2020,100.00000,0.00000,100.00000,511210,518210,PD,,21.09.2020,Shares,Unlisted,"40,000"
,,,,,,,,,,,,,,,,,,Cash,,"60,000"
3236.,1941365321,APPLE INC.,US,NEXTVR INC.,US,Acquisition 100%,Completed,"100,000.00",14.05.2020,100.00000,0.00000,100.00000,518210,334111,AAPL,,14.05.2020,,Unlisted,n.a.
3237.,1941318130,ANIKA THERAPEUTICS INC.,US,ARTHROSURFACE INC.,US,Acquisition 100%,Completed,"100,000.00",03.02.2020,100.00000,0.00000,100.00000,339113,325412,ANIK,,06.01.2020,Earn-out,Unlisted,"40,000"
,,,,,,,,,,,,,,,,,,Cash,,n.a.
,,,,,,,,,,,,,,,,,,Cash Reserves,,n.a.
3238.,1941279749,MERCURY SYSTEMS INC.,US,AMERICAN PANEL CORPORATION,US,Acquisition 100%,Completed,"100,000.00",23.09.2019,100.00000,0.00000,100.00000,334511,511210,MRCY,,30.07.2019,Cash,Unlisted,"100,000"
3239.,1941266348,ACCEL ENTERTAINMENT INC.,US,GRAND RIVER JACKPOT LLC,US,Acquisition 100%,Completed,"100,000.00",16.09.2019,100.00000,0.00000,100.00000,713990,713290,,,29.08.2019,Cash,Unlisted,"100,000"
3240.,1941237556,SHOPIFY INC.,CA,HANDSHAKE CORPORATION,US,Acquisition 100%,Completed,"100,000.00",23.05.2019,100.00000,0.00000,100.00000,518210,518210,SHOP,,23.05.2019,,Unlisted,n.a.
,,MR GLEN COATES,US,,,,,,,,,,,525920,,,,,,
3241.,1941234070,SISENSE INC.,US,PERISCOPE INC.,US,Acquisition 100%,Completed,"100,000.00",14.05.2019,100.00000,0.00000,100.00000,518210,518210,,,14.05.2019,Shares,Unlisted,"100,000"
3242.,1941190343,EDWARDS LIFESCIENCES CORPORATION,US,CAS MEDICAL SYSTEMS INC.,US,Acquisition 100%,Completed,"100,000.00",18.04.2019,100.00000,0.00000,100.00000,334510,339113,EW,CASM,12.02.2019,Cash,Delisted,"100,000"
3243.,1941179611,DANFOSS POWER SOLUTIONS INC.,US,UQM TECHNOLOGIES INC.,US,Acquisition 100%,Completed,"100,000.00",31.07.2019,100.00000,0.00000,100.00000,335312,336390,SHS,UQM,21.01.2019,Cash,Delisted,"100,000"
3244.,1941173310,H&E EQUIPMENT SERVICES INC.,US,WE RENT IT INC.,US,Acquisition 100%,Completed,"100,000.00",04.02.2019,100.00000,0.00000,100.00000,532412,532412,HEES,,08.01.2019,Cash,Unlisted,"100,000"
3245.,1939056843,GTY TECHNOLOGY HOLDINGS INC. (OLD),KY,ECIVIS INC.,US,Acquisition 100%,Completed,"100,000.00",19.02.2019,100.00000,0.00000,100.00000,518210,525990,,,12.09.2018,Cash,Unlisted,"30,000"
,,,,,,,,,,,,,,,,,,Shares,,"70,000"
,,,,,,,,,,,,,,,,,,Earn-out,,"50,000"
3246.,2008324049,PAYWARD INC.,US,SMALL EXCHANGE INC.,US,Acquisition 100%,Completed,"100,000.00",16.10.2025,100.00000,0.00000,100.00000,518210,518210,,,16.10.2025,Cash,Unlisted,"32,500"
,,,,,,,,,,,,,,,,,,Shares,,"67,500"
3247.,2008312236,PAYWARD INC.,US,SMALL EXCHANGE INC.,US,Acquisition 100%,Completed,"100,000.00",16.10.2025,100.00000,0.00000,100.00000,518210,518210,,,16.10.2025,Cash,Unlisted,"32,500"
,,,,,,,,,,,,,,,,,,Shares,,"67,500"
3248.,2008028337,WESTWOOD INSURANCE AGENCY LLC,US,HIPPO HOLDINGS INC.'S HOMEBUILDER DISTRIBUTION NETWORK,US,Acquisition 100%,Completed,"100,000.00",01.07.2025,100.00000,0.00000,100.00000,524210,524210,,,12.06.2025,,Unlisted,n.a.
3249.,2007842591,NEWSELA INC.,US,GENERATION GENIUS INC.,US,Acquisition 100%,Completed,"100,000.00",05.02.2025,100.00000,0.00000,100.00000,611710,518210,,,05.02.2025,Earn-out,Unlisted,n.a.
,,,,,,,,,,,,,,,,,,Cash,,n.a.
3250.,2007821609,FLEXERA SOFTWARE LLC,US,NETAPP INC.'S SPOT BY NETAPP FINOPS BUSINESS,US,Acquisition 100%,Completed,"100,000.00",03.03.2025,100.00000,0.00000,100.00000,511210,518210,,,15.01.2025,,Unlisted,n.a.
3251.,2007802992,KAKEN INVESTMENT INC.,US,AADI SUBSIDIARY INC.,US,Acquisition 100%,Completed,"100,000.00",27.03.2025,100.00000,0.00000,100.00000,325412,525990,,,23.12.2024,Cash,Unlisted,"100,000"
3252.,2007210387,"RMR GROUP INC., THE",US,MPC PARTNERSHIP HOLDINGS LLC,US,Acquisition 100%,Completed,"100,000.00",19.12.2023,100.00000,0.00000,100.00000,518210,523920,RMR,,31.07.2023,Earn-out,Unlisted,"20,000"
,,,,,,,,,,,,,,,,,,Cash Reserves,,n.a.
,,,,,,,,,,,,,,,,,,Cash,,n.a.
3253.,2007187239,COLUMBIA PROPERTY TRUST INC.,US,NORMANDY REAL ESTATE MANAGEMENT LLC,US,Acquisition 100%,Completed,"100,000.00",27.01.2020,100.00000,0.00000,100.00000,531390,531120,CXP,,16.10.2019,Shares,Unlisted,"86,500"
,,,,,,,,,,,,,,,,,,Cash,,"13,500"
3254.,2007091264,ESSENT US HOLDINGS INC.,US,AGENTS NATIONAL TITLE HOLDING COMPANY,US,Acquisition 100%,Completed,"100,000.00",10.07.2023,100.00000,0.00000,100.00000,524127,522310,,,02.02.2023,,Unlisted,n.a.
,,,,BOSTON NATIONAL HOLDINGS LLC,US,,,,,100.00000,0.00000,100.00000,522310,,,,,,Unlisted,
3255.,2007043014,EOTECH LLC,US,INTEVAC INC.'S PHOTONICS BUSINESS ASSETS,US,Acquisition 100%,Completed,"100,000.00",31.12.2021,100.00000,0.00000,100.00000,333316,333314,,,31.12.2021,Cash,Unlisted,n.a.
,,,,,,,,,,,,,,,,,,Earn-out,,"30,000"
3256.,2007013236,VECTOR SOLUTIONS INC.,US,EVERFI INC.'S HIGHER EDUCATION BUSINESS,US,Acquisition 100%,Completed,"100,000.00",20.07.2021,100.00000,0.00000,100.00000,518210,518210,,,20.07.2021,,Unlisted,n.a.
3257.,1941705887,"BOSTON SOLAR COMPANY LLC, THE",US,ECODAPTIVE INC.,US,Acquisition 100%,Completed,"100,000.00",21.06.2022,100.00000,0.00000,100.00000,523920,238210,,,21.06.2022,,Unlisted,n.a.
3258.,1941702710,OAKTREE CAPITAL MANAGEMENT LP,US,UNDISCLOSED PRIVATE SELLER'S CERTAIN EAST TEXAS UPSTREAM ASSETS AND RELATED FACILITIES,US,Acquisition 57.5%,Completed,"100,000.00",26.04.2022,57.50000,0.00000,57.50000,211120,523910,,,26.04.2022,Cash,Unlisted,n.a.
,,DIVERSIFIED ENERGY COMPANY PLC,GB,,,,,,,,,,,211120,,,,Cash Reserves,,n.a.
3259.,1941702498,BANK PLUS CORPORATION,US,FIRST TRUST CORPORATION,US,Acquisition 100%,Completed,"100,000.00",01.03.2022,100.00000,0.00000,100.00000,522110,551111,BPLS,,29.09.2021,Shares,Unlisted,n.a.
,,,,,,,,,,,,,,,,,,Cash,,"100,000"
3260.,1941659016,ROMAN HEALTH VENTURES INC.,US,DADI INC.,US,Acquisition 100%,Completed,"100,000.00",01.03.2022,100.00000,0.00000,100.00000,621511,621310,,,01.03.2022,,Unlisted,n.a.
3261.,1941596211,SPORTSMAP TECH ACQUISITION CORPORATION,US,INFRARED CAMERAS HOLDINGS INC.,US,Acquisition 100%,Completed,"100,000.00",19.12.2023,100.00000,0.00000,100.00000,333316,525990,MSAI,,05.12.2022,Shares,Unlisted,n.a.
,,,,,,,,,,,,,,,,,,Earn-out,,n.a.
3262.,1941498541,CORCENTRIC LLC,US,VENDORIN INC.,US,Acquisition 100%,Completed,"100,000.00",16.02.2021,100.00000,0.00000,100.00000,518210,511210,,,16.02.2021,Cash,Unlisted,"100,000"
,,,,,,,,,,,,,,,,,,Cash Reserves,,n.a.
3263.,1941658811,TARO PHARMACEUTICALS USA INC.,US,"PROACTIV COMPANY CORPORATION, THE",CA,Acquisition 100%,Completed,"99,279.00",28.02.2022,100.00000,0.00000,100.00000,325412,325412,,,22.02.2022,Cash,Unlisted,"99,279"
,,,,GALDERMA HOLDINGS INC.,US,,,,,100.00000,0.00000,100.00000,325412,,,,,,Unlisted,
,,,,PROACTIV YK,JP,,,,,100.00000,0.00000,100.00000,325412,,,,,,Unlisted,
3264.,2007297527,CENTRAL VALLEY COMMUNITY BANCORP,US,COMMUNITY WEST BANCSHARES,US,Acquisition 100%,Completed,"99,002.00",01.04.2024,100.00000,0.00000,100.00000,551111,522110,CWBC,CWBC,10.10.2023,Shares,Delisted,"99,002"
3265.,2007317262,CREDITORS,,ASPEN VALLEY RANCH,US,Acquisition 100%,Completed,"99,000.00",25.10.2023,100.00000,0.00000,100.00000,525920,525920,,,25.10.2023,,Unlisted,n.a.
,,UBS O'CONNOR LLC,US,,,,,,,,,,,523920,,,,,,
,,NINETEEN77 CAPITAL SOLUTIONS A LP,US,,,,,,,,,,,525990,,,,,,
,,BERMUDEZ MUTUARI LTD,VG,,,,,,,,,,,551114,,,,,,
,,WILMINGTON TRUST NATIONAL ASSOCIATION,US,,,,,,,,,,,523991,,,,,,
3266.,2008032349,INSPYR SOLUTIONS LLC,US,BGSF INC.'S PROFESSIONAL DIVISION,US,Acquisition 100%,Completed,"99,000.00",08.09.2025,100.00000,0.00000,100.00000,561320,561311,,,16.06.2025,Cash,Unlisted,"99,000"
3267.,1941725115,DEL MONTE FOODS INC.,US,MCCORMICK & COMPANY INC.'S KITCHEN BASICS BRAND ASSETS,US,Acquisition 100%,Completed,"99,000.00",03.08.2022,100.00000,0.00000,100.00000,311615,311421,,,03.08.2022,,Unlisted,n.a.
3268.,2007005169,RA MEDICAL SYSTEMS INC.,US,CATHETER PRECISION INC.,US,Acquisition 100%,Completed,"98,735.00",09.01.2023,100.00000,0.00000,100.00000,339112,334510,VTAK,VTAK,09.09.2022,Shares,Listed,"98,735"
3269.,2008493837,BARINGS LLC,US,MMG AT EVERGREEN WALK INC.,US,Acquisition 100%,Completed,"98,250.00",23.12.2025,100.00000,0.00000,100.00000,424590,523920,,,23.12.2025,,Unlisted,n.a.
,,BRAND STREET PROPERTIES LLC,US,,,,,,,,,,,531311,,,,,,
3270.,2008593254,APPLE HOSPITALITY REIT INC.,US,HILTON NASHVILLE DOWNTOWN,US,Acquisition 100%,Completed,"98,200.00",22.12.2025,100.00000,0.00000,100.00000,721110,531120,APLE,,22.12.2025,,Unlisted,n.a.
3271.,1941652651,DAK AMERICAS LLC,US,CARBONLITE HOLDINGS LLC'S PENNSYLVANIA ASSETS,US,Acquisition 100%,Completed,"98,100.00",07.06.2021,100.00000,0.00000,100.00000,562920,325211,,,05.05.2021,,Unlisted,n.a.
3272.,1941155242,SEMPRA ENERGY,US,SHARYLAND UTILITIES LP,US,Acquisition 50%,Completed,"98,000.00",16.05.2019,50.00000,0.00000,50.00000,531120,221112,SRE,,18.10.2018,,Unlisted,n.a.
3273.,2008131124,KEURIG DR PEPPER INC.,US,DYLA LLC,US,Acquisition unknown remaining stake %,Completed,"98,000.00",02.06.2025,Unknown remaining %,Unknown minority,100.00000,312120,312111,KDP,,02.06.2025,Cash,Unlisted,"72,000"
3274.,2008153561,XOMA ROYALTY CORPORATION,US,HILLEVAX INC.,US,Acquisition 100%,Completed,"97,775.00",17.09.2025,100.00000,0.00000,100.00000,541713,541713,XOMA,HLVX,04.08.2025,Earn-out,Listed,n.a.
,,,,,,,,,,,,,,,,,,Cash,,"97,775"
3275.,2007096646,SPLIT ROCK RESOURCES LLC,US,"NON-OPERATED PERMIAN BASIN OIL AND GAS ASSETS IN DELAWARE,LEA COUNTIES, NEW MEXICO AND TEXAS",US,Acquisition 100%,Completed,"97,500.00",18.01.2022,100.00000,0.00000,100.00000,211120,213112,,,18.01.2022,Cash,Unlisted,"97,500"
3276.,1939049431,VERA BRADLEY INC.,US,CREATIVE GENIUS LLC,US,Acquisition 75%,Completed,"97,500.00",16.07.2019,75.00000,0.00000,75.00000,339910,316998,VRA,,20.06.2019,Cash,Unlisted,"97,500"
,,,,,,,,,,,,,,,,,,Earn-out,,"22,500"
,,,,,,,,,,,,,,,,,,Cash Reserves,,n.a.
3277.,2008504990,JANUS INTERNATIONAL GROUP INC.,US,KIWI II CONSTRUCTION INC.'S ASSETS,US,Acquisition 100%,Completed,"97,200.00",08.01.2026,100.00000,0.00000,100.00000,236210,334290,JBI,,08.01.2026,Cash,Unlisted,"97,200"
3278.,1941708162,LIQUIDIA TECHNOLOGIES INC.,US,RAREGEN LLC,US,Acquisition 100%,Completed,"96,737.00",18.11.2020,100.00000,0.00000,100.00000,523910,541713,LQDA,,29.06.2020,Earn-out,Unlisted,"29,521"
,,,,,,,,,,,,,,,,,,Shares,,"96,737"
3279.,2008523128,INVITATION HOMES INC.,US,RESIBUILT HOMES LLC,US,Acquisition 100%,Completed,"96,500.00",16.01.2026,100.00000,0.00000,100.00000,236115,531110,INVH,,16.01.2026,Earn-out,Unlisted,n.a.
3280.,1941386198,KLX ENERGY SERVICES HOLDINGS INC.,US,RED BONE SERVICES LLC,US,Acquisition 100%,Completed,"96,500.00",20.03.2019,100.00000,0.00000,100.00000,213112,213112,KLXE,,20.03.2019,Cash,Unlisted,"14,500"
,,,,TECTON ENERGY SERVICES LLC,US,,,,,100.00000,0.00000,100.00000,213112,,,,,Liabilities,Unlisted,"14,500"
,,,,,,,,,,,,,,,,,,Shares,,"67,500"
3281.,1941551712,LAKE MICHIGAN CREDIT UNION,US,PILOT BANCSHARES INC.,US,Acquisition 100%,Completed,"96,124.00",21.12.2021,100.00000,0.00000,100.00000,522110,522130,,PLBN,16.06.2021,Cash,Delisted,"96,124"
3282.,2007964490,INFINX INC.,US,I3 VERTICALS INC.'S HEALTHCARE REVENUE CYCLE MANAGEMENT BUSINESS,US,Acquisition 100%,Completed,"96,000.00",05.05.2025,100.00000,0.00000,100.00000,541618,518210,,,05.05.2025,Cash,Unlisted,"96,000"
3283.,2007176576,MAYVILLE ENGINEERING COMPANY INC.,US,MID-STATES ALUMINUM CORPORATION,US,Acquisition 100%,Completed,"96,000.00",01.07.2023,100.00000,0.00000,100.00000,331318,332999,MEC,,20.06.2023,,Unlisted,n.a.
3284.,1941440797,CROWDSTRIKE HOLDINGS INC.,US,PREEMPT SECURITY INC.,US,Acquisition 100%,Completed,"96,000.00",30.09.2020,100.00000,0.00000,100.00000,518210,518210,CRWD,,23.09.2020,Cash,Unlisted,"86,000"
,,,,,,,,,,,,,,,,,,Shares,,"10,000"
3285.,2008120624,MERCANTILE BANK CORPORATION,US,EASTERN MICHIGAN FINANCIAL CORPORATION,US,Acquisition 100%,Completed,"95,800.00",31.12.2025,100.00000,0.00000,100.00000,522110,522110,MBWM,EFIN,22.07.2025,Shares,Delisted,"53,790"
,,,,,,,,,,,,,,,,,,Cash,,"42,010"
3286.,2008344499,GLEIBERMAN PROPERTIES INC.,US,DOCKSIDE APARTMENTS,US,Acquisition 100%,Completed,"95,600.00",30.10.2025,100.00000,0.00000,100.00000,531110,531311,,,30.10.2025,,Unlisted,n.a.
3287.,2007583731,KARL STORZ ENDOSCOPY-AMERICA INC.,US,ASENSUS SURGICAL INC.,US,Acquisition 100%,Completed,"95,316.00",22.08.2024,100.00000,0.00000,100.00000,339112,339112,,ASXC,06.06.2024,Cash,Delisted,"95,316"
3288.,2008690230,INFOSYS NOVA HOLDINGS LLC,US,STRATUS GLOBAL LLC,US,Acquisition 100%,Completed,"95,000.00",23.04.2026,100.00000,0.00000,100.00000,524126,551114,,,25.03.2026,,Unlisted,n.a.
3289.,2007404132,VERACYTE INC.,US,C2I GENOMICS INC.,US,Acquisition 100%,Completed,"95,000.00",06.02.2024,100.00000,0.00000,100.00000,518210,541713,VCYT,,08.01.2024,Earn-out,Unlisted,"25,000"
,,,,,,,,,,,,,,,,,,Shares,,"70,000"
3290.,1941544394,ENCOMPASS HEALTH CORPORATION,US,"FRONTIER HOME HEALTH AND HOSPICE LLC'S HOME HEALTH AND HOSPICE ASSETS IN ALASKA, COLORADO, MONTANA, WASHINGTON AND WYOMING",US,Acquisition 100%,Completed,"95,000.00",01.06.2021,100.00000,0.00000,100.00000,621610,621610,EHC,,26.04.2021,Cash,Unlisted,"95,000"
,,,,,,,,,,,,,,,,,,Cash Reserves,,n.a.
3291.,1941318109,ANIKA THERAPEUTICS INC.,US,PARCUS MEDICAL LLC,US,Acquisition 100%,Completed,"95,000.00",24.01.2020,100.00000,0.00000,100.00000,339113,325412,ANIK,,06.01.2020,Cash,Unlisted,n.a.
,,,,,,,,,,,,,,,,,,Earn-out,,"60,000"
,,,,,,,,,,,,,,,,,,Cash Reserves,,n.a.
3292.,1941290970,MEASUREMENT SPECIALTIES INC.,US,SILICON MICROSTRUCTURES INC.,US,Acquisition 100%,Completed,"95,000.00",30.09.2019,100.00000,0.00000,100.00000,334413,334413,MEAS,,20.09.2019,Liabilities,Unlisted,n.a.
3293.,2007060009,DROPBOX INC.,US,KING STREET LABS LLC,US,Acquisition 100%,Completed,"95,000.00",15.12.2022,100.00000,0.00000,100.00000,518210,518210,DBX,,15.12.2022,Cash,Unlisted,"95,000"
3294.,1941633471,UFP TECHNOLOGIES INC.,US,DAS MEDICAL HOLDINGS LLC,US,Acquisition 100%,Completed,"95,000.00",21.12.2021,100.00000,0.00000,100.00000,339113,326140,UFPT,,21.12.2021,Cash,Unlisted,n.a.
,,,,,,,,,,,,,,,,,,Earn-out,,n.a.
3295.,1941446965,RITE AID CORPORATION,US,"BARTELL DRUG COMPANY, THE",US,Acquisition 100%,Completed,"95,000.00",18.12.2020,100.00000,0.00000,100.00000,446110,446110,RTA1,,07.10.2020,Cash,Unlisted,"95,000"
3296.,1941334119,BIOPHARMX CORPORATION,US,TIMBER PHARMACEUTICALS LLC,US,Acquisition 100%,Completed,"94,989.00",18.05.2020,100.00000,0.00000,100.00000,541715,541713,TMBRQ,,28.01.2020,Shares,Unlisted,"94,989"
3297.,2007058819,VALLON PHARMACEUTICALS INC.,US,GLYCOREGIMMUNE INC.,US,Acquisition 100%,Completed,"94,841.00",21.04.2023,100.00000,0.00000,100.00000,541713,325412,GRI,,13.12.2022,Shares,Unlisted,"94,841"
3298.,2007134787,FOXCONN EV TECHNOLOGY INC.,US,FOXCONN EV SYSTEM LLC,US,Acquisition increased from 100% to 100%,Completed,"94,537.00",12.04.2023,Unknown %,100.00000,100.00000,336111,336111,,,06.03.2023,Business assets,Unlisted,"9,287"
,,,,,,,,,,,,,,,,,,Cash,,"85,200"
3299.,1941114689,BLUE WATER ENERGY LLP,GB,VAREL INTERNATIONAL ENERGY SERVICES INC.,US,Acquisition 70%,Completed,"94,390.77",12.03.2020,70.00000,0.00000,70.00000,333132,523910,,,28.10.2019,Liabilities,Unlisted,n.a.
,,NIXON ENERGY INVESTMENTS LLC,US,,,,,,,,,,,523910,,,,,,
3300.,2008343109,FIRST MID BANCSHARES INC.,US,TWO RIVERS FINANCIAL GROUP INC.,US,Acquisition 100%,Completed,"94,100.00",28.02.2026,100.00000,0.00000,100.00000,551111,522110,FMBH,TRVR,30.10.2025,Shares,Delisted,"94,100"
3301.,1941663149,REDWOODS ACQUISITION CORPORATION,US,ANEW MEDICAL INC.,US,Acquisition 100%,Completed,"94,000.00",21.06.2024,100.00000,0.00000,100.00000,541713,525990,,GRML,30.05.2023,Shares,Listed,"94,000"
,,,,,,,,,,,,,,,,,,Liabilities,,n.a.
,,,,,,,,,,,,,,,,,,Earn-out,,n.a.
3302.,1941353134,BASIC ENERGY SERVICES INC.,US,C&J WELL SERVICES INC.,US,Acquisition 100%,Completed,"94,000.00",09.03.2020,100.00000,0.00000,100.00000,213112,213112,BASXQ,,09.03.2020,Cash,Unlisted,"59,000"
,,,,,,,,,,,,,,,,,,Bonds,,"34,000"
3303.,2007094238,CTO REALTY GROWTH INC.,US,WEST BROAD VILLAGE,US,Acquisition 100%,Completed,"93,900.00",17.10.2022,100.00000,0.00000,100.00000,452210,531120,CTO,,17.10.2022,Cash,Unlisted,"35,000"
3304.,2008630450,AXOS BANK,US,VERDANT COMMERCIAL CAPITAL LLC,US,Acquisition 100%,Completed,"93,500.00",30.09.2025,100.00000,0.00000,100.00000,522220,522110,,,22.09.2025,Cash,Unlisted,"43,500"
,,,,,,,,,,,,,,,,,,Earn-out,,"50,000"
3305.,2007017101,CRYPTYDE INC.,US,FOREVER 8 FUND LLC,US,Acquisition 100%,Completed,"93,400.00",04.10.2022,100.00000,0.00000,100.00000,523910,511210,ORBS,,15.09.2022,Earn-out,Unlisted,"37,000"
,,,,,,,,,,,,,,,,,,Liabilities,,"7,400"
,,,,,,,,,,,,,,,,,,Bonds,,"27,500"
,,,,,,,,,,,,,,,,,,Shares,,n.a.
,,,,,,,,,,,,,,,,,,Cash,,n.a.
3306.,1941197722,COMMUNITY BANK SYSTEM INC.,US,KINDERHOOK BANK CORPORATION,US,Acquisition 100%,Completed,"93,400.00",12.07.2019,100.00000,0.00000,100.00000,522110,522110,CBU,,22.01.2019,Cash,Unlisted,"93,400"
3307.,2007850379,FEDERAL SIGNAL CORPORATION,US,WATERBLASTING TECHNOLOGIES LLC'S ASSETS,US,Acquisition 100%,Completed,"93,100.00",12.02.2025,100.00000,0.00000,100.00000,333318,334290,FSS,,12.02.2025,Cash,Unlisted,n.a.
,,,,WATERBLASTING TECHNOLOGIES LLC'S OPERATIONS,US,,,,,100.00000,0.00000,100.00000,333318,,,,,Earn-out,Unlisted,"15,000"
,,,,,,,,,,,,,,,,,,Cash Reserves,,n.a.
3308.,1941727956,HEICO ELECTRONIC TECHNOLOGIES CORPORATION,US,SENSOR SYSTEMS INC.,US,Acquisition 100%,Completed,"93,035.00",11.08.2022,100.00000,0.00000,100.00000,334419,336413,,,11.08.2022,Cash,Unlisted,n.a.
,,,,,,,,,,,,,,,,,,Third party shares,,"93,035"
3309.,2008038154,WORTHINGTON ENTERPRISES INC.,US,ELGEN MANUFACTURING COMPANY INC.,US,Acquisition 100%,Completed,"93,000.00",19.06.2025,100.00000,0.00000,100.00000,423730,332312,WOR,,19.06.2025,Cash,Unlisted,"93,000"
,,,,,,,,,,,,,,,,,,Cash Reserves,,n.a.
3310.,2007864898,SKYWATER TECHNOLOGY INC.,US,SPANSION FAB 25 LLC,US,Acquisition 100%,Completed,"93,000.00",30.06.2025,100.00000,0.00000,100.00000,334413,334413,SKYT,,26.02.2025,Cash,Unlisted,"93,000"
3311.,2007108192,BRAZOS DELAWARE GAS LLC,US,RATTLER MIDSTREAM LP'S PECOS GAS GATHERING SYSTEM ASSETS,US,Acquisition 100%,Completed,"93,000.00",01.11.2021,100.00000,0.00000,100.00000,211120,213112,,,01.11.2021,Cash,Unlisted,n.a.
,,,,,,,,,,,,,,,,,,Earn-out,,"10,000"
3312.,2007079277,REPAY HOLDINGS CORPORATION,US,CPS PAYMENT SERVICES LLC,US,Acquisition 100%,Completed,"93,000.00",03.11.2020,100.00000,0.00000,100.00000,518210,518210,RPAY,,27.10.2020,Cash Reserves,Unlisted,n.a.
,,,,,,,,,,,,,,,,,,Cash,,n.a.
,,,,,,,,,,,,,,,,,,Earn-out,,"15,000"
3313.,1941249238,ALTIMMUNE INC.,US,SPITFIRE PHARMA INC.,US,Acquisition 100%,Completed,"93,000.00",15.07.2019,100.00000,0.00000,100.00000,541713,541713,ALT,,09.07.2019,Earn-out,Unlisted,"88,000"
,,,,,,,,,,,,,,,,,,Shares,,n.a.
,,,,,,,,,,,,,,,,,,Cash,,n.a.
,,,,,,,,,,,,,,,,,,Deferred payment,,n.a.
3314.,2007629188,RIOT PLATFORMS INC.,US,BLOCK MINING INC.,US,Acquisition 100%,Completed,"92,500.00",23.07.2024,100.00000,0.00000,100.00000,523130,518210,RIOT,,23.07.2024,Shares,Unlisted,n.a.
,,,,,,,,,,,,,,,,,,Cash Reserves,,n.a.
,,,,,,,,,,,,,,,,,,Earn-out,,n.a.
,,,,,,,,,,,,,,,,,,Cash,,n.a.
3315.,1941637547,CONVEY HEALTH SOLUTIONS HOLDINGS INC.,US,HEALTHSMART INTERNATIONAL,US,Acquisition 100%,Completed,"92,500.00",01.02.2022,100.00000,0.00000,100.00000,339112,518210,CNVY,,10.01.2022,Earn-out,Unlisted,"15,000"
,,,,,,,,,,,,,,,,,,Cash,,"92,500"
3316.,2008489528,REVOLUTION RESOURCES III LLC,US,AMPLIFY ENERGY CORPORATION'S ASSETS IN OKLAHOMA,US,Acquisition 100%,Completed,"92,500.00",29.12.2025,100.00000,0.00000,100.00000,211120,211120,,,05.11.2025,,Unlisted,n.a.
3317.,2008488898,REVOLUTION RESOURCES III LLC,US,AMPLIFY ENERGY CORPORATION'S ASSETS IN OKLAHOMA,US,Acquisition 100%,Completed,"92,500.00",29.12.2025,100.00000,0.00000,100.00000,211120,211120,,,05.11.2025,,Unlisted,n.a.
3318.,1941162687,MEREO US HOLDINGS INC.,US,ONCOMED PHARMACEUTICALS INC.,US,Acquisition 100%,Completed,"92,400.00",23.04.2019,100.00000,0.00000,100.00000,541713,551112,,OMED,05.12.2018,Cash,Delisted,"35,000"
,,,,,,,,,,,,,,,,,,Shares,,"57,400"
,,,,,,,,,,,,,,,,,,Earn-out,,n.a.
3319.,2008366619,MORGAN STANLEY REAL ESTATE FUND INC.,US,"INDUSTRIAL OUTDOOR STORAGE IN FONTANA, CALIFORNIA",US,Acquisition 100%,Completed,"92,000.00",06.11.2025,100.00000,0.00000,100.00000,493110,523110,,,06.11.2025,,Unlisted,n.a.
3320.,2007839745,STACK’S-BOWERS NUMISMATICS LLC,US,SPECTRUM GROUP INTERNATIONAL INC.,US,Acquisition 100%,Completed,"92,000.00",05.03.2025,100.00000,Unknown %,Unknown %,561990,454110,,SPGZ,03.02.2025,Cash,Delisted,"46,000"
,,,,,,,,,,,,,,,,,,Shares,,"46,000"
3321.,2007454893,FORTUNE BRANDS INNOVATIONS INC.,US,SPRINGWELL WATER FILTER SYSTEMS,US,Acquisition 100%,Completed,"92,000.00",29.02.2024,100.00000,0.00000,100.00000,221310,337110,FBIN,,29.02.2024,,Unlisted,n.a.
3322.,1941730293,PACIFIC ARCHITECTS AND ENGINEERS LLC,US,METIS SOLUTIONS LLC,US,Acquisition 100%,Completed,"92,000.00",23.11.2020,100.00000,0.00000,100.00000,928110,541330,,,16.11.2020,Cash Reserves,Unlisted,n.a.
,,,,,,,,,,,,,,,,,,Cash,,"92,000"
3323.,1941664276,ACRI CAPITAL MERGER SUB I INC.,US,FOXX DEVELOPMENT INC.,US,Acquisition 100%,Completed,"92,000.00",27.09.2024,100.00000,0.00000,100.00000,517919,525990,,,18.02.2024,Shares,Unlisted,"92,000"
,,,,,,,,,,,,,,,,,,Earn-out,,"42,000"
3324.,1941309399,PGT INNOVATIONS INC.,US,NEWSOUTH WINDOW SOLUTIONS LLC,US,Acquisition 100%,Completed,"92,000.00",03.02.2020,100.00000,0.00000,100.00000,326199,332321,PGTI,,10.12.2019,Cash,Unlisted,"92,000"
,,,,,,,,,,,,,,,,,,Cash Reserves,,n.a.
3325.,1941259943,RCI LLC,US,ALLIANCE RESERVATIONS NETWORK LLC,US,Acquisition 100%,Completed,"92,000.00",08.08.2019,100.00000,0.00000,100.00000,518210,561599,,,08.08.2019,Deferred payment,Unlisted,n.a.
,,,,,,,,,,,,,,,,,,Cash,,"67,000"
,,,,,,,,,,,,,,,,,,Third party shares,,"25,000"
3326.,2007022761,QUANEX BUILDING PRODUCTS CORPORATION,US,LMI CUSTOM MIXING LLC'S ASSETS,US,Acquisition 100%,Completed,"92,000.00",01.11.2024,100.00000,0.00000,100.00000,325211,332321,NX,,01.11.2022,Cash,Unlisted,"92,000"
,,,,,,,,,,,,,,,,,,Cash Reserves,,n.a.
3327.,2007027545,ATKORE INC.,US,ELITE POLYMER SOLUTIONS LLC'S ASSETS,US,Acquisition 100%,Completed,"91,600.00",08.11.2022,100.00000,0.00000,100.00000,326191,331210,ATKR,,08.11.2022,,Unlisted,n.a.
3328.,1941664245,ARIZONA FEDERAL CREDIT UNION,US,HORIZON COMMUNITY BANK,US,Acquisition 100%,Completed,"91,400.00",01.10.2022,100.00000,0.00000,100.00000,522110,522130,,,10.03.2022,Cash,Unlisted,"91,400"
,,,,,,,,,,,,,,,,,,Liabilities,,n.a.
3329.,1941516987,OMNI CABLE LLC,US,HOUSTON WIRE & CABLE COMPANY,US,Acquisition 100%,Completed,"91,000.00",15.06.2021,100.00000,0.00000,100.00000,423610,423690,,HWCC,25.03.2021,Cash,Delisted,"91,000"
3330.,1941271420,FIRST COMMUNITY BANCSHARES INC.,US,HIGHLANDS BANKSHARES INC.,US,Acquisition 100%,Completed,"91,000.00",31.12.2019,100.00000,0.00000,100.00000,522110,522110,FCBC,HLND,11.09.2019,Shares,Delisted,"91,000"
3331.,1941350183,SUPERCONDUCTOR TECHNOLOGIES INC.,US,ALLIED INTEGRAL UNITED INC.,US,Acquisition 100%,Completed,"90,917.00",10.09.2021,100.00000,0.00000,100.00000,623110,335931,CLRD,,03.03.2020,Shares,Unlisted,"90,917"
3332.,2007735492,INVO BIOSCIENCE INC.,US,NAYA BIOSCIENCES INC.,US,Acquisition 100%,Completed,"90,750.00",11.10.2024,100.00000,0.00000,100.00000,325414,541715,NAYA,,26.10.2023,Shares,Unlisted,"90,750"
3333.,2008440350,RANGER ENERGY SERVICES INC.,US,AMERICAN WELL SERVICES LLC,US,Acquisition 100%,Completed,"90,500.00",10.11.2025,100.00000,0.00000,100.00000,213112,213112,RNGR,,10.11.2025,Shares,Unlisted,n.a.
,,,,,,,,,,,,,,,,,,Cash Reserves,,n.a.
,,,,,,,,,,,,,,,,,,Cash,,n.a.
,,,,,,,,,,,,,,,,,,Earn-out,,"5,000"
3334.,2008377881,RANGER ENERGY SERVICES INC.,US,AMERICAN WELL INTERMEDIATE HOLDINGS LLC,US,Acquisition 100%,Completed,"90,500.00",10.11.2025,100.00000,0.00000,100.00000,423830,213112,RNGR,,10.11.2025,Cash,Unlisted,n.a.
,,,,,,,,,,,,,,,,,,Shares,,n.a.
,,,,,,,,,,,,,,,,,,Cash Reserves,,n.a.
,,,,,,,,,,,,,,,,,,Earn-out,,"5,000"
3335.,2007039893,NEXTGEN HEALTHCARE INC.,US,TSI HEALTHCARE INC.,US,Acquisition 100%,Completed,"90,500.00",30.11.2024,100.00000,0.00000,100.00000,541512,518210,NXGN,,30.11.2022,Earn-out,Unlisted,"22,000"
,,,,,,,,,,,,,,,,,,Cash,,"90,500"
3336.,2007121999,FIRST MID BANCSHARES INC.,US,BLACKHAWK BANCORP INC.,US,Acquisition 100%,Completed,"90,300.00",15.08.2023,100.00000,0.00000,100.00000,522110,522110,FMBH,BHWB,21.03.2023,Shares,Delisted,"90,300"
3337.,2007247293,ZEVRA THERAPEUTICS INC.,US,ACER THERAPEUTICS INC.,US,Acquisition 100%,Completed,"90,287.00",17.11.2023,100.00000,0.00000,100.00000,541715,541713,ZVRA,ACER,31.08.2023,Earn-out,Delisted,"76,000"
,,,,,,,,,,,,,,,,,,Shares,,"14,287"
,,,,,,,,,,,,,,,,,,Cash,,"76,000"
3338.,2008445099,WONDER GROUP INC.,US,TASTEMADE INC.,US,Acquisition 100%,Completed,"90,000.00",12.03.2025,100.00000,0.00000,100.00000,518210,511210,,,12.03.2025,,Unlisted,n.a.
3339.,2007925033,SELECT WATER SOLUTIONS INC.,US,TRI STATE WATER LOGISTICS LLC'S SALTWATER DISPOSAL ASSETS IN TEXAS,US,Acquisition 100%,Completed,"90,000.00",30.01.2024,100.00000,0.00000,100.00000,221310,221310,WTTR,,30.01.2024,Cash,Unlisted,"90,000"
,,,,IRON MOUNTAIN ENERGY LLC'S SALTWATER DISPOSAL ASSETS IN TEXAS,US,,,,,100.00000,0.00000,100.00000,221310,,,,,,Unlisted,
3340.,2007918262,KARMAN HOLDINGS INC.,US,METAL TECHNOLOGY INC.,US,Acquisition 100%,Completed,"90,000.00",04.04.2025,100.00000,0.00000,100.00000,333517,336419,KRMN,,04.04.2025,Cash,Unlisted,"90,000"
3341.,2007880816,WONDER GROUP INC.,US,TASTEMADE INC.,US,Acquisition 100%,Completed,"90,000.00",12.03.2025,100.00000,0.00000,100.00000,518210,511210,,,12.03.2025,,Unlisted,n.a.
3342.,2007877219,SUMMIT MIDSTREAM HOLDINGS LLC,US,MOONRISE MIDSTREAM LLC,US,Acquisition 100%,Completed,"90,000.00",10.03.2025,100.00000,0.00000,100.00000,211120,211120,,,10.03.2025,Third party shares,Unlisted,"20,000"
,,,,,,,,,,,,,,,,,,Cash,,"70,000"
3343.,2007819836,PLAINS PIPELINE LP,US,MIDWAY PIPELINE LLC,US,Acquisition increased from 50% to 100%,Completed,"90,000.00",23.12.2024,50.00000,50.00000,100.00000,486210,486110,,,23.12.2024,Cash,Unlisted,"90,000"
3344.,2007124906,PETRODOME OPERATING LLC,US,UNDISCLOSED PRODUCING OIL AND GAS ASSETS IN TEXAS AND LOUISIANA,US,Acquisition 100%,Completed,"90,000.00",02.01.2019,100.00000,0.00000,100.00000,211120,211120,,,02.01.2019,,Unlisted,n.a.
3345.,1941679611,BREX INC.,US,PRY FINANCIALS INC.,US,Acquisition 100%,Completed,"90,000.00",19.04.2022,100.00000,0.00000,100.00000,518210,518210,,,19.04.2022,,Unlisted,n.a.
3346.,1941624091,LATHAM GROUP INC.,US,RADIANT POOLS,US,Acquisition 100%,Completed,"90,000.00",30.11.2021,100.00000,0.00000,100.00000,326199,326199,SWIM,,30.11.2021,Cash,Unlisted,"90,000"
,,,,,,,,,,,,,,,,,,Cash Reserves,,n.a.
3347.,1941622659,PROS HOLDINGS INC.,US,EVERYMUNDO LLC,US,Acquisition 100%,Completed,"90,000.00",30.11.2021,100.00000,0.00000,100.00000,511210,518210,PRO,,30.11.2021,Deferred payment,Unlisted,n.a.
,,,,,,,,,,,,,,,,,,Cash,,"80,000"
,,,,,,,,,,,,,,,,,,Shares,,"10,000"
3348.,1941610293,LIBERTY OILFIELD SERVICES INC.,US,PROPPANT EXPRESS INVESTMENTS LLC,US,Acquisition 100%,Completed,"90,000.00",26.10.2021,100.00000,0.00000,100.00000,332439,213112,LBRT,,26.10.2021,Shares,Unlisted,"76,500"
,,,,,,,,,,,,,,,,,,Cash,,"13,500"
3349.,1941559051,LSI FRESH SUBSIDIARY INC.,US,JSI HOLDING CORPORATION,US,Acquisition 100%,Completed,"90,000.00",21.05.2021,100.00000,0.00000,100.00000,337215,523910,,,21.05.2021,Cash Reserves,Unlisted,n.a.
,,,,,,,,,,,,,,,,,,Cash,,"90,000"
3350.,1941504460,EAB GLOBAL INC.,US,HOBSONS INC.'S STARFISH BUSINESS,US,Acquisition 100%,Completed,"90,000.00",04.03.2021,100.00000,0.00000,100.00000,518210,518210,,,18.02.2021,,Unlisted,n.a.
3351.,1941494207,BALLY'S CORPORATION,US,MONKEY KNIFE FIGHT INC.,US,Acquisition 100%,Completed,"90,000.00",23.03.2021,100.00000,0.00000,100.00000,518210,721120,BALY,,25.01.2021,Shares,Unlisted,"90,000"
,,,,,,,,,,,,,,,,,,Deferred payment,,n.a.
3352.,1941400056,LEMAITRE VASCULAR INC.,US,ARTEGRAFT INC.,US,Acquisition unknown stake %,Completed,"90,000.00",22.06.2020,Unknown %,Unknown %,Unknown %,325412,339112,LMAT,,22.06.2020,Deferred payment,Unlisted,n.a.
,,,,,,,,,,,,,,,,,,Cash Reserves,,n.a.
,,,,,,,,,,,,,,,,,,Cash,,"90,000"
3353.,2007164194,BOWLERO CORPORATION,US,LUCKY STRIKE ENTERTAINMENT LLC'S ASSETS,US,Acquisition 100%,Completed,"90,000.00",18.09.2023,100.00000,0.00000,100.00000,713950,713950,LUCK,,31.05.2023,Cash,Unlisted,"90,000"
3354.,1941720222,NOW INC.,US,GR ENERGY SERVICES HOLDINGS LP'S FLEX FLOW BUSINESS ASSETS,US,Acquisition 100%,Completed,"90,000.00",01.04.2021,100.00000,0.00000,100.00000,333914,423830,DNOW,,27.02.2021,Earn-out,Unlisted,n.a.
,,,,,,,,,,,,,,,,,,Cash,,"90,000"
3355.,1941551917,SONESTA INTERNATIONAL HOTELS CORPORATION,US,RED LION HOTELS CORPORATION,US,Acquisition 100%,Completed,"90,000.00",17.03.2021,100.00000,0.00000,100.00000,721110,721110,SNSTA,RLH,30.12.2020,Cash,Delisted,"90,000"
3356.,2008517227,SERVBANC HOLDCO INC.,US,IF BANCORP INC.,US,Acquisition 100%,Completed,"89,800.00",12.03.2026,100.00000,0.00000,100.00000,522110,522110,,IROQ,30.10.2025,Cash,Listed,"89,800"
3357.,1943155011,FE HOLDINGS USA INC.,US,SIO INTERNATIONAL WISCONSIN INC.,US,Acquisition increased from 100% to 100%,Completed,"89,500.00",16.12.2019,Unknown %,100.00000,100.00000,541611,551112,,,16.12.2019,Cash,Unlisted,"89,500"
3358.,2007684645,FREEDOM HOLDINGS INC.,US,"AWARENESS GROUP LLC, THE",US,Acquisition 100%,Completed,"89,366.00",18.09.2024,100.00000,0.00000,100.00000,522220,541511,FDMF,,09.09.2024,Shares,Unlisted,"89,366"
3359.,2007003207,FG MERGER CORPORATION,US,ICORECONNECT INC.,US,Acquisition 100%,Completed,"89,300.00",25.08.2023,100.00000,0.00000,100.00000,518210,525990,ICCT,ICCT,06.01.2023,Shares,Delisted,"89,300"
3360.,1941211222,CHOICEONE FINANCIAL SERVICES INC.,US,COUNTY BANK CORPORATION,US,Acquisition 100%,Completed,"89,000.00",01.10.2019,100.00000,0.00000,100.00000,522110,522110,COFS,CBNC,25.03.2019,Shares,Delisted,"89,000"
3361.,2008061314,PARSONS CORPORATION,US,CHESAPEAKE TECHNOLOGY INTERNATIONAL CORPORATION,US,Acquisition 100%,Completed,"89,000.00",01.07.2025,100.00000,0.00000,100.00000,511210,541512,PSN,,01.07.2025,,Unlisted,n.a.
3362.,2008241173,HEARST MEDIA WEST LLC,US,DALLASNEWS CORPORATION,US,Acquisition 100% Bid 3-Increase bid,Completed,"88,316.00",24.09.2025,100.00000,0.00000,100.00000,511110,551114,,DALN,15.09.2025,Cash,Delisted,"88,316"
3363.,2008343117,KARMAN HOLDINGS INC.,US,FIVE AXIS INDUSTRIES INC.,US,Acquisition 100%,Completed,"88,000.00",28.10.2025,100.00000,0.00000,100.00000,336415,336419,KRMN,,28.10.2025,Cash,Unlisted,"83,000"
,,,,,,,,,,,,,,,,,,Shares,,"5,000"
3364.,2008287984,BOSTON SCIENTIFIC CORPORATION,US,ELUTIA INC.'S BIOENVELOPE BUSINESS,US,Acquisition 100%,Completed,"88,000.00",01.10.2025,100.00000,0.00000,100.00000,325414,339112,BSX,,09.09.2025,Cash,Unlisted,"88,000"
3365.,2007964046,ORMAT TECHNOLOGIES INC.,US,CYRQ ENERGY LLC'S BLUE MOUNTAIN GEOTHERMAL POWER FACILITY,US,Acquisition 100%,Completed,"88,000.00",18.06.2025,100.00000,0.00000,100.00000,221116,221118,ORA,,07.05.2025,,Unlisted,n.a.
3366.,2007042803,MEDICAL MUTUAL OF OHIO,US,RESERVE NATIONAL INSURANCE COMPANY,US,Acquisition 100%,Completed,"88,000.00",01.12.2022,100.00000,0.00000,100.00000,524114,524114,,,01.08.2022,Cash,Unlisted,"88,000"
3367.,1941326402,IG DESIGN GROUP AMERICAS INC.,US,CSS INDUSTRIES INC.,US,Acquisition 100%,Completed,"88,000.00",04.03.2020,100.00000,0.00000,100.00000,322220,453220,,CSS,20.01.2020,Cash,Delisted,"88,000"
3368.,1941313362,"FIRST BANCSHARES INC., THE (MISSISSIPPI)",US,SOUTHWEST GEORGIA FINANCIAL CORPORATION,US,Acquisition 100%,Completed,"88,000.00",03.04.2020,100.00000,0.00000,100.00000,522110,522110,FBMS,SGB,18.12.2019,Shares,Delisted,"88,000"
3369.,1941481635,AVERY DENNISON CORPORATION,US,ACPO LTD'S BUSINESS,US,Acquisition 100%,Completed,"87,600.00",04.01.2021,100.00000,0.00000,100.00000,326112,325211,AVY,,04.01.2021,,Unlisted,n.a.
3370.,2007103594,AWH PARTNERS LLC,US,"VILLA FLORENCE HOTEL, THE",US,Acquisition 100%,Completed,"87,500.00",13.09.2021,100.00000,0.00000,100.00000,721110,531312,,,13.09.2021,,Unlisted,n.a.
,,"ROXBOROUGH GROUP LLC, THE",US,,,,,,,,,,,531120,,,,,,
3371.,2007269605,RESIDEO TECHNOLOGIES INC.,US,SOUTHWIRE COMPANY LLC'S GENESIS CABLE BUSINESS,US,Acquisition 100% unknown stake %,Completed,"87,500.00",16.10.2023,100.00000,0.00000,100.00000,335929,334512,REZI,,19.09.2023,,Unlisted,n.a.
3372.,1941598114,NORTHWEST PIPE COMPANY,US,PARK ENVIRONMENTAL EQUIPMENT LLC,US,Acquisition 100%,Completed,"87,400.00",05.10.2021,100.00000,0.00000,100.00000,327332,331210,NWPX,,05.10.2021,Cash,Unlisted,"87,400"
,,,,,,,,,,,,,,,,,,Cash assumed,,n.a.
3373.,2007486127,RE CLOSING BUYER CORPORATION,US,DOMA HOLDINGS INC.,US,Acquisition 100%,Completed,"87,354.00",27.09.2024,100.00000,0.00000,100.00000,518210,551114,,CAP.U,28.03.2024,Cash,Delisted,"87,354"
3374.,2007471463,MARATHON DIGITAL HOLDINGS INC.,US,"APPLIED DIGITAL CORPORATION’S BITCOIN MINING DATA CENTRE IN GARDEN CITY, TEXAS",US,Acquisition 100%,Completed,"87,300.00",02.04.2025,100.00000,0.00000,100.00000,518210,518210,MARA,,15.03.2024,Cash,Unlisted,"87,300"
3375.,1941630301,UNISYS CORPORATION,US,COMPUGAIN LLC,US,Acquisition 100%,Completed,"87,300.00",14.12.2021,100.00000,0.00000,100.00000,511210,511210,UIS,,14.12.2021,Cash Reserves,Unlisted,n.a.
,,,,,,,,,,,,,,,,,,Cash,,"87,300"
3376.,2007112601,TORNADO ENTERPRISES LLC,US,WIIP PRODUCTIONS LLC,US,Acquisition increased from 100% to 100%,Completed,"87,270.36",07.03.2023,Unknown %,100.00000,100.00000,512110,512110,,,07.03.2023,Cash,Unlisted,"87,270"
3377.,2007568224,SAGE HOSPITALITY RESOURCES LLC AND JP MORGAN'S JOINT VENTURE,US,ONE OCEAN RESORT & SPA,US,Acquisition 100%,Completed,"87,000.00",27.06.2024,100.00000,0.00000,100.00000,721110,721110,,,03.06.2024,,Unlisted,n.a.
3378.,2007420582,CUC AMERICA INC.,US,ALBARON PODIATRY HOLDINGS LLC,US,Acquisition 79.35%,Completed,"87,000.00",05.01.2024,79.35000,0.00000,79.35000,621391,541611,,,22.12.2023,Cash,Unlisted,"69,100"
,,,,,,,,,,,,,,,,,,Liabilities,,n.a.
,,,,,,,,,,,,,,,,,,Cash Reserves,,n.a.
3379.,2007394291,MR REGINALD CASH,US,3BLACKDOT HOLDINGS INC.,US,Acquisition 100%,Completed,"87,000.00",25.07.2022,100.00000,0.00000,100.00000,512110,525920,,,25.07.2022,Deferred payment,Unlisted,n.a.
,,,,,,,,,,,,,,,,,,Cash,,n.a.
,,,,,,,,,,,,,,,,,,Liabilities,,n.a.
,,,,,,,,,,,,,,,,,,Bonds,,n.a.
3380.,1941449316,ARCOSA INC.,US,STRATA MATERIALS LLC,US,Acquisition 100%,Completed,"87,000.00",12.10.2020,100.00000,0.00000,100.00000,327320,237990,ACA,,12.10.2020,Cash,Unlisted,"87,000"
,,,,,,,,,,,,,,,,,,Cash Reserves,,n.a.
3381.,1941172231,CUBIC CORPORATION,US,GRIDSMART TECHNOLOGIES INC.,US,Acquisition 100%,Completed,"87,000.00",02.01.2019,100.00000,0.00000,100.00000,561621,334511,CUB,,02.01.2019,Cash,Unlisted,"87,000"
3382.,2007687201,CAMDEN NATIONAL CORPORATION,US,NORTHWAY FINANCIAL INC.,US,Acquisition 100%,Completed,"86,600.00",02.01.2025,100.00000,0.00000,100.00000,522110,522110,CAC,NWYF,10.09.2024,Cash,Delisted,n.a.
,,,,,,,,,,,,,,,,,,Shares,,"86,600"
3383.,1941607895,PORCH GROUP INC.,US,FLOIFY LLC,US,Acquisition 100%,Completed,"86,500.00",27.10.2021,100.00000,0.00000,100.00000,518210,518210,PRCH,,27.10.2021,Shares,Unlisted,"10,000"
,,,,,,,,,,,,,,,,,,Cash,,"76,500"
3384.,2008523167,ECHN HOLDINGS INC.,US,MANCHESTER MEMORIAL HOSPITAL INC.,US,Acquisition 100%,Completed,"86,100.00",02.01.2026,100.00000,0.00000,100.00000,622110,622110,,,19.10.2025,,Unlisted,n.a.
,,,,ROCKVILLE GENERAL HOSPITAL INC.,US,,,,,100.00000,0.00000,100.00000,622110,,,,,,Unlisted,
3385.,2008125003,COLONY BANKCORP INC.,US,TC BANCSHARES INC.,US,Acquisition 100%,Completed,"86,100.00",01.12.2025,100.00000,0.00000,100.00000,522110,522110,CBAN,TCBC,23.07.2025,Cash,Delisted,"70,672"
,,,,,,,,,,,,,,,,,,Shares,,"15,428"
3386.,2008012183,FOCUS HEALTHCARE PARTNERS LLC,US,"HARBORSIDE CORPORATION, THE",US,Acquisition 100%,Completed,"86,000.00",03.06.2025,100.00000,0.00000,100.00000,623110,531390,,,03.06.2025,,Unlisted,n.a.
3387.,2007911810,UNITIL CORPORATION,US,MAINE NATURAL GAS CORPORATION,US,Acquisition 100%,Completed,"86,000.00",31.10.2025,100.00000,0.00000,100.00000,221210,221210,UTL,,01.04.2025,Cash,Unlisted,"86,000"
3388.,1941563492,ASGN INC.,US,AVAAP INC.'S INFOR BUSINESS,US,Acquisition 100%,Completed,"86,000.00",30.06.2021,100.00000,0.00000,100.00000,541511,561311,EFOR,,30.06.2021,Cash,Unlisted,"86,000"
3389.,2007518812,BUSINESS FIRST BANCSHARES INC.,US,OAKWOOD BANCSHARES INC.,US,Acquisition 100%,Completed,"85,700.00",01.10.2024,100.00000,0.00000,100.00000,522110,522110,BFST,,25.04.2024,Shares,Unlisted,n.a.
,,,,,,,,,,,,,,,,,,Cash,,n.a.
3390.,1941627108,ALERUS FINANCIAL CORPORATION,US,MPB BHC INC.,US,Acquisition 100%,Completed,"85,300.00",01.07.2022,100.00000,0.00000,100.00000,522110,522110,ALRS,,08.12.2021,Cash,Unlisted,"4,300"
,,,,,,,,,,,,,,,,,,Shares,,"81,000"
3391.,2007847905,LEGALZOOM.COM INC.,US,FORMATION NATION INC.,US,Acquisition 100%,Completed,"85,106.00",10.02.2025,100.00000,0.00000,100.00000,541618,518210,LZ,,10.02.2025,Cash,Unlisted,"64,750"
,,,,,,,,,,,,,,,,,,Cash Reserves,,n.a.
,,,,,,,,,,,,,,,,,,Shares,,"20,356"
,,,,,,,,,,,,,,,,,,Deferred payment,,n.a.
3392.,1941331993,CAPSTAR FINANCIAL HOLDINGS INC.,US,FCB CORPORATION,US,Acquisition 100%,Completed,"85,100.00",01.07.2020,100.00000,0.00000,100.00000,522110,522110,CSTR,,23.01.2020,Cash,Unlisted,"26,400"
,,,,"BANK OF WAYNESBORO, THE",US,,,,,100.00000,0.00000,100.00000,522110,,,,,Shares,Unlisted,"58,700"
3393.,1941236782,GLACIER BANCORP INC.,US,FNB BANCORP,US,Acquisition 100%,Completed,"85,028.00",01.05.2019,100.00000,0.00000,100.00000,522110,522110,GBCI,,16.01.2019,Shares,Unlisted,"85,028"
3394.,2008395241,BIOGEN INC.,US,ALCYONE THERAPEUTICS INC.,US,Acquisition 100%,Completed,"85,000.00",14.11.2025,100.00000,0.00000,100.00000,541713,325412,BIIB,,18.09.2025,Cash,Unlisted,"85,000"
,,,,,,,,,,,,,,,,,,Earn-out,,n.a.
3395.,2008217432,YTC ENTERPRISES LLC,US,TACO CABANA INC.,US,Acquisition 100%,Completed,"85,000.00",17.08.2021,100.00000,0.00000,100.00000,722513,551112,,,17.08.2021,Cash,Unlisted,"77,800"
3396.,2007717524,TALEN ENERGY CORPORATION,US,NAUTILUS CRYPTOMINE LLC,US,Acquisition increased from 75% to 100%,Completed,"85,000.00",03.10.2024,25.00000,75.00000,100.00000,518210,221118,TLN,,03.10.2024,Cash,Unlisted,"85,000"
3397.,2007470485,VITAS HEALTHCARE CORPORATION,US,COVENANT HEALTH AND COMMUNITY SERVICES INC.'S ALL HOSPICE OPERATIONS,US,Acquisition 100%,Completed,"85,000.00",17.04.2024,100.00000,0.00000,100.00000,622110,623110,,,13.03.2024,,Unlisted,n.a.
,,,,COVENANT HEALTH AND COMMUNITY SERVICES INC.'S ASSISTED LIVING FACILITY,US,,,,,100.00000,0.00000,100.00000,622110,,,,,,Unlisted,
3398.,2007418227,AUTONATION INC.,US,CIG FINANCIAL LLC,US,Acquisition 100%,Completed,"85,000.00",01.10.2022,100.00000,0.00000,100.00000,522220,441110,AN,,21.07.2022,,Unlisted,n.a.
3399.,2007312232,ENERGY AMERICA LLC,US,GANYMEDE UTILITIES LLC,US,Acquisition 100%,Completed,"85,000.00",22.10.2023,100.00000,0.00000,100.00000,221114,221114,,,22.10.2023,,Unlisted,n.a.
3400.,2007167972,VISTAPRINT USA INC.,US,DEPOSITPHOTOS INC.,US,Acquisition 100%,Completed,"85,000.00",28.10.2021,100.00000,0.00000,100.00000,518210,323111,,,28.10.2021,,Unlisted,n.a.
,,,,CRELLO LTD,CY,,,,,100.00000,0.00000,100.00000,518210,,,,,,Unlisted,
3401.,2007070663,INGERSOLL RAND INC.,US,TUTHILL CORPORATION'S PUMP GROUP DIVISION ASSETS,US,Acquisition 100%,Completed,"85,000.00",01.12.2021,100.00000,0.00000,100.00000,333914,333912,IR,,02.11.2021,Cash,Unlisted,"85,000"
3402.,1941619924,BEST BUY COMPANY INC.,US,TWO PEAKS LLC,US,Acquisition 100%,Completed,"85,000.00",23.11.2021,100.00000,0.00000,100.00000,337125,443142,BBY,,23.11.2021,,Unlisted,n.a.
3403.,1941569035,LIMELIGHT NETWORKS INC.,US,MOOV CORPORATION,US,Acquisition 100%,Completed,"85,000.00",16.09.2021,100.00000,0.00000,100.00000,518210,518210,EGIO,,28.07.2021,Shares,Unlisted,"52,500"
,,,,,,,,,,,,,,,,,,Cash,,"32,500"
,,,,,,,,,,,,,,,,,,Earn-out,,"30,000"
3404.,1941376048,CHARDAN HEALTHCARE ACQUISITION 2 CORPORATION,US,RENOVACOR INC. (OLD),US,Acquisition 100%,Completed,"85,000.00",02.09.2021,100.00000,0.00000,100.00000,541713,525990,CHAQU,,23.03.2021,Shares,Unlisted,"85,000"
,,,,,,,,,,,,,,,,,,Earn-out,,"20,000"
3405.,1941331922,ASGN INC.,US,BLACKSTONE FEDERAL,US,Acquisition 100%,Completed,"85,000.00",27.01.2020,100.00000,0.00000,100.00000,511210,561311,EFOR,,27.01.2020,Cash,Unlisted,"85,000"
3406.,2008342877,PMG HOLDINGS INC.,US,RESIDENTIAL MANAGEMENT GROUP LLC,US,Acquisition 100%,Completed,"85,000.00",24.10.2025,100.00000,0.00000,100.00000,531311,531311,,,24.10.2025,,Unlisted,n.a.
3407.,1941260737,MOTUS INTEGRATED TECHNOLOGIES,US,JANESVILLE FIBER SOLUTIONS,US,Acquisition 100%,Completed,"85,000.00",30.08.2019,100.00000,0.00000,100.00000,334210,336390,,,11.08.2019,Earn-out,Unlisted,"5,000"
3408.,1941228837,POST HOLDINGS INC.,US,TREEHOUSE FOODS INC.'S READY-TO-EAT (RTE) CEREAL BUSINESS,US,Acquisition 100%,Completed,"85,000.00",01.06.2021,100.00000,0.00000,100.00000,311230,311230,POST,,02.05.2019,,Unlisted,n.a.
3409.,2007761827,ALLOVIR INC.,US,KALARIS THERAPEUTICS INC.,US,Acquisition 100%,Completed,"84,910.00",18.03.2025,100.00000,0.00000,100.00000,541713,541713,KLRS,,08.11.2024,Shares,Unlisted,"84,910"
3410.,2007408962,PRAIRIE OPERATING COMPANY,US,NICKEL ROAD OPERATING LLC'S DENVER-JULESBERG BASIN ASSETS,US,Acquisition 100%,Completed,"84,500.00",02.10.2024,100.00000,0.00000,100.00000,211120,221118,CRKR,,11.01.2024,Cash,Unlisted,"84,500"
,,,,,,,,,,,,,,,,,,Cash Reserves,,n.a.
3411.,1941139645,AMERICAN NATIONAL BANKSHARES INC.,US,HOMETOWN BANKSHARES CORPORATION,US,Acquisition 100%,Completed,"84,200.00",01.04.2019,100.00000,0.00000,100.00000,522110,522110,AMNB,HMTA,01.10.2018,Shares,Delisted,"84,200"
3412.,1941544266,GRAHAM CORPORATION,US,BARBER-NICHOLS INC.,US,Acquisition 100%,Completed,"84,100.00",01.06.2021,100.00000,0.00000,100.00000,336415,333318,GHM,,01.06.2021,Cash Reserves,Unlisted,n.a.
,,,,,,,,,,,,,,,,,,Cash,,"75,100"
,,,,,,,,,,,,,,,,,,Shares,,"9,000"
,,,,,,,,,,,,,,,,,,Earn-out,,"14,000"
3413.,2008157453,TRANSCAT INC.,US,ESSCO CALIBRATION LABORATORY LLC,US,Acquisition 100%,Completed,"84,000.00",05.08.2025,100.00000,0.00000,100.00000,541380,334515,TRNS,,05.08.2025,Cash,Unlisted,"84,000"
3414.,2007616963,EVOFEM BIOSCIENCES INC.,US,LUPIN LTD'S COMMERCIAL WOMEN'S HEALTH SPECIALITY BUSINESS IN THE US,US,Acquisition 100%,Completed,"84,000.00",15.07.2024,100.00000,0.00000,100.00000,325411,541713,EVFM,,15.07.2024,Earn-out,Unlisted,"84,000"
3415.,2007420287,KADANT INC.,US,KWS MANUFACTURING COMPANY LTD,US,Acquisition 100%,Completed,"84,000.00",24.01.2024,100.00000,0.00000,100.00000,333922,333243,KAI,,24.01.2024,Cash,Unlisted,"84,000"
3416.,2007083787,LIVE VENTURES INC.,US,FLOORING LIQUIDATORS INC.,US,Acquisition 100%,Completed,"84,000.00",19.01.2023,100.00000,0.00000,100.00000,423210,551114,LIVE,,19.01.2023,Liabilities,Unlisted,n.a.
,,,,FLOORABLE LLC,US,,,,,100.00000,0.00000,100.00000,423210,,,,,Bonds,Unlisted,"5,000"
,,,,K2L LEASING LLC,US,,,,,100.00000,0.00000,100.00000,423210,,,,,Shares,Unlisted,"4,264"
,,,,SJ &K EQUIPMENT INC.,US,,,,,100.00000,0.00000,100.00000,423210,,,,,Cash,Unlisted,n.a.
3417.,1941581390,COLONY BANKCORP INC.,US,SOUTHCREST FINANCIAL GROUP INC.,US,Acquisition 100%,Completed,"84,000.00",02.08.2021,100.00000,0.00000,100.00000,522110,522110,CBAN,SCSG,22.04.2021,Cash,Delisted,"23,100"
,,,,,,,,,,,,,,,,,,Shares,,"60,900"
3418.,1941281002,UPLAND SOFTWARE INC.,US,ALTIFY INC.,US,Acquisition 100%,Completed,"84,000.00",07.10.2019,100.00000,0.00000,100.00000,518210,518210,UPLD,,07.10.2019,Cash,Unlisted,"84,000"
3419.,2008061541,INVESTAR HOLDING CORPORATION,US,WICHITA FALLS BANCSHARES INC.,US,Acquisition 100%,Completed,"83,617.00",02.01.2026,100.00000,0.00000,100.00000,551111,522110,ISTR,,01.07.2025,Shares,Unlisted,"76,417"
,,,,,,,,,,,,,,,,,,Cash,,"7,200"
3420.,2008662056,E-MEDIA AUGMENTATION COMPANY LLC,US,WRTV,US,Acquisition 100%,Completed,"83,000.00",31.03.2026,100.00000,0.00000,100.00000,515120,519130,,,28.10.2025,,Unlisted,n.a.
3421.,2008235525,CHARLES RIVER LABORATORIES INC.,US,DISTRIBUTED BIO LLC,US,Acquisition 100%,Completed,"83,000.00",31.12.2020,100.00000,0.00000,100.00000,541713,541715,CRL,,25.10.2018,Cash Reserves,Unlisted,n.a.
,,,,,,,,,,,,,,,,,,Cash,,"83,000"
,,,,,,,,,,,,,,,,,,Earn-out,,"21,000"
3422.,1941256867,EVERBRIDGE INC.,US,NC4 INC.,US,Acquisition 100%,Completed,"83,000.00",01.08.2019,100.00000,0.00000,100.00000,541511,518210,EVBG,,01.08.2019,Cash,Unlisted,n.a.
,,,,,,,,,,,,,,,,,,Shares,,n.a.
3423.,2008623934,OREGON SOLAR 1 LLC,US,PINE GATE RENEWABLES LLC'S SUNSTONE SOLAR PROJECT,US,Acquisition 100%,Completed,"83,000.00",11.03.2026,100.00000,0.00000,100.00000,221114,221114,,,06.11.2025,Cash,Unlisted,"83,000"
3424.,1941597484,COMMUNITY BANK NA,US,ELMIRA SAVINGS BANK,US,Acquisition 100%,Completed,"82,800.00",13.05.2022,100.00000,0.00000,100.00000,522110,522110,,ESBK,04.10.2021,Cash,Delisted,"82,800"
3425.,1941329736,MIDCAP FINANCIAL SERVICES LLC,US,BL RESTAURANTS HOLDING LLC,US,Acquisition 100%,Completed,"82,500.00",27.05.2020,100.00000,0.00000,100.00000,722511,522298,,,27.01.2020,Converted Debt,Unlisted,n.a.
,,ANTARES CAPITAL LP,US,,,,,,,,,,,522298,,,,,,
3426.,1941718303,DENNY’S CORPORATION,US,KEKE’S BREAKFAST CAFE INC.'S ASSETS,US,Acquisition 100%,Completed,"82,500.00",20.07.2022,100.00000,0.00000,100.00000,722514,722511,DENN,,03.05.2022,Earn-out,Unlisted,"1,000"
,,,,KEKE’S BREAKFAST CAFE INC.'S EIGHT RESTAURANTS,US,,,,,100.00000,0.00000,100.00000,722514,,,,,Cash Reserves,Unlisted,n.a.
,,,,,,,,,,,,,,,,,,Liabilities,,n.a.
,,,,,,,,,,,,,,,,,,Cash,,"82,500"
3427.,2007341421,SAN ISIDRO ENERGY COMPANY II LLC,US,ALPINE SUMMIT ENERGY PARTNERS INC.'S OIL AND GAS ASSETS IN SOUTH TEXAS,US,Acquisition 100%,Completed,"82,000.00",13.11.2023,100.00000,0.00000,100.00000,211120,211120,,,13.11.2023,,Unlisted,n.a.
3428.,2007091953,EVERFAST FIBER NETWORKS LLC,US,CONSOLIDATED COMMUNICATIONS HOLDINGS INC.'S FIBRE AND HYBRID FIBRE COAX NETWORK IN KANSAS CITY,US,Acquisition 100%,Completed,"82,000.00",30.11.2022,100.00000,0.00000,100.00000,517312,517312,,,03.03.2022,Cash,Unlisted,"82,000"
3429.,1941642187,OMNICELL INC.,US,MARKETOUCH MEDIA LLC,US,Acquisition 100%,Completed,"82,000.00",31.12.2021,100.00000,0.00000,100.00000,511210,511210,OMCL,,31.12.2021,Cash,Unlisted,"82,000"
3430.,2007245820,AGEX THERAPEUTICS INC.,US,SERINA THERAPEUTICS INC.,US,Acquisition 100%,Completed,"81,975.00",26.03.2024,100.00000,0.00000,100.00000,541713,541713,SER,,30.08.2023,Shares,Unlisted,"81,975"
3431.,2008437005,AXSOME THERAPEUTICS INC.,US,BAERGIC BIO INC.,US,Acquisition 100%,Completed,"81,800.00",12.11.2025,100.00000,0.00000,100.00000,541713,541713,AXSM,,06.11.2025,Earn-out,Unlisted,"81,500"
3432.,1941238352,KURITA AMERICA HOLDINGS INC.,US,AVISTA TECHNOLOGIES INC.,US,Acquisition 100%,Completed,"81,800.00",15.05.2019,100.00000,0.00000,100.00000,221310,221310,,,13.05.2019,,Unlisted,n.a.
,,KURITA EUROPE GMBH,DE,AVISTA TECHNOLOGIES (UK) LTD,GB,,,,,100.00000,0.00000,100.00000,221310,541690,,,,,Unlisted,
3433.,1941268728,"EASTERN COMPANY, THE",US,BIG 3 PRECISION PRODUCTS INC.,US,Acquisition 100%,Completed,"81,700.00",03.09.2019,100.00000,0.00000,100.00000,333511,332510,EML,,03.09.2019,,Unlisted,n.a.
,,,,BIG 3 PRECISION MOLD SERVICES INC.,US,,,,,100.00000,0.00000,100.00000,332812,,,,,,Unlisted,
3434.,2007225803,VISTA OUTDOOR INC.,US,REMINGTON OUTDOOR COMPANY INC.'S AMMUNITION AND ACCESSORIES BUSINESSES ASSETS,US,Acquisition 100%,Completed,"81,400.00",13.10.2020,100.00000,0.00000,100.00000,332994,339920,VSTO,,28.09.2020,Cash Reserves,Unlisted,n.a.
,,,,,,,,,,,,,,,,,,Cash,,n.a.
,,,,,,,,,,,,,,,,,,Liabilities,,"30,000"
3435.,2008203232,TEMPUS AI INC.,US,PAIGE.AI INC.,US,Acquisition 100%,Completed,"81,250.00",22.08.2025,100.00000,0.00000,100.00000,511210,518210,TEM,,22.08.2025,Shares,Unlisted,n.a.
3436.,2007879277,ABRDN GLOBAL INFRASTRUCTURE INCOME FUND,US,ABRDN JAPAN EQUITY FUND INC.,US,Acquisition 100%,Completed,"81,151.00",13.10.2025,100.00000,0.00000,100.00000,525910,525990,ASGI,JEQ,11.03.2025,Cash,Delisted,"81,151"
3437.,2008145191,MIRION TECHNOLOGIES INC.,US,CERTREC CORPORATION,US,Acquisition 100%,Completed,"81,000.00",31.07.2025,100.00000,0.00000,100.00000,518210,334519,MIR,,31.07.2025,Cash,Unlisted,"81,000"
3438.,2007630238,STI USA CORPORATION,US,COTO DE CAZA GOLF CLUB INC.,US,Acquisition 100%,Completed,"81,000.00",22.07.2024,100.00000,0.00000,100.00000,713910,221118,,,22.07.2024,,Unlisted,n.a.
3439.,2007211045,"INVUS GROUP LLC, THE",US,TISENTO THERAPEUTICS INC.,US,Acquisition unknown stake %,Completed,"81,000.00",31.07.2023,Unknown %,Unknown %,Unknown %,325412,523910,,,31.07.2023,Cash,Unlisted,"81,000"
,,INVESTORS,,,,,,,,,,,,523910,,,,,,
,,SANOFI-GENZYME BIOVENTURES,US,,,,,,,,,,,523910,,,,,,
,,J WOOD CAPITAL ADVISORS LLC,US,,,,,,,,,,,523930,,,,,,
,,VENROCK HEALTHCARE CAPITAL PARTNERS LP,US,,,,,,,,,,,525990,,,,,,
,,POLARIS VENTURE MANAGEMENT COMPANY LP,US,,,,,,,,,,,523910,,,,,,
,,MR PETER HECHT,,,,,,,,,,,,525920,,,,,,
3440.,1941598036,FRANCHISE GROUP INC.,US,SYLVAN LEARNING INC.,US,Acquisition 100%,Completed,"81,000.00",27.09.2021,100.00000,0.00000,100.00000,611110,541213,FRGA,,27.09.2021,Cash Reserves,Unlisted,n.a.
,,,,,,,,,,,,,,,,,,Cash,,"81,000"
3441.,1941328977,SIMON PROPERTY GROUP INC.,US,FOREVER 21 INC.,US,Acquisition 100%,Completed,"81,000.00",19.02.2020,100.00000,0.00000,100.00000,448120,531120,SPG,,03.02.2020,,Unlisted,n.a.
,,AUTHENTIC BRANDS GROUP LLC,US,,,,,,,,,,,541810,,,,,,
,,BROOKFIELD PROPERTY PARTNERS LP,BM,,,,,,,,,,,531120,BPY,,,,,
3442.,2007568327,CARETRUST REIT INC.,US,"5 FACILITY, 498 LICENSED BED, SKILLED NURSING PORTFOLIO IN THE SOUTHEASTERN UNITED STATES",US,Acquisition 100%,Completed,"80,900.00",03.06.2024,100.00000,0.00000,100.00000,623110,531120,CTRE,,03.06.2024,Cash,Unlisted,"80,900"
,,,,,,,,,,,,,,,,,,Cash Reserves,,n.a.
3443.,2007221273,GLACIER BANCORP INC.,US,COMMUNITY FINANCIAL GROUP INC.,US,Acquisition 100%,Completed,"80,600.00",01.02.2024,100.00000,0.00000,100.00000,523930,522110,GBCI,,08.08.2023,Shares,Unlisted,"80,600"
3444.,1941227184,RANDALL & QUILTER AMERICA HOLDINGS INC.,US,GLOBAL US HOLDINGS INC.,US,Acquisition 100%,Completed,"80,500.00",03.05.2019,100.00000,0.00000,100.00000,524130,524128,,,19.09.2018,Cash,Unlisted,"80,500"
,,,,,,,,,,,,,,,,,,Cash Reserves,,n.a.
3445.,1941616414,ROCKET LAB USA INC.,US,PLANETARY SYSTEMS CORPORATION,US,Acquisition 100%,Completed,"80,467.00",01.12.2021,100.00000,0.00000,100.00000,336414,334220,,,15.11.2021,Shares,Unlisted,"38,467"
,,,,,,,,,,,,,,,,,,Cash,,"42,000"
,,,,,,,,,,,,,,,,,,Earn-out,,"13,738"
3446.,2008402048,MOSAIC CLINICAL TECHNOLOGIES LLC,US,COGNITA IMAGING INC.,US,Acquisition 100%,Completed,"80,000.00",17.11.2025,100.00000,0.00000,100.00000,621610,621512,,,17.11.2025,,Unlisted,n.a.
3447.,2007812452,"PENNANT GROUP INC., THE",US,SIGNATURE HEALTH SERVICES LLC'S OREGON ASSETS,US,Acquisition 100%,Completed,"80,000.00",01.01.2025,100.00000,0.00000,100.00000,621111,621610,PNTG,,11.07.2024,,Unlisted,n.a.
3448.,2007782310,UNITED COMMUNITY BANKS INC.,US,ANB HOLDINGS INC.,US,Acquisition 100%,Completed,"80,000.00",01.05.2025,100.00000,0.00000,100.00000,522110,522110,UCB,,03.12.2024,Shares,Unlisted,"80,000"
,,,,AMERICAN NATIONAL BANK FLORIDA,US,,,,,100.00000,0.00000,100.00000,522110,,,,,,Unlisted,
3449.,2007761155,YELP INC.,US,REPAIRPAL INC.,US,Acquisition 100%,Completed,"80,000.00",26.11.2024,100.00000,0.00000,100.00000,518210,518210,YELP,,07.11.2024,Cash,Unlisted,"80,000"
3450.,2007750218,THRYV HOLDINGS INC.,US,INFUSION SOFTWARE INC.,US,Acquisition 100%,Completed,"80,000.00",31.12.2024,100.00000,0.00000,100.00000,518210,518210,THRY,,29.10.2024,Cash,Unlisted,"80,000"
3451.,2007654063,HOOD CONTAINER CORPORATION,US,SONOCO DISPLAY & PACKAGING LLC,US,Acquisition 100%,Completed,"80,000.00",05.04.2021,100.00000,0.00000,100.00000,541430,322211,,,05.04.2021,Cash,Unlisted,"80,000"
3452.,2007649539,SOUNDHOUND AI INC.,US,AMELIA US LLC,US,Acquisition 100%,Completed,"80,000.00",08.08.2024,100.00000,0.00000,100.00000,518210,518210,SOUN,,08.08.2024,Liabilities,Unlisted,n.a.
,,,,,,,,,,,,,,,,,,Shares,,n.a.
,,,,,,,,,,,,,,,,,,Earn-out,,n.a.
,,,,,,,,,,,,,,,,,,Cash,,n.a.
3453.,2007613285,"PENNANT GROUP INC., THE",US,SIGNATURE HEALTH SERVICES LLC'S WASHINGTON AND IDAHO ASSETS,US,Acquisition 100%,Completed,"80,000.00",01.08.2024,100.00000,0.00000,100.00000,621111,621610,PNTG,,11.07.2024,,Unlisted,n.a.
3454.,2007147550,ITT INC.,US,MICRO-MODE PRODUCTS INC.,US,Acquisition 100%,Completed,"80,000.00",02.05.2023,100.00000,0.00000,100.00000,334220,333914,ITT,,02.05.2023,,Unlisted,n.a.
3455.,2007134769,CATALENT INC.,US,ACORDA THERAPEUTICS INC.'S DRY POWDER INHALER MANUFACTURING AND PACKAGING OPERATIONS,US,Acquisition 100%,Completed,"80,000.00",11.02.2021,100.00000,0.00000,100.00000,325411,541713,CTLT,,13.01.2021,Cash,Unlisted,"80,000"
3456.,2007116485,KRATOS DEFENSE & SECURITY SOLUTIONS INC.,US,SOUTHERN RESEARCH INC.'S ENGINEERING DIVISION IN ALABAMA,US,Acquisition 100%,Completed,"80,000.00",24.05.2022,100.00000,0.00000,100.00000,541715,334511,KTOS,,24.05.2022,Cash,Unlisted,"75,000"
,,,,,,,,,,,,,,,,,,Shares,,"5,000"
3457.,2007073155,TRINITY INDUSTRIES INC.,US,HOLDEN AMERICA LLC,US,Acquisition 100%,Completed,"80,000.00",30.12.2022,100.00000,0.00000,100.00000,336510,336510,TRN,,30.12.2022,Deferred payment,Unlisted,n.a.
3458.,2007013691,MEDIALAB.AI INC.,US,GENIUS MEDIA GROUP INC.'S ASSETS,US,Acquisition 100%,Completed,"80,000.00",17.09.2021,100.00000,0.00000,100.00000,518210,519130,,,17.09.2021,,Unlisted,n.a.
3459.,2007004466,URGENT CARES OF AMERICA HOLDINGS LLC,US,CARESPOT EXPRESS HEALTHCARE LLC,US,Acquisition 100%,Completed,"80,000.00",30.04.2021,100.00000,0.00000,100.00000,621493,621111,,,30.04.2021,Cash,Unlisted,"80,000"
,,,,MEDPOST URGENT CARE,US,,,,,100.00000,0.00000,100.00000,621493,,,,,,Unlisted,
3460.,1941699508,WORTHINGTON INDUSTRIES INC.,US,LEVEL5 TOOLS LLC,US,Acquisition 100%,Completed,"80,000.00",02.06.2022,100.00000,0.00000,100.00000,333517,332312,WOR,,02.06.2022,Earn-out,Unlisted,"25,000"
3461.,1941694821,KRATOS DEFENSE & SECURITY SOLUTIONS INC.,US,SOUTHERN RESEARCH INSTITUTE'S ENGINEERING DIVISION,US,Acquisition 100%,Completed,"80,000.00",09.03.2022,100.00000,0.00000,100.00000,541715,334511,KTOS,,09.03.2022,Shares,Unlisted,"5,000"
,,,,,,,,,,,,,,,,,,Cash,,"75,000"
3462.,1941628584,ROCKET LAB USA INC.,US,SOLAERO HOLDINGS INC.,US,Acquisition 100%,Completed,"80,000.00",18.01.2022,100.00000,0.00000,100.00000,334413,334220,,,13.12.2021,Cash,Unlisted,"80,000"
,,,,,,,,,,,,,,,,,,Deferred payment,,n.a.
3463.,1941625136,INVESTORS,,OPEN ROAD INTEGRATED MEDIA INC.,US,Acquisition 100%,Completed,"80,000.00",02.12.2021,100.00000,0.00000,100.00000,519130,523910,,,02.12.2021,,Unlisted,n.a.
,,ABRY PARTNERS LLC,US,,,,,,,,,,,523910,,,,,,
,,MEP CAPITAL MANAGEMENT LLC,US,,,,,,,,,,,523910,,,,,,
,,MR MORGAN ENTREKIN,,,,,,,,,,,,525920,,,,,,
,,MR DAVID STEINBERGER,,,,,,,,,,,,525920,,,,,,
3464.,1941606712,KNOWBE4 INC.,US,SECURITYADVISOR TECHNOLOGIES INC.,US,Acquisition 100%,Completed,"80,000.00",16.11.2021,100.00000,0.00000,100.00000,518210,518210,KNBE,,21.10.2021,Cash,Unlisted,n.a.
,,,,,,,,,,,,,,,,,,Shares,,n.a.
,,,,,,,,,,,,,,,,,,Earn-out,,"30,000"
3465.,1941557810,CHART INDUSTRIES INC.,US,LA TURBINE,US,Acquisition 100%,Completed,"80,000.00",01.07.2021,100.00000,0.00000,100.00000,333132,333249,GTLS,,01.07.2021,Cash,Unlisted,"80,000"
3466.,1941428182,HOLOGIC INC.,US,ACESSA HEALTH INC.,US,Acquisition 100%,Completed,"80,000.00",25.08.2020,100.00000,0.00000,100.00000,621111,334510,HOLX,,25.08.2020,Cash,Unlisted,n.a.
,,,,,,,,,,,,,,,,,,Earn-out,,n.a.
3467.,1941384366,GUILD EDUCATION INC.,US,ENTANGLED GROUP LLC,US,Acquisition 100%,Completed,"80,000.00",19.05.2020,100.00000,0.00000,100.00000,523910,518210,,,19.05.2020,Shares,Unlisted,"80,000"
3468.,1941380146,LOGISTICARE SOLUTIONS LLC,US,NATIONAL MEDTRANS LLC,US,Acquisition 100%,Completed,"80,000.00",06.05.2020,100.00000,0.00000,100.00000,485999,485999,,,06.05.2020,,Unlisted,n.a.
3469.,1941317506,TDS BROADBAND SERVICE LLC,US,"CONTINUUM COMMUNICATIONS SYSTEM'S CABLE, BROADBAND, BUSINESS ASSETS",US,Acquisition 100%,Completed,"80,000.00",02.01.2020,100.00000,0.00000,100.00000,517311,517311,,,02.01.2020,,Unlisted,n.a.
3470.,1941264541,CTS CORPORATION,US,QUALITY THERMISTOR INC.,US,Acquisition 100%,Completed,"80,000.00",31.07.2019,100.00000,0.00000,100.00000,334510,334419,CTS,,31.07.2019,Cash,Unlisted,n.a.
,,,,,,,,,,,,,,,,,,Earn-out,,"5,000"
3471.,1941184507,AXOS CLEARING LLC,US,COR SECURITIES HOLDINGS INC.,US,Acquisition 100%,Completed,"80,000.00",29.01.2019,100.00000,0.00000,100.00000,523910,522320,,,01.10.2018,Liabilities,Unlisted,n.a.
,,,,,,,,,,,,,,,,,,Cash,,"72,500"
,,,,,,,,,,,,,,,,,,Cash assumed,,n.a.
,,,,,,,,,,,,,,,,,,Shares,,"7,500"
3472.,1941148883,OCEANFIRST FINANCIAL CORPORATION,US,CAPITAL BANK OF NEW JERSEY,US,Acquisition 100%,Completed,"80,000.00",31.01.2019,100.00000,0.00000,100.00000,522110,522110,OCFC,,25.10.2018,Shares,Unlisted,"80,000"
3473.,1941427903,BRANDON STEVEN MOTORS,US,HONDA OF DOWNTOWN LOS ANGELES,US,Acquisition 100%,Completed,"80,000.00",27.07.2020,100.00000,0.00000,100.00000,441110,441110,,,27.07.2020,,Unlisted,n.a.
3474.,1941352184,BLUEGRACE LOGISTICS LLC,US,ANTHYM LOGISTICS LLC,US,Acquisition 100%,Completed,"80,000.00",09.03.2020,100.00000,0.00000,100.00000,488510,484121,,,09.03.2020,,Unlisted,n.a.
3475.,2008495676,BUSINESS FIRST BANCSHARES INC.,US,PROGRESSIVE BANCORP INC.,US,Acquisition 100%,Completed,"79,892.00",01.01.2026,100.00000,0.00000,100.00000,522110,522110,BFST,,07.07.2025,Shares,Unlisted,"79,892"
3476.,2007719235,QUANTA MANUFACTURING NASHVILLE LLC,US,BLOOM ENERGY CORPORATION'S THREE FUEL CELL MICROGRID SYSTEMS IN CALIFORNIA,US,Acquisition 100%,Completed,"79,756.00",30.09.2024,100.00000,0.00000,100.00000,334413,334111,,,30.09.2024,,Unlisted,n.a.
3477.,1941278318,MYR GROUP INC.,US,CSI ELECTRICAL CONTRACTORS INC.'S ASSETS,US,Acquisition 100%,Completed,"79,700.00",15.07.2019,100.00000,0.00000,100.00000,238210,237130,MYRG,,15.07.2019,Earn-out,Unlisted,n.a.
3478.,2007184839,RPC INC.,US,SPINNAKER OILWELL SERVICES LLC,US,Acquisition 100%,Completed,"79,500.00",30.06.2023,100.00000,0.00000,100.00000,213111,213112,RES,,30.06.2023,Deferred payment,Unlisted,n.a.
,,,,,,,,,,,,,,,,,,Cash,,"77,000"
,,,,,,,,,,,,,,,,,,Liabilities,,n.a.
3479.,2007694000,VIPER ENERGY PARTNERS LLC,US,MC TWR ROYALTIES LP,US,Acquisition 100%,Completed,"79,200.00",03.09.2024,100.00000,0.00000,100.00000,212399,211120,,,03.09.2024,Earn-out,Unlisted,"3,600"
,,,,MC TWR INTERMEDIATE LLC,US,,,,,100.00000,0.00000,100.00000,212399,,,,,Cash,Unlisted,"79,200"
,,,,,,,,,,,,,,,,,,Cash Reserves,,n.a.
3480.,2007096186,CHURCHILL DOWNS INC.,US,ELLIS ENTERTAINMENT LLC,US,Acquisition 100%,Completed,"79,000.00",26.09.2022,100.00000,0.00000,100.00000,713290,711212,CHDN,,15.09.2022,Cash Reserves,Unlisted,n.a.
,,,,,,,,,,,,,,,,,,Cash,,"79,000"
3481.,2007801397,TRANSCAT INC.,US,MARTIN CALIBRATION INC.'S 7 LABS,US,Acquisition 100%,Completed,"79,000.00",20.12.2024,100.00000,0.00000,100.00000,541380,334515,TRNS,,20.12.2024,Cash,Unlisted,"69,000"
,,,,,,,,,,,,,,,,,,Shares,,"10,000"
3482.,2007097429,COMFORT SYSTEMS USA INC.,US,IVEY MECHANICAL COMPANY LLC,US,Acquisition 100%,Completed,"78,800.00",01.12.2021,100.00000,0.00000,100.00000,541330,238220,FIX,,01.12.2021,Earn-out,Unlisted,n.a.
,,,,,,,,,,,,,,,,,,Bonds,,"8,400"
,,,,,,,,,,,,,,,,,,Cash,,"64,100"
3483.,2007595896,APPLE HOSPITALITY REIT INC.,US,EMBASSY SUITES BY HILTON MADISON DOWNTOWN,US,Acquisition 100%,Completed,"78,600.00",21.06.2024,100.00000,0.00000,100.00000,721110,531120,APLE,,22.11.2023,,Unlisted,n.a.
3484.,2007525490,HOPE BANCORP INC.,US,TERRITORIAL BANCORP INC.,US,Acquisition 100%,Completed,"78,600.00",02.04.2025,100.00000,0.00000,100.00000,522110,522110,HOPE,TBNK,29.04.2024,Shares,Delisted,"78,600"
3485.,2007135438,LAMAR ADVERTISING COMPANY,US,FAIRWAY OUTDOOR LLC'S ASSETS,US,Acquisition 100%,Completed,"78,600.00",12.12.2022,100.00000,0.00000,100.00000,541850,541850,LAMR,,12.12.2022,,Unlisted,n.a.
3486.,1941310820,FIDELITY D & D BANCORP INC.,US,MNB CORPORATION,US,Acquisition 100%,Completed,"78,500.00",01.05.2020,100.00000,0.00000,100.00000,522110,522110,FDBC,MNBC,10.12.2019,Shares,Delisted,"78,500"
3487.,2007525740,BARCODING DERBY BUYER INC.,US,DECISIONPOINT SYSTEMS INC.,US,Acquisition 100%,Completed,"78,493.00",05.07.2024,100.00000,0.00000,100.00000,511210,511210,,DPSI,01.05.2024,Cash,Delisted,"78,493"
3488.,1941515907,PELOTON INTERACTIVE LLC,US,AIQUDO INC.,US,Acquisition 100%,Completed,"78,100.00",31.12.2020,100.00000,0.00000,100.00000,541511,339920,,,31.12.2020,Cash,Unlisted,"78,100"
,,,,ATLAS WEARABLES INC.,US,,,,,100.00000,0.00000,100.00000,334519,,,,,,Unlisted,
,,,,OTARI CORPORATION,US,,,,,100.00000,0.00000,100.00000,339920,,,,,,Unlisted,
3489.,2008353845,AAR CORPORATION,US,HAECO CABIN SOLUTIONS LLC,US,Acquisition 100%,Completed,"78,000.00",03.11.2025,100.00000,0.00000,100.00000,811310,532411,AIR,,03.11.2025,Cash,Unlisted,"78,000"
3490.,2007435856,VITAL ENERGY INC.,US,"HENRY RESOURCES LLC, HENRY ENERGY LP AND MORIAH HENRY PARTNERS LLC'S CERTAIN ASSETS IN THE PERMIAN BASIN",US,Acquisition 100%,Completed,"78,000.00",05.02.2024,100.00000,0.00000,100.00000,211120,211120,VTLE,,05.02.2024,Shares,Unlisted,"78,000"
3491.,2007213390,UNDISCLOSED ACQUIROR,US,NEWPORT BEACH MARRIOTT BAYVIEW,US,Acquisition 100%,Completed,"78,000.00",12.06.2019,100.00000,0.00000,100.00000,721110,551114,,,10.01.2019,,Unlisted,n.a.
3492.,2007133359,LIBERTY ENERGY INC.,US,SIREN ENERGY LLC,US,Acquisition 100%,Completed,"78,000.00",10.04.2023,100.00000,0.00000,100.00000,221210,213112,LBRT,,10.04.2023,Cash,Unlisted,"78,000"
3493.,1941691997,CHIMERIX INC.,US,ONCOCEUTICS INC.,US,Acquisition 100%,Completed,"78,000.00",07.01.2021,100.00000,0.00000,100.00000,541715,541713,CMRX,,07.01.2021,Shares,Unlisted,"39,000"
,,,,,,,,,,,,,,,,,,Cash,,"39,000"
,,,,,,,,,,,,,,,,,,Deferred payment,,n.a.
3494.,1941473315,SEDGWICK CLAIMS MANAGEMENT SERVICES INC.,US,STERICYCLE INC.'S EXPERT SOLUTIONS BUSINESS,US,Acquisition 100%,Completed,"78,000.00",02.12.2020,100.00000,0.00000,100.00000,541990,524292,,,02.12.2020,Cash,Unlisted,"78,000"
3495.,2007974491,NEXTRACKER INC.,US,BENTEK CORPORATION,US,Acquisition 100%,Completed,"78,000.00",14.05.2025,100.00000,0.00000,100.00000,335311,334513,NXT,,14.05.2025,Earn-out,Unlisted,n.a.
,,,,,,,,,,,,,,,,,,Cash,,"78,000"
3496.,2007070593,FLUIDRA HOLDCO NORTH AMERICA INC.,US,TAYLOR WATER TECHNOLOGIES LLC,US,Acquisition 100%,Completed,"78,000.00",03.11.2021,100.00000,0.00000,100.00000,334519,238990,,,03.11.2021,,Unlisted,n.a.
3497.,1941308151,DRONE AVIATION HOLDING CORPORATION,US,COMSOVEREIGN CORPORATION,US,Acquisition 100%,Completed,"77,910.00",04.12.2019,100.00000,0.00000,100.00000,517919,336411,COMS,,04.12.2019,Shares,Unlisted,"77,910"
3498.,1941728715,MOOG INC.,US,GENESYS AEROSYSTEMS GROUP INC.,US,Acquisition 100%,Completed,"77,700.00",22.12.2020,100.00000,0.00000,100.00000,336320,334513,MOGA,,22.12.2020,,Unlisted,n.a.
3499.,2007235522,ANI PHARMACEUTICALS INC.,US,AMERIGEN PHARMACEUTICALS LTD'S 23 GENERIC PRODUCTS,US,Acquisition 100%,Completed,"77,500.00",08.01.2020,100.00000,0.00000,100.00000,325412,325412,ANIP,,08.01.2020,Earn-out,Unlisted,"25,000"
,,,,,,,,,,,,,,,,,,Cash,,"52,500"
,,,,,,,,,,,,,,,,,,Cash Reserves,,n.a.
,,,,,,,,,,,,,,,,,,Shares,,"25,000"
3500.,1941703677,MET EXPRESS INC.,US,METROPOLITAN TRUCKING INC.,US,Acquisition 100%,Completed,"77,400.00",14.06.2022,100.00000,0.00000,100.00000,484121,484121,,,14.06.2022,Cash Reserves,Unlisted,n.a.
,,,,,,,,,,,,,,,,,,Cash,,"64,300"
,,,,,,,,,,,,,,,,,,Liabilities,,"15,500"
3501.,1941117710,KEPPEL CAPITAL SENIOR LIVING LLC,US,WATERMARK RETIREMENT COMMUNITIES LLC,US,Acquisition 50%,Completed,"77,288.00",03.03.2020,50.00000,0.00000,50.00000,623312,623312,,,02.08.2018,Deferred payment,Unlisted,n.a.
3502.,1941303269,DUCOMMUN LABARGE TECHNOLOGIES INC.,US,NOBLES PARENT INC.,US,Acquisition 100%,Completed,"77,000.00",09.10.2019,100.00000,0.00000,100.00000,332994,335999,,,09.10.2019,Cash,Unlisted,"77,000"
3503.,1941322835,CITIZENS & NORTHERN CORPORATION,US,COVENANT FINANCIAL INC.,US,Acquisition 100%,Completed,"77,000.00",01.07.2020,100.00000,0.00000,100.00000,551111,522110,CZNC,,18.12.2019,Shares,Unlisted,"57,750"
,,,,,,,,,,,,,,,,,,Cash,,"19,250"
3504.,1941237042,TEGNA INC.,US,JUSTICE NETWORK LLC,US,Acquisition 85%,Completed,"77,000.00",18.06.2019,85.00000,15.00000,100.00000,512110,515120,TGNA,,06.05.2019,Cash,Unlisted,"77,000"
,,,,QUEST NETWORK LLC,US,,,,,85.00000,15.00000,100.00000,512110,,,,,Cash Reserves,Unlisted,n.a.
3505.,2008562377,TEMPEST THERAPEUTICS INC.,US,FACTOR BIOSCIENCE INC.'S CERTAIN DUAL-CAR T PROGRAMS ASSETS,US,Acquisition 100%,Completed,"76,401.00",04.02.2026,100.00000,0.00000,100.00000,541713,541713,TPST,,19.11.2025,Shares,Unlisted,"76,401"
3506.,2007523886,908 DEVICES INC.,US,CAM2 TECHNOLOGIES LLC,US,Acquisition 100%,Completed,"76,200.00",30.04.2024,100.00000,0.00000,100.00000,334516,334290,MASS,,30.04.2024,Shares,Unlisted,"8,500"
,,,,,,,,,,,,,,,,,,Earn-out,,"22,700"
,,,,,,,,,,,,,,,,,,Cash,,"45,000"
3507.,1941297536,SOUTH PLAINS FINANCIAL INC.,US,WEST TEXAS STATE BANK,US,Acquisition 100%,Completed,"76,100.00",12.11.2019,100.00000,0.00000,100.00000,522110,522110,SPFI,,25.07.2019,Cash,Unlisted,"76,100"
3508.,2007488525,ALTI GLOBAL INC.,US,EAST END ADVISORS LLC,US,Acquisition 100%,Completed,"76,000.00",03.04.2024,100.00000,0.00000,100.00000,541511,523920,ALTI,,01.04.2024,Earn-out,Unlisted,n.a.
,,,,,,,,,,,,,,,,,,Shares,,n.a.
,,,,,,,,,,,,,,,,,,Cash,,n.a.
3509.,1941634205,FRONTAGE LABORATORIES INC.,US,EXPERIMUR LLC,US,Acquisition 100%,Completed,"76,000.00",11.01.2022,100.00000,0.00000,100.00000,541380,541715,,,30.12.2021,Cash,Unlisted,"76,000"
,,,,EXPERIMUR PROPERTIES LLC,US,,,,,100.00000,0.00000,100.00000,551112,,,,,,Unlisted,
3510.,2007170028,WEBMD HEALTH SERVICES GROUP INC.,US,LIMEADE INC.,US,Acquisition 100%,Completed,"75,210.00",10.08.2023,100.00000,0.00000,100.00000,518210,518210,,LME,08.06.2023,Liabilities,Delisted,n.a.
,,,,,,,,,,,,,,,,,,Cash,,"75,210"
3511.,1943338351,"SIRIO PHARMA CO., LTD",CN,BEST FORMULATIONS LLC,US,Acquisition 60%,Completed,"75,160.00",06.01.2023,60.00000,0.00000,60.00000,325411,325412,300791,,08.07.2022,Deferred payment,Unlisted,n.a.
,,SIRIO HEALTHCARE HOLDINGS LLC,US,,,,,,,,,,,551112,,,,Cash,,"75,160"
,,,,,,,,,,,,,,,,,,Cash Reserves,,n.a.
3512.,2008672166,JOHN LAING I-4 HOLDCO CORPORATION,US,I-4 MOBILITY PARTNERS HOLDCO LLC,US,Acquisition 100%,Completed,"75,000.00",02.04.2026,100.00000,0.00000,100.00000,237310,237310,,,02.04.2026,,Unlisted,n.a.
3513.,2008624676,EXCELSIOR CARE GROUP LLC,US,UNION PLAZA CARE CENTER,US,Acquisition 100%,Completed,"75,000.00",05.03.2026,100.00000,0.00000,100.00000,623110,623110,,,05.03.2026,,Unlisted,n.a.
3514.,2008599804,NVIDIA CORPORATION,US,ILLUMEX TECHNOLOGIES INC.,US,Acquisition 100%,Completed,"75,000.00",23.02.2026,100.00000,0.00000,100.00000,518210,334413,NVDA,,23.02.2026,,Unlisted,n.a.
3515.,2007916777,AVEANNA HEALTHCARE HOLDINGS INC.,US,THRIVE SKILLED PEDIATRIC CARE LLC,US,Acquisition 100%,Completed,"75,000.00",04.06.2025,100.00000,0.00000,100.00000,621610,621610,AVAH,,03.04.2025,Cash,Unlisted,n.a.
,,,,,,,,,,,,,,,,,,Shares,,n.a.
3516.,2007827905,OLIN WINCHESTER LLC,US,AMMO INC.'S AMMUNITION MANUFACTURING ASSETS,US,Acquisition 100%,Completed,"75,000.00",18.04.2025,100.00000,0.00000,100.00000,332992,325180,,,21.01.2025,Cash,Unlisted,"75,000"
3517.,2007775120,CLEARWAY ENERGY INC.,US,TURLOCK IRRIGATION DISTRICT'S 137 MW TUOLUMNE WIND PROJECT IN WASHINGTON,US,Acquisition 100%,Completed,"75,000.00",31.03.2025,100.00000,0.00000,100.00000,221115,221118,CWENA,,25.11.2024,Cash,Unlisted,n.a.
,,,,,,,,,,,,,,,,,,Cash Reserves,,n.a.
3518.,2007753654,CELSIUS HOLDINGS INC.,US,BIG BEVERAGES CONTRACT MANUFACTURING LLC,US,Acquisition 100%,Completed,"75,000.00",01.11.2024,100.00000,0.00000,100.00000,312111,312111,CELH,,01.11.2024,Cash Reserves,Unlisted,n.a.
,,,,,,,,,,,,,,,,,,Cash,,"75,000"
3519.,2007505678,FIRST WATCH RESTAURANT GROUP INC.,US,TWENTY ONE FRANCHISE OWNED RESTAURANTS IN NORTH CAROLINA,US,Acquisition 100%,Completed,"75,000.00",15.04.2024,100.00000,0.00000,100.00000,722511,722511,FWRG,,08.01.2024,,Unlisted,n.a.
3520.,2007419736,SAALEX CORPORATION,US,SPALDING CONSULTING INC.,US,Acquisition 100%,Completed,"75,000.00",24.01.2024,100.00000,0.00000,100.00000,541512,541512,,,24.01.2024,,Unlisted,n.a.
3521.,2007388059,ARCOSA INC.,US,RECYCLED AGGREGATE MATERIALS COMPANY INC.,US,Acquisition 100%,Completed,"75,000.00",23.05.2022,100.00000,0.00000,100.00000,423930,237990,ACA,,23.05.2022,,Unlisted,n.a.
3522.,2007368560,CARGURUS INC.,US,CAROFFER LLC,US,Acquisition increased from 51% to 100%,Completed,"75,000.00",04.12.2023,49.00000,51.00000,100.00000,518210,518210,CARG,,06.11.2023,Cash,Unlisted,"75,000"
3523.,2007364112,NEVRO CORPORATION,US,VYRSA TECHNOLOGIES INC.,US,Acquisition 100%,Completed,"75,000.00",30.11.2023,100.00000,0.00000,100.00000,423450,339112,NVRO,,30.11.2023,Shares,Unlisted,n.a.
,,,,,,,,,,,,,,,,,,Cash,,n.a.
,,,,,,,,,,,,,,,,,,Earn-out,,"35,000"
3524.,2007192615,RING ENERGY INC.,US,"FOUNDERS OIL & GAS IV LLC'S CENTRAL BASIN PLATFORM OIL AND GAS EXPLORATION ASSETS IN THE PERMIAN BASIN IN ECTOR COUNTY, TEXAS",US,Acquisition 100%,Completed,"75,000.00",16.08.2023,100.00000,0.00000,100.00000,211120,211120,REI,,11.07.2023,Deferred payment,Unlisted,n.a.
,,,,,,,,,,,,,,,,,,Cash,,"75,000"
,,,,,,,,,,,,,,,,,,Cash Reserves,,n.a.
3525.,2007152240,VERTEX ENERGY INC.,US,EQUILON ENTERPRISES LLC'S MOBILE REFINERY IN MOBILE ALABAMA,US,Acquisition 100%,Completed,"75,000.00",01.04.2022,100.00000,0.00000,100.00000,324110,562219,VTNR,,26.05.2021,Liabilities,Unlisted,n.a.
,,,,,,,,,,,,,,,,,,Cash,,"75,000"
3526.,2007147502,MEDICAL UNIVERSITY OF SOUTH CAROLINA,US,PROVIDENCE HEALTH & SERVICES,US,Acquisition 100%,Completed,"75,000.00",01.08.2022,100.00000,0.00000,100.00000,622110,611310,,,25.06.2021,,Unlisted,n.a.
,,,,KERSHAW COUNTY MEDICAL CENTER,US,,,,,100.00000,0.00000,100.00000,622110,,,,,,Unlisted,
3527.,2007104956,VERTEX ENERGY OPERATING LLC,US,CHEMICAL LP REFINERY IN MOBILE,US,Acquisition 100%,Completed,"75,000.00",01.04.2022,100.00000,0.00000,100.00000,324110,562219,,,26.05.2021,Cash,Unlisted,"75,000"
3528.,1941675549,NUCOR CORPORATION,US,ELITE STORAGE SOLUTIONS INC.,US,Acquisition 100%,Completed,"75,000.00",05.04.2022,100.00000,0.00000,100.00000,332618,331110,NUE,,05.04.2022,,Unlisted,n.a.
3529.,1941527977,GOODRX INC.,US,HEALTHINATION INC.,US,Acquisition 100%,Completed,"75,000.00",19.04.2021,100.00000,0.00000,100.00000,519130,518210,,,12.03.2021,Cash,Unlisted,"75,000"
3530.,1941413037,H GREG INVESTMENTS INC.,US,"UNDISCLOSED NISSAN DEALERSHIP IN PALMETTO BAY, FLORIDA",US,Acquisition 100%,Completed,"75,000.00",22.11.2019,100.00000,0.00000,100.00000,441110,441110,,,22.11.2019,,Unlisted,n.a.
3531.,1941388880,SPRUCE FINANCE INC.,US,CLEARWAY ENERGY INC.'S 53 MW PORTFOLIO OF RESIDENTIAL SOLAR ASSETS,US,Acquisition 100%,Completed,"75,000.00",14.05.2020,100.00000,0.00000,100.00000,221114,523920,,,14.05.2020,Cash,Unlisted,"75,000"
3532.,1941320870,ENTEGRIS INC.,US,SINMAT INC.,US,Acquisition 100%,Completed,"75,000.00",10.01.2020,100.00000,0.00000,100.00000,325998,334513,ENTG,,10.01.2020,Cash,Unlisted,"75,000"
3533.,1941172470,LUMINEX CORPORATION,US,EMD MILLIPORE CORPORATION'S FLOW CYTOMETRY PORTFOLIO,US,Acquisition 100%,Completed,"75,000.00",02.01.2019,100.00000,0.00000,100.00000,541713,541715,LMNX,,02.01.2019,Cash,Unlisted,"75,000"
3534.,1939066838,PALO ALTO NETWORKS INC.,US,ZINGBOX INC.,US,Acquisition 100%,Completed,"75,000.00",20.09.2019,100.00000,0.00000,100.00000,541511,518210,PANW,,04.09.2019,Cash,Unlisted,"75,000"
3535.,2007876645,FRESH VINE WINE INC.,US,AMAZE SOFTWARE INC.,US,Acquisition 100%,Completed,"75,000.00",07.03.2025,100.00000,0.00000,100.00000,443142,312130,AMZE,,07.03.2025,,Unlisted,n.a.
3536.,2007387358,CONN'S INC.,US,WS BADCOCK CORPORATION,US,Acquisition 100%,Completed,"74,465.00",18.12.2023,100.00000,0.00000,100.00000,442110,443141,CN4,,18.12.2023,Shares,Unlisted,"74,465"
3537.,2007534706,RODINA CAPITAL,US,RUBICON TECHNOLOGIES INC.'S FLEET TECHNOLOGY BUSINESS,US,Acquisition 100%,Completed,"74,200.00",07.05.2024,100.00000,0.00000,100.00000,511210,523910,,,07.05.2024,Cash,Unlisted,n.a.
,,,,,,,,,,,,,,,,,,Earn-out,,"74,200"
3538.,1941398857,CREATE RESTAURANTS NY INC.,US,IL FORNAIO (AMERICA) CORPORATION,US,Acquisition 100%,Completed,"74,200.00",30.09.2019,100.00000,0.00000,100.00000,722511,722511,,ILFO,12.09.2019,Cash,Delisted,"74,200"
3539.,1941623840,COLUMBUS MCKINNON CORPORATION,US,GARVEY CORPORATION,US,Acquisition 100%,Completed,"74,000.00",01.12.2021,100.00000,0.00000,100.00000,333922,333923,CMCO,,04.11.2021,,Unlisted,n.a.
3540.,2007575001,MUTUAL CAPITAL GROUP INC.,US,ICC HOLDINGS INC.,US,Acquisition 100%,Completed,"73,860.00",13.03.2025,100.00000,0.00000,100.00000,524126,524210,,ICCH,08.06.2024,Cash,Delisted,"73,860"
3541.,2007628216,ACNB SOUTH ACQUISITION SUBSIDIARY LLC,US,TRADITIONS BANKCORP INC.,US,Acquisition 100%,Completed,"73,500.00",03.02.2025,100.00000,0.00000,100.00000,522110,525990,,,24.07.2024,Shares,Unlisted,"73,500"
3542.,1941512413,ADT INC.,US,ACKERMAN SECURITY SYSTEMS INC.'S CUSTOMER ACCOUNTS,US,Acquisition 50%,Completed,"73,000.00",10.02.2021,50.00000,0.00000,50.00000,561621,541690,ADT,,10.02.2021,Cash,Unlisted,"73,000"
3543.,1941678700,SPINE INJURY SOLUTIONS INC.,US,BITECH MINING CORPORATION,US,Acquisition 100%,Completed,"72,867.00",31.03.2022,100.00000,0.00000,100.00000,518210,518210,BESS,,31.03.2022,Shares,Unlisted,"72,867"
3544.,1941410182,I3 VERTICALS INC.,US,PACE PAYMENT SYSTEMS INC.,US,Acquisition 100%,Completed,"72,700.00",03.06.2019,100.00000,0.00000,100.00000,423430,511210,IIIV,,03.06.2019,Cash,Unlisted,n.a.
,,,,,,,,,,,,,,,,,,Earn-out,,"20,000"
3545.,1941657541,PATRICK INDUSTRIES INC.,US,ROCKFORD CORPORATION,US,Acquisition 100%,Completed,"72,539.00",07.03.2022,100.00000,0.00000,100.00000,334310,337121,PATK,ROFO,24.02.2022,,Delisted,n.a.
3546.,1941235248,BRX TRANSPORTATION HOLDINGS LLC,US,PIONEER RAILCORP,US,Acquisition 100%,Completed,"72,426.00",31.07.2019,100.00000,0.00000,100.00000,482112,482112,,PRRR,17.05.2019,Cash,Delisted,"72,426"
3547.,1941713135,MEDICINE MAN TECHNOLOGIES INC.,US,CITI-MED LLC'S FIVE DISPENSARIES,US,Acquisition 100%,Completed,"72,300.00",03.03.2021,100.00000,0.00000,100.00000,446110,541613,SHWZ,,04.02.2021,Cash,Unlisted,"27,500"
,,,,,,,,,,,,,,,,,,Liabilities,,n.a.
,,,,,,,,,,,,,,,,,,Shares,,"17,900"
,,,,,,,,,,,,,,,,,,Bonds,,"26,900"
3548.,2007601876,ASIA PROPERTIES INC.,US,SRE POWER INC.,US,Acquisition 100%,Completed,"72,000.00",12.08.2024,100.00000,0.00000,100.00000,221118,518210,,,01.07.2024,Shares,Unlisted,"72,000"
3549.,2007444426,WHITE RIVER SOY PROCESSING LLC,US,BENSON HILL INGREDIENTS LLC,US,Acquisition 100%,Completed,"72,000.00",13.02.2024,100.00000,0.00000,100.00000,311224,311224,,,13.02.2024,,Unlisted,n.a.
3550.,2007437661,W&T OFFSHORE INC.,US,SIX OIL FIELD ASSETS IN THE GULF OF MEXICO,US,Acquisition 100%,Completed,"72,000.00",16.01.2024,100.00000,0.00000,100.00000,211120,211120,WTI,,15.12.2023,Cash Reserves,Unlisted,n.a.
,,,,SP 49 PIPELINE LLC,US,,,,,100.00000,0.00000,100.00000,211120,,,,,Cash,Unlisted,"72,000"
3551.,1941721862,ALLOY INC.,US,SACRED WIND COMMUNICATIONS INC.,US,Acquisition 100%,Completed,"72,000.00",07.11.2022,100.00000,0.00000,100.00000,517919,517311,,,27.07.2022,Cash,Unlisted,n.a.
,,,,,,,,,,,,,,,,,,Shares,,n.a.
,,,,,,,,,,,,,,,,,,Liabilities,,"32,000"
,,,,,,,,,,,,,,,,,,Earn-out,,n.a.
3552.,1941555332,FRONTAGE LABORATORIES INC.,US,QUINTARA DISCOVERY INC.,US,Acquisition 100%,Completed,"72,000.00",09.07.2021,100.00000,0.00000,100.00000,541713,541715,,,28.06.2021,Cash Reserves,Unlisted,n.a.
,,,,,,,,,,,,,,,,,,Earn-out,,"27,900"
,,,,,,,,,,,,,,,,,,Cash,,"72,000"
3553.,1941433137,ASGN INC.,US,LEAPFROG SYSTEMS INC.,US,Acquisition 100%,Completed,"72,000.00",01.09.2020,100.00000,0.00000,100.00000,541512,561311,EFOR,,01.09.2020,Cash,Unlisted,"72,000"
3554.,1941205591,CUBIC CORPORATION,US,NUVOTRONICS INC.,US,Acquisition 100%,Completed,"72,000.00",14.03.2019,100.00000,0.00000,100.00000,515112,334511,CUB,,14.03.2019,Cash,Unlisted,n.a.
,,,,,,,,,,,,,,,,,,Earn-out,,"8,000"
,,,,,,,,,,,,,,,,,,Cash Reserves,,n.a.
3555.,2007609303,UNITIL CORPORATION,US,BANGOR NATURAL GAS COMPANY,US,Acquisition 100%,Completed,"71,200.00",31.01.2025,100.00000,0.00000,100.00000,221210,221210,UTL,,09.07.2024,Shares,Unlisted,n.a.
3556.,2008154525,FLOWCO HOLDINGS INC.,US,ARCHROCK INC.'S HIGH-PRESSURE GAS LIFT AND VAPOR RECOVERY ASSETS,US,Acquisition 100%,Completed,"71,000.00",04.08.2025,100.00000,0.00000,100.00000,213112,333132,FLOC,,04.08.2025,Cash,Unlisted,"71,000"
3557.,2007103124,UNDISCLOSED ACQUIROR,US,SERENITY NOW LESSEE INC.,US,Acquisition 100%,Completed,"71,000.00",25.08.2022,100.00000,0.00000,100.00000,721110,551114,,,25.08.2022,,Unlisted,n.a.
3558.,1941366407,TIARCO LLC,US,"HB FULLER COMPANY’S SURFACTANTS, THICKENERS AND DISPERSANTS BUSINESS",US,Acquisition 100%,Completed,"71,000.00",01.07.2019,100.00000,0.00000,100.00000,325613,325998,,,11.06.2019,,Unlisted,n.a.
3559.,1941284401,LIBERTY BANK,US,SBT BANCORP INC.,US,Acquisition 100%,Completed,"71,000.00",11.10.2019,100.00000,0.00000,100.00000,522110,522110,,SBTB,21.03.2019,Cash,Delisted,"71,000"
3560.,2007161182,APPLIED INTUITION INC.,US,EMBARK TECHNOLOGY INC.,US,Acquisition 100%,Completed,"71,000.00",02.08.2023,100.00000,0.00000,100.00000,511210,541511,,,25.05.2023,Cash,Unlisted,"71,000"
3561.,1941354519,YANMAR AMERICA CORPORATION,US,ASV HOLDINGS INC.,US,Acquisition 100%,Completed,"70,700.00",11.09.2019,100.00000,0.00000,100.00000,333120,335312,,ASV,27.06.2019,Cash,Delisted,"70,700"
3562.,1941538121,ONDAS HOLDINGS INC.,US,AMERICAN ROBOTICS INC.,US,Acquisition 100%,Completed,"70,600.00",05.08.2021,100.00000,0.00000,100.00000,336411,517311,ONDS,,17.05.2021,Shares,Unlisted,n.a.
,,,,,,,,,,,,,,,,,,Cash,,"7,500"
3563.,2008376197,CIVISTA BANCSHARES INC.,US,"FARMERS SAVINGS BANK, THE",US,Acquisition 100%,Completed,"70,400.00",06.11.2025,100.00000,0.00000,100.00000,522110,522110,CIVB,,10.07.2025,Cash,Unlisted,"34,925"
,,,,,,,,,,,,,,,,,,Shares,,"35,475"
3564.,1941582627,DAC ACQUISITION LLC,US,DIVERSICARE HEALTHCARE SERVICES LLC,US,Acquisition 100%,Completed,"70,223.00",19.11.2021,100.00000,0.00000,100.00000,623110,551114,,DVCR,27.08.2021,Cash,Delisted,"70,223"
3565.,2008598189,GAMECHANGE ENERGY TECHNOLOGIES CORPORATION,US,GIBRALTAR INDUSTRIES INC.'S RENEWABLES ELECTRICAL BALANCE-OF-SYSTEMS BUSINESS,US,Acquisition 100%,Completed,"70,000.00",23.02.2026,100.00000,0.00000,100.00000,339999,221114,,,23.02.2026,Cash,Unlisted,"70,000"
3566.,2008524476,NEW ERA ENERGY & DIGITAL INC.,US,TEXAS CRITICAL DATA CENTERS LLC,US,Acquisition increased from 50% to 100%,Completed,"70,000.00",16.01.2026,50.00000,50.00000,100.00000,518210,541512,NUAI,,23.12.2025,Shares,Unlisted,"10,000"
,,,,,,,,,,,,,,,,,,Cash,,"10,000"
,,,,,,,,,,,,,,,,,,Bonds,,"50,000"
,,,,,,,,,,,,,,,,,,Deferred payment,,n.a.
3567.,2007871013,REPLIGEN CORPORATION,US,908 DEVICES INC.'S BIOPROCESSING ANALYTICS DESKTOP PORTFOLIO,US,Acquisition 100%,Completed,"70,000.00",04.03.2025,100.00000,0.00000,100.00000,334290,325411,RGEN,,04.03.2025,Cash,Unlisted,"70,000"
3568.,2007832708,PUBLIC POLICY HOLDING COMPANY INC.,US,TRAILRUNNER INTERNATIONAL LLC,US,Acquisition 100%,Completed,"70,000.00",01.04.2025,100.00000,0.00000,100.00000,541820,541199,,,27.01.2025,Cash,Unlisted,n.a.
,,,,,,,,,,,,,,,,,,Shares,,n.a.
,,,,,,,,,,,,,,,,,,Earn-out,,"37,000"
3569.,2007740386,INSTEEL WIRE PRODUCTS COMPANY,US,ENGINEERED WIRE PRODUCTS INC.'S ASSETS,US,Acquisition 100%,Completed,"70,000.00",21.10.2024,100.00000,0.00000,100.00000,332618,332618,,,21.10.2024,Cash,Unlisted,"70,000"
3570.,2007679286,UNDISCLOSED ACQUIROR,US,CONIFER HOLDINGS INC.'S INSURANCE AGENCY OPERATIONS,US,Acquisition 100%,Completed,"70,000.00",30.08.2024,100.00000,0.00000,100.00000,524126,551114,,,30.08.2024,Earn-out,Unlisted,"25,000"
3571.,2007527725,ANTERO MIDSTREAM CORPORATION,US,SUMMIT MIDSTREAM PARTNERS LP'S MARCELLUS SHALE COMPRESSION AND HIGH PRESSURE GAS GATHERING SYSTEM ASSETS,US,Acquisition 100%,Completed,"70,000.00",01.05.2024,100.00000,0.00000,100.00000,211120,211120,AM,,01.05.2024,Cash,Unlisted,"70,000"
3572.,2007455892,BIGBEAR.AI HOLDINGS INC.,US,PANGIAM INTERMEDIATE HOLDINGS LLC,US,Acquisition 100%,Completed,"70,000.00",01.03.2024,100.00000,0.00000,100.00000,541715,518210,BBAI,,06.11.2023,Shares,Unlisted,"70,000"
3573.,2007436174,EASY BIO USA INC.,US,DEVENISH NUTRITION LLC,US,Acquisition 100%,Completed,"70,000.00",04.03.2024,100.00000,0.00000,100.00000,311119,311119,,,07.02.2024,Cash,Unlisted,"70,000"
3574.,2007428878,GUARDIAN CAPITAL LLC,US,STERLING CAPITAL MANAGEMENT LLC,US,Acquisition 100%,Completed,"70,000.00",02.07.2024,100.00000,0.00000,100.00000,523930,523920,,,02.02.2024,Earn-out,Unlisted,n.a.
3575.,2007269497,BERRY CORPORATION,US,MACPHERSON ENERGY CORPORATION,US,Acquisition 100%,Completed,"70,000.00",18.09.2023,100.00000,0.00000,100.00000,211120,211120,BRY,,17.07.2023,Deferred payment,Unlisted,n.a.
,,,,,,,,,,,,,,,,,,Cash Reserves,,n.a.
,,,,,,,,,,,,,,,,,,Cash,,"70,000"
3576.,2007182204,SOCURE INC.,US,BERBIX INC.,US,Acquisition 100%,Completed,"70,000.00",27.06.2023,100.00000,0.00000,100.00000,518210,518210,,,27.06.2023,Cash,Unlisted,n.a.
,,,,,,,,,,,,,,,,,,Shares,,n.a.
3577.,2007114233,TRINITY INDUSTRIES INC.,US,RSI LOGISTICS INC.,US,Acquisition 100%,Completed,"70,000.00",08.03.2023,100.00000,0.00000,100.00000,511210,336510,TRN,,08.03.2023,,Unlisted,n.a.
3578.,2007109990,PUBLIC POLICY HOLDING COMPANY INC.,US,MULTISTATE ASSOCIATES INC.,US,Acquisition 100%,Completed,"70,000.00",01.03.2023,100.00000,0.00000,100.00000,921190,541199,,,01.03.2023,Deferred payment,Unlisted,n.a.
,,,,,,,,,,,,,,,,,,Cash,,"17,600"
,,,,,,,,,,,,,,,,,,Shares,,"4,400"
,,,,,,,,,,,,,,,,,,Earn-out,,n.a.
,,,,,,,,,,,,,,,,,,Cash Reserves,,n.a.
3579.,2007011716,PLAYSTUDIOS INC.,US,BRAINIUM STUDIOS LLC,US,Acquisition 100%,Completed,"70,000.00",13.10.2022,100.00000,0.00000,100.00000,511210,518210,,,13.10.2022,Earn-out,Unlisted,n.a.
,,,,,,,,,,,,,,,,,,Cash,,n.a.
3580.,1941634601,ALLIED MOTION TECHNOLOGIES INC.,US,SPECTRUM CONTROLS INC.,US,Acquisition 100%,Completed,"70,000.00",31.12.2021,100.00000,0.00000,100.00000,334210,334513,ALNT,,31.12.2021,Deferred payment,Unlisted,n.a.
,,,,,,,,,,,,,,,,,,Cash,,"39,500"
,,,,,,,,,,,,,,,,,,Shares,,"30,500"
3581.,1941555051,OPTEC INTERNATIONAL INC.,US,WESHIELD,US,Acquisition 100%,Completed,"70,000.00",08.06.2021,100.00000,0.00000,100.00000,423450,335999,OPTI,,08.06.2021,Cash,Unlisted,n.a.
,,,,,,,,,,,,,,,,,,Shares,,n.a.
3582.,1941515885,NEWMARK GROUP INC.,US,KNOTEL INC.'S BUSINESS ASSET,US,Acquisition 100%,Completed,"70,000.00",24.03.2021,100.00000,0.00000,100.00000,531190,531210,NMRK,,31.01.2021,,Unlisted,n.a.
3583.,1941336413,UPLAND SOFTWARE INC.,US,CHAR SOFTWARE INC.,US,Acquisition 100%,Completed,"70,000.00",07.02.2020,100.00000,0.00000,100.00000,518210,518210,UPLD,,07.02.2020,Cash Reserves,Unlisted,n.a.
,,,,,,,,,,,,,,,,,,Deferred payment,,n.a.
,,,,,,,,,,,,,,,,,,Cash,,"67,700"
3584.,1941258116,DLH HOLDINGS CORPORATION,US,SOCIAL & SCIENTIFIC SYSTEMS INC.,US,Acquisition unknown stake %,Completed,"70,000.00",10.06.2019,Unknown %,Unknown %,Unknown %,541715,621399,DLHC,,10.06.2019,Cash,Unlisted,"70,000"
3585.,1941695160,GODIGITAL MEDIA GROUP LLC,US,BOB'S STORES CORPORATION,US,Acquisition 100%,Completed,"70,000.00",25.05.2022,100.00000,0.00000,100.00000,448140,512230,,,25.05.2022,Cash,Unlisted,"70,000"
,,,,EASTERN MOUNTAIN SPORTS INC.,US,,,,,100.00000,0.00000,100.00000,451110,,,,,,Unlisted,
3586.,1941735978,BAINBRIDGE COMPANIES LLC,US,"AVENTURA CROSSROADS IN CARY, NORTH CAROLINA",US,Acquisition 100%,Completed,"69,800.00",29.08.2022,100.00000,0.00000,100.00000,624229,531311,,,29.08.2022,,Unlisted,n.a.
,,VIRTUS REAL ESTATE LLC,US,,,,,,,,,,,523910,,,,,,
3587.,2007043386,DUCOMMUN INC.,US,MAGNETIC SEAL CORPORATION,US,Acquisition 100%,Completed,"69,500.00",16.12.2021,100.00000,0.00000,100.00000,339991,336413,DCO,,16.12.2021,Cash,Unlisted,"69,500"
,,,,,,,,,,,,,,,,,,Cash Reserves,,n.a.
3588.,2007566112,BGP HOLDING US LLC,US,BAIF MALACHA HOLDINGS LLC,US,Acquisition 100%,Completed,"69,480.00",28.05.2024,100.00000,0.00000,100.00000,221111,221118,,,28.05.2024,,Unlisted,n.a.
3589.,2007441906,GUESS? INC.,US,RAG & BONE INDUSTRIES LLC,US,Acquisition 100%,Completed,"69,300.00",03.04.2024,100.00000,0.00000,100.00000,448120,315240,GES,,16.02.2024,Earn-out,Unlisted,"12,800"
3590.,2007158382,GLOBAL INDUSTRIAL COMPANY,US,INDOFF INC.,US,Acquisition 100%,Completed,"69,200.00",22.05.2023,100.00000,0.00000,100.00000,541611,423840,GIC,,22.05.2023,Cash Reserves,Unlisted,n.a.
,,,,,,,,,,,,,,,,,,Cash,,"69,200"
3591.,2007957419,QUANTERIX CORPORATION,US,AKOYA BIOSCIENCES INC.,US,Acquisition 100%,Completed,"69,140.00",08.07.2025,100.00000,0.00000,100.00000,541713,334516,QTRX,AKYA,29.04.2025,Shares,Delisted,"49,140"
,,,,,,,,,,,,,,,,,,Cash,,"20,000"
3592.,1941499040,GALAXY UNIVERSAL LLC,US,APEX GLOBAL BRANDS INC.,US,Acquisition 100%,Completed,"69,100.00",05.04.2021,100.00000,0.00000,100.00000,541613,561110,,APEX,16.02.2021,Cash,Delisted,"69,100"
3593.,2008399751,GRACO INC.,US,RED DEVIL EQUIPMENT COMPANY,US,Acquisition 100%,Completed,"69,000.00",17.11.2025,100.00000,0.00000,100.00000,333249,333996,GGG,,17.11.2025,,Unlisted,n.a.
3594.,2007807390,WESTINGHOUSE AIR BRAKE TECHNOLOGIES CORPORATION,US,BLOOM ENGINEERING INC.,US,Acquisition 100%,Completed,"69,000.00",30.12.2024,100.00000,0.00000,100.00000,333414,336390,WAB,,30.12.2024,Cash,Unlisted,"69,000"
,,,,,,,,,,,,,,,,,,Cash Reserves,,n.a.
3595.,2007061984,KINS TECHNOLOGY GROUP INC.,US,CXAPP HOLDING CORPORATION,US,Acquisition 100%,Completed,"69,000.00",14.03.2023,100.00000,0.00000,100.00000,541511,525990,CXAI,,30.09.2020,Shares,Unlisted,"69,000"
3596.,2007582261,APA HOTEL USA INC.,US,"HILTON IN SEATTLE, WASHINGTON",US,Acquisition 100%,Completed,"68,800.00",13.06.2024,100.00000,0.00000,100.00000,721110,721110,,,13.06.2024,,Unlisted,n.a.
3597.,1943155003,SIO INTERNATIONAL WISCONSIN INC.,US,FEWI DEVELOPMENT CORPORATION,US,Acquisition increased from 100% to 100%,Completed,"68,500.00",16.12.2019,Unknown %,100.00000,100.00000,523910,541611,,,16.12.2019,Cash,Unlisted,"68,500"
3598.,2007014162,ALEXION PHARMACEUTICALS INC.,US,LOGICBIO THERAPEUTICS INC.,US,Acquisition 100%,Completed,"68,233.00",16.11.2022,100.00000,0.00000,100.00000,541713,541713,,LOGC,03.10.2022,Cash,Delisted,"68,233"
3599.,2007105790,CAMBRIDGE TRUST COMPANY,US,NORTHMARK BANK,US,Acquisition 100%,Completed,"68,200.00",03.10.2022,100.00000,0.00000,100.00000,522110,522110,,,23.05.2022,Third party shares,Unlisted,"68,200"
3600.,1941194957,GERMAN AMERICAN BANCORP INC.,US,CITIZENS FIRST CORPORATION,US,Acquisition 100%,Completed,"68,200.00",01.07.2019,100.00000,0.00000,100.00000,551111,522110,GABC,CZFC,21.02.2019,Cash,Delisted,"16,000"
,,,,,,,,,,,,,,,,,,Shares,,"52,200"
3601.,1941243436,HEALTH INSURANCE INNOVATIONS INC.,US,TOGETHERHEALTH LLC,US,Acquisition 100%,Completed,"68,094.00",06.06.2019,100.00000,0.00000,100.00000,518210,524210,BFYT,,06.06.2019,Earn-out,Unlisted,n.a.
,,,,,,,,,,,,,,,,,,Shares,,n.a.
,,,,,,,,,,,,,,,,,,Cash,,n.a.
3602.,2007816967,STAR GROUP LP,US,UNDISCLOSED HOME ENERGY DISTRIBUTOR,US,Acquisition 100%,Completed,"68,000.00",10.01.2025,100.00000,0.00000,100.00000,221122,221122,SGU,,12.12.2024,,Unlisted,n.a.
3603.,2007105744,MAIN STREET FINANCIAL SERVICES CORPORATION,US,WAYNE SAVINGS BANCSHARES INC.,US,Acquisition 100%,Completed,"68,000.00",31.05.2024,100.00000,0.00000,100.00000,551111,551111,MSWV,WAYN,23.02.2023,Shares,Delisted,"68,000"
3604.,1941591104,F5 INC.,US,THREAT STACK INC.,US,Acquisition 100%,Completed,"68,000.00",04.10.2021,100.00000,0.00000,100.00000,518210,541512,FFIV,,20.09.2021,Cash,Unlisted,"68,000"
,,,,,,,,,,,,,,,,,,Cash Reserves,,n.a.
3605.,1941306669,ELEMENT SOLUTIONS INC.,US,KESTER INC.,US,Acquisition 100%,Completed,"68,000.00",03.12.2019,100.00000,0.00000,100.00000,423690,325998,ESI,,03.12.2019,Cash,Unlisted,"68,000"
,,,,,,,,,,,,,,,,,,Cash Reserves,,n.a.
3606.,1941495757,LIVERAMP HOLDINGS INC.,US,DATAFLEETS LTD,US,Acquisition 100%,Completed,"68,000.00",18.02.2021,100.00000,0.00000,100.00000,518210,518210,RAMP,,08.02.2021,,Unlisted,n.a.
3607.,2008034252,FUTURE ELECTRONICS FINANCE US CORPORATION,US,FUTURE ELECTRONICS CORPORATION,US,Acquisition increased from 100% to 100%,Completed,"67,856.00",17.06.2025,Unknown %,100.00000,100.00000,334419,334419,,,17.06.2025,Cash,Unlisted,"67,856"
3608.,1941623321,TSH BIRDSBORO LLC,US,SOJITZ BIRDSBORO LLC,US,Acquisition 50%,Completed,"67,800.00",29.06.2020,50.00000,0.00000,50.00000,523910,523910,,,06.03.2020,,Unlisted,n.a.
3609.,1941260845,LEVEL ONE BANCORP INC.,US,ANN ARBOR BANCORP INC.,US,Acquisition 100%,Completed,"67,800.00",02.01.2020,100.00000,0.00000,100.00000,522110,522110,,,13.08.2019,Cash,Unlisted,"67,800"
3610.,1939074453,GENESCO INC.,US,TOGAST LLC,US,Acquisition 100%,Completed,"67,700.00",02.01.2020,100.00000,0.00000,100.00000,424340,424340,GCO,,18.12.2019,Cash Reserves,Unlisted,n.a.
,,,,,,,,,,,,,,,,,,Cash,,"67,700"
,,,,,,,,,,,,,,,,,,Earn-out,,"34,000"
3611.,1941719515,HOMETRUST BANCSHARES INC.,US,QUANTUM CAPITAL CORPORATION,US,Acquisition 100%,Completed,"67,600.00",12.02.2023,100.00000,0.00000,100.00000,522110,522110,HTB,,25.07.2022,Shares,Unlisted,"34,600"
,,,,,,,,,,,,,,,,,,Cash,,"33,000"
3612.,2008492900,ASTEC INDUSTRIES INC.,US,CWMF CORPORATION,US,Acquisition 100%,Completed,"67,500.00",02.01.2026,100.00000,0.00000,100.00000,333120,333120,ASTE,,04.12.2025,Cash,Unlisted,"67,500"
3613.,2008380222,CANNAE HOLDINGS INC.,US,JANA PARTNERS MANAGEMENT LP,US,Acquisition increased from 20% to 50%,Completed,"67,500.00",30.09.2025,30.00000,20.00000,50.00000,523920,551114,CNNE,,13.05.2025,Cash,Unlisted,"67,500"
3614.,2007304595,COMPUTER PROGRAMS AND SYSTEMS INC.,US,VIEWGOL LLC,US,Acquisition 100%,Completed,"67,500.00",16.10.2023,100.00000,0.00000,100.00000,621999,511210,TBRG,,16.10.2023,Earn-out,Unlisted,"31,500"
,,,,,,,,,,,,,,,,,,Cash,,n.a.
3615.,1941470409,HEALTHSTREAM INC.,US,CHANGE HEALTHCARE INC.'S STAFF SCHEDULING BUSINESS,US,Acquisition 100%,Completed,"67,500.00",03.12.2020,100.00000,0.00000,100.00000,511210,518210,HSTM,,30.11.2020,Cash,Unlisted,"67,500"
,,,,,,,,,,,,,,,,,,Cash Reserves,,n.a.
3616.,1941410375,QUINSTREET INC.,US,MODERNIZE INC.,US,Acquisition 100%,Completed,"67,500.00",14.07.2020,100.00000,0.00000,100.00000,541613,541810,QNST,,14.07.2020,Bonds,Unlisted,n.a.
,,,,,,,,,,,,,,,,,,Cash,,n.a.
,,,,,,,,,,,,,,,,,,Deferred payment,,n.a.
3617.,2007670564,CIPHER MINING INC.,US,BARBER LAKE 300 MW DATA CENTRE IN WEST TEXAS,US,Acquisition 100%,Completed,"67,500.00",24.09.2024,100.00000,0.00000,100.00000,518210,334118,CIFR,,24.09.2024,Cash,Unlisted,"67,500"
3618.,2007135499,CITIZENS FINANCIAL SERVICES INC.,US,HV BANCORP INC.,US,Acquisition 100%,Completed,"67,400.00",16.06.2023,100.00000,0.00000,100.00000,522110,522110,CZFS,HVBC,18.10.2022,Shares,Delisted,"53,920"
,,,,,,,,,,,,,,,,,,Cash,,"13,480"
3619.,1941219156,TWIN RIVER WORLDWIDE HOLDINGS INC.,US,DOVER DOWNS GAMING & ENTERTAINMENT INC.,US,Acquisition 100%,Completed,"67,232.00",28.03.2019,100.00000,0.00000,100.00000,713120,721120,BALY,DDE,22.07.2018,Shares,Delisted,n.a.
3620.,1941683839,HEALTHEQUITY INC.,US,FORT EFFECT CORPORATION,US,Acquisition 100%,Completed,"67,228.00",08.03.2021,100.00000,0.00000,100.00000,518210,522120,HQY,,08.03.2021,Cash,Unlisted,n.a.
,,,,,,,,,,,,,,,,,,Earn-out,,"20,000"
3621.,2007502073,SOLERO TECHNOLOGIES LLC,US,KENDRION NV'S AUTOMOTIVE BUSINESS IN EUROPE,,Acquisition 100%,Completed,"67,100.00",01.10.2024,100.00000,0.00000,100.00000,334419,332911,,,12.04.2024,Liabilities,Unlisted,n.a.
,,,,KENDRION NV'S AUTOMOTIVE BUSINESS IN US,US,,,,,100.00000,0.00000,100.00000,334419,,,,,,Unlisted,
3622.,2007173745,SAN DIEGO HOUSING COMMISSION,US,"RESIDENCE INN SAN DIEGO, CALIFORNIA",US,Acquisition 100%,Completed,"67,000.00",01.12.2020,100.00000,0.00000,100.00000,721110,925110,,,01.12.2020,,Unlisted,n.a.
3623.,2007095422,CONTANGO OIL & GAS COMPANY,US,CONOCOPHILLIPS COMPANY'S WIND RIVER BASIN CONVENTIONAL GAS ASSETS,US,Acquisition 100%,Completed,"67,000.00",31.08.2021,100.00000,0.00000,100.00000,211120,211120,MCF,,08.07.2021,Cash Reserves,Unlisted,n.a.
,,,,,,,,,,,,,,,,,,Cash,,"67,000"
3624.,2007035770,SHOE CARNIVAL INC.,US,SHOE STATION INC.'S ASSETS,US,Acquisition 100%,Completed,"67,000.00",03.12.2021,100.00000,0.00000,100.00000,448210,448210,SCVL,,03.12.2021,Cash,Unlisted,"67,000"
,,,,,,,,,,,,,,,,,,Cash Reserves,,n.a.
3625.,2007032396,PARK CITIES ASSET MANAGEMENT LLC,US,ELEVATE CREDIT INC.,US,Acquisition 100%,Completed,"67,000.00",28.02.2023,100.00000,0.00000,100.00000,522291,523920,,ELVT,16.11.2022,Cash,Delisted,"67,000"
3626.,2007006855,BLUELINX HOLDINGS INC.,US,VANDERMEER FOREST PRODUCTS INC.,US,Acquisition 100%,Completed,"67,000.00",03.10.2022,100.00000,0.00000,100.00000,423390,423310,BXC,,03.10.2022,Cash,Unlisted,"67,000"
,,,,,,,,,,,,,,,,,,Cash Reserves,,n.a.
3627.,1941285732,ASGN INC.,US,INTERSYS CONSULTING LLC,US,Acquisition 100%,Completed,"67,000.00",17.10.2019,100.00000,0.00000,100.00000,518210,561311,EFOR,,17.10.2019,Cash,Unlisted,"67,000"
3628.,1941162976,CAMBRIDGE BANCORP,US,OPTIMA BANK & TRUST COMPANY,US,Acquisition 100%,Completed,"67,000.00",17.04.2019,100.00000,0.00000,100.00000,522110,522110,CATC,,05.12.2018,Cash,Unlisted,n.a.
,,,,,,,,,,,,,,,,,,Shares,,n.a.
3629.,2008065036,CHANNEL THERAPEUTICS CORPORATION,US,LNHC INC.,US,Acquisition 100%,Completed,"67,000.00",02.07.2025,100.00000,0.00000,100.00000,325412,541713,PTHS,,17.04.2025,Shares,Unlisted,n.a.
3630.,2007838594,PORTMAN RIDGE FINANCE CORPORATION,US,LOGAN RIDGE FINANCE CORPORATION,US,Acquisition 100%,Completed,"66,715.00",15.07.2025,100.00000,0.00000,100.00000,523910,523920,BCIC,LRFC,30.01.2025,Shares,Delisted,"66,715"
3631.,2007152518,CENTERWELL SENIOR PRIMARY CARE PC,US,CANO HEALTH INC.'S SENIOR-FOCUSED PRIMARY CARE CENTRES IN TEXAS AND NEVADA OPERATION ASSETS,US,Acquisition 100%,Completed,"66,700.00",26.09.2023,100.00000,0.00000,100.00000,621111,621111,,,26.09.2023,Earn-out,Unlisted,"1,900"
,,,,,,,,,,,,,,,,,,Cash,,"35,400"
,,,,,,,,,,,,,,,,,,Liabilities,,"31,300"
3632.,1941670670,HOME BANCORP INC.,US,FRIENDSWOOD CAPITAL CORPORATION,US,Acquisition 100%,Completed,"66,600.00",28.03.2022,100.00000,0.00000,100.00000,522110,522110,HBCP,,15.12.2021,Cash,Unlisted,"66,600"
3633.,2007058023,RCI HOSPITALITY HOLDINGS INC.,US,BABY DOLLS'S NIGHT CLUB OPERATIONS IN TEXAS,US,Acquisition 100%,Completed,"66,500.00",16.03.2023,100.00000,0.00000,100.00000,722410,722410,RICK,,13.12.2022,Cash,Unlisted,"25,000"
,,,,CHICAS LOCAS INC.'S 3 NIGHT CLUB OPERATIONS IN TEXAS,US,,,,,100.00000,0.00000,100.00000,722410,,,,,Shares,Unlisted,"16,000"
,,,,,,,,,,,,,,,,,,Bonds,,"25,500"
3634.,2007326341,BLUE HORIZON PARTNERS LLC,US,PATRIOT TRANSPORTATION HOLDING INC.,US,Acquisition 100%,Completed,"66,200.00",21.12.2023,100.00000,0.00000,100.00000,484230,525990,,PATI,01.11.2023,Cash,Delisted,n.a.
,,,,,,,,,,,,,,,,,,Liabilities,,n.a.
3635.,1941392031,A-ROD CORPORATION,US,THE LONDON FAMILY'S STONEHENGE 51 114-UNIT MULTIFAMILY BUILDING,US,Acquisition 100%,Completed,"66,200.00",21.02.2020,100.00000,0.00000,100.00000,236116,523910,,,21.02.2020,,Unlisted,n.a.
,,STONEHENGE MANAGEMENT LLC,US,,,,,,,,,,,531210,,,,,,
,,MODLIN GROUP,US,,,,,,,,,,,531210,,,,,,
3636.,2008064170,LIMBACH HOLDINGS INC.,US,PIONEER POWER INC.,US,Acquisition 100%,Completed,"66,100.00",01.07.2025,100.00000,0.00000,100.00000,238220,238220,LMB,,01.07.2025,Cash Reserves,Unlisted,n.a.
,,,,,,,,,,,,,,,,,,Cash,,n.a.
3637.,2007746062,FIRST CAROLINA BANK,US,BM TECHNOLOGIES INC.,US,Acquisition 100%,Completed,"66,000.00",03.02.2025,100.00000,0.00000,100.00000,518210,522110,,BMTX,25.10.2024,Cash,Delisted,"66,000"
3638.,2007682174,CAPITAL BANCORP INC.,US,INTEGRATED FINANCIAL HOLDINGS INC.,US,Acquisition 100%,Completed,"66,000.00",01.10.2024,100.00000,0.00000,100.00000,522298,522110,CBNK,,28.03.2024,Shares,Unlisted,n.a.
,,,,,,,,,,,,,,,,,,Cash,,n.a.
3639.,1941338745,DIGITAL TURBINE INC.,US,MOBILE POSSE INC.,US,Acquisition 100%,Completed,"66,000.00",12.02.2020,100.00000,0.00000,100.00000,518210,518210,APPS,,10.02.2020,Cash Reserves,Unlisted,n.a.
,,,,,,,,,,,,,,,,,,Earn-out,,"24,500"
,,,,,,,,,,,,,,,,,,Cash,,"66,000"
3640.,2007246231,CCFNB BANCORP INC.,US,MUNCY BANK FINANCIAL INC.,US,Acquisition 100%,Completed,"65,600.00",15.11.2023,100.00000,0.00000,100.00000,551111,551111,CCFN,MYBF,18.04.2023,Shares,Delisted,"65,600"
3641.,1941547516,HANOVER COMMUNITY BANK,US,SAVOY BANK,US,Acquisition 100%,Completed,"65,506.00",26.05.2021,100.00000,0.00000,100.00000,522110,522110,,,27.08.2020,Third party shares,Unlisted,"32,743"
,,,,,,,,,,,,,,,,,,Cash,,"32,763"
3642.,2008217779,ARES MANAGEMENT LLC,US,"TIMBERLINE REAL ESTATE VENTURES, LLC",US,Acquisition 100%,Completed,"65,500.00",30.01.2023,100.00000,0.00000,100.00000,551114,523920,ARES,,30.01.2023,,Unlisted,n.a.
3643.,2007025728,NIIT (USA) INC.,US,ST. CHARLES CONSULTING GROUP INC.,US,Acquisition 100%,Completed,"65,086.00",04.11.2022,100.00000,0.00000,100.00000,611430,611430,,,04.11.2022,Earn-out,Unlisted,"41,658"
3644.,2008673692,PPG INDUSTRIES INC.,US,OZARK MATERIALS LLC,US,Acquisition 100%,Completed,"65,000.00",15.04.2026,100.00000,0.00000,100.00000,325510,325510,PPG,,15.04.2026,Cash,Unlisted,"65,000"
3645.,2008438975,VIVID SEATS INC.,US,BETCHA SPORTS INC.,US,Acquisition 100%,Completed,"65,000.00",13.12.2021,100.00000,0.00000,100.00000,511210,518210,SEAT,,13.12.2021,Earn-out,Unlisted,"40,000"
,,,,,,,,,,,,,,,,,,Shares,,n.a.
,,,,,,,,,,,,,,,,,,Cash,,n.a.
3646.,2007652619,HEALTH CATALYST INC.,US,LUMEON INC.,US,Acquisition 100%,Completed,"65,000.00",01.08.2024,100.00000,0.00000,100.00000,518210,518210,HCAT,,01.08.2024,Shares,Unlisted,"2,500"
,,,,,,,,,,,,,,,,,,Earn-out,,"25,000"
,,,,,,,,,,,,,,,,,,Cash,,"37,500"
3647.,2007175538,COHERUS BIOSCIENCES INC.,US,SURFACE ONCOLOGY INC.,US,Acquisition 100%,Completed,"65,000.00",08.09.2023,100.00000,0.00000,100.00000,541713,325412,CHRS,SURF,16.06.2023,Earn-out,Delisted,n.a.
,,,,,,,,,,,,,,,,,,Shares,,n.a.
,,,,,,,,,,,,,,,,,,Cash assumed,,"25,000"
3648.,2007101942,SHARECARE INC.,US,CARELINX INC.,US,Acquisition 100%,Completed,"65,000.00",11.08.2021,100.00000,0.00000,100.00000,518210,518210,,,11.08.2021,Cash,Unlisted,"54,600"
,,,,,,,,,,,,,,,,,,Shares,,"10,400"
3649.,2007026899,MERIDIANLINK INC.,US,BEANSTALK NETWORKS LLC,US,Acquisition 100%,Completed,"65,000.00",04.11.2022,100.00000,0.00000,100.00000,518210,518210,MLNK,,04.11.2022,Cash Reserves,Unlisted,n.a.
,,,,,,,,,,,,,,,,,,Cash,,"65,000"
3650.,1941659072,TRIMAS CORPORATION,US,INTERTECH PLASTICS LLC,US,Acquisition 100%,Completed,"65,000.00",28.02.2022,100.00000,0.00000,100.00000,326199,332119,TRS,,28.02.2022,,Unlisted,n.a.
3651.,1941657348,RAMACO DEVELOPMENT LLC,US,RAMACO COAL LLC,US,Acquisition 100%,Completed,"65,000.00",29.04.2022,100.00000,0.00000,100.00000,212111,212210,,,24.02.2022,Cash,Unlisted,"65,000"
,,,,,,,,,,,,,,,,,,Deferred payment,,n.a.
3652.,1941635386,RECORDED FUTURE INC.,US,SECURITYTRAILS LLC,US,Acquisition 100%,Completed,"65,000.00",04.01.2022,100.00000,0.00000,100.00000,518210,518210,,,04.01.2022,,Unlisted,n.a.
3653.,1941587854,VICTORY CAPITAL MANAGEMENT INC.,US,NEW ENERGY CAPITAL PARTNERS LLC,US,Acquisition 100%,Completed,"65,000.00",01.11.2021,100.00000,0.00000,100.00000,523910,523920,,,13.09.2021,Cash,Unlisted,n.a.
,,,,,,,,,,,,,,,,,,Earn-out,,n.a.
,,,,,,,,,,,,,,,,,,Cash Reserves,,n.a.
3654.,1941553488,ALPINE SG LLC,US,TRUCKER TOOLS LLC,US,Acquisition 100%,Completed,"65,000.00",22.06.2021,100.00000,0.00000,100.00000,518210,523910,,,22.06.2021,,Unlisted,n.a.
3655.,1941542410,MERCURY SYSTEMS INC.,US,PENTEK TECHNOLOGIES LLC,US,Acquisition 100%,Completed,"65,000.00",27.05.2021,100.00000,0.00000,100.00000,334413,511210,MRCY,,27.05.2021,Cash,Unlisted,"65,000"
,,,,PENTEK SYSTEMS INC.,US,,,,,100.00000,0.00000,100.00000,334413,,,,,Cash Reserves,Unlisted,n.a.
3656.,1941278249,INVITAE CORPORATION,US,JUNGLA INC.,US,Acquisition 100%,Completed,"65,000.00",16.07.2019,100.00000,0.00000,100.00000,518210,621511,NVTAQ,,11.07.2019,Cash,Unlisted,n.a.
,,,,,,,,,,,,,,,,,,Shares,,n.a.
,,,,,,,,,,,,,,,,,,Earn-out,,"15,000"
3657.,1941277850,REPAY HOLDINGS CORPORATION,US,TRISOURCE SOLUTIONS LLC,US,Acquisition 100%,Completed,"65,000.00",14.08.2019,100.00000,0.00000,100.00000,518210,518210,RPAY,,14.08.2019,Earn-out,Unlisted,"5,000"
,,,,,,,,,,,,,,,,,,Cash Reserves,,n.a.
,,,,,,,,,,,,,,,,,,Cash,,"65,000"
3658.,2007835812,ROTH CH HOLDINGS INC.,US,SHARON AI INC.,US,Acquisition 100%,Completed,"65,000.00",20.12.2025,100.00000,0.00000,100.00000,518210,525990,,,29.01.2025,Shares,Unlisted,"65,000"
,,,,,,,,,,,,,,,,,,Cash assumed,,"5,000"
3659.,1941656301,WITH YOU INC.,US,WITH YOU LLC,US,Acquisition increased from 37.5% to 100%,Completed,"65,000.00",12.11.2021,62.50000,37.50000,100.00000,533110,533110,,,08.10.2021,Cash,Unlisted,"65,000"
3660.,1941434780,MAXLINEAR INC.,US,NANOSEMI INC.,US,Acquisition 100%,Completed,"65,000.00",09.09.2020,100.00000,0.00000,100.00000,541715,334413,MXL,,09.09.2020,Deferred payment,Unlisted,n.a.
,,,,,,,,,,,,,,,,,,Shares,,n.a.
,,,,,,,,,,,,,,,,,,Cash,,n.a.
,,,,,,,,,,,,,,,,,,Earn-out,,"35,000"
3661.,1941363331,WILKS BROTHERS LLC,US,CARBO CERAMICS INC.,US,Acquisition 100%,Completed,"65,000.00",20.07.2020,100.00000,0.00000,100.00000,333994,523920,,CRR,29.03.2020,Converted Debt,Delisted,n.a.
3662.,2007170959,ITEM 9 LABS CORPORATION,US,"ONE CANNABIS GROUP LLC, THE",US,Acquisition 100%,Completed,"64,872.00",23.03.2021,100.00000,0.00000,100.00000,111998,111998,INLB,,16.12.2020,Shares,Unlisted,"64,872"
3663.,1941533937,SOUTHERN CALIFORNIA BANCORP,US,BANK OF SANTA CLARITA,US,Acquisition 100%,Completed,"64,600.00",04.10.2021,100.00000,0.00000,100.00000,522110,522110,BCAL,BSCA,27.04.2021,Shares,Delisted,"64,600"
3664.,1941688967,MATTERPORT INC.,US,ENVIEW INC.,US,Acquisition 100%,Completed,"64,470.00",05.01.2022,100.00000,0.00000,100.00000,518210,511210,MTTR,,05.01.2022,Cash,Unlisted,"35,500"
,,,,,,,,,,,,,,,,,,Shares,,"27,330"
3665.,2008496307,EZCORP INC.,US,FOUNDERS ONE LLC,US,Acquisition unknown stake %,Completed,"64,400.00",05.01.2026,Unknown %,Unknown %,87.70000,522298,522298,EZPW,,05.01.2026,Cash,Unlisted,"9,400"
3666.,1941697068,MIDDLEFIELD BANC CORPORATION,US,LIBERTY BANCSHARES INC.,US,Acquisition 100%,Completed,"64,400.00",01.12.2022,100.00000,0.00000,100.00000,522110,522110,MBCN,,26.05.2022,Shares,Unlisted,n.a.
3667.,1941646246,ROSEDALE FEDERAL SAVINGS & LOAN ASSOCIATION,US,CBM BANCORP INC.,US,Acquisition 100%,Completed,"64,400.00",07.07.2022,100.00000,0.00000,100.00000,522110,522110,,CBMB,28.01.2022,Cash,Delisted,"64,400"
3668.,1941254758,SPIRIT OF TEXAS BANCSHARES INC.,US,CHANDLER BANCORP INC.,US,Acquisition 100%,Completed,"64,310.00",05.11.2019,100.00000,0.00000,100.00000,522110,522110,STXB,,24.07.2019,Cash,Unlisted,"17,900"
,,,,,,,,,,,,,,,,,,Shares,,"46,410"
3669.,2007469728,SIGMATEK SYSTEMS LLC,US,CIMATRON LTD,IL,Acquisition 100%,Completed,"64,200.00",01.01.2021,100.00000,0.00000,100.00000,541511,511210,,CIMT,02.11.2020,Cash assumed,Delisted,"8,850"
,,,,CIMATRON LTD'S GIBBSCAM BUSINESS,US,,,,,100.00000,0.00000,100.00000,541511,,,,,,Unlisted,
3670.,2007444254,SAN JUAN OFFSHORE LLC,US,ARENA ENERGY LLC'S ASSETS,US,Acquisition 100%,Completed,"64,160.00",01.10.2020,100.00000,0.00000,100.00000,213112,523920,,,21.08.2020,Liabilities,Unlisted,n.a.
,,,,,,,,,,,,,,,,,,Earn-out,,"60,000"
3671.,1941185585,RELADYNE LLC,US,CIRCOR INTERNATIONAL INC.'S RELIABILITY SERVICES DIVISION,US,Acquisition 100%,Completed,"64,094.39",29.01.2019,100.00000,0.00000,100.00000,333912,424720,,,29.01.2019,,Unlisted,n.a.
3672.,2007820201,SAFE & GREEN HOLDINGS CORPORATION,US,NEW ASIA HOLDINGS INC.,US,Acquisition 100%,Completed,"64,068.00",20.02.2025,100.00000,0.00000,100.00000,325620,332312,OLOX,NAHD,14.01.2025,Shares,Listed,"64,068"
3673.,2007099026,VOZ MEDIA INC.,US,SPANISH BROADCASTING SYSTEM INC.'S MEGATV BUSINESS,US,Acquisition 100%,Completed,"64,000.00",14.02.2023,100.00000,0.00000,100.00000,515112,515120,,,14.02.2023,,Unlisted,n.a.
3674.,1941622787,WERNER ENTERPRISES INC.,US,NEHDS LOGISTICS LLC,US,Acquisition 100%,Completed,"64,000.00",29.11.2021,100.00000,0.00000,100.00000,492110,484121,WERN,,29.11.2021,Earn-out,Unlisted,"4,000"
,,,,,,,,,,,,,,,,,,Cash,,"64,000"
,,,,,,,,,,,,,,,,,,Cash Reserves,,n.a.
3675.,1941344205,TECH MAHINDRA (AMERICAS) INC.,US,ZEN3 INFOSOLUTIONS (AMERICA) INC.,US,Acquisition 100%,Completed,"64,000.00",13.09.2024,100.00000,0.00000,100.00000,518210,541511,,,24.02.2020,Cash,Unlisted,"64,000"
,,,,,,,,,,,,,,,,,,Earn-out,,"22,000"
3676.,1941164369,BAYCOM CORPORATION,US,UNITI FINANCIAL CORPORATION,US,Acquisition 100%,Completed,"63,900.00",28.05.2019,100.00000,0.00000,100.00000,551111,522110,BCML,UIFC,10.12.2018,Shares,Delisted,n.a.
,,,,,,,,,,,,,,,,,,Cash,,"63,900"
3677.,1941451705,PORTMAN RIDGE FINANCE CORPORATION,US,GARRISON CAPITAL INC.,US,Acquisition 100%,Completed,"63,716.00",28.10.2020,100.00000,0.00000,100.00000,523920,523920,BCIC,GARS,24.06.2020,Shares,Delisted,"39,616"
,,,,,,,,,,,,,,,,,,Cash,,"24,100"
3678.,1941063904,SPIRIT OF TEXAS BANCSHARES INC.,US,FIRST BEEVILLE FINANCIAL CORPORATION,US,Acquisition 100%,Completed,"63,700.00",02.04.2019,100.00000,0.00000,100.00000,522110,522110,STXB,,27.11.2018,Shares,Unlisted,"31,300"
,,,,,,,,,,,,,,,,,,Cash,,"32,400"
3679.,1941429805,HIGHPEAK ENERGY INC.,US,PURE ACQUISITION CORPORATION,US,Acquisition 100%,Completed,"63,092.00",21.08.2020,100.00000,0.00000,100.00000,525990,211120,HPK,,04.05.2020,Bonds,Unlisted,n.a.
,,,,,,,,,,,,,,,,,,Cash,,768
,,,,,,,,,,,,,,,,,,Shares,,"62,324"
3680.,2008080146,MOOG INC.,US,COTSWORKS INC.,US,Acquisition 100%,Completed,"63,000.00",07.07.2025,100.00000,0.00000,100.00000,334417,334513,MOGA,,07.07.2025,Shares,Unlisted,n.a.
,,,,,,,,,,,,,,,,,,Cash,,n.a.
3681.,2007550490,WEST COAST COMMUNITY BANCORP,US,1ST CAPITAL BANCORP,US,Acquisition 100%,Completed,"63,000.00",01.10.2024,100.00000,0.00000,100.00000,551111,551111,WCCB,,20.05.2024,Shares,Unlisted,"63,000"
3682.,2007127819,UNDISCLOSED ACQUIROR,US,MENUDO LESSEE LLC,US,Acquisition 100%,Completed,"63,000.00",29.03.2023,100.00000,0.00000,100.00000,721110,551114,,,29.03.2023,,Unlisted,n.a.
3683.,1941702318,DEZURIK INC.,US,RED VALVE COMPANY INC.,US,Acquisition 100%,Completed,"63,000.00",01.01.2021,100.00000,0.00000,100.00000,332911,332911,,,01.01.2021,Cash,Unlisted,"58,000"
,,,,,,,,,,,,,,,,,,Liabilities,,n.a.
,,,,,,,,,,,,,,,,,,Bonds,,"5,000"
3684.,1941615032,LEGALZOOM.COM INC.,US,EARTH CLASS MAIL INC.,US,Acquisition 100%,Completed,"63,000.00",10.11.2021,100.00000,0.00000,100.00000,518210,518210,LZ,,10.11.2021,Cash,Unlisted,"63,000"
,,,,,,,,,,,,,,,,,,Cash Reserves,,n.a.
3685.,1941530854,MARINEMAX INC.,US,KCS INTERNATIONAL INC.,US,Acquisition 100%,Completed,"63,000.00",03.05.2021,100.00000,0.00000,100.00000,336612,441222,HZO,,03.05.2021,,Unlisted,n.a.
3686.,1941647580,FORTUNE BRANDS HOME & SECURITY INC.,US,SOLAR INNOVATIONS LLC,US,Acquisition 100%,Completed,"63,000.00",31.01.2022,100.00000,0.00000,100.00000,321911,337110,FBIN,,31.01.2022,,Unlisted,n.a.
3687.,1941453584,ATLAS COPCO NORTH AMERICA LLC,US,PERCEPTRON INC.,US,Acquisition unknown remaining stake %,Completed,"62,700.00",21.12.2020,Unknown remaining %,Unknown %,100.00000,334513,333912,,PRCP,28.09.2020,Cash,Delisted,"62,700"
,,,,,,,,,,,,,,,,,,Cash assumed,,"6,200"
,,,,,,,,,,,,,,,,,,Liabilities,,n.a.
,,,,,,,,,,,,,,,,,,Cash Reserves,,n.a.
3688.,2007844086,PLUMAS BANCORP,US,CORNERSTONE COMMUNITY BANCORP,US,Acquisition 100%,Completed,"62,423.00",02.07.2025,100.00000,0.00000,100.00000,522110,522110,PLBC,CRSB,29.01.2025,Shares,Delisted,"47,690"
,,,,,,,,,,,,,,,,,,Cash,,"14,733"
3689.,1941312473,INVESTORS BANCORP INC.,US,GOLD COAST BANCORP INC.,US,Acquisition 100%,Completed,"62,270.00",03.04.2020,100.00000,0.00000,100.00000,522110,522110,ISBC,,24.07.2019,Shares,Unlisted,"31,308"
,,,,,,,,,,,,,,,,,,Cash,,"30,962"
3690.,2007674761,CARETRUST REIT INC.,US,125-LICENSED BED SKILLED NURSING FACILITY IN THE MID-ATLANTIC,US,Acquisition 100%,Completed,"62,100.00",29.08.2024,100.00000,0.00000,100.00000,623110,531120,CTRE,,07.08.2024,,Unlisted,n.a.
,,,,134-LICENSED BED SKILLED NURSING FACILITY LOCATED ON THE WEST COAST,US,,,,,100.00000,0.00000,100.00000,623110,,,,,,Unlisted,
3691.,2007367698,NISSHA MEDICAL TECHNOLOGIES INC.,US,ISOMETRIC INTERMEDIATE LLC,US,Acquisition 75.53%,Completed,"62,100.00",04.01.2024,75.53000,Unknown %,Unknown majority,339112,339112,,,04.12.2023,,Unlisted,n.a.
3692.,2007015012,CITY HOLDING COMPANY,US,CITIZENS COMMERCE BANCSHARES INC.,US,Acquisition 100%,Completed,"62,100.00",10.03.2023,100.00000,0.00000,100.00000,522110,551111,CHCO,CCVS,18.10.2022,Shares,Delisted,"62,100"
3693.,2007919566,A-MARK PRECIOUS METALS INC.,US,AMS HOLDING LLC,US,Acquisition increased from 10% to 100%,Completed,"62,000.00",01.04.2025,90.00000,10.00000,100.00000,518210,423940,GOLD,,10.03.2025,Cash,Unlisted,"50,000"
,,,,,,,,,,,,,,,,,,Earn-out,,"12,000"
3694.,1941629352,CHART INDUSTRIES INC.,US,EARTHLY LABS INC.,US,Acquisition increased from 15% to 100%,Completed,"62,000.00",14.12.2021,85.00000,15.00000,100.00000,333249,333249,GTLS,,14.12.2021,Cash,Unlisted,"38,440"
,,,,,,,,,,,,,,,,,,Shares,,"23,560"
3695.,1941229677,EMD GROUP HOLDING II INC.,US,INTERMOLECULAR INC.,US,Acquisition 100%,Completed,"62,000.00",20.09.2019,100.00000,0.00000,100.00000,541715,551112,,IMI,06.05.2019,Cash,Delisted,"62,000"
3696.,1941614690,ZETA GLOBAL HOLDINGS CORPORATION,US,APPTNESS MEDIA GROUP LLC'S DIGITAL SURVEY PLATFORM BUSINESS,US,Acquisition 100%,Completed,"61,934.00",04.10.2021,100.00000,0.00000,100.00000,541511,518210,ZETA,,04.10.2021,Cash,Unlisted,"28,934"
,,,,,,,,,,,,,,,,,,Earn-out,,"22,000"
,,,,,,,,,,,,,,,,,,Shares,,"34,000"
3697.,2007457328,FOXCONN EV TECHNOLOGY INC.,US,FOXCONN EV SYSTEM LLC,US,Acquisition increased from 100% to 100%,Completed,"61,900.00",01.03.2024,Unknown %,100.00000,100.00000,336111,336111,,,01.03.2024,Cash,Unlisted,"61,900"
3698.,2007111587,BOXX MODULAR INC.,US,VANGUARD MODULAR BUILDING SYSTEMS LLC,US,Acquisition 100%,Completed,"61,700.00",30.11.2020,100.00000,0.00000,100.00000,236220,561439,,,30.11.2020,Deferred payment,Unlisted,n.a.
,,,,,,,,,,,,,,,,,,Cash,,"50,000"
,,,,,,,,,,,,,,,,,,Shares,,"8,700"
,,,,,,,,,,,,,,,,,,Cash Reserves,,n.a.
3699.,2007661370,BRUNTON MANAGEMENT COMPANY,US,SANCTUARY ON 51ST,US,Acquisition 100%,Completed,"61,400.00",14.08.2024,100.00000,0.00000,100.00000,531110,523920,,,14.08.2024,Cash,Unlisted,"61,400"
3700.,2007753060,LYELL IMMUNOPHARMA INC.,US,IMMPACT BIO USA INC.,US,Acquisition 100%,Completed,"61,130.00",31.10.2024,100.00000,0.00000,100.00000,541715,541713,LYEL,,24.10.2024,Shares,Unlisted,"18,630"
,,,,,,,,,,,,,,,,,,Earn-out,,"12,500"
,,,,,,,,,,,,,,,,,,Cash,,"30,000"
3701.,2007316687,PLUG POWER INC.,US,GINER ELX INC.,US,Acquisition 100%,Completed,"61,080.00",22.06.2020,100.00000,0.00000,100.00000,325120,541715,PLUG,,22.06.2020,,Unlisted,n.a.
3702.,2007778482,GLOBUS AMERICAS HOLDINGS LLC,US,GLOBAL GLOVE & SAFETY MANUFACTURING INC.,US,Acquisition 100%,Completed,"61,000.00",06.02.2025,100.00000,0.00000,100.00000,315210,551114,,,24.01.2025,Cash,Unlisted,n.a.
3703.,1941535878,MORGAN ADHESIVES COMPANY LLC,US,DURAMARK PRODUCTS INC.,US,Acquisition 100%,Completed,"61,000.00",01.04.2021,100.00000,0.00000,100.00000,325520,325520,,,01.04.2021,,Unlisted,n.a.
3704.,2007253125,JOHN B SANFILIPPO & SON INC.,US,TREEHOUSE FOODS INC.'S SNACK BARS BUSINESS ASSETS,US,Acquisition 100%,Completed,"61,000.00",29.09.2023,100.00000,0.00000,100.00000,311999,311911,JBSS,,06.09.2023,Cash Reserves,Unlisted,n.a.
,,,,,,,,,,,,,,,,,,Cash,,"61,000"
3705.,1941642254,CHICAGO PUBLIC MEDIA INC.,US,SUN-TIMES MEDIA LLC,US,Acquisition 100%,Completed,"61,000.00",31.01.2022,100.00000,0.00000,100.00000,511110,515112,,,18.01.2022,,Unlisted,n.a.
3706.,2008623708,CH REALTY X/R HOUSTON KINGWOOD PLACE LP,US,STRATUS PROPERTIES INC.'S KINGWOOD PLACE,US,Acquisition 100%,Completed,"60,800.00",05.02.2026,100.00000,0.00000,100.00000,237210,551114,,,22.12.2025,Cash,Unlisted,"60,800"
3707.,1941569227,BAXTER HEALTHCARE CORPORATION,US,CRYOLIFE INC.'S PERCLOT POLYSACCHARIDE HEMOSTATIC SYSTEM ASSETS,US,Acquisition 100%,Completed,"60,800.00",29.07.2021,100.00000,0.00000,100.00000,339112,339112,,,29.07.2021,Earn-out,Unlisted,"10,000"
,,,,,,,,,,,,,,,,,,Cash,,"60,800"
3708.,2008659884,ARCOSA INC.,US,UNDISCLOSED NATURAL AGGREGATES COMPANY IN FLORIDA,US,Acquisition 100%,Completed,"60,000.00",31.03.2026,100.00000,0.00000,100.00000,212321,237990,ACA,,31.03.2026,,Unlisted,n.a.
3709.,2008635323,MARX DEVELOPMENT GROUP LLC,US,UNDISCLOSED LONG-TERM CARE FACILITIES IN WEST VIRGINIA,US,Acquisition 100%,Completed,"60,000.00",01.11.2025,100.00000,0.00000,100.00000,621610,531312,,,01.11.2025,,Unlisted,n.a.
3710.,2008546786,GRAHAM CORPORATION,US,FLACKTEK MANUFACTURING INC.,US,Acquisition 100% and 100%,Completed,"60,000.00",28.01.2026,100.00000,0.00000,100.00000,311999,333318,GHM,,28.01.2026,Cash,Unlisted,"54,750"
,,,,FLACKTEK SALES LLC,US,,,,,100.00000,0.00000,100.00000,311999,,,,,Shares,Unlisted,"5,250"
,,,,,,,,,,,,,,,,,,Earn-out,,"25,000"
,,,,,,,,,,,,,,,,,,Cash Reserves,,n.a.
3711.,2008228438,SOUNDHOUND AI INC.,US,INTERACTIONS LLC,US,Acquisition 100%,Completed,"60,000.00",09.09.2025,100.00000,0.00000,100.00000,518210,518210,SOUN,,09.09.2025,Cash,Unlisted,"60,000"
3712.,2008001650,KARMAN MISSILE & SPACE SYSTEMS,US,INDUSTRIAL SOLID PROPULSION INC.,US,Acquisition 100%,Completed,"60,000.00",28.05.2025,100.00000,0.00000,100.00000,334513,336414,,,28.05.2025,Shares,Unlisted,n.a.
,,,,,,,,,,,,,,,,,,Cash,,n.a.
,,,,,,,,,,,,,,,,,,Earn-out,,"5,000"
3713.,2007961489,SIENERGY OPERATING LLC,US,HUGHES GAS RESOURCES INC.,US,Acquisition 100%,Completed,"60,000.00",03.06.2025,100.00000,0.00000,100.00000,221210,221210,,,05.05.2025,,Unlisted,n.a.
3714.,2007795711,TA CHEN INTERNATIONAL INC.,US,TCI TEXARKANA INC.,US,Acquisition unknown stake %,Completed,"60,000.00",16.12.2024,Unknown %,Unknown %,Unknown %,331313,331210,,,16.12.2024,Cash,Unlisted,"60,000"
3715.,2007729833,RAADR INC.,US,MEXEDIA INC.,US,Acquisition 100%,Completed,"60,000.00",14.10.2024,100.00000,0.00000,100.00000,517919,511210,RDAR,,14.10.2024,,Unlisted,n.a.
3716.,2007435445,JOINCUBE INC.,US,USERFLOW INC.,US,Acquisition 100%,Completed,"60,000.00",07.02.2024,100.00000,0.00000,100.00000,511210,518210,,,07.02.2024,,Unlisted,n.a.
3717.,2007252366,TALEN ENERGY CORPORATION,US,CUMULUS DIGITAL HOLDINGS LLC,US,Acquisition increased from 81% to 95%,Completed,"60,000.00",05.09.2023,14.00000,81.00000,95.00000,518210,221118,TLN,,14.08.2023,Shares,Unlisted,"60,000"
3718.,2007155172,INTERNATIONAL BUSINESS MACHINES CORPORATION,US,POLAR SECURITY INC,US,Acquisition 100%,Completed,"60,000.00",16.05.2023,100.00000,0.00000,100.00000,518210,443142,IBM,,16.05.2023,,Unlisted,n.a.
3719.,2007110212,VERTEX PHARMACEUTICALS INC.,US,CATALYST BIOSCIENCES INC.'S PORTFOLIO OF PROTEASE MEDICINES,US,Acquisition 100%,Completed,"60,000.00",23.05.2022,100.00000,0.00000,100.00000,541713,541713,VRTX,,23.05.2022,Cash,Unlisted,"60,000"
3720.,2007035727,WESTWOOD HOLDINGS GROUP INC.,US,SALIENT PARTNERS LP'S ASSET MANAGEMENT BUSINESS,US,Acquisition 100%,Completed,"60,000.00",18.11.2022,100.00000,0.00000,100.00000,523920,523920,WHG,,26.05.2022,Cash,Unlisted,n.a.
,,,,,,,,,,,,,,,,,,Shares,,n.a.
,,,,,,,,,,,,,,,,,,Earn-out,,"25,000"
,,,,,,,,,,,,,,,,,,Cash Reserves,,n.a.
3721.,1941715972,RWB FLORIDA LLC,US,ACREAGE FLORIDA INC.,US,Acquisition 100%,Completed,"60,000.00",28.04.2021,100.00000,0.00000,100.00000,325412,325412,,,25.02.2021,Cash,Unlisted,"21,500"
,,,,,,,,,,,,,,,,,,Bonds,,"31,500"
,,,,,,,,,,,,,,,,,,Deferred payment,,n.a.
,,,,,,,,,,,,,,,,,,Cash Reserves,,n.a.
,,,,,,,,,,,,,,,,,,Shares,,"7,000"
3722.,1941713348,GOOGLE LLC,US,SUPERPOD,US,Acquisition 100%,Completed,"60,000.00",03.01.2019,100.00000,0.00000,100.00000,511210,519130,GOOGL,,03.01.2019,,Unlisted,n.a.
3723.,1941705653,ICIMS HOLDING LLC,US,ALTRU LABS INC.,US,Acquisition 100%,Completed,"60,000.00",14.12.2020,100.00000,0.00000,100.00000,518210,518210,,,14.12.2020,Cash,Unlisted,n.a.
,,,,,,,,,,,,,,,,,,Shares,,n.a.
3724.,1941700453,MODEL N INC.,US,DELOITTE TOUCHE TOHMATSU LTD'S LIFE SCIENCES PRICING AND CONTRACTING SOLUTIONS BUSINESS,US,Acquisition 100%,Completed,"60,000.00",31.12.2020,100.00000,0.00000,100.00000,541211,518210,MODN,,17.12.2020,Cash,Unlisted,"60,000"
3725.,1941691659,CLAYTON DUBILIER & RICE INC.,US,CYNOSURE LLC,US,Acquisition increased from 100% to 100%,Completed,"60,000.00",17.05.2022,Unknown %,100.00000,100.00000,334510,523910,,,17.05.2022,Cash,Unlisted,"60,000"
3726.,1941649607,CRYOGENIC INDUSTRIAL SOLUTIONS LLC,US,NITROCRETE LLC'S ASSETS,US,Acquisition 100%,Completed,"60,000.00",31.01.2022,100.00000,0.00000,100.00000,333120,332420,,,31.01.2022,Liabilities,Unlisted,"50,000"
3727.,1941586468,AYR WELLNESS INC.,US,CULTIVAUNA LLC,US,Acquisition 100%,Completed,"60,000.00",15.02.2022,100.00000,0.00000,100.00000,312111,453998,,,16.08.2021,Cash,Unlisted,"10,000"
,,,,,,,,,,,,,,,,,,Earn-out,,"40,000"
,,,,,,,,,,,,,,,,,,Shares,,"50,000"
3728.,1941582824,ACV AUCTIONS INC.,US,MAX DIGITAL LLC,US,Acquisition 100%,Completed,"60,000.00",13.07.2021,100.00000,0.00000,100.00000,518210,518210,ACVA,,13.07.2021,,Unlisted,n.a.
3729.,1941531743,"COOPER COMPANIES INC., THE",US,OBP MEDICAL CORPORATION,US,Acquisition 100%,Completed,"60,000.00",03.05.2021,100.00000,0.00000,100.00000,339112,339115,COO,,03.05.2021,,Unlisted,n.a.
3730.,1941320643,ORTHOPEDIATRICS CORPORATION,US,VILEX IN TENNESSEE INC.,US,Acquisition 100%,Completed,"60,000.00",05.06.2019,100.00000,0.00000,100.00000,339112,339113,KIDS,,05.06.2019,Shares,Unlisted,"10,000"
,,,,ORTHEX LLC,US,,,,,100.00000,0.00000,100.00000,339112,,,,,Cash,Unlisted,"50,000"
3731.,1941288608,ENDEAVOR OPERATING COMPANY LLC,US,GLASSMAN MEDIA LLC,US,Acquisition 100%,Completed,"60,000.00",10.10.2019,100.00000,0.00000,100.00000,512110,512110,,,10.10.2019,,Unlisted,n.a.
3732.,1941284178,REPAY HOLDINGS CORPORATION,US,AMERICAN PAYMENT SERVICES OF COEUR D’ALENE LLC,US,Acquisition 100%,Completed,"60,000.00",14.10.2019,100.00000,0.00000,100.00000,511210,518210,RPAY,,14.10.2019,Cash Reserves,Unlisted,n.a.
,,,,,,,,,,,,,,,,,,Cash,,n.a.
,,,,,,,,,,,,,,,,,,Earn-out,,"30,000"
3733.,1941244080,ACNB CORPORATION,US,FREDERICK COUNTY BANCORP INC.,US,Acquisition 100%,Completed,"60,000.00",13.01.2020,100.00000,0.00000,100.00000,551111,522110,ACNB,FCBI,02.07.2019,Shares,Delisted,"60,000"
3734.,2008561263,ORION GROUP HOLDINGS INC.,US,JE MCAMIS INC.,US,Acquisition 100%,Completed,"60,000.00",04.02.2026,100.00000,0.00000,100.00000,237990,237990,ORN,,04.02.2026,Shares,Unlisted,n.a.
,,,,JEM MARINE LEASING LLC,US,,,,,100.00000,0.00000,100.00000,237130,,,,,Cash,Unlisted,n.a.
,,,,,,,,,,,,,,,,,,Earn-out,,n.a.
3735.,2008110544,LIBERATION CHEM-TOLL LLC,US,SCHIRM USA INC.,US,Acquisition 100%,Completed,"60,000.00",28.08.2025,100.00000,0.00000,100.00000,325998,551114,,,17.07.2025,Bonds,Unlisted,"20,000"
,,,,,,,,,,,,,,,,,,Cash,,"40,000"
3736.,2007946296,CADENCE BANK,US,INDUSTRY BANCSHARES INC.,US,Acquisition 100%,Completed,"60,000.00",01.07.2025,100.00000,0.00000,100.00000,522110,522110,CADE,,25.04.2025,Cash,Unlisted,"60,000"
3737.,2007595523,ABODE HOSPICE OF FLORIDA LLC,US,NORTH CENTRAL FLORIDA HOSPICE INC.'S ASSETS,US,Acquisition 100%,Completed,"60,000.00",03.09.2024,100.00000,0.00000,100.00000,621111,622110,,,17.06.2024,Bonds,Unlisted,"15,000"
,,,,HAVEN MEDICAL GROUP LLC’S ASSETS,US,,,,,100.00000,0.00000,100.00000,621111,,,,,Cash,Unlisted,"15,000"
,,,,,,,,,,,,,,,,,,Deferred payment,,n.a.
,,,,,,,,,,,,,,,,,,Shares,,"30,000"
3738.,2007186507,BARDIN HILL INVESTMENT PARTNERS LP,US,MD HELICOPTERS INC.'S ASSETS,US,Acquisition 100%,Completed,"60,000.00",07.09.2022,100.00000,0.00000,100.00000,336411,523920,,,30.03.2022,Cash,Unlisted,"60,000"
,,MBIA INSURANCE CORPORATION,US,,,,,,,,,,,524210,,,,,,
3739.,1941740890,US ENERGY DEVELOPMENT CORPORATION,US,THREE PERMIAN/DELAWARE BASIN OIL AND GAS PRODUCING ASSETS,US,Acquisition 100%,Completed,"60,000.00",13.09.2022,100.00000,0.00000,100.00000,213111,211120,,,13.09.2022,,Unlisted,n.a.
3740.,1941684279,COLLABORATIVE FUND MANAGEMENT LLC,US,VIVIAN HEALTH INC.,US,Acquisition unknown stake %,Completed,"60,000.00",26.04.2022,Unknown %,Unknown %,100.00000,518210,523910,,,26.04.2022,Cash,Unlisted,"60,000"
,,THOMA BRAVO LP,US,,,,,,,,,,,523910,,,,,,
,,MATCH GROUP INC.,US,,,,,,,,,,,519130,MTCH,,,,,
3741.,1941585324,PAYLOCITY HOLDING CORPORATION,US,BLUE MARBLE PAYROLL LLC,US,Acquisition 100%,Completed,"60,000.00",01.09.2021,100.00000,0.00000,100.00000,518210,518210,PCTY,,01.09.2021,Cash,Unlisted,"60,000"
3742.,1941522107,APPHARVEST INC.,US,ROOT AI INC.,US,Acquisition 100%,Completed,"60,000.00",08.04.2021,100.00000,0.00000,100.00000,333249,541715,APPH,,08.04.2021,Shares,Unlisted,"50,000"
,,,,,,,,,,,,,,,,,,Cash,,"10,000"
3743.,1941395664,PARKDALE INC.,US,PARKDALE AMERICA LLC,US,Acquisition increased from 66% to 100%,Completed,"60,000.00",29.04.2020,34.00000,66.00000,100.00000,313110,313110,,,29.04.2020,Cash,Unlisted,"60,000"
3744.,1941515128,AYTU BIOSCIENCE INC.,US,NEOS THERAPEUTICS INC.,US,Acquisition 100%,Completed,"59,900.00",19.03.2021,100.00000,0.00000,100.00000,325412,541713,AYTU,NEOS,10.12.2020,Liabilities,Delisted,"15,000"
,,,,,,,,,,,,,,,,,,Shares,,"44,900"
3745.,2007528391,BENCHMARK ENERGY II LLC,US,OPERATED PRODUCING WELLS IN THE WESTERN ANADARKO BASIN,US,Acquisition 100%,Completed,"59,900.00",17.04.2024,100.00000,0.00000,100.00000,211120,211120,,,17.04.2024,Cash,Unlisted,n.a.
,,,,,,,,,,,,,,,,,,Cash Reserves,,n.a.
3746.,2008458636,BOWMAN CONSULTING GROUP LTD,US,RPT ALLIANCE LLC,US,Acquisition 100%,Completed,"59,700.00",08.12.2025,100.00000,0.00000,100.00000,221210,541330,BWMN,,08.12.2025,Bonds,Unlisted,n.a.
,,,,,,,,,,,,,,,,,,Cash,,n.a.
3747.,1941648056,CRESO PHARMA US INC.,US,SIERRA SAGE HERBS LLC,US,Acquisition 100%,Completed,"59,500.00",29.08.2022,100.00000,0.00000,100.00000,325620,325620,,,03.02.2022,Earn-out,Unlisted,"38,500"
,,,,,,,,,,,,,,,,,,Deferred payment,,n.a.
,,,,,,,,,,,,,,,,,,Third party shares,,n.a.
,,,,,,,,,,,,,,,,,,Cash,,n.a.
3748.,1941577094,GLOBE LIFE INC.,US,BEAZLEY INSURANCE COMPANY INC.'S BEAZLEY BENEFITS BUSINESS UNIT,US,Acquisition 100%,Completed,"59,200.00",01.08.2021,100.00000,0.00000,100.00000,524114,524113,GL,,01.08.2021,,Unlisted,n.a.
3749.,2007041163,HILLENBRAND INC.,US,ILLINOIS TOOL WORKS INC.'S PEERLESS FOOD EQUIPMENT DIVISION,US,Acquisition 100%,Completed,"59,000.00",01.12.2022,100.00000,0.00000,100.00000,332722,339995,HI,,01.12.2022,,Unlisted,n.a.
3750.,1941391847,LA JOLLA PHARMACEUTICAL COMPANY,US,TETRAPHASE PHARMACEUTICALS INC.,US,Acquisition unknown remaining stake %,Completed,"59,000.00",28.07.2020,Unknown remaining %,Unknown %,100.00000,541713,541713,LJPC,TTPH,24.06.2020,Cash,Delisted,"59,000"
3751.,1941372906,MEDALLIA INC.,US,VOCI TECHNOLOGIES INC.,US,Acquisition unknown stake %,Completed,"59,000.00",06.05.2020,Unknown %,Unknown %,Unknown %,511210,518210,MDLA,,22.04.2020,Cash,Unlisted,"59,000"
3752.,2008475177,EXCLUSIVE INVESTMENTS LLC,US,INSPIRATO INC.,US,Acquisition 100%,Completed,"59,000.00",03.02.2026,100.00000,0.00000,100.00000,561510,721110,,ISPO,17.12.2025,Cash,Listed,"59,000"
3753.,2008006703,STRAWBERRY FIELDS REIT INC.,US,NINE SKILLED NURSING FACILITIES (SNFS) IN MISSOURI,US,Acquisition 100%,Completed,"59,000.00",02.07.2025,100.00000,0.00000,100.00000,623110,525920,STRW,,22.05.2025,Cash,Unlisted,n.a.
,,,,,,,,,,,,,,,,,,Cash Reserves,,n.a.
3754.,2007724670,APOLLOCARE PARTNERS OF TEXAS 2,US,GOLDEN TRIANGLE PHYSICIAN ALLIANCE,US,Acquisition 100%,Completed,"59,000.00",04.10.2024,100.00000,0.00000,100.00000,813212,325412,,,24.07.2024,Earn-out,Unlisted,"21,500"
,,,,HERITAGE PHYSICIAN NETWORKS,US,,,,,100.00000,0.00000,100.00000,813212,,,,,,Unlisted,
3755.,2007630154,ASTRANA HEALTH INC.,US,COLLABORATIVE HEALTH SYSTEMS LLC,US,Acquisition 100%,Completed,"59,000.00",04.10.2024,100.00000,0.00000,100.00000,622110,622110,ASTH,,25.07.2024,Earn-out,Unlisted,"21,500"
3756.,2007162724,ELLINGTON FINANCIAL INC.,US,ARLINGTON ASSET INVESTMENT CORPORATION,US,Acquisition 100%,Completed,"58,809.00",14.12.2023,100.00000,0.00000,100.00000,523930,523910,EFC,AAIC,30.05.2023,Cash,Delisted,"3,000"
,,,,,,,,,,,,,,,,,,Shares,,"55,809"
3757.,2008478554,MW USA MANUFACTURING,US,GAINLINE RECLINE INTERMEDIATE CORPORATION,US,Acquisition 100%,Completed,"58,700.00",18.12.2025,100.00000,0.00000,100.00000,337110,339993,,,18.12.2025,,Unlisted,n.a.
3758.,1941228621,ORRSTOWN FINANCIAL SERVICES INC.,US,HAMILTON BANCORP INC.,US,Acquisition 100%,Completed,"58,500.00",01.05.2019,100.00000,0.00000,100.00000,522110,522110,ORRF,HBK,23.10.2018,Shares,Delisted,n.a.
,,,,,,,,,,,,,,,,,,Cash,,n.a.
3759.,2007212144,SR BANCORP INC.,US,REGAL BANCORP INC.,US,Acquisition 100%,Completed,"58,400.00",19.09.2023,100.00000,0.00000,100.00000,522110,522110,,,25.07.2022,Cash,Unlisted,"11,680"
,,,,,,,,,,,,,,,,,,Shares,,"46,720"
3760.,1941314026,CAMBRIDGE FINANCIAL GROUP INC.,US,MELROSE BANCORP INC.,US,Acquisition 100%,Completed,"58,094.00",01.06.2020,100.00000,0.00000,100.00000,522110,522110,,MELR,18.12.2019,Cash,Delisted,"58,094"
3761.,1941611413,HYDROFARM HOLDINGS GROUP INC.,US,INNOVATIVE GROWERS EQUIPMENT INC.,US,Acquisition 100%,Completed,"58,000.00",01.11.2021,100.00000,0.00000,100.00000,337124,333111,HYFM,,26.10.2021,Shares,Unlisted,"11,600"
,,,,,,,,,,,,,,,,,,Cash,,"46,400"
3762.,1941264667,HERCULES TOPCO LLC,US,EMPIRE RESORTS INC.,US,Acquisition increased from 86% to 100%,Completed,"58,000.00",15.11.2019,14.00000,86.00000,100.00000,713210,713210,,NYNY,19.08.2019,Cash Reserves,Delisted,n.a.
,,,,,,,,,,,,,,,,,,Cash,,"58,000"
3763.,2007161342,GRANITE CAPITAL GROUP INC.,US,"BOULDERS APARTMENTS, THE",US,Acquisition 100%,Completed,"58,000.00",16.11.2023,100.00000,0.00000,100.00000,236116,531390,,,16.11.2023,,Unlisted,n.a.
3764.,2007100560,FINMARC MANAGEMENT INC.,US,PLANTATION POINT SHOPPING CENTRE IN RALEIGH,US,Acquisition 100%,Completed,"58,000.00",22.12.2021,100.00000,0.00000,100.00000,531312,531312,,,22.12.2021,,Unlisted,n.a.
3765.,2007837021,SAGILITY LLC,US,BROADPATH LLC,US,Acquisition 100%,Completed,"57,916.51",29.01.2025,100.00000,0.00000,100.00000,541611,541618,,,29.01.2025,Cash,Unlisted,"57,917"
3766.,2007062625,BERKELEY LIGHTS INC.,US,ISOPLEXIS CORPORATION,US,Acquisition 100%,Completed,"57,800.00",21.03.2023,100.00000,0.00000,100.00000,518210,541713,CELL,ISO,21.12.2022,Shares,Delisted,"57,800"
3767.,2008306189,NIGHTFOOD HOLDINGS INC.,US,TREASURE MOUNTAIN HOLDINGS LLC,US,Acquisition 100%,Completed,"57,580.00",30.09.2025,100.00000,0.00000,100.00000,721110,541330,NGTF,,30.09.2025,Liabilities,Unlisted,"10,500"
,,,,,,,,,,,,,,,,,,Earn-out,,"4,800"
,,,,,,,,,,,,,,,,,,Shares,,"47,080"
3768.,2007757248,TELEDYNE TECHNOLOGIES INC.,US,MICROPAC INDUSTRIES INC.,US,Acquisition 100%,Completed,"57,300.00",30.12.2024,100.00000,0.00000,100.00000,334310,334419,TDY,MPAD,04.11.2024,Cash,Delisted,"57,300"
3769.,2007970737,MATTHEWS MEMORIALIZATION AND DESIGN LLC,US,"DODGE COMPANY INC., THE",US,Acquisition 100%,Completed,"57,000.00",12.05.2025,100.00000,0.00000,100.00000,325991,327991,,,12.05.2025,,Unlisted,n.a.
3770.,2007439928,CHARLES AND CAMBRIDGE CORNER LLC,US,WHITNEY HOTEL BOSTON,US,Acquisition 100%,Completed,"57,000.00",13.10.2023,100.00000,0.00000,100.00000,721110,523999,,,13.10.2023,,Unlisted,n.a.
3771.,2007157756,RCI HOSPITALITY HOLDINGS INC.,US,11 ADULT NIGHTCLUBS IN USA,US,Acquisition 100%,Completed,"57,000.00",19.10.2021,100.00000,0.00000,100.00000,713990,722410,RICK,,26.07.2021,Cash,Unlisted,"20,000"
,,,,,,,,,,,,,,,,,,Liabilities,,"18,000"
,,,,,,,,,,,,,,,,,,Shares,,"60,000"
3772.,2008632791,FULGENT GENETICS INC.,US,BAKO DIAGNOSTIC'S SELECTED ASSETS,US,Acquisition 100%,Completed,"56,900.00",17.03.2026,100.00000,0.00000,100.00000,541380,541380,FLGT,,22.12.2025,Cash Reserves,Unlisted,n.a.
,,,,STRATA PATHOLOGY SERVICES INC.'S ASSETS,US,,,,,100.00000,0.00000,100.00000,541380,,,,,Cash,Unlisted,"56,900"
3773.,1941155759,BANCORPSOUTH BANK,US,CASEY BANCORP INC.,US,Acquisition 100%,Completed,"56,750.00",01.04.2019,100.00000,0.00000,100.00000,522110,522110,CADE,,14.11.2018,Shares,Unlisted,"36,860"
,,,,,,,,,,,,,,,,,,Cash,,"11,000"
3774.,2007042030,PUBLIX SUPER MARKETS INC.,US,RIVER BRIDGE CENTRE,US,Acquisition 100%,Completed,"56,500.00",06.06.2022,100.00000,0.00000,100.00000,531312,445110,PUSH,,06.06.2022,,Unlisted,n.a.
3775.,2007843204,STANDEX INTERNATIONAL CORPORATION,US,BASMAT INC.,US,Acquisition 100%,Completed,"56,500.00",05.02.2025,100.00000,0.00000,100.00000,336413,333318,SXI,,05.02.2025,Cash,Unlisted,"56,500"
3776.,2008200594,RUBICON TECHNOLOGY INC.,US,JANEL GROUP LLC,US,Acquisition 100%,Completed,"56,250.00",14.10.2025,100.00000,0.00000,100.00000,493110,334419,RBCN,,20.08.2025,Shares,Unlisted,"33,250"
,,,,,,,,,,,,,,,,,,Liabilities,,"23,000"
3777.,1941690114,22ND CENTURY GROUP INC.,US,GVB BIOPHARMA,US,Acquisition 100%,Completed,"56,153.00",13.05.2022,100.00000,0.00000,100.00000,111419,541713,XXII,,13.05.2022,Shares,Unlisted,"51,653"
,,,,,,,,,,,,,,,,,,Liabilities,,"4,500"
3778.,2008399970,PALLADYNE AI CORPORATION,US,GUIDETECH LLC,US,Acquisition 100% and 100%,Completed,"56,000.00",17.11.2025,100.00000,0.00000,100.00000,541330,333249,PDYN,,17.11.2025,Cash,Unlisted,"5,000"
,,,,WARNKE PRECISION MACHINING LLC,US,,,,,100.00000,0.00000,100.00000,332710,,,,,Liabilities,Unlisted,"6,000"
,,,,MKR FABRICATORS INC.,US,,,,,100.00000,0.00000,100.00000,332710,,,,,Earn-out,Unlisted,"25,000"
,,,,,,,,,,,,,,,,,,Shares,,"20,000"
3779.,2007868064,ELIQUENT LIFE SCIENCES INC.,US,AZZUR CONSULTING LLC,US,Acquisition 100%,Completed,"56,000.00",07.05.2025,100.00000,0.00000,100.00000,541690,541690,,,02.03.2025,,Unlisted,n.a.
3780.,2007753662,NORTHRIM BANCORP INC.,US,SALLYPORT COMMERCIAL FINANCE LLC,US,Acquisition 100%,Completed,"56,000.00",31.10.2024,100.00000,0.00000,100.00000,522298,522110,NRIM,,31.10.2024,Cash,Unlisted,"50,000"
,,,,,,,,,,,,,,,,,,Earn-out,,"6,000"
3781.,2007033596,UTZ BRANDS INC.,US,RW GARCIA HOLDINGS LLC,US,Acquisition 100%,Completed,"56,000.00",06.12.2021,100.00000,0.00000,100.00000,311830,311919,UTZ,,02.11.2021,Cash,Unlisted,"56,000"
3782.,1941415580,MAVERICK GAMING LLC,US,GREAT AMERICAN GAMING CORPORATION,US,Acquisition 100%,Completed,"56,000.00",27.06.2019,100.00000,0.00000,100.00000,713210,721120,,,26.04.2019,Cash,Unlisted,"56,000"
3783.,1941733528,TOWNEBANK,US,FARMERS BANKSHARES INC.,US,Acquisition 100%,Completed,"56,000.00",13.01.2023,100.00000,0.00000,100.00000,522110,522110,TOWN,FBVA,18.08.2022,Shares,Delisted,"56,000"
3784.,1941702239,HOLLEY INC.,US,ADS PRECISION MACHINING INC.'S ASSETS,US,Acquisition 100%,Completed,"56,000.00",31.12.2021,100.00000,0.00000,100.00000,441310,336111,,,31.12.2021,Cash Reserves,Unlisted,n.a.
,,,,BAER INC.'S ASSETS,US,,,,,100.00000,0.00000,100.00000,441310,,,,,Cash,Unlisted,"56,000"
,,,,ROCKET PERFORMANCE MACHINE INC.'S ASSETS,US,,,,,100.00000,0.00000,100.00000,441310,,,,,,Unlisted,
3785.,1941599347,ALTOR SOLUTIONS INC.,US,PLYMOUTH FOAM LLC,US,Acquisition 100%,Completed,"56,000.00",05.10.2021,100.00000,0.00000,100.00000,326150,326140,,,05.10.2021,Liabilities,Unlisted,n.a.
3786.,2008259416,SUNPOWER CORPORATION,US,SUNDER ENERGY LLC,US,Acquisition 100%,Completed,"55,800.00",26.09.2025,100.00000,0.00000,100.00000,334413,334413,SPWRQ,,22.09.2025,Shares,Unlisted,"15,800"
,,,,,,,,,,,,,,,,,,Cash,,"40,000"
3787.,2008108992,"CIM GROUP INC., THE",US,LENY GROUP'S WILLIAMSBURG BUILDING ASSET,US,Acquisition 100%,Completed,"55,700.00",16.07.2025,100.00000,0.00000,100.00000,531110,523910,,,16.07.2025,,Unlisted,n.a.
,,OSIRIS VENTURES INC.,US,,,,,,,,,,,523910,,,,,,
3788.,1941330987,DELMAR BANCORP,US,VIRGINIA PARTNERS BANK,US,Acquisition 100%,Completed,"55,100.00",16.11.2019,100.00000,0.00000,100.00000,522110,522110,PTRS,,13.12.2018,Shares,Unlisted,"55,100"
3789.,2008492322,EVERON LLC,US,ADT LLC'S BUSINESS-TO-BUSINESS (B2B) SEGMENTS OF THE MULTIFAMILY BUSINESS,US,Acquisition 100%,Completed,"55,000.00",01.10.2025,100.00000,0.00000,100.00000,561621,561621,,,15.09.2025,,Unlisted,n.a.
3790.,2008020595,FORMFACTOR INC.,US,MANUFACTURING FACTORY ASSET IN FARMERS BEACH,US,Acquisition 100%,Completed,"55,000.00",02.06.2025,100.00000,0.00000,100.00000,334413,334515,FORM,,02.06.2025,,Unlisted,n.a.
3791.,2007939681,CONCENTRA HEALTH SERVICES INC.,US,ONSITE INNOVATIONS LLC,US,Acquisition 100%,Completed,"55,000.00",01.06.2025,100.00000,0.00000,100.00000,713940,621340,,,21.04.2025,Cash,Unlisted,"55,000"
,,,,,,,,,,,,,,,,,,Cash Reserves,,n.a.
3792.,2007813682,FOXCONN EV TECHNOLOGY INC.,US,FOXCONN EV SYSTEM LLC,US,Acquisition increased from 100% to 100%,Completed,"55,000.00",20.12.2024,Unknown %,100.00000,100.00000,336111,336111,,,20.11.2024,Cash,Unlisted,"55,000"
3793.,2007755569,KEWAUNEE SCIENTIFIC CORPORATION,US,NUAIRE INC.,US,Acquisition 100%,Completed,"55,000.00",04.11.2024,100.00000,0.00000,100.00000,334516,337127,KEQU,,04.11.2024,,Unlisted,n.a.
3794.,2007568015,KADANT INC.,US,DYNAMIC SEALING TECHNOLOGIES INC.,US,Acquisition 100%,Completed,"55,000.00",03.06.2024,100.00000,0.00000,100.00000,333249,333243,KAI,,03.06.2024,Cash,Unlisted,"55,000"
,,,,,,,,,,,,,,,,,,Liabilities,,n.a.
3795.,2007231929,IV MEDIA LLC,US,IMEDIA BRANDS INC.'S ASSETS,US,Acquisition 100%,Completed,"55,000.00",16.08.2023,100.00000,0.00000,100.00000,453998,541840,,,16.08.2023,,Unlisted,n.a.
3796.,2007143126,FANDOM INC.,US,TV GUIDE INC.,US,Acquisition 100%,Completed,"55,000.00",03.10.2022,100.00000,0.00000,100.00000,518210,518210,,,03.10.2022,,Unlisted,n.a.
,,,,METACRITIC INC.,US,,,,,100.00000,0.00000,100.00000,541890,,,,,,Unlisted,
,,,,GAMESPOT LLC,US,,,,,100.00000,0.00000,100.00000,518210,,,,,,Unlisted,
,,,,GAMEFAQS,US,,,,,100.00000,0.00000,100.00000,518210,,,,,,Unlisted,
,,,,GIANT BOMB LLC,US,,,,,100.00000,0.00000,100.00000,518210,,,,,,Unlisted,
,,,,CORD CUTTERS NEWS LLC,US,,,,,100.00000,0.00000,100.00000,518210,,,,,,Unlisted,
,,,,COMIC VINE,US,,,,,100.00000,0.00000,100.00000,518210,,,,,,Unlisted,
3797.,2007141292,ALPHATEC HOLDINGS INC.,US,FUSION ROBOTICS LLC'S REMI ROBOTIC NAVIGATION SYSTEM ASSETS,US,Acquisition 100%,Completed,"55,000.00",19.04.2023,100.00000,0.00000,100.00000,339112,339112,ATEC,,19.04.2023,,Unlisted,n.a.
3798.,2007115664,APHORIO CARTER FUND MANAGEMENT COMPANY LLC,US,"FIBERTOWN DATA CENTRE IN BRYAN, TEXAS",US,Acquisition 100%,Completed,"55,000.00",22.02.2023,100.00000,0.00000,100.00000,518210,518210,,,22.02.2023,,Unlisted,n.a.
3799.,2007058090,LOL FOODS INC.,US,HENRY'S FOODS INC.'S WHOLESALE ASSETS,US,Acquisition 100%,Completed,"55,000.00",03.02.2023,100.00000,0.00000,100.00000,424410,551114,,,08.12.2022,Cash,Unlisted,"55,000"
,,,,,,,,,,,,,,,,,,Liabilities,,"1,200"
3800.,2007006090,AQUA PENNSYLVANIA INC.,US,TOWNSHIP OF EAST WHITELAND'S MUNICIPAL WASTEWATER ASSETS,US,Acquisition 100%,Completed,"55,000.00",13.01.2021,100.00000,0.00000,100.00000,221320,221310,,,13.01.2021,,Unlisted,n.a.
3801.,1941698817,HAYWARD HOLDINGS INC.,US,ARN INDUSTRIES INC.'S SPECIALTY LIGHTING BUSINESS,US,Acquisition 100%,Completed,"55,000.00",02.06.2022,100.00000,0.00000,100.00000,335110,518210,HAYW,,02.06.2022,Cash,Unlisted,"55,000"
3802.,1941695830,ZORRO HOLDCO LLC,US,TUTORME LLC,US,Acquisition 100%,Completed,"55,000.00",23.05.2022,100.00000,0.00000,100.00000,518210,518210,,,23.05.2022,Liabilities,Unlisted,n.a.
,,,,,,,,,,,,,,,,,,Cash,,"55,000"
3803.,1941651459,COVENANT LOGISTICS GROUP INC.,US,AAT CARRIERS INC.,US,Acquisition 100%,Completed,"55,000.00",09.02.2022,100.00000,0.00000,100.00000,484230,484121,CVLG,,09.02.2022,Earn-out,Unlisted,n.a.
3804.,1941650919,MANAGEMENT,,COUNTRY FRESH HOLDING COMPANY INC.'S ASSETS,US,Acquisition 100%,Completed,"55,000.00",04.05.2021,100.00000,0.00000,100.00000,311991,525920,,,16.02.2021,Cash,Unlisted,"30,000"
,,MR BRYAN HERR,,,,,,,,,,,,525920,,,,Bonds,,"25,000"
,,STELLEX CAPITAL MANAGEMENT LLC,US,,,,,,,,,,,523910,,,,,,
3805.,1941513361,CHART INDUSTRIES INC.,US,CRYOGENIC GAS TECHNOLOGIES INC.,US,Acquisition 100%,Completed,"55,000.00",16.02.2021,100.00000,0.00000,100.00000,333249,333249,GTLS,,16.02.2021,Cash,Unlisted,"55,000"
3806.,1941378419,KAUFMAN HALL & ASSOCIATES LLC,US,CHANGE HEALTHCARE INC.'S CONNECTED ANALYTICS BUSINESS,US,Acquisition 100%,Completed,"55,000.00",04.05.2020,100.00000,0.00000,100.00000,511210,541611,,,04.05.2020,Bonds,Unlisted,"25,000"
3807.,2007108901,LATINO MEDIA NETWORK LLC,US,TELEVISAUNIVISION INC.'S 17 RADIO STATIONS,US,Acquisition 100%,Completed,"55,000.00",05.01.2023,100.00000,0.00000,100.00000,515112,518210,,,03.06.2022,Cash,Unlisted,"55,000"
3808.,1941684307,TESTEQUITY LLC,US,INTERWORLD HIGHWAY LLC,US,Acquisition 100%,Completed,"55,000.00",02.05.2022,100.00000,0.00000,100.00000,423830,423690,,,02.05.2022,,Unlisted,n.a.
3809.,2008081888,NORWOOD FINANCIAL CORPORATION,US,PB BANKSHARES INC.,US,Acquisition 100%,Completed,"54,900.00",05.01.2026,100.00000,0.00000,100.00000,522110,522110,NWFL,,07.07.2025,Shares,Unlisted,"43,920"
,,,,,,,,,,,,,,,,,,Cash,,"10,980"
3810.,2007186447,ISORAY INC.,US,VIEWPOINT MOLECULAR TARGETING INC.,US,Acquisition 100%,Completed,"54,618.00",06.02.2023,100.00000,0.00000,100.00000,325412,339112,CATX,,28.09.2022,Shares,Unlisted,"54,618"
3811.,2007798574,FIRST COMMONWEALTH FINANCIAL CORPORATION,US,CENTERGROUP FINANCIAL INC.,US,Acquisition 100%,Completed,"54,600.00",30.04.2025,100.00000,0.00000,100.00000,522110,522110,FCF,,18.12.2024,Shares,Unlisted,"54,600"
3812.,2007589601,LANDSEA HOMES US CORPORATION,US,VINTAGE ESTATE HOMES LLC,US,Acquisition 100%,Completed,"54,600.00",04.05.2021,100.00000,0.00000,100.00000,236115,551114,,,27.04.2021,Cash,Unlisted,"54,600"
3813.,1941529349,LIFE360 INC.,US,JIO INC.,US,Acquisition 100%,Completed,"54,500.00",01.09.2021,100.00000,0.00000,100.00000,518210,511210,360,,28.07.2021,Shares,Unlisted,"39,100"
,,,,,,,,,,,,,,,,,,Bonds,,"15,400"
,,,,,,,,,,,,,,,,,,Earn-out,,"17,500"
3814.,1941733467,GIBRALTAR INDUSTRIES INC.,US,QUALITY ALUMINUM ACQUISITION LLC,US,Acquisition 100%,Completed,"54,000.00",23.08.2022,100.00000,0.00000,100.00000,331318,339999,ROCK,,23.08.2022,Cash,Unlisted,"54,000"
3815.,1941585497,KADANT INC.,US,BALEMASTER INC.,US,Acquisition 100%,Completed,"54,000.00",23.08.2021,100.00000,0.00000,100.00000,333249,333243,KAI,,23.08.2021,Cash,Unlisted,"54,000"
3816.,2007348211,WHITEHAWK ENERGY LLC,US,MARCELLUS SHALE NATURAL GAS MINERAL AND ROYALTY ASSETS,US,Acquisition 100%,Completed,"54,000.00",15.11.2023,100.00000,0.00000,100.00000,211120,211120,,,15.11.2023,,Unlisted,n.a.
3817.,2007108175,BRAZOS MIDLAND LLC,US,MUSTANG SPRINGS GAS GATHERING SYSTEM,US,Acquisition 100%,Completed,"54,000.00",01.11.2021,100.00000,0.00000,100.00000,211120,211120,,,01.11.2021,,Unlisted,n.a.
3818.,2007079924,SEACOAST BANKING CORPORATION OF FLORIDA,US,SABAL PALM BANCORP INC.,US,Acquisition 100%,Completed,"53,900.00",03.01.2022,100.00000,0.00000,100.00000,522110,522110,SBCF,,23.08.2021,,Unlisted,n.a.
3819.,2007062683,MID PENN BANCORP INC.,US,BRUNSWICK BANCORP,US,Acquisition 100%,Completed,"53,900.00",19.05.2023,100.00000,0.00000,100.00000,522110,522110,MPB,BRBW,20.12.2022,Shares,Delisted,"26,950"
,,,,,,,,,,,,,,,,,,Cash,,"26,950"
3820.,2007057409,SUMMIT FINANCIAL GROUP INC.,US,PSB HOLDING CORPORATION,US,Acquisition 100%,Completed,"53,900.00",03.04.2023,100.00000,0.00000,100.00000,522110,522110,SMMF,PSBP,09.12.2022,Shares,Delisted,"53,900"
3821.,1941671408,HOMETOWN FINANCIAL GROUP INC.,US,PILGRIM BANCSHARES INC.,US,Acquisition 100%,Completed,"53,900.00",06.02.2019,100.00000,0.00000,100.00000,522110,551111,,PLRM,25.07.2018,Cash,Delisted,"53,900"
3822.,1941067491,ILLINOIS AMERICAN WATER COMPANY,US,GOVERNMENT OF ALTON'S REGIONAL WASTEWATER SYSTEM ASSET,US,Acquisition unknown stake %,Completed,"53,800.00",27.06.2019,Unknown %,Unknown %,Unknown %,921110,221310,,,13.04.2018,,Unlisted,n.a.
3823.,1941454122,SOULBRAIN CA LLC,US,SB 125 RIO ROBLES LLC,US,Acquisition increased from 100% to 100%,Completed,"53,445.94",23.10.2020,Unknown %,100.00000,100.00000,531190,551114,,,23.10.2020,Cash,Unlisted,"53,446"
3824.,2007633655,UNDISCLOSED ACQUIROR,US,"STALEY POINT CAPITAL LLC AND BAIN CAPITAL LP'S TWO 183,000 SQUARE FEET PROPERTY ASSETS",US,Acquisition 100%,Completed,"53,300.00",29.07.2024,100.00000,0.00000,100.00000,531190,551114,,,29.07.2024,,Unlisted,n.a.
3825.,1941735190,MYND ANALYTICS INC.,US,EMMAUS LIFE SCIENCES INC. (OLD),US,Acquisition 100%,Completed,"53,228.00",22.07.2019,100.00000,0.00000,100.00000,325412,334510,EMMA,,07.01.2019,Shares,Unlisted,"53,228"
3826.,1941588644,BAYCOM CORPORATION,US,PACIFIC ENTERPRISE BANCORP,US,Acquisition 100%,Completed,"53,100.00",01.02.2022,100.00000,0.00000,100.00000,522110,522110,BCML,,07.09.2021,Shares,Unlisted,"53,100"
3827.,1939050776,1ST CONSTITUTION BANCORP,US,SHORE COMMUNITY BANK,US,Acquisition 100%,Completed,"53,100.00",08.11.2019,100.00000,0.00000,100.00000,522110,522110,FCCY,SHRC,24.06.2019,Shares,Delisted,"29,205"
,,,,,,,,,,,,,,,,,,Cash,,"23,895"
3828.,2008684764,LAIRD SUPERFOOD INC.,US,TERRASOUL SUPERFOODS LLC,US,Acquisition 100%,Completed,"53,000.00",21.04.2026,100.00000,0.00000,100.00000,311999,311999,LSF,,21.04.2026,Cash,Unlisted,"53,000"
,,,,,,,,,,,,,,,,,,Earn-out,,"5,000"
3829.,2008661561,SOLUNA HOLDINGS INC.,US,UNDISCLOSED 150 MW BRISCOE WIND FARM IN WEST TEXAS,US,Acquisition 100%,Completed,"53,000.00",01.04.2026,100.00000,0.00000,100.00000,221115,334515,MKTY,,01.04.2026,,Unlisted,n.a.
3830.,2008494728,A-MARK PRECIOUS METALS INC.,US,MONEX DEPOSIT COMPANY,US,Acquisition 100%,Completed,"53,000.00",05.01.2026,100.00000,0.00000,100.00000,423940,423940,GOLD,,06.11.2025,Earn-out,Unlisted,"20,000"
,,,,,,,,,,,,,,,,,,Shares,,n.a.
,,,,,,,,,,,,,,,,,,Cash,,n.a.
3831.,2008226987,NEXTRACKER INC.,US,ORIGAMI SOLAR INC.,US,Acquisition 100%,Completed,"53,000.00",08.09.2025,100.00000,0.00000,100.00000,333414,334513,NXT,,08.09.2025,Cash,Unlisted,n.a.
,,,,,,,,,,,,,,,,,,Earn-out,,n.a.
3832.,2007800700,FRANKLIN ENERGY SERVICES LLC,US,EVA GREEN POWER INC.,US,Acquisition 100%,Completed,"53,000.00",19.12.2024,100.00000,0.00000,100.00000,221114,518210,,,19.12.2024,,Unlisted,n.a.
,,,,ALTERNATIVE ENERGY SYSTEMS CONSULTING INC.,US,,,,,100.00000,0.00000,100.00000,335912,,,,,,Unlisted,
3833.,1941636187,FIRSTSOURCE BUSINESS PROCESS SERVICES LLC,US,AMERICAN RECOVERY SERVICES INC.,US,Acquisition 100%,Completed,"53,000.00",29.12.2021,100.00000,0.00000,100.00000,518210,561499,,,29.12.2021,,Unlisted,n.a.
3834.,2007879477,MCKINNEY VENTURES LLC,US,LOCKARD & WECHSLER WEST LLC,US,Acquisition 100%,Completed,"52,956.57",10.03.2025,100.00000,0.00000,100.00000,518210,541810,,,10.03.2025,,Unlisted,n.a.
3835.,1941259305,NATIONAL GENERAL HOLDINGS CORPORATION,US,NATIONAL FARMERS UNION PROPERTY AND CASUALTY COMPANY,US,Acquisition 100%,Completed,"52,800.00",01.08.2019,100.00000,0.00000,100.00000,524126,524126,NGHC,,13.11.2018,,Unlisted,n.a.
3836.,2007416945,NATERA INC.,US,INVITAE CORPORATION'S REPRODUCTIVE HEALTH ASSETS,US,Acquisition 100%,Completed,"52,500.00",22.01.2024,100.00000,0.00000,100.00000,621511,325413,NTRA,,22.01.2024,Cash,Unlisted,n.a.
,,,,,,,,,,,,,,,,,,Earn-out,,n.a.
3837.,1941512131,FEDERAL SIGNAL CORPORATION,US,OSW EQUIPMENT & REPAIR LLC,US,Acquisition 100%,Completed,"52,500.00",18.02.2021,100.00000,0.00000,100.00000,336211,334290,FSS,,18.02.2021,Cash,Unlisted,"52,500"
3838.,2007996516,TERAWULF INC.,US,BEOWULF ELECTRICITY AND DATA LLC,US,Acquisition 100%,Completed,"52,400.00",27.05.2025,100.00000,0.00000,100.00000,518210,518210,WULF,,27.05.2025,Earn-out,Unlisted,"19,000"
,,,,,,,,,,,,,,,,,,Cash,,"22,000"
,,,,,,,,,,,,,,,,,,Shares,,"32,650"
3839.,2008360190,LION BUYER LLC,US,WORKSIMPLI SOFTWARE LLC,US,Acquisition 80%,Completed,"52,000.00",04.11.2025,80.00000,0.00000,80.00000,511210,525990,,,04.11.2025,Earn-out,Unlisted,"28,000"
,,,,,,,,,,,,,,,,,,Cash,,"52,000"
3840.,2007736764,RIVAZ INC.,US,ELDORADO NATIONAL CALIFORNIA INC.,US,Acquisition 100%,Completed,"52,000.00",18.10.2024,100.00000,0.00000,100.00000,485113,551114,,,18.10.2024,,Unlisted,n.a.
3841.,2007334123,NETWORK MEDICAL MANAGEMENT INC.,US,ADVANCED HEALTH MANAGEMENT SYSTEMS LP,US,Acquisition 100%,Completed,"52,000.00",31.03.2024,100.00000,0.00000,100.00000,621999,541618,,,07.11.2023,Cash Reserves,Unlisted,n.a.
,,APOLLOCARE ENABLEMENT OF CA LLC,US,,,,,,,,,,,518210,,,,Cash,,n.a.
3842.,2007312694,STEVEN MADDEN LTD,US,ALMOST FAMOUS CLOTHING,US,Acquisition 100%,Completed,"52,000.00",23.10.2023,100.00000,0.00000,100.00000,541490,448210,SHOO,,23.10.2023,Cash,Unlisted,"52,000"
,,,,,,,,,,,,,,,,,,Earn-out,,n.a.
3843.,1941527520,HOLLEY PERFORMANCE PRODUCTS INC.,US,ADVANCED ENGINE MANAGEMENT INC.,US,Acquisition 100%,Completed,"52,000.00",15.04.2021,100.00000,0.00000,100.00000,336320,336320,,,15.04.2021,,Unlisted,n.a.
3844.,1941347481,KURITA AMERICA HOLDINGS INC.,US,PENTAGON TECHNOLOGIES GROUP INC.,US,Acquisition increased from 25% to 51%,Completed,"52,000.00",01.04.2020,26.00000,25.00000,51.00000,334513,221310,,,26.12.2019,,Unlisted,n.a.
3845.,1941228806,UNITED COMMUNITY BANKS INC.,US,FIRST MADISON BANK & TRUST,US,Acquisition 100%,Completed,"52,000.00",01.05.2019,100.00000,0.00000,100.00000,522110,522110,UCB,,05.02.2019,Cash,Unlisted,"52,000"
3846.,2007430082,EMPOWER CLINIC SERVICES LLC,US,EUGIA US MANUFACTURING LLC'S BUSINESS ASSETS,US,Acquisition 100%,Completed,"52,000.00",01.05.2024,100.00000,0.00000,100.00000,325412,446110,,,05.02.2024,Cash,Unlisted,"52,000"
3847.,1941273362,FB FINANCIAL CORPORATION,US,FNB FINANCIAL CORPORATION,US,Acquisition 100%,Completed,"51,900.00",14.02.2020,100.00000,0.00000,100.00000,522110,522110,FBK,,17.09.2019,Cash,Unlisted,"15,000"
,,,,,,,,,,,,,,,,,,Shares,,"36,900"
3848.,2008277425,HUB GROUP INC.,US,MARTEN TRANSPORT LTD'S INTERMODAL BUSINESS ASSETS,US,Acquisition 100%,Completed,"51,800.00",30.09.2025,100.00000,0.00000,100.00000,484230,488510,HUBG,,22.07.2025,Cash,Unlisted,"51,800"
3849.,1941624419,ELECTRODE ACQUISITION CORPORATION,US,FERRIE FRANZMANN INDUSTRIES LLC,US,Acquisition 100%,Completed,"51,735.00",01.12.2021,100.00000,0.00000,100.00000,335999,335999,,,01.12.2021,Cash,Unlisted,"25,000"
,,,,,,,,,,,,,,,,,,Cash Reserves,,n.a.
,,,,,,,,,,,,,,,,,,Shares,,"26,735"
3850.,1941647162,FINWARD BANCORP,US,ROYAL FINANCIAL INC.,US,Acquisition 100%,Completed,"51,711.00",31.01.2022,100.00000,0.00000,100.00000,522120,522110,FNWD,RYFL,29.07.2021,Cash,Delisted,"18,099"
,,,,,,,,,,,,,,,,,,Shares,,"33,612"
3851.,1941613582,QUISITIVE LTD,US,CATAPULT SYSTEMS LLC,US,Acquisition 100%,Completed,"51,500.00",22.11.2021,100.00000,0.00000,100.00000,541512,541511,,,08.11.2021,Cash,Unlisted,"51,500"
,,,,,,,,,,,,,,,,,,Cash Reserves,,n.a.
3852.,2007089610,FIRST WESTERN FINANCIAL INC.,US,TETON FINANCIAL SERVICES INC.,US,Acquisition 100%,Completed,"51,400.00",31.12.2021,100.00000,0.00000,100.00000,523920,522110,MYFW,,22.07.2021,Shares,Unlisted,"39,900"
,,,,,,,,,,,,,,,,,,Cash,,"11,500"
3853.,1941646144,INOTIV INC.,US,ORIENT BIORESOURCE CENTER INC.,US,Acquisition 100%,Completed,"51,300.00",27.01.2022,100.00000,0.00000,100.00000,541713,541713,NOTV,,27.01.2022,Shares,Unlisted,"23,000"
,,,,,,,,,,,,,,,,,,Cash,,"28,300"
3854.,1941294565,UNIVERSAL LOGISTICS HOLDINGS INC.,US,MORGAN SOUTHERN INC.,US,Acquisition 100%,Completed,"51,250.00",05.11.2019,100.00000,0.00000,100.00000,484121,484121,ULH,,05.11.2019,Cash,Unlisted,"51,250"
,,,,CENTRAL CAL TRANSPORTATION LLC,US,,,,,100.00000,0.00000,100.00000,484121,,,,,,Unlisted,
,,,,WANDO TRUCKING INC.,US,,,,,100.00000,0.00000,100.00000,484121,,,,,,Unlisted,
,,,,ROADRUNNER INTERMODAL SERVICES LLC,US,,,,,100.00000,0.00000,100.00000,484110,,,,,,Unlisted,
3855.,2007935231,GENEDX HOLDINGS CORPORATION,US,FABRIC GENOMICS INC.,US,Acquisition 100%,Completed,"51,000.00",07.05.2025,100.00000,0.00000,100.00000,518210,621511,WGS,,16.04.2025,Earn-out,Unlisted,"18,000"
,,,,,,,,,,,,,,,,,,Cash,,n.a.
3856.,2007801833,GA TELESIS LLC,US,AAR CORPORATION'S LANDING GEAR OVERHAUL BUSINESS,US,Acquisition 100% and 100%,Completed,"51,000.00",07.04.2025,100.00000,0.00000,100.00000,811310,532411,,,20.12.2024,,Unlisted,n.a.
,,,,AAR CORPORATION'S WHEELS & BRAKES BUSINESS,US,,,,,100.00000,0.00000,100.00000,532411,,,,,,Unlisted,
3857.,2007368433,KNIGHT-SWIFT TRANSPORTATION HOLDINGS INC.,US,YELLOW CORPORATION'S 13 TRUCKING TERMINALS,US,Acquisition 100%,Completed,"51,000.00",04.12.2023,100.00000,0.00000,100.00000,484122,484121,KNX,,21.09.2023,,Unlisted,n.a.
3858.,2007020862,REPUBLIC BANK AND TRUST COMPANY,US,CBANK,US,Acquisition 100%,Completed,"51,000.00",15.03.2023,100.00000,0.00000,100.00000,522110,522110,,,27.10.2022,Cash,Unlisted,"51,000"
,,,,,,,,,,,,,,,,,,Cash Reserves,,n.a.
3859.,1941663332,NOVAN INC.,US,EPI HEALTH LLC,US,Acquisition 100%,Completed,"51,000.00",11.03.2022,100.00000,0.00000,100.00000,541713,541713,NOVNQ,,11.03.2022,Cash,Unlisted,n.a.
,,,,,,,,,,,,,,,,,,Earn-out,,"23,500"
,,,,,,,,,,,,,,,,,,Shares,,n.a.
,,,,,,,,,,,,,,,,,,Bonds,,n.a.
3860.,1941329017,TWIN RIVER WORLDWIDE HOLDINGS INC.,US,GOLDEN GULCH,US,Acquisition 100%,Completed,"51,000.00",24.01.2020,100.00000,0.00000,100.00000,713210,721120,BALY,,29.01.2019,,Unlisted,n.a.
,,,,GOLDEN GATES CASINO,US,,,,,100.00000,0.00000,100.00000,713210,,,,,,Unlisted,
,,,,MARDI GRAS CASINO & RESORT,US,,,,,100.00000,0.00000,100.00000,713210,,,,,,Unlisted,
3861.,1941731055,CXT INC.,US,VANHOOSECO PRECAST LLC,US,Acquisition 100%,Completed,"50,500.00",12.08.2022,100.00000,0.00000,100.00000,327331,327390,,,12.08.2022,Cash,Unlisted,"50,500"
,,,,,,,,,,,,,,,,,,Cash Reserves,,n.a.
3862.,2007115391,SAFEHOLD INC.,US,ISTAR INC.,US,Acquisition 100%,Completed,"50,328.00",31.03.2023,100.00000,0.00000,100.00000,522310,531110,SAFE,SAFE,11.08.2022,Shares,Listed,"50,328"
3863.,2008006640,CHRISTIANA CARE CORPORATION,US,CKHS INC.'S FIVE OUTPATIENT CENTERS,US,Acquisition 100%,Completed,"50,300.00",29.05.2025,100.00000,0.00000,100.00000,621111,621112,,,29.05.2025,,Unlisted,n.a.
3864.,1941434961,AGENTIX CORPORATION,US,GSL HEALTHCARE INC.,US,Acquisition 100%,Completed,"50,278.00",28.05.2020,100.00000,0.00000,100.00000,551114,541713,AGTX,,28.05.2020,Shares,Unlisted,"50,278"
3865.,1941637219,CIVISTA BANCSHARES INC.,US,COMUNIBANC CORPORATION,US,Acquisition 100%,Completed,"50,200.00",01.07.2022,100.00000,0.00000,100.00000,522110,522110,CIVB,CBCZ,10.01.2022,Cash,Delisted,"24,963"
,,,,,,,,,,,,,,,,,,Shares,,"25,237"
3866.,2007035698,GRAYBUG VISION INC.,US,CALCIMEDICA SUBSIDIARY INC.,US,Acquisition 100%,Completed,"50,151.00",20.03.2023,100.00000,0.00000,100.00000,541713,541713,CALC,,21.11.2022,Shares,Unlisted,"50,151"
3867.,2008456726,OCEAN PROPERTIES LTD,US,BOBBY HOTEL NASHVILLE,US,Acquisition 100%,Completed,"50,000.00",03.12.2025,100.00000,0.00000,100.00000,721110,721110,,,03.12.2025,Cash,Unlisted,"50,000"
3868.,2008100667,FIRST COMMUNITY CORPORATION,US,SIGNATURE BANK OF GEORGIA,US,Acquisition 100%,Completed,"50,000.00",09.01.2026,100.00000,0.00000,100.00000,522110,551111,FCCO,SGBG,14.07.2025,Shares,Delisted,"50,000"
3869.,2007879327,CONCORD MUSIC GROUP INC.,US,STEM DISINTERMEDIA INC.,US,Acquisition 100%,Completed,"50,000.00",24.03.2025,100.00000,0.00000,100.00000,518210,512230,,,24.03.2025,,Unlisted,n.a.
3870.,2007734669,CHIMERA INVESTMENT CORPORATION,US,"PALISADES GROUP LLC, THE",US,Acquisition 100%,Completed,"50,000.00",02.12.2024,100.00000,0.00000,100.00000,523920,531110,CIM,,17.10.2024,Cash,Unlisted,n.a.
,,,,,,,,,,,,,,,,,,Shares,,n.a.
,,,,,,,,,,,,,,,,,,Earn-out,,"20,000"
3871.,2007715784,ULTRALIFE CORPORATION,US,INTEGER HOLDINGS CORPORATION'S ELECTROCHEM BUSINESS,US,Acquisition 100%,Completed,"50,000.00",01.11.2024,100.00000,0.00000,100.00000,339112,335911,ULBI,,30.09.2024,Cash,Unlisted,"50,000"
3872.,2007695177,MCKESSON CORPORATION,US,COMPILE INC.,US,Acquisition 100%,Completed,"50,000.00",04.01.2024,100.00000,0.00000,100.00000,518210,424210,MCK,,04.01.2024,,Unlisted,n.a.
3873.,2007571557,CONSIGLI CONSTRUCTION COMPANY INC.,US,LENDLEASE CORPORATION LTD'S US EAST COAST CONSTRUCTION OPERATIONS,US,Acquisition 100%,Completed,"50,000.00",16.09.2024,100.00000,0.00000,100.00000,236220,236220,,,29.05.2024,Earn-out,Unlisted,n.a.
3874.,2007525361,RELATIONSHOP INC,US,STOR.AI,US,Acquisition 100%,Completed,"50,000.00",03.01.2023,100.00000,0.00000,100.00000,518210,541613,,,03.01.2023,,Unlisted,n.a.
3875.,2007510446,LSI INDUSTRIES INC.,US,EMI INDUSTRIES LLC,US,Acquisition 100%,Completed,"50,000.00",18.04.2024,100.00000,0.00000,100.00000,332322,335122,LYTS,,18.04.2024,Cash,Unlisted,"50,000"
3876.,2007505551,TRANSCAT INC.,US,BECNEL RENTAL TOOLS LLC,US,Acquisition 100%,Completed,"50,000.00",15.04.2024,100.00000,0.00000,100.00000,532490,334515,TRNS,,15.04.2024,Cash,Unlisted,"17,500"
,,,,,,,,,,,,,,,,,,Shares,,"32,500"
3877.,2007454287,I-80 GOLD CORPORATION,CA,OSGOOD MINING COMPANY LLC'S GETCHELL PROJECT IN NEVADA,US,Acquisition 100%,Completed,"50,000.00",15.04.2021,100.00000,0.00000,100.00000,212221,212221,IAU,,15.04.2021,Earn-out,Unlisted,"10,000"
,,PREMIER GOLD MINES USA INC.,US,,,,,,,,,,,213114,,,,Cash,,"23,000"
,,,,,,,,,,,,,,,,,,Shares,,"21,680"
3878.,2007410901,STRATEGIC GLOBAL MANAGEMENT INC.,US,SETON MEDICAL CENTER,US,Acquisition 100%,Completed,"50,000.00",23.04.2020,100.00000,0.00000,100.00000,622110,622110,,,23.04.2020,Cash,Unlisted,"50,000"
,,,,SETON COASTSIDE NO CHARGE TO CALLING PARTY,US,,,,,100.00000,0.00000,100.00000,622110,,,,,,Unlisted,
3879.,2007346709,SURYA INC.,US,MITCHELL GOLD COMPANY,US,Acquisition 100%,Completed,"50,000.00",15.11.2023,100.00000,0.00000,100.00000,442110,442110,,,15.11.2023,Liabilities,Unlisted,n.a.
3880.,2007345134,STERLING INFRASTRUCTURE INC.,US,PROFESSIONAL PLUMBING GROUP INC.,US,Acquisition 100%,Completed,"50,000.00",16.11.2023,100.00000,0.00000,100.00000,236117,237310,STRL,,16.11.2023,Cash,Unlisted,n.a.
,,,,,,,,,,,,,,,,,,Earn-out,,n.a.
3881.,2007287821,GE DIGITAL LLC,US,BAKER HUGHES COMPANY'S ASSET PERFORMANCE MANAGEMENT COMMERCIAL TEAMS AND CUSTOMER ACCOUNTS PORTFOLIO,US,Acquisition 100%,Completed,"50,000.00",03.09.2019,100.00000,0.00000,100.00000,333132,511210,,,03.09.2019,,Unlisted,n.a.
3882.,2007256497,SIGMA ADDITIVE SOLUTIONS INC.,US,NEXTTRIP HOLDINGS INC.,US,Acquisition 100%,Completed,"50,000.00",29.12.2023,100.00000,0.00000,100.00000,518210,541715,,,13.10.2023,Shares,Unlisted,"48,000"
,,,,,,,,,,,,,,,,,,Earn-out,,"47,139"
,,,,,,,,,,,,,,,,,,Liabilities,,n.a.
3883.,2007167227,PHOENIX BIOTECH ACQUISITION CORPORATION,US,CERO THERAPEUTICS INC.,US,Acquisition 100%,Completed,"50,000.00",14.02.2024,100.00000,0.00000,100.00000,541713,525990,CERO,,05.06.2023,Shares,Unlisted,"50,000"
,,,,,,,,,,,,,,,,,,Earn-out,,n.a.
3884.,2007146001,US ENERGY DEVELOPMENT CORPORATION,US,"UNDISCLOSED ASSET IN LOVING COUNTY, TEXAS",US,Acquisition 100%,Completed,"50,000.00",08.09.2021,100.00000,0.00000,100.00000,211120,211120,,,08.09.2021,,Unlisted,n.a.
3885.,2007136069,WH BUYER LLC,US,BONOBOS INC.,US,Acquisition 100%,Completed,"50,000.00",24.05.2023,100.00000,0.00000,100.00000,448110,523910,,,13.04.2023,,Unlisted,n.a.
3886.,2007089639,TRANSCARENT INC.,US,BRIDGEHEALTH MEDICAL INC.,US,Acquisition 100%,Completed,"50,000.00",30.09.2020,100.00000,0.00000,100.00000,524114,518210,,,30.09.2020,,Unlisted,n.a.
3887.,2007088546,CHARLES RIVER LABORATORIES INC.,US,"SAMDI TECH INC,",US,Acquisition increased from 20% to 100%,Completed,"50,000.00",27.01.2023,80.00000,20.00000,100.00000,541715,541715,CRL,,27.01.2023,Cash,Unlisted,"50,000"
3888.,2007005785,CALAMP CORPORATION,US,SYNOVIA SOLUTIONS LLC,US,Acquisition 100%,Completed,"50,000.00",15.04.2019,100.00000,0.00000,100.00000,518210,517312,CAMP,,15.04.2019,Cash,Unlisted,"50,000"
3889.,1941722023,HUBBELL INC.,US,RIPLEY TOOLS LLC,US,Acquisition 100%,Completed,"50,000.00",11.07.2022,100.00000,0.00000,100.00000,333517,335313,HUBB,,11.07.2022,Cash,Unlisted,"50,000"
,,,,NOOKS HILL ROAD LLC,US,,,,,100.00000,0.00000,100.00000,551114,,,,,,Unlisted,
3890.,1941722022,BREX INC.,US,WEAV TECHNOLOGIES INC.,US,Acquisition 100%,Completed,"50,000.00",17.08.2021,100.00000,0.00000,100.00000,541511,518210,,,17.08.2021,,Unlisted,n.a.
3891.,1941704086,MANAGEMENT,US,TRANSAMERICAN AUTO PARTS COMPANY INC.,US,Acquisition 100%,Completed,"50,000.00",01.07.2022,100.00000,0.00000,100.00000,336390,551114,,,16.06.2022,,Unlisted,n.a.
,,WHEEL PROS LLC,US,,,,,,,,,,,336390,,,,,,
3892.,1941703154,IDEANOMICS INC.,US,WIRELESS ADVANCED VEHICLE ELECTRIFICATION INC.,US,Acquisition 100%,Completed,"50,000.00",15.01.2021,100.00000,0.00000,100.00000,488999,518210,IDEXQ,,05.01.2021,Cash,Unlisted,n.a.
,,,,,,,,,,,,,,,,,,Shares,,n.a.
,,,,,,,,,,,,,,,,,,Earn-out,,"30,000"
3893.,1941685314,UNIVERSAL TECHNICAL INSTITUTE INC.,US,CONCORDE CAREER COLLEGES INC.,US,Acquisition 100%,Completed,"50,000.00",01.12.2022,100.00000,0.00000,100.00000,611310,611519,UTI,CCDC,03.05.2022,Cash,Delisted,"50,000"
,,,,,,,,,,,,,,,,,,Cash Reserves,,n.a.
3894.,1941651617,PIANO SOFTWARE INC.,US,SOCIALFLOW INC.,US,Acquisition 100%,Completed,"50,000.00",10.02.2022,100.00000,0.00000,100.00000,518210,518210,,,10.02.2022,Cash,Unlisted,"50,000"
3895.,1941597536,OPTION CARE HEALTH INC.,US,INFINITY INFUSION NURSING LLC,US,Acquisition 100%,Completed,"50,000.00",01.10.2021,100.00000,0.00000,100.00000,621610,621610,OPCH,,01.10.2021,Cash,Unlisted,"50,000"
3896.,1941591615,SANDS CAPITAL MANAGEMENT LLC,US,CYTRELLIS BIOSYSTEMS INC.,US,Acquisition unknown stake %,Completed,"50,000.00",21.09.2021,Unknown %,Unknown %,Unknown %,541715,523910,,,21.09.2021,Cash,Unlisted,"50,000"
,,D1 CAPITAL PARTNERS LP,US,,,,,,,,,,,523920,,,,,,
,,PFM HEALTH SCIENCES LP,US,,,,,,,,,,,523930,,,,,,
,,ARCH VENTURE MANAGEMENT LLC,US,,,,,,,,,,,523910,,,,,,
3897.,1941584767,VERINT SYSTEMS INC.,US,CONVERSOCIAL INC.,US,Acquisition 100%,Completed,"50,000.00",02.09.2021,100.00000,0.00000,100.00000,518210,511210,VRNT,,10.08.2021,Cash,Unlisted,"50,000"
3898.,1941575290,FOX CORPORATION,US,TMZ PRODUCTIONS INC.,US,Acquisition 100%,Completed,"50,000.00",13.09.2021,100.00000,0.00000,100.00000,519130,515120,FOXA,,13.09.2021,,Unlisted,n.a.
3899.,1941548717,IDEANOMICS INC.,US,US HYBRID CORPORATION,US,Acquisition 100%,Completed,"50,000.00",10.06.2021,100.00000,0.00000,100.00000,335999,518210,IDEXQ,,13.05.2021,Shares,Unlisted,"20,000"
,,,,,,,,,,,,,,,,,,Cash,,"30,000"
3900.,1941529876,15FIVE INC.,US,EMPLIFY INC.,US,Acquisition 100%,Completed,"50,000.00",27.04.2021,100.00000,0.00000,100.00000,518210,518210,,,27.04.2021,,Unlisted,n.a.
3901.,1941508740,CREXENDO INC.,US,NETSAPIENS INC.,US,Acquisition 100%,Completed,"50,000.00",01.06.2021,100.00000,0.00000,100.00000,517311,511210,CXDO,,08.03.2021,Shares,Unlisted,"40,000"
,,,,,,,,,,,,,,,,,,Cash,,"10,000"
3902.,1941495952,CNO FINANCIAL GROUP INC.,US,DIRECTPATH LLC,US,Acquisition 100%,Completed,"50,000.00",09.02.2021,100.00000,0.00000,100.00000,524292,524114,CNO,,09.02.2021,Earn-out,Unlisted,n.a.
,,,,,,,,,,,,,,,,,,Cash Reserves,,n.a.
,,,,,,,,,,,,,,,,,,Cash,,n.a.
3903.,1941432327,DREXEL UNIVERSITY,US,ST CHRISTOPHER'S HOSPITAL FOR CHILDREN,US,Acquisition 100%,Completed,"50,000.00",13.12.2019,100.00000,0.00000,100.00000,622110,611310,,,23.09.2019,,Unlisted,n.a.
,,TOWER HEALTH LTD,GB,,,,,,,,,,,424210,,,,,,
3904.,1941356150,ALLIANCE MMA INC.,US,SCWORX CORPORATION,US,Acquisition 100%,Completed,"50,000.00",01.02.2019,100.00000,0.00000,100.00000,518210,711320,WORX,,24.08.2018,Shares,Unlisted,"50,000"
3905.,1941351072,PEXESO INC.,US,DUBSET MEDIA HOLDINGS INC.,US,Acquisition 100%,Completed,"50,000.00",05.03.2020,100.00000,0.00000,100.00000,518210,518210,,,05.03.2020,,Unlisted,n.a.
3906.,1941337079,REPAY HOLDINGS CORPORATION,US,VENTANEX HOLDINGS INC.,US,Acquisition 100%,Completed,"50,000.00",10.02.2020,100.00000,0.00000,100.00000,518210,518210,RPAY,,10.02.2020,Earn-out,Unlisted,"14,000"
,,,,,,,,,,,,,,,,,,Cash,,n.a.
,,,,,,,,,,,,,,,,,,Cash Reserves,,n.a.
3907.,1941258669,FOX ENTERTAINMENT GROUP LLC,US,BENTO BOX ENTERTAINMENT LLC,US,Acquisition 100%,Completed,"50,000.00",06.08.2019,100.00000,0.00000,100.00000,512110,512110,FOX,,06.08.2019,,Unlisted,n.a.
3908.,1941234994,HPS INVESTMENT PARTNERS LLC,US,SPRUCE FINANCE INC.,US,Acquisition increased from 100% to 100%,Completed,"50,000.00",16.05.2019,Unknown %,100.00000,100.00000,523920,523910,,,16.05.2019,Cash,Unlisted,"50,000"
3909.,1939048186,MERIT MEDICAL SYSTEMS INC.,US,BRIGHTWATER MEDICAL INC.,US,Acquisition 100%,Completed,"50,000.00",17.06.2019,100.00000,0.00000,100.00000,541715,339112,MMSI,,17.06.2019,Earn-out,Unlisted,"15,000"