Model,ticker,evtdate,cret,car,bhar,nrets_est
Market Model,MSFT,2023-01-09,0.0294183797,-0.006461194,-0.0064408,250
Market Model,MSFT,2021-12-21,0.0290302656,0.0093582219,0.0094805314,250
Market Model,MSFT,2020-06-22,0.0284739201,0.0153026701,0.0152717512,250
Market Model,HON,2025-03-04,-0.015360045,-0.003809399,-0.003868066,250
Market Model,HON,2023-12-08,0.0131452551,0.0004900124,-0.000041442,250
Market Model,RGEN,2025-03-04,-0.009983674,0.0214350953,0.0211442927,250
Market Model,RGEN,2019-04-26,0.2260188646,0.2079446199,0.2116951534,250
Market Model,BWXT,2024-11-04,-0.039425051,-0.054313585,-0.054117631,250
Market Model,INDB,2024-12-09,-0.011759765,-0.0043118,-0.00435414,250
Market Model,DLHC,2022-12-08,0.1105769231,0.1101014059,0.1091774159,250
Market Model,XOMA,2025-08-04,0.1430868167,0.143700431,0.1476387686,250
Market Model,AMAG,2018-12-13,-0.047078843,-0.02530101,-0.024366991,250
Market Model,TCF,2019-01-28,0.056770591,0.0551303885,0.0553782642,250
Market Model,ASTE,2025-04-29,0.0234463277,0.0183892881,0.0157989271,250
Market Model,WERN,2021-11-29,-0.031974249,-0.015261462,-0.015081505,250
Market Model,PRG,2025-12-01,0.0222908093,0.0236307548,0.0234381617,250
Market Model,WTS,2023-08-30,0.0170466767,-0.006469706,-0.006529651,250
Market Model,FNB,2021-07-13,-0.03215169,-0.023738034,-0.023944201,250
Market Model,EHC,2019-04-01,0.0001651539,-0.016246618,-0.016319632,250
Market Model,EHC,2021-04-26,-0.028299725,-0.041260126,-0.041512667,250
Market Model,FISV,2019-01-16,0.008391987,-0.009709073,-0.010809428,250
Market Model,FCNCA,2020-10-16,0.1813201148,0.1941921418,0.2019208149,250
Market Model,HTLD,2022-05-31,0.0049191848,0.0016917163,0.0018018249,250
Market Model,CAL,2025-02-19,-0.03000577,-0.022885842,-0.024201514,250
Market Model,UIS,2021-12-14,0.0103252452,0.0052054143,0.0049515599,250
Market Model,WSFS,2018-08-08,-0.088187556,-0.091658359,-0.091038519,250
Market Model,WSFS,2021-03-10,-0.048842719,-0.100694876,-0.101074553,250
Market Model,CERN,2020-12-16,0.0526599327,0.0375527189,0.038319389,250
Market Model,WBS,2021-04-19,-0.102131439,-0.080519209,-0.079114191,250
Market Model,FBNC,2021-06-01,-0.026935265,-0.030545719,-0.031936642,250
Market Model,FBNC,2022-06-21,0.0276226859,0.0059146929,0.0059030403,250
Market Model,WSBC,2019-07-23,-0.052715655,-0.063234191,-0.063560969,250
Market Model,WSBC,2024-07-26,-0.035114046,-0.045860294,-0.046758314,250
Market Model,UBSI,2021-06-03,-0.059458164,-0.066000226,-0.065573224,250
Market Model,UBSI,2024-05-10,0.0076696165,0.0037544091,0.0037042052,250
Market Model,UBSI,2019-11-18,-0.039324427,-0.046286561,-0.046284188,250
Market Model,CDNS,2019-12-02,-0.080112835,-0.062394278,-0.060538127,250
Market Model,CDNS,2022-07-25,0.0118518519,0.0446558332,0.0443216343,250
Market Model,CHCO,2022-10-18,0.063042779,0.0474746855,0.0480672203,250
Market Model,CECO,2024-11-01,-0.074827166,-0.061257724,-0.059235346,250
Market Model,CNMD,2022-05-04,-0.082736497,-0.074695742,-0.077980429,250
Market Model,CNMD,2018-12-13,-0.046257853,-0.038685251,-0.039018237,250
Market Model,HBNC,2018-10-29,0.0066066066,0.0103013952,0.0099413773,250
Market Model,XRAY,2020-12-31,0.0487804878,0.058568102,0.0592636888,250
Market Model,DTE,2018-04-30,0.0016216732,0.0014616284,0.0014228168,250
Market Model,CLH,2021-08-04,0.0474174428,0.0323895395,0.03295592,250
Market Model,CLH,2024-02-06,0.0233123156,0.0144966581,0.0142413888,250
Market Model,XOM,2023-07-13,-0.047466264,-0.062489766,-0.062167123,250
Market Model,MGM,2021-09-27,0.0051511758,0.0298521488,0.02989217,250
Market Model,WM,2024-06-03,-0.01270303,-0.016230138,-0.017487151,250
Market Model,WM,2020-06-24,-0.012632594,-0.005025758,-0.005088891,250
Market Model,GE,2021-09-23,0.0729188184,0.0498352648,0.0510588568,250
Market Model,LH,2025-07-22,0.0278598392,0.0207426259,0.0204136694,250
Market Model,LH,2021-12-23,0.0139462639,-0.001783015,-0.001942597,250
Market Model,LH,2024-03-28,0.0132540277,0.0090552855,0.0089633845,250
Market Model,ONB,2021-06-01,-0.023256601,-0.023597595,-0.023548598,250
Market Model,ONB,2024-11-25,0.0935727788,0.0764443778,0.0784827791,250
Market Model,ONB,2023-10-26,0.0088954781,0.0383588176,0.0377855371,250
Market Model,PBCT,2018-11-27,0.0289308176,-0.005450425,-0.005860151,250
Market Model,RP,2019-11-06,-0.12739166,-0.135142505,-0.132679722,250
Market Model,MGPI,2021-01-25,0.1553547395,0.1515986685,0.1571231787,250
Market Model,EFC,2023-05-30,0.021875487,0.0190324554,0.0180632635,250
Market Model,HRZN,2025-08-07,-0.05408971,-0.056061737,-0.056232047,250
Market Model,PACB,2021-07-20,0.1854229607,0.1332228628,0.1434656808,250
Market Model,BAH,2022-03-16,0.021679243,-0.013900195,-0.014470077,250
Market Model,IPHI,2019-11-11,0.0629608622,0.0504838362,0.0517187334,250
Market Model,LPLA,2022-11-03,0.0278002387,0.0517407024,0.0522426189,250
Market Model,LPLA,2025-03-28,-0.03541206,-0.022209184,-0.022173912,250
Market Model,CPAY,2024-06-20,0.0596985323,0.058952048,0.0597494294,250
Market Model,KNX,2021-07-06,0.08511567,0.0807939684,0.0821796721,250
Market Model,KNX,2023-03-21,0.0428624674,0.0376953673,0.0364347102,250
Market Model,ACNB,2019-07-02,-0.038412939,-0.05167691,-0.051580886,250
Market Model,IBM,2025-12-08,0.0080846781,0.0080200122,0.0080394764,250
Market Model,IBM,2023-05-16,0.0233637252,0.016326323,0.0164323685,250
Market Model,IBM,2018-10-29,-0.087386319,-0.081896617,-0.079213754,250
Market Model,IBM,2021-04-29,-0.000915428,0.0084566851,0.0082678455,250
Market Model,KMI,2021-06-01,0.0279299014,0.0268924492,0.0271253573,250
Market Model,KMI,2023-11-06,-0.020710059,-0.031210073,-0.031108955,250
Market Model,KMI,2022-07-19,0.0334128878,0.016767863,0.0169984598,250
Market Model,ITT,2024-08-01,-0.078753018,-0.055842819,-0.054740763,250
Market Model,ITT,2023-05-02,-0.012434865,0.0070820046,0.0069571176,250
Market Model,LAB,2023-12-12,0.0044642857,-0.046004782,-0.047259882,250
Market Model,GEVO,2024-09-12,0.6839378238,0.5285114935,0.6318866092,250
Market Model,PCRX,2019-03-05,-0.1145364,-0.108793096,-0.104180073,249
Market Model,APO,2025-02-24,-0.073282735,-0.035889235,-0.034581987,250
Market Model,HCA,2018-08-31,0.0170271037,0.018539346,0.0184791334,250
Market Model,HII,2020-02-04,0.0327969349,-0.001073054,-0.0011533,250
Market Model,HII,2021-07-06,-0.024793778,-0.025669058,-0.025784115,250
Market Model,CSOD,2020-02-24,-0.326153846,-0.24121513,-0.22684316,250
Market Model,SR,2023-05-25,-0.033955608,-0.041135638,-0.040992988,250
Market Model,SR,2025-07-28,-0.050827577,-0.053903773,-0.053376873,250
Market Model,KOS,2021-10-13,0.1128526646,0.0600981539,0.0616360765,250
Market Model,ZG,2021-02-10,0.1864206293,0.1699141116,0.17230806,250
Market Model,CARB,2019-02-07,-0.180130629,-0.164979821,-0.166379725,250
Market Model,FBIN,2024-02-29,0.0178001473,0.0014391822,0.0013352275,250
Market Model,FMNB,2025-10-22,-0.035226456,-0.033829814,-0.034347941,250
Market Model,FMNB,2021-06-23,-0.044006948,-0.055205241,-0.056445353,250
Market Model,XYL,2023-01-23,-0.046580134,-0.077394019,-0.080177723,250
Market Model,CIVI,2022-02-01,0.0448354143,-0.001771376,-0.00196259,250
Market Model,CIVI,2023-06-20,-0.051901113,-0.041430003,-0.042297424,250
Market Model,VTLE,2023-09-13,-0.047019752,-0.042871604,-0.045407348,250
Market Model,WPX,2019-12-16,0.1370967742,0.1280551508,0.1304568543,250
Market Model,TRIP,2024-12-19,0.0222386953,0.0586491916,0.0560414227,250
Market Model,ZNGA,2021-05-05,0.0075258702,0.0072321898,0.00485949,250
Market Model,POST,2019-05-02,-0.085298812,-0.091442668,-0.0896344,250
Market Model,POST,2025-06-03,-0.006781807,-0.009134043,-0.009175962,250
Market Model,POST,2023-02-08,-0.061139028,-0.06259553,-0.061618331,250
Market Model,CZR,2019-06-24,0.1502487562,0.1790428987,0.1793892144,250
Market Model,ALSN,2019-09-09,0.0478087649,0.0441265434,0.0443893225,250
Market Model,ALSN,2025-06-11,0.0061343623,-0.001033364,-0.001071606,250
Market Model,ZWS,2022-02-14,0.1553142481,0.1542576137,0.157610673,250
Market Model,YELP,2024-11-07,0.0315819696,-0.003144654,-0.00429875,250
Market Model,MTSI,2023-08-22,0.1127798637,0.089316929,0.0922203783,250
Market Model,PSX,2025-01-06,0.0068175859,0.0025028514,0.0024279516,250
Market Model,PFPT,2019-11-04,-0.000953454,-0.020547714,-0.021351119,250
Market Model,TCPC,2023-09-06,-0.021582734,-0.010623586,-0.010530449,250
Market Model,META,2025-09-30,-0.035509244,-0.051626054,-0.051411214,250
Market Model,SUPN,2021-10-11,0.1193139448,0.1303900117,0.1324010665,250
Market Model,SUPN,2025-06-16,-0.013579493,-0.008405968,-0.008655301,250
Market Model,SUPN,2020-04-28,0.2437994723,0.1826363499,0.1880941892,250
Market Model,NOW,2025-03-10,-0.067686169,-0.026697541,-0.028181577,250
Market Model,PANW,2019-09-04,0.0414006483,0.0239516835,0.0230086709,250
Market Model,PANW,2020-11-11,-0.000674255,0.0015528937,0.0000562132,250
Market Model,PANW,2024-05-15,0.0480727874,0.0262919544,0.0266014542,250
Market Model,PANW,2025-11-19,-0.087875801,-0.065292879,-0.064201419,250
Market Model,GMED,2025-02-06,-0.049468431,-0.052329091,-0.052233306,250
Market Model,GMED,2023-02-09,-0.225988701,-0.221119131,-0.210828356,250
Market Model,NBHC,2022-04-01,-0.003919647,-0.005232523,-0.005340394,250
Market Model,NBHC,2025-09-15,-0.023840373,-0.025875859,-0.025700835,250
Market Model,SUN,2024-01-22,-0.076210944,-0.088131169,-0.08644321,250
Market Model,MPLX,2019-05-08,-0.033574428,-0.015064153,-0.014758781,250
Market Model,MPLX,2025-05-09,0.0134697333,-0.008447035,-0.008530027,250
Market Model,SSTK,2021-09-07,-0.005073922,-0.007349964,-0.007467335,250
Market Model,WDAY,2019-11-04,-0.004810064,-0.031746439,-0.03236153,250
Market Model,FANG,2022-10-11,-0.008846451,-0.000512501,-0.000705407,250
Market Model,FANG,2024-02-12,0.0789679437,0.0862515414,0.0850696236,250
Market Model,FANG,2020-12-21,-0.070380922,-0.056380114,-0.054798161,250
Market Model,DKL,2024-08-06,-0.013749079,0.0024840691,0.0021945945,250
Market Model,DKL,2020-03-31,-0.069428891,-0.060475604,-0.061952938,250
Market Model,ABBV,2021-03-02,-0.009560052,-0.010645164,-0.010432499,250
Market Model,ABBV,2023-10-05,0.0054941328,0.0003617491,0.0003550533,250
Market Model,ABBV,2024-10-28,-0.001054574,-0.005156132,-0.005254295,250
Market Model,WES,2023-09-05,-0.030348445,-0.023341918,-0.023695111,250
Market Model,WES,2025-08-06,-0.03996004,-0.041416318,-0.041832508,250
Market Model,MODN,2020-12-17,0.0817941953,0.0696793648,0.0713254359,250
Market Model,PEP,2020-03-11,-0.113859865,-0.068522458,-0.068691064,250
Market Model,PEP,2025-03-17,0.0043818255,0.0054552447,0.0051721981,250
Market Model,TMHC,2019-11-06,-0.089100705,-0.096242953,-0.093758512,250
Market Model,CMRX,2021-01-07,0.7113821138,0.6655438008,0.6719937057,250
Market Model,IBTX,2018-05-22,-0.042553191,-0.050032475,-0.050275449,250
Market Model,TPST,2025-11-19,-0.607675906,-0.688740861,-0.570509335,250
Market Model,MO,2023-03-03,0.0225352113,0.0145045117,0.0146172439,250
Market Model,VOYA,2022-11-01,-0.024084075,0.0076782752,0.0074624889,250
Market Model,VOYA,2024-09-11,0.070322489,0.0546618142,0.0552321543,250
Market Model,RITM,2023-10-02,-0.02699784,-0.006707887,-0.00687855,250
Market Model,RITM,2025-09-17,-0.008870968,-0.012676269,-0.0135993,250
Market Model,COP,2020-10-19,-0.067942161,-0.046109152,-0.044764407,250
Market Model,COP,2024-05-29,-0.03130064,-0.025206709,-0.025421321,250
Market Model,NWSA,2021-12-27,0.0399265718,0.0189901079,0.0193109644,250
Market Model,PTCT,2020-05-06,-0.026763485,-0.05503287,-0.055634796,250
Market Model,AMGN,2022-08-04,0.0095937026,0.0039099694,0.0038627359,250
Market Model,AMGN,2021-03-04,0.0090389472,0.0219767721,0.0218018179,250
Market Model,FOXF,2023-11-02,-0.257027127,-0.309435293,-0.316107387,250
Market Model,REI,2022-07-05,-0.116541353,-0.149240289,-0.14619344,250
Market Model,REI,2023-07-11,0.1666666667,0.1436691015,0.1510848119,250
Market Model,REI,2025-02-26,-0.037313433,-0.00779023,-0.008724468,250
Market Model,SAIC,2021-06-03,0.0349619499,0.0295804097,0.0299361941,250
Market Model,SAIC,2020-02-06,0.021473406,0.0143438526,0.0128925637,250
Market Model,SAIC,2018-09-10,-0.113992496,-0.121682221,-0.119267215,250
Market Model,NVEE,2019-11-07,-0.265227021,-0.278511958,-0.271714548,250
Market Model,CXP,2019-10-16,-0.008906482,-0.014563531,-0.014618678,250
Market Model,OMF,2023-11-21,-0.001295337,-0.015746192,-0.016049322,250
Market Model,VEEV,2019-09-26,-0.011433481,-0.012943906,-0.013603294,250
Market Model,GLPI,2024-02-06,-0.00461437,-0.007206186,-0.007422463,250
Market Model,SRNE,2021-06-01,0.0890322581,0.0563028808,0.0539404745,250
Market Model,VCYT,2024-01-08,0.1076742365,0.0752360373,0.0723203739,250
Market Model,BHR,2021-12-27,0.0161616162,-0.013636753,-0.014443462,250
Market Model,CHGG,2020-06-04,-0.064258312,-0.091302733,-0.090728776,250
Market Model,FRBA,2022-12-14,-0.087073007,-0.074265759,-0.075757597,250
Market Model,ESI,2019-12-03,-0.041916168,-0.026159612,-0.025915432,250
Market Model,ESI,2025-10-28,0.0095492743,-0.004957182,-0.005045838,250
Market Model,SC,2019-12-18,0.0029473684,-0.005237837,-0.00531609,250
Market Model,RARE,2022-07-18,-0.180888958,-0.224499338,-0.217452439,250
Market Model,INGN,2019-08-07,-0.196348605,-0.212101855,-0.228538107,250
Market Model,NGHC,2018-11-13,-0.118275739,-0.107478731,-0.106469776,250
Market Model,RVNC,2020-05-19,0.0497409326,0.0058995092,0.0015061276,250
Market Model,VRNS,2025-09-02,-0.063049358,-0.05864277,-0.057566268,250
Market Model,KN,2023-09-18,0.0528144545,0.0686605465,0.0681651143,250
Market Model,QTWO,2019-10-01,-0.091058973,-0.066743033,-0.064629239,250
Market Model,XXII,2022-05-13,0.2066666667,0.1353469428,0.1486075139,250
Market Model,APOG,2024-09-25,0.0332196352,0.0279450979,0.0279424198,250
Market Model,CVX,2020-07-20,0.0342915346,0.0181341394,0.0158420145,250
Market Model,CVX,2023-05-22,0.018440361,0.0253103766,0.0248763646,250
Market Model,CVX,2022-02-28,0.1102706711,0.0985746689,0.1025648512,250
Market Model,PCTY,2021-09-01,0.0133125093,0.0107000796,0.0107518613,250
Market Model,ALLY,2021-10-21,-0.072447859,-0.084303164,-0.08407952,250
Market Model,FSK,2020-11-24,0.0707188778,0.0423693579,0.0435055665,250
Market Model,MGNI,2021-02-05,0.4207848837,0.3338975535,0.3694758139,250
Market Model,AAPL,2020-01-15,-0.005426552,-0.019918188,-0.020099833,250
Market Model,PAHC,2024-04-29,0.3424437299,0.3446360812,0.3506042267,250
Market Model,PFIS,2024-03-22,-0.030754445,-0.027555018,-0.028102722,250
Market Model,SABR,2019-10-16,0.0028116214,-0.009565932,-0.009609317,250
Market Model,ARES,2022-02-17,-0.047884187,-0.017924903,-0.018293496,250
Market Model,ARES,2025-09-29,-0.021001714,-0.041263976,-0.041408771,250
Market Model,DNOW,2021-03-01,-0.02189781,-0.027659018,-0.028776025,250
Market Model,PE,2019-10-14,-0.049848024,-0.067252044,-0.072925831,250
Market Model,CTRE,2024-06-03,0.0282907662,0.0216287579,0.0218611522,250
Market Model,FMBH,2023-03-21,0.0044977511,0.0040506557,0.0033556767,250
Market Model,FMBH,2025-10-30,-0.02894415,-0.020629296,-0.020821666,250
Market Model,CLNY,2019-07-25,0.0990291262,0.0916070422,0.094412995,250
Market Model,ANET,2025-05-14,0.0406195841,0.0138873113,0.0128322173,250
Market Model,WMS,2019-08-01,0.0081203008,0.0380793967,0.0374472536,250
Market Model,WMS,2025-09-23,-0.034364741,-0.024376647,-0.024692521,250
Market Model,CTLT,2022-08-09,0.0206222865,0.0032311243,0.0025163411,250
Market Model,CTLT,2021-01-13,-0.001386482,-0.011264257,-0.011333808,250
Market Model,PARR,2022-10-20,0.1770726714,0.1596534117,0.1673546412,250
Market Model,CARO,2019-07-15,-0.010916403,-0.009470374,-0.010427577,250
Market Model,HQY,2021-03-08,0.001192053,-0.035427493,-0.037478327,250
Market Model,HQY,2019-06-27,0.0109754212,-0.010469494,-0.012502951,250
Market Model,ISTR,2025-07-01,0.1088546718,0.0990330612,0.1005785179,250
Market Model,MARA,2024-03-15,-0.014720812,-0.017035742,-0.021164017,250
Market Model,RYI,2025-10-28,-0.04993598,-0.065166129,-0.066297266,250
Market Model,LMB,2025-07-01,0.0457708587,0.0227866605,0.0207168958,250
Market Model,CFG,2021-07-28,-0.021940737,-0.02822233,-0.028196054,250
Market Model,CDK,2021-06-02,0.0043943447,0.0096897628,0.0095545952,250
Market Model,MBCN,2022-05-26,-0.001015228,-0.021640291,-0.021959235,250
Market Model,USDP,2022-03-28,0.0626118068,0.0362074581,0.0371548051,250
Market Model,PLAY,2022-04-06,-0.113340448,-0.077273818,-0.074605257,250
Market Model,VBTX,2018-07-24,-0.029990628,-0.037910627,-0.038878804,250
Market Model,AM,2018-10-09,0.1442501681,0.1787972752,0.1777707858,250
Market Model,NVRO,2023-11-30,0.1289742052,0.1205158238,0.1240908418,250
Market Model,CHRS,2023-06-16,-0.28358209,-0.301608332,-0.286564116,250
Market Model,FFWM,2021-06-03,-0.012214342,-0.022921656,-0.022854539,250
Market Model,MRO,2022-11-02,0.0318555008,0.0560779279,0.0541507375,250
Market Model,UPLD,2019-10-07,0.0162590701,0.0240157608,0.0236764397,250
Market Model,WK,2024-06-17,-0.053256033,-0.060959906,-0.060321613,250
Market Model,VNOM,2025-06-03,0.0113378685,0.0014498422,0.0003095117,250
Market Model,VSTO,2020-09-28,0.0020986359,-0.029358642,-0.0297587,250
Market Model,VMC,2021-06-07,-0.02180447,-0.034052566,-0.03407901,250
Market Model,XHR,2022-03-01,0.0128686327,0.0123371366,0.0108491726,250
Market Model,GSBD,2019-12-09,0.0476419634,0.0438194148,0.0444897708,250
Market Model,SUM,2023-09-07,-0.109581498,-0.104355748,-0.101152903,250
Market Model,BPMC,2021-11-29,-0.077572155,-0.04228781,-0.040205622,250
Market Model,ETSY,2019-07-22,0.0401840491,0.0246429796,0.024591796,250
Market Model,ZVRA,2023-08-31,0.0131826742,0.006423001,0.0037170421,250
Market Model,EVA,2020-06-18,0.0299798213,0.0342604247,0.0340432538,250
Market Model,GDDY,2020-12-15,0.0271973853,0.0134203308,0.0133002599,250
Market Model,ASB,2025-12-01,-0.025237317,-0.029242634,-0.029045641,250
Market Model,APLE,2025-12-22,-0.025347506,-0.042845566,-0.042818674,250
Market Model,APLE,2023-11-22,-0.007859734,-0.010263184,-0.010483501,250
Market Model,SHOP,2019-05-23,0.0111432865,0.0377116647,0.0370826208,250
Market Model,COLL,2022-02-14,0.2376630743,0.2292258836,0.2414808629,250
Market Model,COLL,2024-07-29,0.0897797854,0.0857193606,0.0835168054,250
Market Model,BLD,2025-07-08,0.0896642982,0.0941928004,0.0954364894,250
Market Model,BLD,2021-09-08,0.0174632771,0.0325749721,0.0323035364,250
Market Model,ENR,2018-01-16,0.1086069555,0.1062659891,0.1015662878,250
Market Model,KHC,2018-11-29,-0.013127413,-0.033189331,-0.033186313,250
Market Model,LNTH,2020-02-20,0.0012084592,0.0156517239,0.0157914516,250
Market Model,EVH,2021-08-04,0.054770318,0.0341813787,0.033935144,250
Market Model,EVH,2022-11-17,0.0754716981,0.0880859245,0.0788948954,250
Market Model,GKOS,2019-08-07,-0.14028777,-0.205614073,-0.204339502,250
Market Model,GNL,2023-05-23,-0.09468599,-0.081861574,-0.084112692,250
Market Model,UNVR,2018-09-17,0.0347476225,0.036720531,0.0370519979,250
Market Model,LITE,2021-11-04,0.0755934547,0.0583584327,0.0593029538,250
Market Model,CYRX,2020-08-25,0.3268933539,0.2996674011,0.3044943085,250
Market Model,NTRA,2025-12-05,0.0039041182,0.0019868148,0.0015782455,250
Market Model,NTRA,2024-01-22,-0.015393724,-0.036054258,-0.036139186,250
Market Model,RILY,2022-01-18,-0.211615803,-0.202981391,-0.18794274,250
Market Model,RILY,2019-10-31,0.1875256463,0.1723316765,0.1782206524,250
Market Model,RPD,2020-04-24,0.0437431991,-0.011425481,-0.011855137,250
Market Model,TDOC,2020-08-05,-0.103904866,-0.106159768,-0.123825947,250
Market Model,PLNT,2022-01-11,0.0149024764,0.003981587,0.002379401,250
Market Model,RUN,2020-07-06,0.3190524194,0.2848923202,0.3028361837,250
Market Model,HPE,2024-01-09,-0.043098427,-0.0612788,-0.065275282,250
Market Model,HPE,2020-07-13,0.0590200445,0.0482110818,0.0494079356,250
Market Model,HPE,2019-05-17,0.0228848821,0.0296043771,0.0298669568,250
Market Model,PFGC,2021-05-18,-0.094868396,-0.076010455,-0.073673878,250
Market Model,WSC,2020-03-02,-0.052268811,-0.064804401,-0.062317354,250
Market Model,AXSM,2025-11-06,0.0238642259,0.0249274164,0.024816053,250
Market Model,EQBK,2025-09-02,0.0528645193,0.058928691,0.0583106568,250
Market Model,MTCH,2019-12-20,0.125491297,0.1060782719,0.1092635739,250
Market Model,RMR,2023-07-31,-0.008857022,-0.014190005,-0.014149493,250
Market Model,TEAM,2025-09-04,-0.001447765,-0.019949557,-0.0205137,250
Market Model,TEAM,2023-10-12,-0.085873786,-0.065912374,-0.064829524,250
Market Model,WKHS,2025-08-15,-0.120218579,-0.079619508,-0.075685924,250
Market Model,NIC,2025-10-23,-0.039644513,-0.049968443,-0.049817728,250
Market Model,PR,2025-05-07,0.0951178451,0.0934945367,0.0935694173,250
Market Model,PR,2023-08-21,0.0701195219,0.061306929,0.0628918853,250
Market Model,NGVT,2022-08-01,-0.014479773,-0.018990734,-0.018873795,250
Market Model,GMS,2021-05-11,-0.068965517,-0.002965808,-0.003407981,250
Market Model,USFD,2023-05-19,0.0201970443,0.005558665,0.005629287,250
Market Model,FTV,2018-06-06,0.0502356902,0.0397401444,0.0401222972,250
Market Model,FTV,2021-07-12,0.0145177519,0.0067642813,0.0067860833,250
Market Model,ATKR,2022-11-08,0.0108194965,0.0214733566,0.0216842953,250
Market Model,AZZ,2022-03-07,-0.017051153,0.0265129156,0.0259652668,250
Market Model,TWLO,2020-10-12,0.1296556336,0.098258589,0.102462048,250
Market Model,TWLO,2018-10-15,0.095684803,0.0305031575,0.030755591,250
Market Model,SMPL,2024-04-29,0.0528596187,0.0564493937,0.055850896,250
Market Model,CSTR,2020-01-23,-0.057810578,-0.052651941,-0.052567436,250
Market Model,EVBG,2019-08-01,-0.036229778,0.0168179573,0.0162895643,250
Market Model,FLGT,2022-11-07,-0.084191079,-0.111402556,-0.110320761,250
Market Model,FLGT,2025-12-22,-0.032074127,-0.045694254,-0.045508042,250
Market Model,ELF,2023-08-29,0.1326648989,0.093488658,0.0969980465,250
Market Model,FBK,2019-09-17,0.0012943308,0.0039988258,0.0038828282,250
Market Model,FBK,2025-03-31,-0.037546934,-0.021795453,-0.021051936,250
Market Model,VVV,2025-02-20,-0.044560944,-0.017522088,-0.017412236,250
Market Model,BL,2022-01-26,-0.068156172,-0.033348394,-0.032837061,250
Market Model,COUP,2020-11-02,-0.095782323,-0.120093692,-0.120147026,250
Market Model,COUP,2019-04-16,-0.064499431,-0.071862133,-0.07106738,250
Market Model,GT,2021-02-22,0.2438756856,0.2564094845,0.2623536385,250
Market Model,HGV,2021-08-02,-0.021057786,-0.024619915,-0.02437668,250
Market Model,UVV,2020-09-08,0.027673546,0.0438517614,0.044324858,250
Market Model,NEX,2021-08-04,-0.023746702,-0.043307685,-0.046544107,250
Market Model,KRP,2022-11-03,-0.051401869,-0.047679197,-0.048808888,250
Market Model,KRP,2019-02-07,0.0341255332,0.0409230612,0.0404490288,250
Market Model,KRP,2025-01-07,-0.063221884,-0.060779319,-0.060248028,250
Market Model,SNAP,2020-01-03,0.0275566442,0.01020768,0.010248106,250
Market Model,AYX,2022-01-06,-0.032118489,0.0209495559,0.0188542519,250
Market Model,HSY,2021-05-18,0.0068377067,0.0198072796,0.0197399185,250
Market Model,SNDR,2024-11-25,0.0595351799,0.0523564227,0.0531899756,250
Market Model,SNDR,2021-12-31,-0.02103321,-0.022070594,-0.021968949,250
Market Model,OKTA,2023-12-19,0.025249489,0.0282407581,0.028292712,250
Market Model,YEXT,2024-06-10,0.0656779661,0.0713507904,0.0692881719,250
Market Model,CADE,2021-01-13,0.0685627222,0.0640221415,0.065134444,250
Market Model,CADE,2018-05-14,-0.022954092,-0.02078344,-0.021002508,220
Market Model,CLDR,2018-10-03,0.1082024433,0.1189035294,0.1179747091,250
Market Model,EEX,2022-01-04,-0.020151134,0.0063394883,0.0044215148,250
Market Model,WTTR,2022-11-01,0.0054704595,0.025376439,0.0228239306,250
Market Model,WTTR,2024-01-30,0.0064766839,0.0176486965,0.0176029114,250
Market Model,KNTK,2024-05-09,0.0173425147,0.0116810826,0.011482859,250
Market Model,IR,2022-10-03,0.077363241,0.0289693158,0.0299413288,250
Market Model,IR,2020-12-07,0.0017993702,-0.015318757,-0.015718985,250
Market Model,IR,2024-03-25,-0.006834911,0.000420581,0.0004155048,250
Market Model,CARS,2022-02-08,0.0495436767,-0.000541687,-0.000744184,250
Market Model,CARS,2025-01-23,-0.003399433,-0.006369533,-0.007328412,250
Market Model,VERI,2021-07-22,0.1802455357,0.1228782402,0.1316506731,250
Market Model,AM,2024-05-01,-0.01551481,-0.00816486,-0.008475105,250
Market Model,AM,2025-12-08,0.0197585071,0.0183919696,0.0184153566,250
Market Model,AM,2022-09-12,0.0224032587,0.0357938946,0.0355109602,250
Market Model,BY,2022-11-30,0.0285196922,0.0112458599,0.011304236,250
Market Model,SAFE,2022-08-11,0.0994277539,0.0560820876,0.0587227617,250
Market Model,PIXY,2024-10-17,0.2014705882,0.3088169993,0.1989299269,250
Market Model,KALA,2021-11-15,0.033492823,0.0351323803,0.0351392418,250
Market Model,PETQ,2019-05-08,0.015697467,0.0290585574,0.0287202718,250
Market Model,RDFN,2021-02-19,0.0398722326,0.0643806351,0.0570625739,250
Market Model,RNGR,2025-11-10,0.0145137881,-0.007188014,-0.007357304,250
Market Model,BKI,2020-07-27,0.0163326928,0.0175983869,0.0175752094,250
Market Model,ROKU,2019-10-22,-0.009081114,-0.033600857,-0.03438011,250
Market Model,AYTU,2020-12-10,-0.27816092,-0.282082949,-0.308300036,250
Market Model,CATC,2018-12-06,-0.050640146,-0.037496699,-0.036679399,233
Market Model,FAT,2021-06-28,0.104197901,0.0858529347,0.0828842335,250
Market Model,FDBC,2019-12-10,-0.115463918,-0.118478587,-0.114211148,250
Market Model,KIDS,2019-06-05,0.0716080402,0.013884911,0.0141825594,250
Market Model,SE,2020-08-03,0.124458255,0.0905474334,0.0932417596,250
Market Model,SE,2024-01-11,-0.058993183,-0.067213224,-0.066506652,250
Market Model,ESTE,2022-06-28,0.1051073279,0.1318281672,0.1244140685,250
Market Model,NMRK,2021-02-01,0.1183098592,0.1028647545,0.0995345506,250
Market Model,ASTH,2024-07-25,0.0189342182,0.0458199022,0.0456616178,250
Market Model,GIS,2021-05-14,-0.002700127,-0.011642199,-0.01187001,250
Market Model,GIS,2024-11-14,-0.016339869,-0.021355085,-0.021646265,250
Market Model,QTRX,2025-04-29,-0.020408163,-0.016895566,-0.01904152,250
Market Model,LBRT,2023-04-10,-0.008118081,-0.017696146,-0.017920704,250
Market Model,LBRT,2021-10-26,-0.091938708,-0.086456107,-0.090887683,250
Market Model,ILPT,2021-11-05,-0.083834453,-0.093687373,-0.092095122,250
Market Model,ADT,2020-01-06,-0.017173052,-0.010677609,-0.010862442,250
Market Model,ADT,2021-11-09,-0.009955752,0.0247965909,0.0110460168,250
Market Model,COLD,2020-10-13,-0.028799177,-0.034899256,-0.034704083,250
Market Model,COLD,2019-04-16,-0.02060528,-0.025780447,-0.026002852,250
Market Model,KLR,2021-02-19,0.0849673203,0.091355531,0.0906312441,250
Market Model,VICI,2021-08-04,-0.001955034,-0.014702598,-0.014932317,250
Market Model,VICI,2019-04-05,0.0072992701,0.002817075,0.002798758,243
Market Model,CDLX,2021-04-13,0.0836789901,0.0847548627,0.0772354385,250
Market Model,VCTR,2021-11-04,0.1298666667,0.1070994214,0.1083592745,250
Market Model,VCTR,2024-07-09,0.0098884915,-0.006092217,-0.006245825,250
Market Model,DBX,2021-03-09,0.0425894378,0.0256407617,0.0255744152,250
Market Model,DBX,2022-12-15,-0.010238908,0.0401572348,0.0391561514,250
Market Model,BFST,2025-07-07,0.005787037,0.0047363874,0.0046474684,250
Market Model,BFST,2020-01-22,0.0052567732,0.0075595649,0.0073590267,250
Market Model,BFST,2024-04-25,-0.05834093,-0.06582261,-0.065361962,250
Market Model,CLBK,2019-06-07,-0.028104575,-0.037485113,-0.038627234,232
Market Model,AHCO,2020-12-01,0.1939495798,0.1792180938,0.1801311828,250
Market Model,DOCU,2024-05-06,-0.007658271,-0.040890916,-0.041499683,250
Market Model,PS,2019-05-01,0.0017401392,0.016695222,0.0160326214,187
Market Model,BCML,2021-09-07,0.0166570936,0.0219669861,0.0216453009,250
Market Model,ROAD,2021-08-02,-0.026857654,-0.029851627,-0.029718808,250
Market Model,ROAD,2024-10-21,0.1108312343,0.1092702611,0.1066772837,250
Market Model,AVLR,2020-10-05,0.0282108389,0.0269464426,0.0262314419,250
Market Model,EVER,2024-09-16,0.0045085663,-0.022100159,-0.023273211,250
Market Model,IIIV,2019-06-03,-0.103461538,-0.119285855,-0.115268571,185
Market Model,BRY,2023-07-17,-0.018617021,-0.02509668,-0.027750954,250
Market Model,LQDA,2020-06-29,-0.263986014,-0.288339428,-0.272590157,250
Market Model,MYFW,2021-07-22,0.03,0.0083647877,0.0080165513,250
Market Model,RPAY,2022-01-03,0.0282365477,0.0328843821,0.0305911349,250
Market Model,RPAY,2019-08-14,0.0380868025,0.0370886987,0.037009584,219
Market Model,RPAY,2020-10-27,-0.003427592,0.0574927524,0.0540654149,250
Market Model,TLRY,2019-12-12,0.0026954178,0.0082657739,0.007176304,250
Market Model,VRT,2025-07-17,0.0132684306,-0.009964599,-0.011274142,250
Market Model,ELAN,2021-06-16,0.0669056153,0.074696554,0.0754731077,250
Market Model,FTDR,2024-06-04,0.0613514278,0.0505037793,0.0515145317,250
Market Model,CW,2022-01-21,0.0094353317,0.0458813227,0.0456198471,250
Market Model,CW,2019-11-26,0.014131947,-0.001429331,-0.001450154,250
Market Model,CBNK,2024-03-28,0.0495,0.0439213963,0.0446391769,250
Market Model,REZI,2022-02-07,0.0202531646,-0.0131243,-0.013503218,250
Market Model,REZI,2023-09-19,-0.008104738,0.0139091386,0.0136046981,250
Market Model,ACA,2020-10-12,0.0166952055,-0.008663619,-0.010273719,250
Market Model,ACA,2022-05-23,-0.036775632,-0.04119687,-0.040658958,250
Market Model,SWI,2020-10-23,-0.012891344,-0.005183487,-0.005017474,250
Market Model,BFC,2025-07-18,0.048754331,0.0399211787,0.0403303048,250
Market Model,BFC,2022-01-19,-0.005583473,0.0257256349,0.0252300183,250
Market Model,EQ,2022-02-16,0.1143617021,0.1196776259,0.1242519408,250
Market Model,UTZ,2021-11-02,0.0269403464,0.0167516745,0.0165505472,250
Market Model,FOXA,2021-09-13,-0.029152915,-0.025254663,-0.025366233,250
Market Model,LEVI,2021-08-05,-0.030670471,-0.039534735,-0.039527828,250
Market Model,TW,2021-02-02,0.0590557658,0.0325182986,0.0317231255,250
Market Model,PD,2020-09-21,0.1120797011,0.1236919108,0.1261258492,250
Market Model,CAT,2020-10-05,0.0328539295,0.0364125533,0.0366757092,250
Market Model,PLMR,2025-10-30,0.0110854913,0.0156009375,0.0156075208,250
Market Model,PSN,2024-10-21,-0.007850744,-0.012641025,-0.012626436,250
Market Model,PSN,2023-08-23,0.0076909319,0.010113539,0.0101029787,250
Market Model,PSN,2022-05-23,0.031834683,0.0287132077,0.0284555862,250
Market Model,UBER,2020-07-06,0.0785409136,0.0659339514,0.0672601806,238
Market Model,AVTR,2021-09-07,0.0270469634,0.0291382734,0.0290000458,250
Market Model,CTVA,2022-11-30,0.0203295857,-0.002996616,-0.003284421,250
Market Model,BCO,2021-04-06,0.00908632,-0.002003088,-0.002246717,250
Market Model,SFT,2022-08-09,-0.071428571,-0.077105025,-0.092326721,250
Market Model,SPFI,2025-12-01,0.0007907222,-0.002287997,-0.002327682,250
Market Model,MEC,2023-06-20,0.0665732306,0.0709146596,0.0699509032,250
Market Model,CRWD,2025-09-16,0.0215546893,0.0141908648,0.0142347792,250
Market Model,CRWD,2020-09-23,-0.030623326,-0.027021385,-0.02783664,250
Market Model,CHNG,2020-05-04,-0.012027491,-0.005964071,-0.007725894,162
Market Model,AMK,2021-03-01,-0.014705882,-0.025421052,-0.027116999,250
Market Model,HCAT,2024-08-01,-0.120576671,-0.073661222,-0.068025899,250
Market Model,DKNG,2021-08-09,0.0297147385,0.0279120645,0.0279693611,250
Market Model,DKNG,2024-02-15,0.0440384165,0.0057342822,0.006073494,250
Market Model,ARKO,2022-12-07,0.0098792536,0.0171306487,0.016046708,250
Market Model,MIRM,2025-12-08,-0.085698308,-0.093184443,-0.090959255,250
Market Model,MIRM,2023-07-17,0.0453323089,0.0340159065,0.0343875287,250
Market Model,NET,2022-02-23,0.1304892041,0.1605846537,0.1537088121,250
Market Model,DDOG,2025-05-01,0.02629264,-0.000180481,-0.000864227,250
Market Model,PNTG,2025-10-01,0.0154884829,0.0117946372,0.0118609512,250
Market Model,PNTG,2024-07-11,0.0746644295,0.0603587791,0.0613758642,250
Market Model,XL,2022-09-09,0.119266055,0.0610767207,0.0632806933,250
Market Model,ALRS,2021-12-08,-0.043367347,-0.065121949,-0.065002771,250
Market Model,ALRS,2024-05-15,-0.038948393,-0.05725536,-0.057640871,250
Market Model,BRC,2021-06-17,-0.079277471,-0.0589054,-0.056854118,250
Market Model,HBT,2025-10-20,0.0707506471,0.0562388871,0.0575444138,250
Market Model,HBT,2022-08-23,-0.028027499,-0.01924299,-0.018956643,250
Market Model,MCBS,2025-03-17,-0.003307607,-0.028210612,-0.028301793,250
Market Model,BILL,2021-05-06,0.0544920005,0.0440684787,0.026924862,250
Market Model,BRBS,2020-08-13,-0.061880342,-0.055688229,-0.055171018,109
Market Model,SPT,2023-08-02,-0.06580329,-0.019181331,-0.019527739,250
Market Model,ONEM,2021-06-07,-0.041310934,-0.058941292,-0.058536173,250
Market Model,PRCH,2021-10-27,0.0650188071,0.0606922527,0.055821025,250
Market Model,RVMD,2023-08-01,0.2749902762,0.2751657877,0.2885992327,250
Market Model,BEAM,2021-02-23,-0.09241418,-0.108067735,-0.112790661,211
Market Model,COFS,2024-07-25,-0.121744792,-0.104707049,-0.109301314,250
Market Model,ONEW,2022-06-22,0.1066411239,0.0555537481,0.0586059053,250
Market Model,DFNS,2021-03-15,0,-0.00054679,-0.000812751,200
Market Model,APG,2024-04-15,-0.006856272,0.0295745465,0.0288407928,250
Market Model,BMY,2019-01-03,-0.089725206,-0.091833657,-0.097390112,250
Market Model,BMY,2022-06-03,0.00386873,0.0004101891,0.0004256497,250
Market Model,BMY,2020-10-05,-0.03477098,-0.036037269,-0.03582029,250
Market Model,BMY,2023-10-09,-0.000531726,-0.004435952,-0.004457223,250
Market Model,BMY,2025-03-10,0.0221003656,0.0247919201,0.0240609654,250
Market Model,FOUR,2023-10-02,-0.03553207,-0.011839604,-0.01182806,250
Market Model,FOUR,2022-02-28,-0.090536585,-0.096830581,-0.098424979,250
Market Model,VRM,2021-10-12,0.0023474178,0.0188951668,0.0179077648,250
Market Model,APPH,2021-04-08,-0.104902478,-0.128614754,-0.125332839,154
Market Model,LMND,2021-11-08,-0.118363917,-0.123834327,-0.122815925,250
Market Model,JAMF,2025-03-03,-0.05227427,-0.024844644,-0.025849205,250
Market Model,ASGI,2025-03-11,-0.011055832,-0.004068295,-0.004060966,250
Market Model,BA,2024-07-01,0.0159443318,0.0162909057,0.0160738658,250
Market Model,NCNO,2021-11-16,-0.021686055,-0.017593859,-0.018212958,250
Market Model,RKT,2025-03-10,-0.112457912,-0.062506016,-0.070871755,250
Market Model,ML,2021-12-16,0.0830945559,0.0902608254,0.0905428145,250
Market Model,MIR,2025-07-31,-0.10941704,-0.085402405,-0.085717899,250
Market Model,NUVB,2024-03-25,0.2857142857,0.3040712986,0.3043922153,250
Market Model,HPK,2022-03-07,0.1679069767,0.2198076326,0.226855327,250
Market Model,HRMY,2023-08-14,0.0258889582,0.0316923145,0.0317977623,250
Market Model,GDRX,2022-03-07,-0.093567251,-0.010450027,-0.017720286,250
Market Model,BSY,2021-11-16,0.0377457865,0.0320651306,0.0324800378,238
Market Model,CMAX,2022-06-01,0.2721649485,0.257138707,0.2683181241,250
Market Model,EBC,2023-09-19,-0.078045222,-0.062296859,-0.061205265,250
Market Model,EBC,2025-04-24,-0.022501655,-0.077384824,-0.080812154,250
Market Model,MTZ,2021-05-05,0.0334561951,0.0363954083,0.0368140096,250
Market Model,MTZ,2022-07-25,-0.021427597,0.0075309732,0.0046701551,250
Market Model,STEM,2021-12-16,0.0706150342,0.0664955324,0.0697530785,248
Market Model,OUST,2022-11-07,-0.10619469,-0.128438407,-0.139249399,250
Market Model,ALGM,2023-08-08,-0.041872501,-0.041508432,-0.04079517,250
Market Model,WGS,2025-04-16,-0.055126683,-0.068787085,-0.068238444,250
Market Model,THRY,2024-10-29,-0.186006826,-0.174336118,-0.1833658,250
Market Model,SNV,2018-07-24,-0.083867424,-0.098270342,-0.098670989,250
Market Model,VTRS,2022-11-07,0.1478800414,0.1301508758,0.1320727851,250
Market Model,CNXC,2022-05-09,-0.008542409,0.0290478094,0.0284537145,250
Market Model,GBTG,2024-03-25,0.0626086957,0.0718379122,0.0714486893,250
Market Model,RAMP,2021-02-08,-0.082790581,-0.100308268,-0.10091362,250
Market Model,RAMP,2019-06-24,-0.131175795,-0.126048074,-0.120368987,250
Market Model,CHRD,2023-05-22,0.0309603899,0.03744404,0.037734797,250
Market Model,CRC,2024-02-07,0.161220515,0.1466515377,0.150157762,250
Market Model,CRC,2025-09-15,0.0696299122,0.0677670105,0.0681498027,250
Market Model,DASH,2025-05-06,-0.137013019,-0.135801679,-0.130837881,250
Market Model,ABNB,2023-11-14,0.0863309353,0.0473431991,0.0487372446,250
Market Model,CXT,2024-10-15,0.0098074827,0.0051147627,0.0051194139,250
Market Model,OWL,2024-04-09,-0.018153527,-0.006324038,-0.00657159,250
Market Model,OWL,2021-10-18,0.0628571429,0.0509781945,0.0517081477,160
Market Model,CIFR,2024-09-24,0.3310344828,0.299952899,0.3274463274,250
Market Model,MASS,2024-04-30,0.0017636684,0.0386125347,0.0384491224,250
Market Model,DRVN,2021-12-30,0.0181708056,0.021441653,0.021525922,189
Market Model,NVTS,2022-08-15,0.447761194,0.3554318954,0.3983259614,250
Market Model,CVBF,2025-12-17,-0.026250619,-0.020203745,-0.020334169,250
Market Model,ZNTE,2021-12-21,0.000984252,-0.008767961,-0.008692259,189
Market Model,SGFY,2022-02-10,0.041221374,0.0882296669,0.0882187133,200
Market Model,ABT,2025-11-20,-0.014538462,-0.014532483,-0.015559998,250
Market Model,CACI,2021-12-29,0.0101305718,0.0100892178,0.0100773282,250
Market Model,CACI,2019-01-30,0.0707057769,0.0467583107,0.047615414,250
Market Model,AMPS,2022-12-27,-0.054054054,-0.046506425,-0.04619705,250
Market Model,CALM,2025-04-08,0.0031422689,-0.028820188,-0.029755351,250
Market Model,HAYW,2022-06-02,0.0496732026,0.0534078662,0.0546746635,250
Market Model,OLO,2021-10-21,0.0280164363,0.0200664047,0.0196221648,100
Market Model,NAPA,2023-11-16,-0.064102564,-0.061827676,-0.06082586,250
Market Model,DOCN,2023-07-06,0.1663716814,0.1897731327,0.1935791107,250
Market Model,CAMP,2019-04-15,0.01003861,0.0083675592,0.0081848099,250
Market Model,CPUH,2023-02-09,0.0029211295,0.0027440191,0.002743068,250
Market Model,PDYN,2025-11-17,-0.093397746,-0.093523505,-0.09130333,250
Market Model,MOVE,2025-11-10,1.5094339623,1.5051099492,1.5010797739,250
Market Model,SWIM,2021-11-30,0.1301903114,0.1656167533,0.1684372069,101
Market Model,COMP,2025-09-22,-0.180598555,-0.195194465,-0.190935371,250
Market Model,AVAH,2025-04-03,-0.078754579,0.2111152998,0.1935769434,250
Market Model,BBAI,2023-11-06,0.1908396947,0.143493976,0.1525780808,250
Market Model,BBAI,2025-11-10,0.0706713781,0.0063916068,0.0059556075,250
Market Model,GCO,2019-12-18,0.0151981926,0.0126401318,0.0121590365,250
Market Model,ALTI,2024-04-01,-0.062146893,-0.048778613,-0.056692826,250
Market Model,PRVA,2025-09-23,0.0433616451,0.0441770062,0.0444946731,250
Market Model,RPHM,2024-05-13,-0.129032258,-0.138511684,-0.138007565,250
Market Model,SKYT,2025-02-26,-0.014038877,0.0764938535,0.0580504281,250
Market Model,DNA,2022-07-25,-0.184375,-0.135263427,-0.124019681,250
Market Model,FLYW,2025-02-24,-0.058697972,-0.023504638,-0.024113048,250
Market Model,OGN,2024-09-18,-0.033524904,-0.052027601,-0.051978246,250
Market Model,LMT,2025-04-23,0.0185019527,0.0199708516,0.020076179,250
Market Model,DAWN,2025-11-13,-0.150579151,-0.125490926,-0.124501237,250
Market Model,BWMN,2025-12-08,-0.054663285,-0.058384149,-0.059073171,250
Market Model,MQ,2023-01-30,-0.058238636,-0.064792432,-0.064320133,250
Market Model,ZETA,2024-10-08,0.0673324742,0.0487240947,0.0489199035,250
Market Model,LYEL,2024-10-24,-0.193913043,-0.182185282,-0.174317279,250
Market Model,FA,2024-02-29,-0.074897601,-0.088671181,-0.088472986,250
Market Model,CAH,2024-01-31,-0.011102747,-0.011572183,-0.012414272,250
Market Model,S,2025-08-05,-0.035117057,-0.058484352,-0.060537936,250
Market Model,S,2022-03-15,0.065025828,-0.014538903,-0.027877659,126
Market Model,HUT,2023-02-07,-0.027149321,0.0153362591,0.0096675203,250
Market Model,LZ,2025-02-10,0.0075839653,0.0211019714,0.0209658213,250
Market Model,BRDG,2023-02-14,0.0441075121,0.0287732187,0.0276194548,250
Market Model,RYAN,2025-01-07,-0.026131294,-0.029755243,-0.029694984,250
Market Model,RYAN,2023-05-23,-0.078745487,-0.070581512,-0.069254494,250
Market Model,GXO,2023-09-14,0.0071906355,0.0104459618,0.0105938862,250
Market Model,VSCO,2022-11-01,-0.023846553,0.0328987733,0.0312030582,250
Market Model,PWSC,2023-07-11,0.0817708333,0.0553043625,0.057130005,250
Market Model,MLNK,2022-11-04,-0.042136499,-0.052353791,-0.051777966,250
Market Model,INST,2023-10-30,0.0065386187,-0.001820887,-0.001967329,250
Market Model,HOOD,2024-11-19,0.1163366337,0.0896574923,0.0922119609,250
Market Model,CASY,2020-11-09,0.0944739519,0.0885186483,0.0899459367,250
Market Model,CASY,2024-07-26,0.0371261326,0.0299718515,0.0294268138,250
Market Model,QUBT,2025-12-15,-0.121590023,-0.153391092,-0.152801621,250
Market Model,CNP,2018-04-23,-0.060044477,-0.055493875,-0.054331758,250
Market Model,FRSH,2024-04-30,-0.010303688,0.0158033271,0.0151916407,250
Market Model,CWAN,2025-03-12,-0.043478261,-0.03736501,-0.037250958,250
Market Model,PFE,2025-11-07,0.0085045082,0.0079772004,0.0079979354,250
Market Model,PFE,2021-12-13,0.0664362519,0.0669343739,0.0679295416,250
Market Model,PFE,2023-03-13,0.0111505322,0.0119336395,0.0119819095,250
Market Model,PFE,2019-06-17,0.0134117647,0.0050315554,0.0050864764,250
Market Model,EMR,2020-08-27,0.0124677558,-0.010712839,-0.010976862,250
Market Model,JNJ,2022-11-01,-0.02539029,-0.017103589,-0.016937397,250
Market Model,JNJ,2024-04-05,-0.01730844,-0.016475927,-0.01639322,250
Market Model,JNJ,2025-11-17,0.0243277849,0.0237042806,0.0238157901,250
Market Model,JNJ,2020-08-19,0.0163098195,0.0148716926,0.0149562594,250
Market Model,FWRG,2024-01-08,0.0160771704,0.0037631365,0.0034472371,250
Market Model,SEAT,2023-11-07,0.1803542673,0.1754131825,0.1784992486,250
Market Model,BRZE,2025-03-27,-0.041645376,0.0364063362,0.0340838247,250
Market Model,GATE,2023-02-14,-1.11022E-16,-0.000310084,-0.000375912,250
Market Model,TCBX,2025-10-22,-0.041268244,-0.046320563,-0.04597592,250
Market Model,CDRE,2024-02-20,0.0031055901,0.0067036881,0.0065592714,250
Market Model,CDRE,2025-10-29,-0.005593102,0.0048611149,0.0047747141,250
Market Model,CRGY,2023-05-02,-0.086919105,-0.072031109,-0.070187578,250
Market Model,CRGY,2025-08-25,-0.038379531,-0.058503889,-0.061695219,250
Market Model,PPG,2020-11-30,0.0164973754,0.0082012433,0.0081903199,250
Market Model,MMM,2018-12-19,-0.028212841,0.0111918055,0.0107754311,250
Market Model,TPG,2025-05-06,-0.026924695,-0.012256387,-0.012107497,250
Market Model,TPG,2023-05-15,0.0059018812,0.0090694376,0.00873126,250
Market Model,CEG,2025-01-10,0.0923600516,0.1341194921,0.1061740007,250
Market Model,MRK,2024-04-05,-0.025712086,-0.026746599,-0.026622818,250
Market Model,MRK,2019-12-09,0.003943662,-0.001572905,-0.001569501,250
Market Model,MRK,2021-09-30,0.1102018549,0.1082018039,0.1102703655,250
Market Model,MSI,2020-08-03,-0.011638767,-0.028733378,-0.028897403,250
Market Model,MSI,2019-01-07,0.0789996389,0.0332713206,0.0343603321,250
Market Model,MSI,2025-05-21,-0.008394272,0.0013136027,0.0012343385,250
Market Model,VIVK,2024-03-25,-0.136,-0.134137321,-0.128497241,250
Market Model,SOUN,2024-08-08,0.0919282511,0.0348783714,0.0176316196,250
Market Model,SOUN,2025-09-09,-0.014726508,-0.049494436,-0.054308203,250
Market Model,CPK,2023-09-26,-0.054606553,-0.048673323,-0.048203175,250
Market Model,CHD,2020-12-01,-0.000115915,-0.00515198,-0.005459745,250
Market Model,CHD,2022-09-06,-0.039123262,-0.040739123,-0.04124721,250
Market Model,CHD,2025-05-12,0.0208288132,0.0231770554,0.0225478413,250
Market Model,RXO,2024-06-24,0.2282178218,0.2297599369,0.2295155471,250
Market Model,MBC,2024-05-21,0.0012262416,-0.003233842,-0.003269129,250
Market Model,NXT,2025-09-08,-0.065649964,-0.068841989,-0.069967698,250
Market Model,NXT,2024-06-20,-0.052731674,-0.051297319,-0.0506665,250
Market Model,STRW,2025-05-22,-0.060721063,-0.05892899,-0.058033257,250
Market Model,AESI,2024-02-27,0.0534934498,0.0575489286,0.0555019416,191
Market Model,CR,2024-01-03,-0.023023531,-0.002529296,-0.002936688,136
Market Model,CR,2025-06-09,0.0673566242,0.0403843365,0.0411865448,250
Market Model,ATMU,2025-11-24,0.0296573876,-0.015806792,-0.016524689,250
Market Model,EVRG,2022-08-09,0.0256523662,0.0191334899,0.0193020746,250
Market Model,VLTO,2024-10-07,0.0078160093,-0.00128252,-0.001246608,203
Market Model,ALE,2022-03-02,0.0181124881,0.0227342785,0.0225562801,250
Market Model,EQT,2021-05-06,0.0391762933,0.0245761128,0.013855776,250
Market Model,EQT,2022-09-06,-0.006694019,-0.019097635,-0.019999162,250
Market Model,EQT,2024-03-11,-0.073537305,-0.074532161,-0.074792885,250
Market Model,EQT,2025-04-22,-0.043742644,-0.062856084,-0.063862305,250
Market Model,MNR,2025-07-10,0.0225102319,0.0221996235,0.0220404087,250
Market Model,COHR,2018-11-09,-0.101618837,-0.050389247,-0.048737619,250
Market Model,COHR,2021-03-25,0.009492077,-0.003554461,-0.003402439,250
Market Model,HWM,2025-12-22,0.0584343434,0.027573648,0.0282719763,250
Market Model,NBBK,2025-06-05,-0.047421458,-0.05601084,-0.055558859,250
Market Model,SOLV,2025-11-20,0.0781636104,0.0789060604,0.0806741632,250
Market Model,CBSH,2025-12-03,0.0198027931,0.0147964117,0.0141581945,250
Market Model,WAY,2025-07-23,0.0002704896,-0.015975619,-0.016166719,228
Market Model,OKE,2023-05-15,-0.099474773,-0.097894841,-0.097314782,250
Market Model,OKE,2024-08-28,0.0174943567,0.0183811577,0.0182958697,250
Market Model,CPB,2023-08-07,-0.050843743,-0.053196025,-0.052350026,250
Market Model,FSUN,2025-10-27,-0.154428463,-0.162627136,-0.164971433,250
Market Model,WHR,2022-08-08,-0.055469587,-0.047387351,-0.046750185,250
Market Model,LHX,2022-10-03,0.0705517077,0.057372239,0.0582195005,250
Market Model,DOV,2023-10-04,0.004575828,0.0130293994,0.0131607279,250
Market Model,DOV,2021-11-24,-0.026492325,-0.013573163,-0.013566707,250
Market Model,DIS,2018-06-20,-0.010928451,-0.00150547,-0.001617754,250
Market Model,CTO,2022-10-17,0.0357535754,0.024895581,0.0246889008,250
Market Model,VAR,2019-05-20,-0.022612681,-0.019600366,-0.019475696,250
Market Model,CSL,2018-12-10,-0.009589718,0.0048589877,0.0047045001,250
Market Model,CSL,2024-03-18,0.0246278308,0.017630897,0.0175625412,250
Market Model,CLF,2019-12-03,-0.006257822,0.0222848817,0.0132744673,250
Market Model,CUZ,2019-03-25,-0.055776892,-0.046266213,-0.046786253,250
Market Model,R,2021-12-13,-0.005172414,0.0037319869,0.0032302083,250
Market Model,HPQ,2021-02-24,0.0394542773,0.0579858151,0.0588307192,250
Market Model,HPQ,2022-03-28,0.0308850247,0.0024132406,0.0013770397,250
Market Model,BAX,2021-09-02,0.0888966083,0.0864904744,0.0887309155,250
Market Model,XRX,2024-10-17,0.0415057915,0.0389631084,0.0378870183,250
Market Model,APD,2020-03-30,-0.001937022,0.0121300157,0.0093156788,250
Market Model,CTS,2024-07-29,-0.077619414,-0.084711434,-0.084402905,250
Market Model,CTS,2019-07-31,0.0078914141,0.0344416271,0.0333167729,250
Market Model,ALK,2023-12-04,-0.059243586,-0.046957035,-0.058440839,250
Market Model,AIT,2024-11-22,0.0482050124,0.0287276393,0.0292172926,250
Market Model,CMC,2021-12-07,0.0380383527,-0.011983938,-0.012401928,250
Market Model,CMC,2025-09-18,-0.000515464,-0.010592081,-0.011144329,250
Market Model,OMC,2024-12-09,-0.103548575,-0.099944333,-0.099821103,250
Market Model,OMC,2023-10-30,0.0084814216,-0.003439688,-0.003449806,250
Market Model,FLS,2024-08-13,0.0234906696,0.0031447195,0.0029313513,250
Market Model,CUB,2019-01-02,-0.001125704,0.0094116755,0.0095763683,250
Market Model,EML,2019-09-03,0.0374075685,0.0388463463,0.036908231,250
Market Model,HEI,2023-05-15,0.0545918974,0.0573271587,0.0557685755,250
Market Model,HRL,2021-02-11,-0.025060631,-0.027495532,-0.027763397,250
Market Model,HUBB,2022-07-08,0.0107632629,0.0078014542,0.007854936,250
Market Model,HUBB,2025-08-12,0.0604323421,0.0431282418,0.0439085572,250
Market Model,HUBB,2023-10-30,-0.041688842,-0.056364297,-0.056657496,250
Market Model,FITB,2025-10-06,-0.012211669,-0.01106975,-0.011084601,250
Market Model,FITB,2018-05-21,-0.070533372,-0.070482199,-0.071885681,250
Market Model,NUE,2024-04-01,-0.00095689,0.0120132261,0.0119003412,250
Market Model,NUE,2021-07-20,0.0093437636,-0.009493322,-0.009700389,250
Market Model,OXY,2019-05-09,-0.079075222,-0.07906826,-0.078260728,250
Market Model,OXY,2023-01-03,-0.018786127,-0.03163129,-0.0320321,250
Market Model,OXM,2022-09-19,0.0736652399,0.0863080578,0.0862905248,250
Market Model,RF,2021-06-08,-0.032258065,-0.035289568,-0.034984839,250
Market Model,MTB,2021-02-22,0.0861387488,0.1015867666,0.1038684867,250
Market Model,FFBC,2025-06-23,0.0452391211,0.0228855043,0.0232227454,250
Market Model,FHN,2019-11-04,0.082028804,0.07023492,0.0723376398,250
Market Model,FELE,2021-05-17,-0.032111693,-0.042853475,-0.042719111,250
Market Model,BEN,2021-11-01,0.2065321806,0.1835671311,0.1935166149,250
Market Model,BEN,2020-02-18,0.0479140851,0.0468212199,0.0452849733,250
Market Model,AJG,2024-12-09,-0.063463429,-0.064894557,-0.063534702,250
Market Model,AJG,2023-09-19,0.021943165,0.0281052751,0.0281898146,250
Market Model,WMB,2023-12-27,-0.005976096,-0.01179333,-0.011791065,250
Market Model,WMB,2022-08-31,-0.047105562,-0.042070921,-0.041399219,250
Market Model,WMB,2025-01-31,0.0157238388,0.0156358256,0.0152089964,250
Market Model,SPB,2022-02-03,-0.013004335,-0.005661843,-0.005774567,250
Market Model,APA,2024-01-03,-0.051003344,-0.025447256,-0.027289208,250
Market Model,GGG,2025-11-17,-0.025129342,-0.010432052,-0.010310905,250
Market Model,BDX,2024-06-03,0.0516800423,0.0487362105,0.0493401886,250
Market Model,BDX,2022-06-06,0.0167139704,0.0158489729,0.0156552163,250
Market Model,GTN,2021-02-01,-0.039544871,-0.053606865,-0.057119876,250
Market Model,GTN,2018-06-25,0.3936651584,0.3697027999,0.4016638081,250
Market Model,WY,2022-04-14,0.0060636685,0.0057730631,0.0059224201,250
Market Model,IFF,2019-12-16,-0.100445765,-0.104608222,-0.105103062,250
Market Model,CMI,2022-02-09,-0.014655249,-0.020107794,-0.019978712,250
Market Model,PH,2019-04-29,-0.005164268,-0.012252388,-0.012348213,250
Market Model,PH,2025-06-30,0.0167266629,0.0040004679,0.0039986313,250
Market Model,HNI,2025-08-04,-0.141912908,-0.141703181,-0.136684949,250
Market Model,HNI,2023-03-08,-0.067841703,-0.032070597,-0.036734032,250
Market Model,NEU,2023-12-01,0.0274898948,0.0180957449,0.0182890733,250
Market Model,SJM,2023-09-11,-0.074675787,-0.077493907,-0.077268503,250
Market Model,HBAN,2025-07-14,-0.056947608,-0.05064986,-0.04963545,250
Market Model,SWK,2018-08-07,-0.008788319,-0.015717807,-0.015775611,250
Market Model,SWK,2021-09-13,-0.032723416,-0.022957417,-0.022731376,250
Market Model,SXI,2024-10-29,0.0694585735,0.0669990898,0.0683424431,250
Market Model,VFC,2020-11-09,0.0852463606,0.0841450182,0.0816331131,250
Market Model,TFX,2022-08-22,-0.064208596,-0.033541791,-0.032451092,250
Market Model,AVY,2021-01-04,-0.01271159,-0.01114072,-0.011142952,250
Market Model,AVY,2019-11-20,0.0030506406,0.0062785293,0.0062739855,250
Market Model,AVY,2025-08-25,-0.015123948,-0.02219621,-0.022386473,250
Market Model,ADP,2024-10-15,0.0081148564,0.005556614,0.0055506314,250
Market Model,JCI,2023-07-17,0.0095944178,-0.00007581,-0.00008499,250
Market Model,SWKS,2021-04-22,0.0448774081,0.021198212,0.0210331342,250
Market Model,HST,2022-11-02,-0.100105932,-0.061546346,-0.059270908,250
Market Model,HST,2021-03-15,0.0466627289,0.0459657333,0.0458174165,250
Market Model,HST,2024-04-29,-0.001058761,0.0034218714,0.003386798,250
Market Model,KELYA,2024-05-03,0.0132705479,-0.016042824,-0.016369364,250
Market Model,KELYA,2021-04-05,0.0480466996,0.0191688729,0.0175732061,250
Market Model,NYT,2022-01-06,-0.09416755,-0.07520974,-0.078215704,250
Market Model,KEQU,2024-11-04,0.1226355612,0.1056409743,0.0993667007,250
Market Model,FSS,2025-02-12,-0.004102564,-0.013464623,-0.013805792,250
Market Model,FSS,2021-02-18,0.0036161335,0.0127493961,0.0123345929,250
Market Model,KBAL,2020-11-04,-0.03286385,-0.105909984,-0.108987252,250
Market Model,ABM,2024-06-24,-0.011679969,-0.008292265,-0.00890852,250
Market Model,ABM,2021-08-25,0.0115440115,0.0102560688,0.0103044789,250
Market Model,JPM,2021-10-11,-0.027808807,-0.0228831,-0.022745536,250
Market Model,MCO,2020-01-23,-0.00280877,0.003124041,0.0031377358,250
Market Model,HUM,2019-12-16,0.0486701438,0.0440184394,0.0443672542,250
Market Model,DSGR,2023-03-30,0.0967430639,0.0751385429,0.0742999195,250
Market Model,DHR,2021-06-17,0.0484292126,0.0578115541,0.0577052117,250
Market Model,DHR,2019-02-25,0.0958818821,0.0876756738,0.0885146368,250
Market Model,LLY,2019-01-07,0.0451891115,-0.00194643,-0.002041937,250
Market Model,LLY,2024-07-08,0.0383030843,0.0273058438,0.0276893952,250
Market Model,LLY,2020-01-10,0.0391145015,0.0325107525,0.0329816757,250
Market Model,LLY,2022-10-18,-0.006336944,-0.024984938,-0.025173144,250
Market Model,WGO,2021-07-20,0.0943545829,0.0755992876,0.0772416618,250
Market Model,TER,2019-10-21,-0.019233958,-0.019764799,-0.020046998,250
Market Model,MKC,2020-11-24,0.0104535308,-0.008476288,-0.008718365,250
Market Model,J,2022-02-04,-0.027047561,-0.009471793,-0.009160883,250
Market Model,EFX,2021-08-10,0.0295079384,0.0250920772,0.0252065938,250
Market Model,IPG,2024-12-05,-0.021404682,-0.027018894,-0.027089033,250
Market Model,MLAB,2021-09-14,0.1079437334,0.1043552218,0.1054729517,250
Market Model,BMI,2025-01-31,0.0344827586,0.0421415026,0.0424294383,250
Market Model,GHC,2021-04-05,0.0692340516,0.0464702844,0.0478512192,250
Market Model,GRC,2022-04-27,-0.042989036,-0.041035856,-0.041136883,250
Market Model,MSA,2021-07-01,0.0016962501,-0.008595479,-0.008648046,250
Market Model,AIR,2023-03-20,0.006503443,-0.006316808,-0.007097838,250
Market Model,AIR,2025-09-25,0.1019783025,0.1031834109,0.1062122835,250
Market Model,MOD,2025-05-30,-0.022244246,-0.04254756,-0.04269831,250
Market Model,TRN,2022-12-30,0.0233757305,0.0109742518,0.0109575389,250
Market Model,SPXC,2023-05-01,0.0004669261,-0.000114171,-0.000182789,250
Market Model,SPXC,2021-11-15,-0.014185479,-0.029797591,-0.029814111,250
Market Model,SPXC,2024-12-23,0.024160324,-0.023029183,-0.02360275,250
Market Model,MTRN,2021-09-20,-0.027781735,-0.000401747,-0.000681278,250
Market Model,WMT,2024-02-20,0.0260499734,0.0313672024,0.0310881981,250
Market Model,NWLI,2019-02-01,0.0027878265,-0.004481402,-0.004549451,250
Market Model,VSH,2022-10-28,0.0145560408,0.0028741729,0.0026815835,250
Market Model,NDSN,2021-08-24,0.0164402896,0.0025534427,0.002571117,250
Market Model,NDSN,2024-05-28,-0.03320723,-0.032954264,-0.032628973,250
Market Model,TEX,2024-07-22,0.1405302374,0.1333092651,0.1354816765,250
Market Model,TEX,2025-10-30,-0.193763139,-0.187320635,-0.179933002,250
Market Model,FRT,2024-06-03,0.0277215702,0.0225884809,0.0227356948,250
Market Model,RRX,2021-11-02,0.0700452964,0.0525412591,0.0526968257,250
Market Model,AXP,2024-06-21,0.009419563,0.0161755459,0.016186321,250
Market Model,BAC,2024-12-27,-0.010590356,0.0062646496,0.0061950186,250
Market Model,TRV,2023-11-03,0.0015949905,-0.013853855,-0.013937018,250
Market Model,MDT,2021-08-06,-0.011372488,-0.018404031,-0.018451085,250
Market Model,PNC,2025-09-08,-0.03351659,-0.037843647,-0.037513108,250
Market Model,PNC,2020-11-16,0.048677686,0.0196535479,0.020154226,250
Market Model,GHM,2021-06-01,0.0652019844,0.0658512442,0.0660307408,250
Market Model,TTC,2022-01-14,-0.000100827,0.0285320217,0.0283091088,250
Market Model,TTC,2019-02-15,0.0261712439,0.0170485404,0.0169369239,250
Market Model,AFG,2023-05-02,-0.055487656,-0.04628675,-0.04580769,250
Market Model,AFG,2022-01-18,-0.036810269,-0.011768708,-0.011543696,250
Market Model,ADI,2020-07-13,-0.050221328,-0.066263565,-0.066526203,250
Market Model,PAR,2021-04-08,0.288594736,0.2589194714,0.2627031815,250
Market Model,PAR,2024-03-11,0.0442708333,0.0378900786,0.0370966973,250
Market Model,SWX,2021-10-05,0.0038382049,0.0074205965,0.0044523073,250
Market Model,AMD,2022-04-04,-0.023047375,-0.02070885,-0.020734211,250
Market Model,AMD,2024-08-19,0.0613463626,0.0409479797,0.0417897453,250
Market Model,AMD,2020-10-27,-0.06783797,-0.014267757,-0.013860432,250
Market Model,LOW,2025-04-14,-0.003119349,-0.020850959,-0.021197409,250
Market Model,PATK,2024-01-11,0.0112824759,0.0019343414,0.0016340243,250
Market Model,PATK,2022-02-24,0.0335285505,0.0110355436,0.010787559,250
Market Model,HXL,2018-11-30,0.03210405,0.0165500751,0.0167604114,250
Market Model,PAYX,2025-01-07,0.0041526455,0.0059416831,0.0053293188,250
Market Model,DLX,2021-04-21,0.028975265,0.0378747408,0.0379916411,250
Market Model,TMO,2023-07-06,-0.010363892,0.0016975231,0.0016715067,250
Market Model,TMO,2021-01-19,0.0380954298,0.0227270995,0.0231795326,250
Market Model,TMO,2019-03-25,0.0014388489,0.0153219932,0.01493893,250
Market Model,TMO,2025-02-25,0.0013895409,0.0094913765,0.0093644737,250
Market Model,CSX,2020-11-30,-0.014764833,-0.025088914,-0.025075321,250
Market Model,GL,2021-08-02,-0.019951183,-0.020131291,-0.019969038,250
Market Model,PDCE,2019-08-26,0.1045824095,0.156084442,0.1456150065,250
Market Model,PDCE,2022-02-28,0.1912655971,0.1636578566,0.171770932,250
Market Model,DCO,2021-12-16,0.0245454545,0.0281147551,0.0283196411,250
Market Model,BRO,2025-06-10,-0.055078231,-0.061152476,-0.060180721,250
Market Model,SWN,2021-11-04,-0.015841584,-0.03083133,-0.031493794,250
Market Model,SWN,2020-08-12,-0.067092652,-0.070650861,-0.069510124,250
Market Model,PGR,2021-02-16,-0.001389371,-0.003732409,-0.003900583,250
Market Model,PSA,2023-07-24,0.0162266893,0.0124161104,0.0123890814,250
Market Model,KWR,2017-04-05,0.078867543,0.0755657076,0.0757596373,250
Market Model,D,2018-01-03,-0.052183568,-0.055306692,-0.054715772,250
Market Model,NXGN,2022-11-30,0.0409919028,0.0213354409,0.0208418108,250
Market Model,MYE,2023-12-29,-0.01554664,-0.006148045,-0.00615527,250
Market Model,AOS,2019-04-08,-0.017876687,-0.0142581,-0.01440094,250
Market Model,AOS,2025-11-12,-0.001209007,0.0101023749,0.0100368706,250
Market Model,COO,2023-11-01,0.0575692964,0.0182363825,0.0186978674,250
Market Model,COO,2021-05-03,0.0098383179,0.0243660393,0.0243340338,250
Market Model,VZ,2024-09-05,-0.041462846,-0.036104346,-0.03582194,250
Market Model,VZ,2020-04-16,0.005503956,0.0006629326,0.0003432969,250
Market Model,WELL,2025-01-29,-0.009172987,-0.017971478,-0.018263064,250
Market Model,USB,2021-09-21,0.0159621119,0.0198255318,0.0193657343,250
Market Model,HD,2020-11-16,-0.013647553,-0.039877555,-0.040298439,250
Market Model,HD,2024-03-28,-0.031321559,-0.037957466,-0.038423549,250
Market Model,HD,2025-06-30,0.0265749656,0.0203614382,0.0204245211,250
Market Model,RES,2025-04-02,-0.105454545,-0.070440314,-0.075310752,250
Market Model,RES,2023-06-30,0.0084507042,-0.008690715,-0.008732498,250
Market Model,SBOW,2022-04-14,0.0716069942,0.0585533972,0.0557105668,250
Market Model,UTL,2024-07-09,0.0287896592,0.0243046238,0.0245665396,250
Market Model,MS,2020-02-20,-0.055835735,-0.045435887,-0.0452185,250
Market Model,SBCF,2021-03-23,-0.091239927,-0.072322545,-0.069579517,250
Market Model,SBCF,2025-02-27,0.0110833035,0.0131753454,0.0136197489,250
Market Model,SBCF,2022-03-29,-0.005833333,-0.019073828,-0.01924526,250
Market Model,RJF,2021-10-20,0.0135498655,-0.003925164,-0.004015421,250
Market Model,SON,2021-12-21,-0.057079571,-0.068347116,-0.06896222,250
Market Model,BBT,2018-12-11,-0.017624843,-0.023950059,-0.023953586,250
Market Model,SYK,2022-01-06,-0.051121431,-0.025143038,-0.024535788,250
Market Model,SYK,2025-01-06,-0.009868421,-0.015993465,-0.016084666,250
Market Model,BKR,2025-06-16,0.0251100181,0.0310163917,0.0312476232,250
Market Model,FUN,2019-07-01,0.0432326743,0.0371260315,0.0373196095,250
Market Model,WKC,2025-09-03,-0.001118985,-0.007283651,-0.007543896,250
Market Model,AB,2022-03-17,0.0870478413,0.0225896464,0.0235087919,250
Market Model,MIDD,2019-02-27,0.0326846938,0.0372668704,0.0363590808,250
Market Model,ADBE,2020-11-09,-0.089572381,-0.104404773,-0.102176373,250
Market Model,ADBE,2025-11-19,-0.038976221,-0.013898663,-0.013613359,250
Market Model,IEX,2021-11-23,0.0070386486,0.0094318057,0.0094464379,250
Market Model,IEX,2020-01-29,-0.022735305,-0.036844753,-0.037337384,250
Market Model,IEX,2025-07-29,-0.115299693,-0.109246615,-0.108974392,250
Market Model,IEX,2023-10-30,-0.009316288,-0.02010128,-0.020130768,250
Market Model,FRME,2021-11-04,0.0087656953,-0.008556906,-0.009961886,250
Market Model,FRME,2018-10-10,-0.032646801,0.0158644556,0.0155231343,250
Market Model,FRME,2025-09-25,-0.034116755,-0.033251151,-0.032908408,250
Market Model,GEN,2024-12-10,-0.039486356,-0.041213949,-0.040841139,250
Market Model,TECH,2021-03-03,-0.065889808,-0.040607449,-0.040022823,250
Market Model,VTR,2021-06-28,-0.001552795,-0.010322914,-0.010377463,250
Market Model,EOG,2025-05-30,0.0080579448,0.0057234257,0.0053487573,250
Market Model,DGII,2021-11-02,0.0733178654,0.0490450052,0.0503067756,250
Market Model,DGII,2019-11-07,0.0418410042,0.0344209932,0.0336433737,250
Market Model,DGII,2025-08-18,0.0629945222,0.0734366709,0.0735165256,250
Market Model,PTC,2020-12-14,0.0123380082,0.0029438578,0.0030226726,250
Market Model,NEOG,2021-12-14,0.0654228856,0.0689282148,0.0679099455,250
Market Model,CSCO,2019-02-06,-0.013727561,-0.007086546,-0.007076207,250
Market Model,CSCO,2023-09-21,-0.040651862,-0.018249936,-0.018338686,250
Market Model,THO,2021-09-01,0.0255769893,0.0267489839,0.026199074,250
Market Model,CTRA,2024-11-13,0.0090515545,0.0193626102,0.0192157707,250
Market Model,HOLX,2021-10-14,-0.002291279,-0.019615575,-0.019740911,250
Market Model,HOLX,2024-10-14,0.0217717718,0.0186087557,0.018595427,250
Market Model,HOLX,2020-08-25,-0.01258427,-0.034020481,-0.034392402,250
Market Model,GVA,2025-08-05,0.0114867794,-0.007375808,-0.00762009,250
Market Model,GVA,2023-12-05,0.017278157,0.022952319,0.0228893102,250
Market Model,KMPR,2020-11-23,0.0796447898,0.0597820271,0.0618057382,250
Market Model,TYL,2021-02-10,0.0903794862,0.0851782627,0.0863785434,250
Market Model,PRK,2018-09-13,-0.026136053,-0.031430815,-0.031387544,250
Market Model,PRK,2025-10-27,0.0118403463,-0.009677948,-0.010012475,250
Market Model,AN,2022-07-21,-0.056951829,-0.06588655,-0.065818393,250
Market Model,MMSI,2023-06-08,-0.00864724,-0.014485795,-0.014578635,250
Market Model,MMSI,2019-06-17,0.0666196687,0.0530922843,0.0545018588,250
Market Model,MMSI,2024-09-17,0.0265183028,0.0273171097,0.0269592631,250
Market Model,ESE,2024-07-09,0.0642558569,0.0541875714,0.0550535452,250
Market Model,NRIM,2024-10-31,-0.022252293,-0.007258768,-0.007055972,250
Market Model,MLI,2024-04-22,0.0978593272,0.0800407691,0.0817805435,250
Market Model,DORM,2022-08-18,-0.001772884,0.0108245935,0.0105679246,250
Market Model,DORM,2021-06-28,0.0477394559,0.0393235503,0.0400066958,250
Market Model,REGN,2023-08-09,0.023582105,0.0295889427,0.029762684,250
Market Model,REGN,2022-04-19,-0.018280538,-0.028344368,-0.028308789,250
Market Model,HWC,2019-04-30,-0.004409376,0.0045568428,0.0041505753,250
Market Model,VRTX,2024-04-10,-0.009870862,-0.011705514,-0.011801011,250
Market Model,VRTX,2022-05-23,0.0510080251,0.047033844,0.0475571022,250
Market Model,PRGS,2023-01-03,0.0190287413,0.0157179226,0.0158421321,250
Market Model,PRGS,2020-09-08,-0.017833018,-0.001466822,-0.002273498,250
Market Model,PRGS,2024-09-09,-0.001040222,0.0047156882,0.0042322849,250
Market Model,PRGS,2021-09-23,0.1905829596,0.1618450576,0.167390861,250
Market Model,PRGS,2019-03-28,0.1949905737,0.1872317828,0.1922250767,250
Market Model,TVTY,2018-12-10,-0.328121183,-0.310927717,-0.306707279,250
Market Model,ZBRA,2025-08-05,-0.080330509,-0.102063531,-0.105975006,250
Market Model,ZBRA,2020-07-28,0.0143343951,-0.005014905,-0.005024705,250
Market Model,HAE,2024-03-05,0.0443635383,0.0492323408,0.049842667,250
Market Model,BIIB,2025-09-18,-0.008212695,-0.006413473,-0.00647897,250
Market Model,BIIB,2023-07-28,0.0186239397,0.0067642193,0.006700667,250
Market Model,AAON,2021-11-18,0.0042807109,0.0094100542,0.0092975166,250
Market Model,STRL,2019-08-14,-0.021699819,-0.005515032,-0.007552683,250
Market Model,STRL,2023-11-16,-0.011940299,-0.028720537,-0.029114416,250
Market Model,STRL,2021-12-30,-0.013503376,-0.00837982,-0.008621475,250
Market Model,TRNS,2025-08-05,0.0452045607,0.0341383153,0.0346289993,250
Market Model,TRNS,2024-04-15,-0.011924267,0.011381092,0.0111990881,250
Market Model,HMN,2018-12-10,0.021978022,0.0439279385,0.0439953829,250
Market Model,HMN,2021-07-14,0.0091264668,0.0222641927,0.0215374309,250
Market Model,KIM,2021-04-15,0.002541942,-0.008172089,-0.008491112,250
Market Model,JBSS,2023-09-06,0.0524266028,0.0538090806,0.0531152089,250
Market Model,GILD,2020-03-02,0.0213322323,0.0211996258,0.0175526218,250
Market Model,GILD,2024-02-12,-0.003658537,0.002571878,0.0024661356,250
Market Model,MSON,2019-05-02,-0.002306805,-0.010786856,-0.01194792,250
Market Model,SMG,2021-12-30,0.0035529514,0.0118147918,0.0115507728,250
Market Model,ROP,2023-08-07,0.0006314031,0.0014944871,0.0014107095,250
Market Model,ROP,2020-08-13,0.0235559338,0.0100673007,0.0097005733,250
Market Model,ROP,2025-03-24,0.006290729,-0.008691163,-0.008728993,250
Market Model,SNPS,2024-01-16,0.0188781447,0.0275021603,0.0271627497,250
Market Model,SNPS,2022-04-27,0.0376048398,0.0460695114,0.0470283618,250
Market Model,NBTB,2022-12-05,-0.067745415,-0.055139538,-0.054816477,250
Market Model,NBTB,2024-09-09,-0.046072187,-0.044423224,-0.04357934,250
Market Model,JACK,2021-12-06,0.0245162841,0.0074955624,0.0053466288,250
Market Model,RNST,2024-07-29,-0.057951112,-0.066029419,-0.065931639,250
Market Model,STBA,2019-06-05,-0.022298912,-0.044764776,-0.045788021,250
Market Model,BSX,2024-01-08,0.0182224514,0.0083632411,0.008412912,250
Market Model,BSX,2019-05-09,-0.005167256,-0.007982999,-0.008096071,250
Market Model,BSX,2025-09-09,-0.01855997,-0.027141592,-0.027385812,250
Market Model,BSX,2022-11-29,0.0253680634,0.0133477898,0.0136630966,250
Market Model,FCF,2024-12-18,-0.086009799,-0.055968999,-0.054106325,250
Market Model,FCF,2022-08-30,-0.067128028,-0.051294045,-0.050304892,250
Market Model,DHI,2022-04-14,-0.004325984,-0.002795062,-0.003374813,250
Market Model,COLB,2025-04-23,0.0571169538,-0.035054684,-0.037355959,250
Market Model,COLB,2021-06-23,-0.028144458,-0.046440825,-0.046258477,250
Market Model,CENT,2020-12-31,0.0238347458,0.0253709954,0.0255090233,250
Market Model,MMU,2023-10-16,-0.01880531,-0.019168771,-0.019056942,250
Market Model,OHI,2019-01-02,-0.018197327,-0.013499163,-0.01402704,250
Market Model,LFUS,2021-10-20,0.03640377,0.0179069805,0.0182237167,250
Market Model,LFUS,2025-10-28,-0.062669389,-0.080577585,-0.079924776,250
Market Model,VTNR,2021-05-26,1.2290502793,1.2235347496,1.2160679878,250
Market Model,KAI,2025-10-07,-0.015354201,-0.021069872,-0.021196558,250
Market Model,KAI,2018-12-10,-0.022101365,-0.002606082,-0.004400396,250
Market Model,KAI,2021-08-23,0.0337535584,0.0075603401,0.0075001576,250
Market Model,KAI,2023-12-28,-0.013618129,-0.012803733,-0.012811956,250
Market Model,LGND,2020-08-10,-0.030749242,-0.021867001,-0.023260143,250
Market Model,HMSY,2019-11-21,0.0653913043,0.0648796527,0.0660527497,250
Market Model,SM,2025-11-03,-0.09006816,-0.071798282,-0.070989761,250
Market Model,ULBI,2024-09-30,-0.013874066,-0.016097531,-0.016768177,250
Market Model,DDD,2021-10-27,-0.028213166,-0.057378304,-0.058798374,250
Market Model,UMBF,2024-04-29,-0.047812575,-0.038000825,-0.038830113,250
Market Model,PEBO,2022-10-25,-0.045904888,-0.056491782,-0.058465804,250
Market Model,PEBO,2021-03-29,-0.013257005,-0.022930536,-0.023616169,250
Market Model,ALG,2019-09-11,0.0024154589,-0.005794532,-0.007921942,250
Market Model,INTU,2021-09-13,0.0009158961,0.0183077723,0.017912602,250
Market Model,SCVL,2021-12-03,0.0318049298,0.0070436646,0.0073158117,250
Market Model,SYBT,2021-01-27,0.0653409091,0.0877083198,0.0882507948,250
Market Model,CHDN,2022-02-22,-0.042101491,0.0166510568,0.0160294233,250
Market Model,JBL,2025-11-04,-0.012404364,-0.007311132,-0.009292958,250
Market Model,SANM,2025-05-19,-0.021398003,-0.027170686,-0.02769244,250
Market Model,TCBK,2022-03-01,-0.012485812,-0.014089867,-0.015654837,250
Market Model,ANIK,2020-01-06,0.0099236641,0.0096495491,0.0083602471,250
Market Model,GABC,2021-09-20,0.023938444,0.0377660097,0.036391136,250
Market Model,GABC,2019-02-21,-0.015560495,-0.016451468,-0.016504517,250
Market Model,GABC,2024-07-29,-0.010682204,-0.016168227,-0.016530223,250
Market Model,HR,2022-02-28,-0.106323729,-0.108967603,-0.110027585,250
Market Model,AKR,2024-10-29,0.0241566014,0.0189188076,0.0188101499,250
Market Model,ALL,2020-07-07,-0.062387076,-0.080355817,-0.080042203,250
Market Model,FDEF,2019-09-09,0.0544835414,0.0540033175,0.0545713375,250
Market Model,TALO,2024-01-16,-0.046423135,-0.026273092,-0.027808451,250
Market Model,TALO,2022-09-22,-0.203148807,-0.173216601,-0.159463517,250
Market Model,BWA,2022-08-03,-0.007503234,-0.016202759,-0.016811165,250
Market Model,BDC,2024-07-01,-0.002822099,-0.006970201,-0.007404568,250
Market Model,QCRH,2021-11-09,-0.031171862,-0.023737409,-0.023931668,250
Market Model,AUB,2024-10-21,-0.07863464,-0.079583156,-0.078850934,250
Market Model,AUB,2023-07-25,0.0449400799,0.0450128691,0.0431364054,250
Market Model,REG,2023-05-18,0.0106980007,-0.007299205,-0.007868555,250
Market Model,CNTY,2019-06-17,0.1067538126,0.098854683,0.0974378833,250
Market Model,FFIN,2019-09-19,0.0018072289,0.0046230902,0.0045186229,250
Market Model,FWRD,2023-08-10,-0.294090909,-0.300273976,-0.28649482,250
Market Model,OSBC,2025-02-25,-0.010365521,-0.00035612,-0.000424926,250
Market Model,OSBC,2021-07-26,-0.003358522,-0.013693551,-0.013803115,250
Market Model,PTEN,2021-07-06,-0.131578947,-0.146886072,-0.142024473,250
Market Model,PTEN,2023-06-15,0.0173761946,0.0165510894,0.0074362821,250
Market Model,ROCK,2025-02-11,-0.016036462,-0.015283645,-0.015839902,250
Market Model,ROCK,2022-08-23,-0.018296667,0.0089555413,0.0086599707,250
Market Model,VSEC,2023-05-04,-0.10028222,-0.110737505,-0.109998627,250
Market Model,VSEC,2024-10-15,0.1817267955,0.1708567193,0.1714076376,250
Market Model,VSEC,2025-10-27,0.0294647887,-0.004254047,-0.004985393,250
Market Model,VIAV,2024-12-13,0.0608365019,0.0660888585,0.0663185595,250
Market Model,INCY,2024-04-23,-0.01165234,-0.017713516,-0.017695422,250
Market Model,SHOO,2023-10-23,0.0116801438,0.0210413539,0.0209494163,250
Market Model,UFPT,2024-07-01,0.1008654481,0.0905285802,0.0905378625,250
Market Model,UFPT,2021-12-21,-0.007477195,-0.026142474,-0.026668607,250
Market Model,VLY,2021-09-23,0.1169491525,0.0873119008,0.0907116562,250
Market Model,VLY,2019-06-26,0.0294406281,0.0349807137,0.0347572819,250
Market Model,SPG,2020-02-03,0.0061561011,0.0056198106,0.0048652854,250
Market Model,HAIN,2021-12-13,0.0500384911,0.0533630446,0.0538447761,250
Market Model,MLM,2024-02-12,0.003502027,0.0118806549,0.0119417694,250
Market Model,MLM,2021-05-24,0.0008564482,-0.007672894,-0.00776386,250
Market Model,RYN,2025-10-14,-0.049528302,-0.055708577,-0.056909501,250
Market Model,RYN,2020-01-15,-0.000306466,-0.005954009,-0.005977037,250
Market Model,BCRX,2025-10-14,-0.056786704,-0.070012603,-0.074604424,250
Market Model,ZEUS,2023-01-03,-0.028715216,-0.034911757,-0.034627191,250
Market Model,SMBC,2022-09-20,-0.000944287,0.0059560781,0.0059061991,250
Market Model,ABCB,2018-12-17,-0.076392878,-0.031719927,-0.033577488,250
Market Model,PENN,2018-11-14,0.0653040877,0.0603308081,0.059404524,250
Market Model,AMED,2018-10-10,-0.028588547,-0.001319752,-0.001823349,250
Market Model,SIRI,2020-07-13,0.0053285968,-0.007029315,-0.007228795,250
Market Model,SIRI,2022-05-23,0.0164203612,0.0127973785,0.0128545874,250
Market Model,SIRI,2018-09-24,-0.105563481,-0.10462773,-0.104356809,250
Market Model,CPE,2023-05-03,-0.050135911,-0.017928349,-0.019632061,250
Market Model,CPE,2019-11-14,-0.054112554,-0.05691489,-0.058768205,250
Market Model,DAR,2021-12-28,0.0513178295,0.0322374092,0.0329522329,250
Market Model,CVLG,2022-02-09,0.0454545455,0.0339734411,0.0345961347,250
Market Model,CVLG,2023-04-26,-0.011650485,-0.015141448,-0.01619725,250
Market Model,COF,2024-02-20,-0.009900264,0.0069680955,0.0067779056,250
Market Model,MCK,2024-01-04,0.01007562,0.0081116974,0.0079525002,250
Market Model,MCK,2022-09-19,0.0133130022,0.0126712492,0.0125894705,250
Market Model,NWBI,2024-12-17,-0.070481507,-0.044862458,-0.044198032,250
Market Model,NWBI,2019-10-29,-0.006428989,-0.009806151,-0.01015504,250
Market Model,NSIT,2023-12-01,0.1193006052,0.1046427748,0.1087594517,250
Market Model,NSIT,2019-06-24,-0.028337969,-0.019303802,-0.019190168,250
Market Model,UPBD,2024-12-12,-0.055176505,-0.056190547,-0.055929235,250
Market Model,SNEX,2025-04-14,0.0698837524,0.0385014966,0.0393450639,250
Market Model,ACIW,2019-02-28,0.064028314,0.0537208086,0.0547601507,250
Market Model,WAFD,2022-11-14,-0.084828293,-0.095029435,-0.093419103,250
Market Model,CBZ,2024-07-31,-0.137238691,-0.122262484,-0.1346112,250
Market Model,COOP,2023-05-10,0.050867323,0.0519690736,0.0522286021,250
Market Model,COOP,2024-07-25,0.0652394366,0.074254608,0.0737737088,250
Market Model,DRI,2024-07-17,-0.002791931,0.0081342857,0.0074840231,250
Market Model,GIC,2023-05-22,0.0449530037,0.0596578953,0.0600071278,250
Market Model,WAB,2023-06-16,0.0020657092,-0.003217022,-0.003388704,250
Market Model,WAB,2018-05-21,0.0352628784,0.0355337882,0.0354446189,250
Market Model,WAB,2024-12-30,-0.022026204,-0.004017764,-0.003957625,250
Market Model,LECO,2022-10-14,0.0320973538,0.012167327,0.0121484276,250
Market Model,DISH,2019-07-26,-0.07892204,-0.079541912,-0.078404384,250
Market Model,IART,2022-12-01,0.0515924753,0.0309367102,0.0316957938,250
Market Model,IART,2023-12-13,0.0461538462,0.0213582907,0.0210690611,250
Market Model,IART,2020-12-16,0.081203269,0.0648708899,0.066852155,250
Market Model,MYGN,2022-11-01,-0.218600192,-0.177543966,-0.166231617,250
Market Model,RICK,2022-12-13,0.0425684563,0.0175636571,0.0179281015,250
Market Model,RICK,2021-07-26,0.1187468418,0.0948884632,0.0904958729,250
Market Model,CCF,2022-07-18,0.0131060079,-0.010180882,-0.011587497,250
Market Model,AEIS,2019-05-15,0.1279881532,0.0956608066,0.0969259802,250
Market Model,OPK,2022-05-09,0.0693430657,0.156855523,0.1372005612,250
Market Model,FFIC,2019-10-25,-0.011337868,-0.016585861,-0.018605249,250
Market Model,NWPX,2021-10-05,0.0558081852,0.058421566,0.0591935795,250
Market Model,EL,2022-11-15,-0.023267023,-0.009381267,-0.010051775,250
Market Model,WAT,2025-07-14,-0.180366848,-0.181616513,-0.174789265,250
Market Model,CTXS,2021-01-19,0.0044700356,-0.002835924,-0.003340251,250
Market Model,EME,2025-01-14,0.0748972251,0.0409644695,0.041882208,250
Market Model,SGU,2024-12-12,-0.001702128,-0.002333607,-0.002327794,250
Market Model,HIG,2018-08-22,-0.040015391,-0.040767106,-0.040869417,250
Market Model,ALXN,2019-10-16,-0.013321492,-0.027042541,-0.028860617,250
Market Model,CMCO,2021-11-04,0.0951635413,0.0772379903,0.0799300837,250
Market Model,CMCO,2025-02-10,-0.398023776,-0.378714024,-0.38867496,250
Market Model,GEF,2018-12-20,-0.218844279,-0.168299583,-0.160440202,250
Market Model,GEF,2018-12-20,-0.092234115,-0.032432815,-0.032694136,250
Market Model,HUBG,2018-11-05,0.0426264801,0.0355494544,0.0356091595,250
Market Model,HUBG,2021-10-19,0.0243031718,0.0136653167,0.013750009,250
Market Model,HUBG,2023-12-20,0.0556002298,0.0523720191,0.0531172402,250
Market Model,HUBG,2025-07-22,0.0605255388,0.0544801341,0.0553188798,250
Market Model,SASR,2019-09-24,-0.055508594,-0.049943508,-0.050871733,250
Market Model,FDS,2025-02-07,-0.017405401,-0.016285959,-0.016206182,250
Market Model,FDS,2021-12-27,0.0215738433,0.0100212455,0.0101295275,250
Market Model,WOR,2022-06-02,0.0030017153,0.0080063946,0.0073125497,250
Market Model,WOR,2025-06-20,0.0022007787,-0.001395923,-0.001514934,250
Market Model,WOR,2021-01-29,0.0048130322,-0.008966717,-0.009353763,250
Market Model,ANSS,2021-08-30,0.0112092109,-0.003819657,-0.003808104,250
Market Model,CNOB,2024-09-05,0.0008190008,0.039841193,0.0382334975,250
Market Model,CNOB,2019-08-16,0.0226700252,-0.000899755,-0.001221049,250
Market Model,OCFC,2018-10-25,-0.009535161,0.0128002557,0.0116279021,250
Market Model,GES,2024-02-16,0.0274089936,0.0338362045,0.0321986653,250
Market Model,LAMR,2022-12-12,0.0677930082,0.0542072997,0.0555562301,250
Market Model,OPCH,2021-10-01,0.0205254516,0.0292406441,0.0293221226,250
Market Model,GTN,2021-02-01,0.03479749,0.0163184717,0.0155559689,250
Market Model,GTN,2018-06-25,0.3095238095,0.2989953695,0.3213857034,250
Market Model,SSP,2020-09-24,0.0859813084,0.0982496002,0.0996089691,250
Market Model,SSP,2018-10-29,0.010391198,0.0225660834,0.0218844068,250
Market Model,FORR,2018-11-26,0.0174563591,0.0096754313,0.0082231592,250
Market Model,CWBC,2023-10-10,-0.052,-0.054401592,-0.055154801,250
Market Model,VSAT,2020-12-21,-0.00031211,0.0156917531,0.0139616244,250
Market Model,DGX,2021-03-08,0.0221691678,-0.000584942,-0.000809388,250
Market Model,DGX,2023-04-27,-0.052491468,-0.066375075,-0.065908718,250
Market Model,ROK,2021-06-25,-0.008957313,-0.021128471,-0.021168845,250
Market Model,SSB,2024-05-20,-0.011192638,-0.015480495,-0.015522616,250
Market Model,SSB,2021-07-23,-0.068776151,-0.087129529,-0.088494464,250
Market Model,SSB,2020-01-27,-0.100719424,-0.09026574,-0.087566956,250
Market Model,CIEN,2025-09-22,0.0104317589,0.0010728528,0.0011804281,250
Market Model,SLGN,2021-09-20,-0.027232581,-0.011456178,-0.011666664,250
Market Model,MTN,2021-12-08,-0.004973357,-0.022425324,-0.022758999,250
Market Model,EEFT,2025-07-31,-0.072042692,-0.050209214,-0.048576878,250
Market Model,TTWO,2022-01-10,-0.098353684,-0.095329289,-0.100268765,250
Market Model,TTWO,2024-03-27,0.0160804708,0.0040203548,0.0040807652,250
Market Model,APH,2025-08-04,0.0133320815,0.020630681,0.0201608169,250
Market Model,APH,2020-12-09,-0.007702182,-0.004051348,-0.004116458,250
Market Model,APH,2023-10-13,-0.014886578,-0.012619833,-0.012930587,250
Market Model,AMZN,2022-07-21,0.0356145842,0.0289892159,0.0288950166,250
Market Model,AMZN,2021-05-26,-0.00458553,-0.010282373,-0.010344185,250
Market Model,PPBI,2020-02-03,-0.005273646,-0.012730967,-0.0124587,250
Market Model,QRVO,2020-01-30,-0.067805565,-0.050773433,-0.049724242,250
Market Model,SLP,2024-06-12,0.0464916057,0.0366247598,0.0352515091,250
Market Model,FIX,2021-12-01,-0.02585326,-0.001536489,-0.001572437,250
Market Model,MMS,2021-03-01,-0.002292471,-0.010964974,-0.011457831,250
Market Model,EGP,2022-05-26,0.0553451043,0.0096762163,0.0096827332,250
Market Model,EGHT,2021-12-01,-0.146587265,-0.125421575,-0.121211048,250
Market Model,JLL,2019-03-19,-0.052680279,-0.051946626,-0.051590536,250
Market Model,JLL,2021-10-21,0.0451512985,0.0329807776,0.0333685902,250
Market Model,AME,2021-03-22,0,0.0049255223,0.0048019375,250
Market Model,AME,2019-09-27,0.0144735388,0.0179023146,0.017936755,250
Market Model,AME,2022-09-30,0.0278943687,0.0370721202,0.0371070043,250
Market Model,AME,2023-10-31,0.0228415458,-0.003203861,-0.003263734,250
Market Model,VLO,2018-10-18,-0.124162024,-0.114570048,-0.112049405,250
Market Model,YUM,2020-01-06,-0.001957522,-0.002075299,-0.002073482,250
Market Model,MTOR,2019-05-08,-0.032300306,-0.006987189,-0.006863266,250
Market Model,CAC,2024-09-10,0.0037056644,-0.021488377,-0.021694931,250
Market Model,SNDA,2025-11-05,0.2170179547,0.2320428301,0.2412119172,250
Market Model,RHP,2025-05-19,-0.01151651,-0.01186352,-0.012058495,250
Market Model,GPI,2021-09-13,0.0306244117,0.041882807,0.0416854284,250
Market Model,CWST,2023-06-12,-0.056378866,-0.068730879,-0.068413951,250
Market Model,CHH,2022-06-13,-0.027481281,0.0465105153,0.0444970866,250
Market Model,NOTV,2022-01-27,0.0290502793,-0.004110489,-0.005529459,250
Market Model,MTD,2021-03-24,-0.012105724,-0.002436352,-0.002438139,250
Market Model,ADSK,2021-02-24,-0.04591871,-0.02880245,-0.029323234,250
Market Model,MPB,2024-11-01,-0.027289837,-0.011290571,-0.011608313,250
Market Model,MPB,2022-12-20,-0.006670902,-0.012458356,-0.012575491,250
Market Model,MPB,2021-06-30,-0.014822849,-0.021673526,-0.021623024,250
Market Model,URI,2024-03-04,-0.020049908,-0.013837995,-0.014703814,250
Market Model,URI,2021-04-15,0.0078938477,-0.011534238,-0.011559022,250
Market Model,ASRT,2023-04-25,-0.189627229,-0.176297111,-0.173312497,250
Market Model,PRDO,2024-07-16,0.0755760369,0.0706521271,0.0718317947,250
Market Model,DENN,2022-05-03,-0.117784711,-0.157694745,-0.161727356,250
Market Model,HFWA,2025-09-25,0.0130452507,0.0122051681,0.01225564,250
Market Model,MRCY,2020-12-07,0.1196723587,0.0987116536,0.10308294,250
Market Model,MRCY,2019-07-30,0.1483307508,0.1602317434,0.1604326034,250
Market Model,HOPE,2024-04-29,-0.086599818,-0.077089007,-0.077403733,250
Market Model,IESC,2025-11-07,-0.016744776,-0.032056807,-0.031958669,250
Market Model,CADE,2025-01-22,-0.039831697,-0.06877816,-0.069396881,250
Market Model,PWR,2021-09-02,0.1361410382,0.1240924008,0.1256794049,250
Market Model,PWR,2019-09-09,0.1141193595,0.1083413086,0.1107742239,250
Market Model,PWR,2024-07-17,0.0290390297,0.0530766324,0.0489005511,250
Market Model,PWR,2025-07-25,0.0169830416,0.0100526675,0.0092870957,250
Market Model,BRKL,2022-05-24,-0.041412084,-0.053008381,-0.053712284,250
Market Model,NWFL,2025-07-07,-0.01240791,-0.012089524,-0.013273588,250
Market Model,BBY,2021-11-23,-0.142804672,-0.139908477,-0.13762561,250
Market Model,SEE,2019-05-01,-0.043609023,-0.036062104,-0.037027236,250
Market Model,HEI,2023-05-15,0.048767698,0.0518470696,0.050608604,250
Market Model,CBAN,2021-04-22,-0.003355705,-0.017475072,-0.017480941,250
Market Model,CBAN,2025-07-23,-0.049943246,-0.060319375,-0.060930031,250
Market Model,FHI,2021-04-26,0.0074324324,-0.01295739,-0.013247511,250
Market Model,AMT,2021-11-15,-0.049324721,-0.056598149,-0.056302647,250
Market Model,HZO,2021-05-03,0.0766309976,0.0857578262,0.0856254726,250
Market Model,EPD,2022-01-10,0.0279329609,0.0218623591,0.0221287551,250
Market Model,EPD,2024-08-21,-0.011888587,-0.010796907,-0.010791702,250
Market Model,RSG,2022-02-09,-0.005457997,-0.01280801,-0.012881568,250
Market Model,CSGP,2021-04-14,0.0291496242,0.0167509516,0.0166824763,250
Market Model,CSGP,2024-04-22,0.0052268947,-0.009219656,-0.00922341,250
Market Model,EBAY,2022-08-22,-0.064070869,-0.026725083,-0.026094671,250
Market Model,BUSE,2018-08-22,0.0249121686,0.0233054969,0.02343362,250
Market Model,BUSE,2023-11-27,0.0160832545,0.0188001705,0.0184890224,250
Market Model,CCNE,2025-01-10,-0.033167496,-0.01953955,-0.019583131,250
Market Model,PB,2022-10-11,0.0112602858,0.0206428625,0.0203243133,250
Market Model,PB,2019-06-17,-0.057741212,-0.062957608,-0.063805828,250
Market Model,PB,2025-07-18,0.0011049724,-0.004340049,-0.004649346,250
Market Model,GDEN,2018-07-16,0.1434977578,0.1279305154,0.1334411983,250
Market Model,NVDA,2025-09-15,-0.012925439,-0.019823892,-0.019836912,250
Market Model,NVDA,2024-07-17,-0.057225164,-0.030353921,-0.030946074,250
Market Model,MKSI,2018-10-30,0.0411133088,0.0091450054,0.0087360253,250
Market Model,BKNG,2021-11-12,-0.064118329,-0.075042913,-0.073780274,250
Market Model,CNX,2025-01-27,-0.024912281,-0.023614086,-0.02346956,250
Market Model,AMNB,2018-10-01,-0.039487179,-0.039051836,-0.039168967,250
Market Model,ATLC,2025-09-11,0.0589875275,0.0341070876,0.0336057078,250
Market Model,EXTR,2019-06-26,0.0992907801,0.1054813578,0.1084701311,250
Market Model,GS,2025-12-01,0.0039215206,-0.003074584,-0.003320763,250
Market Model,GS,2019-05-16,0.005858977,0.0007879079,0.0007524827,250
Market Model,WCC,2020-01-13,-0.036556201,-0.039779757,-0.039512702,250
Market Model,WCC,2024-10-31,0.0582049263,0.0962084464,0.0947229075,250
Market Model,CBU,2019-01-22,-0.039572864,-0.040544994,-0.040257513,250
Market Model,FFIV,2021-01-07,0.0789280677,0.0572846178,0.0582263434,250
Market Model,FFIV,2025-09-11,-0.011493193,-0.026910699,-0.027968695,250
Market Model,FFIV,2019-12-19,-0.020535335,-0.026905461,-0.02771025,250
Market Model,JNPR,2020-12-07,0.0050855294,-0.003927014,-0.004217122,250
Market Model,UTHR,2023-10-30,-0.006862745,-0.010732159,-0.011049912,250
Market Model,LII,2025-08-18,0.0238834368,0.0328061307,0.0326502128,250
Market Model,COST,2020-03-17,0.0173024118,0.0962750159,0.0925775904,250
Market Model,BMRN,2025-05-16,0.0120954003,0.0095345038,0.0094326482,250
Market Model,MDRX,2024-02-27,-0.275695284,-0.282627216,-0.265903192,250
Market Model,MBWM,2025-07-22,0.0067929189,-0.003155083,-0.003564432,250
Market Model,DVN,2021-01-07,0.043202765,0.0009743443,-0.000497843,250
Market Model,DVN,2022-08-09,0.0600176523,0.0251592323,0.0262134862,250
Market Model,FLWS,2020-02-18,0.0881642512,0.0812962839,0.0824261789,250
Market Model,BLK,2024-01-12,-0.001236812,0.0073362208,0.0072295541,250
Market Model,AKAM,2022-02-15,-0.056505309,-0.065139744,-0.065070253,250
Market Model,PLUG,2020-06-22,0.1929499072,0.1717028404,0.1771049688,250
Market Model,PLUG,2022-01-31,0.2541073384,0.0660680843,0.0703788159,250
Market Model,CXDO,2021-03-08,0.1124161074,0.0841819755,0.083577061,115
Market Model,KTOS,2022-03-09,-0.052098408,-0.071710129,-0.071119974,250
Market Model,A,2021-03-02,-0.022691898,-0.02449874,-0.024689735,250
Market Model,TDY,2021-01-04,-0.039913066,-0.034854966,-0.037516,250
Market Model,TDY,2024-11-04,0.0088948432,-0.000923314,-0.00090491,250
Market Model,TDY,2018-12-19,-0.020425489,0.0107206349,0.0102580596,250
Market Model,REPX,2023-02-22,-0.039859694,-0.029041324,-0.029680305,250
Market Model,BMRC,2021-04-19,-0.102374266,-0.084699952,-0.082452371,250
Market Model,PKG,2025-07-01,0.0661527902,0.0589956194,0.0583163614,250
Market Model,LBAI,2021-07-12,-0.014889815,-0.024982708,-0.026082368,250
Market Model,EW,2019-02-12,0.0250101786,0.0012908173,0.0011052716,250
Market Model,EPC,2020-08-04,-0.048845768,-0.070863454,-0.072123519,250
Market Model,EPC,2021-11-29,-0.048408785,-0.028916537,-0.028740588,250
Market Model,WULF,2025-05-27,-0.073349633,-0.121387859,-0.116281727,250
Market Model,LMNX,2019-01-02,-0.042314335,-0.035057574,-0.034345085,250
Market Model,GBCI,2023-08-08,0.0044964029,0.0140842357,0.0139176393,250
Market Model,GBCI,2025-01-13,0.0327568667,0.0477198999,0.0464327492,250
Market Model,GBCI,2019-01-16,0.039606337,0.0186239892,0.0186967399,250
Market Model,GBCI,2021-05-18,-0.038517559,-0.025110801,-0.024811425,250
Market Model,MNST,2022-01-13,-0.049376189,-0.036408723,-0.03632684,250
Market Model,HSTM,2020-11-30,0.0186046512,0.0178412569,0.0162590825,250
Market Model,ON,2024-12-09,0.0091268634,0.0332776469,0.0328443941,250
Market Model,ON,2019-03-27,-0.032919847,-0.042617659,-0.04231061,250
Market Model,FULT,2022-03-02,-0.015538291,-0.010182752,-0.010700307,250
Market Model,FULT,2025-11-24,0.0590619572,0.0148488881,0.0145994904,250
Market Model,CRL,2019-12-16,0.0124430543,0.0012268521,0.0011425638,250
Market Model,CRL,2021-02-17,-0.000990437,0.007707901,0.0062489372,250
Market Model,CRL,2018-10-25,-0.027304877,0.0060605864,0.0032060475,250
Market Model,MRVL,2025-12-02,0.1208053691,0.1156690831,0.1192587299,250
Market Model,MRVL,2020-10-29,-0.095490716,-0.058730024,-0.055606785,250
Market Model,ENTG,2021-12-15,-0.062201293,-0.057499748,-0.057042083,250
Market Model,ENTG,2019-07-15,0.0128026719,0.0089218807,0.0088237108,250
Market Model,ILMN,2025-06-23,0.0139596721,0.000819456,0.0008556711,250
Market Model,BRKR,2023-08-17,-0.081340419,-0.069596557,-0.067697425,250
Market Model,APPS,2020-02-10,-0.029605263,-0.048029048,-0.054586227,250
Market Model,APPS,2021-02-26,0.1990887229,0.1882377128,0.184669068,250
Market Model,RTIX,2018-11-01,-0.064049587,-0.080418144,-0.079813995,250
Market Model,SRGA,2020-09-29,-0.057291667,-0.075779391,-0.079356309,250
Market Model,AVNT,2022-04-20,0.1374143836,0.1378344291,0.139636865,250
Market Model,ITGR,2025-01-07,-0.00575099,-0.006070352,-0.006075409,250
Market Model,ITGR,2021-10-28,-0.025230103,-0.031156895,-0.03119398,250
Market Model,ITGR,2024-01-02,-0.037125749,-0.022625483,-0.0222488,250
Market Model,TTMI,2022-04-18,0.0461876833,0.0457693802,0.0457170918,250
Market Model,SHEN,2023-10-24,0.1253418414,0.1360685172,0.1380579253,250
Market Model,EXAS,2022-01-10,0.064075067,0.0665738255,0.0662628104,250
Market Model,EXAS,2019-07-29,0.0161179107,0.0016627509,0.0017187543,250
Market Model,MCF,2021-07-08,0.0308788599,0.0165915705,0.0160541936,250
Market Model,MCF,2019-09-27,0.287037037,0.293125331,0.3090120892,250
Market Model,GPN,2022-08-01,0.0321606399,0.0289502769,0.0284695709,250
Market Model,GPN,2025-04-17,-0.210138141,-0.176313818,-0.168731282,250
Market Model,GPN,2019-05-28,-0.001959989,0.0131782109,0.0120076777,250
Market Model,CSFL,2018-11-26,0.0126633987,0.0043815614,0.0042860594,250
Market Model,IBCP,2018-09-20,-0.002061856,-0.008435102,-0.008739188,250
Market Model,FLO,2025-01-08,-0.056603774,-0.053469683,-0.05298813,250
Market Model,FCBC,2019-09-11,-0.004577357,-0.011579551,-0.012776696,250
Market Model,FCBC,2022-11-18,-0.022533023,-0.021806748,-0.021633973,250
Market Model,CIVB,2022-01-10,-0.04643841,-0.055073427,-0.054769925,250
Market Model,CIVB,2025-07-10,-0.140393101,-0.148198086,-0.147634327,250
Market Model,SHBI,2021-03-03,-0.006480881,0.0592242104,0.0555564232,250
Market Model,SHBI,2022-12-14,-0.114021572,-0.108936909,-0.106778494,250
Market Model,FIS,2025-04-17,0.0897545662,0.1093005801,0.1089927051,250
Market Model,FIS,2019-03-18,-0.010948228,-0.020568164,-0.020706998,250
Market Model,MDLZ,2022-06-21,0.0284934312,0.0194191889,0.019623999,250
Market Model,CEQP,2021-10-26,-0.024040067,-0.027674231,-0.028630808,250
Market Model,PDFS,2025-02-19,0.0687554395,0.0854462075,0.0806371682,250
Market Model,ZBH,2020-12-01,-0.014464738,-0.019021746,-0.019168443,250
Market Model,ZBH,2025-01-28,0.0021658695,0.0084966003,0.0083513013,250
Market Model,OMCL,2020-10-01,0.0186206897,0.0141379283,0.0138140876,250
Market Model,OMCL,2021-12-02,-0.011751412,-0.008591799,-0.008431576,250
Market Model,OVV,2023-04-03,0.1122477977,0.0953038631,0.0938310483,250
Market Model,MKC,2020-11-24,0.0178669599,0.0009953819,0.0007924171,250
Market Model,AMN,2023-10-23,0.0099536406,0.0179379542,0.0178946079,250
Market Model,AAP,2019-12-23,0.0261375256,0.0226671793,0.0228723894,250
Market Model,ACH,2022-01-10,0.1690566038,0.1450096744,0.1523957181,250
Market Model,PRU,2019-09-05,0.0448880977,0.0166388319,0.0169442352,250
Market Model,CNC,2021-01-04,0.0364901561,0.0361744357,0.0361110354,250
Market Model,FCCY,2019-06-24,-0.062032086,-0.059078897,-0.058466928,250
Market Model,SYNA,2020-07-20,0.1402688486,0.1090045597,0.1138645387,250
Market Model,SYNA,2021-08-30,0.0742061471,0.0464882813,0.047923886,250
Market Model,MANT,2021-11-01,0.0454002389,0.0390222868,0.0394008008,250
Market Model,MANT,2019-01-28,-0.014092141,-0.015054467,-0.015047849,250
Market Model,UCB,2024-12-03,0.0056196392,-0.006087743,-0.00612192,250
Market Model,ABG,2021-12-07,0.0127067849,-0.037365904,-0.039335158,250
Market Model,VRNT,2021-08-10,-0.013059701,-0.016851893,-0.016850291,250
Market Model,NPO,2021-11-05,0.1343783784,0.1193588636,0.1229340562,250
Market Model,NPO,2025-10-08,-0.061282172,-0.060807477,-0.05997268,250
Market Model,NPO,2019-07-19,0.009649405,0.0105710681,0.010593864,250
Market Model,WHG,2022-05-26,0.0780802292,0.0473599242,0.0481550049,250
Market Model,RUSHA,2021-12-13,-0.031634129,-0.022054851,-0.021831798,250
Market Model,LYTS,2024-04-18,0.0366713681,0.0518091284,0.0510438839,250
Market Model,BANC,2021-03-22,-0.098874205,-0.0952404,-0.09262101,250
Market Model,BANC,2023-07-25,0.1501172791,0.146960969,0.1509959186,250
Market Model,SAIA,2023-09-21,-0.018357709,0.0171505844,0.0169365449,250
Market Model,XEC,2018-11-19,-0.064791901,-0.032364135,-0.032075622,250
Market Model,DKS,2025-05-15,-0.132144878,-0.143682975,-0.146384211,250
Market Model,MMLP,2018-10-24,0.0381742739,0.0544223097,0.0545821728,250
Market Model,EQIX,2020-01-14,-0.013063973,-0.02221713,-0.022257633,250
Market Model,FCCO,2025-07-14,-0.02605606,-0.023430315,-0.023499452,250
Market Model,PFS,2022-09-27,-0.140832976,-0.150411826,-0.14800217,250
Market Model,FORM,2025-06-02,0.0070648683,-0.009692352,-0.01159722,250
Market Model,MOH,2024-07-23,0.0012484395,0.0035575235,0.003510253,250
Market Model,MOH,2020-04-30,0.0414788097,0.056951068,0.0573431101,250
Market Model,MOH,2023-06-30,0.0326598395,0.0255746936,0.0256118192,250
Market Model,CVCO,2025-07-14,-0.034763413,-0.030460409,-0.03082335,250
Market Model,CVCO,2021-07-26,0.0666197843,0.0602998905,0.0611725027,250
Market Model,CNO,2021-02-09,0.0034782609,-0.01205056,-0.012524127,250
Market Model,PAA,2020-02-04,0.0168168168,-0.008141058,-0.00839277,250
Market Model,ANIP,2020-01-08,-0.037396122,-0.04699214,-0.048469353,250
Market Model,ANIP,2024-06-24,0.0808216872,0.0751778895,0.0753692417,250
Market Model,SNX,2021-03-22,0.0518539977,0.0529035794,0.0522737181,250
Market Model,MGRC,2023-02-01,0.0959075289,0.0646130699,0.0656274488,250
Market Model,MGRC,2021-05-13,0.0439000728,0.0403201019,0.0406605634,250
Market Model,NXST,2018-12-03,0.0542578173,0.0622021066,0.0607672063,250
Market Model,NXST,2025-08-19,-0.018802093,-0.011290906,-0.011466494,250
Market Model,XPER,2019-12-19,-0.142454161,-0.163816481,-0.159590038,250
Market Model,UTI,2022-05-03,0.0579150579,0.0291164684,0.0287057698,250
Market Model,AIZ,2020-10-28,0.0165638194,0.0449721257,0.0448889925,250
Market Model,NRG,2022-12-06,-0.196606061,-0.184192115,-0.175736158,250
Market Model,NRG,2025-03-12,0.0719170007,0.0823118177,0.0828141484,250
Market Model,NRG,2019-05-20,0.0251396648,0.0238143152,0.0238602355,250
Market Model,NRG,2020-07-24,0.0044656148,0.0167954073,0.0163281861,250
Market Model,CWBC,2025-12-17,-0.03677686,-0.032778969,-0.032747875,250
Market Model,UCTT,2023-10-25,0.0271201033,0.0622467764,0.0597167793,250
Market Model,XPO,2023-09-21,-0.00694746,0.0349751378,0.0343502811,250
Market Model,ACAD,2020-08-24,-0.022793837,-0.044891806,-0.045160339,250
Market Model,CBRE,2025-11-04,-0.015482517,-0.011846101,-0.011781506,250
Market Model,CBRE,2024-02-05,-0.023204548,-0.033484569,-0.033501886,250
Market Model,CBRE,2022-11-09,0.085007728,0.0457461528,0.045370327,250
Market Model,CRM,2020-12-01,-0.108427896,-0.121264157,-0.118941874,250
Market Model,CRM,2019-06-10,-0.05749796,-0.08485774,-0.084953177,250
Market Model,CRM,2023-12-18,0.0277205396,0.0111722064,0.0113095662,250
Market Model,CRM,2025-05-27,-0.026074377,-0.034403658,-0.034512077,250
Market Model,BLKB,2019-01-02,-0.029721956,-0.009210721,-0.009281381,250
Market Model,BLKB,2022-01-03,-0.024975025,-0.02662879,-0.026532377,250
Market Model,PSEC,2025-04-11,-0.038978495,-0.0294573,-0.03071406,250
Market Model,EXR,2022-06-01,-0.001110926,-0.009555513,-0.009580304,250
Market Model,KRG,2021-07-19,-0.070316187,-0.064092966,-0.067637759,250
Market Model,WLK,2021-11-24,0.0126621056,0.0382675255,0.0374162538,250
Market Model,GOOGL,2019-01-03,0.0316854234,0.0144584444,0.0149088558,250
Market Model,GOOGL,2022-01-04,-0.048856764,-0.029819072,-0.029463589,250
Market Model,GOOGL,2025-03-18,-0.009668258,-0.020144967,-0.02040323,250
Market Model,KYN,2023-03-27,0.0338345865,0.0258679158,0.0261722454,250
Market Model,ONTO,2025-06-30,-0.000099761,-0.016208262,-0.016565104,250
Market Model,SHO,2024-04-10,-0.001823154,0.0016539378,0.0013196518,250
Market Model,HALO,2025-10-01,-0.021831082,-0.02662381,-0.027595673,250
Market Model,HALO,2022-04-13,0.0215079749,0.0302834192,0.0306886683,250
Market Model,ORA,2025-05-07,0.0413095405,0.0382033444,0.0386889282,250
Market Model,ORA,2023-10-23,-0.044259617,-0.036705688,-0.036034387,250
Market Model,ORA,2021-05-24,0.0175621372,0.0119577658,0.0116083476,250
Market Model,MKTX,2019-08-13,-0.015159464,-0.009941645,-0.010250085,250
Market Model,BXC,2022-10-03,0.2180955497,0.11009308,0.1196891223,250
Market Model,CE,2021-06-30,0.0322885069,0.0231012311,0.0230398353,250
Market Model,IAU,2021-04-15,0.0180614088,0.0153139464,0.0153206462,250
Market Model,WTI,2023-12-15,0.0483870968,0.0431395061,0.0419617626,250
Market Model,CZNC,2019-12-18,-0.022263451,-0.025452731,-0.025423633,250
Market Model,SMMF,2022-12-09,-0.025519504,-0.03513103,-0.034998534,250
Market Model,HUN,2020-12-07,0.0546558704,0.0373500657,0.0376940256,250
Market Model,WEX,2023-07-03,0.0186418109,0.0038354092,0.0039397199,250
Market Model,WEX,2018-10-22,-0.021130905,-0.014693882,-0.01469994,250
Market Model,EFSC,2018-11-01,0.0066666667,-0.010932257,-0.011056138,250
Market Model,EFSC,2021-04-26,-0.027430911,-0.044081074,-0.045830361,250
Market Model,NDAQ,2023-06-12,-0.114617652,-0.129216627,-0.12973947,250
Market Model,ULH,2019-11-05,0.0768016833,0.0773471409,0.0791788583,250
Market Model,ULH,2024-09-30,0.0170737491,0.0235611476,0.0236279092,250
Market Model,DRH,2021-08-04,0.0189349112,0.0016130895,-0.000388184,250
Market Model,MORN,2022-04-04,0.0298349013,0.0310198897,0.0311747026,250
Market Model,MORN,2025-09-23,0.0082922266,0.013408385,0.0134042159,250
Market Model,PLBC,2025-01-29,-0.019709544,-0.030993027,-0.030919305,250
Market Model,BLDR,2021-06-29,-0.056403451,-0.067963681,-0.068168693,250
Market Model,OSK,2023-05-26,0.0169583503,-0.001023472,-0.001056662,250
Market Model,THS,2024-12-02,-0.009229882,-0.010933938,-0.011410059,250
Market Model,THS,2023-06-07,0.0296405297,0.0201469372,0.0202381592,250
Market Model,MPW,2021-06-14,-0.026989936,-0.027238248,-0.027428637,250
Market Model,CF,2023-03-20,0.0223104298,0.0126658649,0.0118131313,250
Market Model,ATRC,2019-08-12,-0.076287349,-0.072900845,-0.071113707,250
Market Model,GLP,2023-11-08,-0.011758581,-0.011173563,-0.011273434,250
Market Model,ALT,2019-07-09,0.0123966942,0.0094145037,0.0037569699,250
Market Model,ISBC,2019-07-24,-0.003616637,-0.005252742,-0.006170102,250
Market Model,CCO,2022-10-11,0.0384615385,0.0715768787,0.0715886045,250
Market Model,ICE,2022-05-04,-0.104423687,-0.10480383,-0.102276744,250
Market Model,ICE,2020-08-06,0.0540822719,0.04069294,0.0413334328,250
Market Model,HEES,2019-01-08,0.1170117012,0.0732404502,0.0768403715,250
Market Model,HEES,2022-09-19,0.0045146727,0.0231648538,0.0220097301,250
Market Model,CROX,2021-12-23,-0.079896351,-0.123408922,-0.128741433,250
Market Model,ET,2019-09-16,-0.04454023,-0.041438057,-0.041397682,250
Market Model,ET,2021-02-17,-0.005865103,0.0106879351,0.0102380144,250
Market Model,ET,2023-03-27,0.0316780822,0.0210986523,0.0213316568,250
Market Model,ET,2024-05-28,0.0012978585,-0.00057149,-0.000569916,250
Market Model,TDG,2018-10-09,-0.05628018,-0.03167392,-0.030726627,250
Market Model,TDG,2023-03-14,-0.02787539,-0.036797756,-0.038006328,250
Market Model,TDG,2020-11-24,0.0517652796,0.0194884728,0.0191428914,250
Market Model,TDG,2024-05-28,-0.013849645,-0.017279121,-0.01755797,250
Market Model,TDG,2025-06-30,0.0278219396,0.0188600328,0.0189363932,250
Market Model,MA,2024-09-12,0.0109421745,-0.007010766,-0.007092703,250
Market Model,MA,2020-06-23,-0.008397976,0.0077629673,0.0069258937,250
Market Model,CODI,2020-03-09,-0.050570962,-0.011203426,-0.013837194,250
Market Model,FBMS,2019-12-18,0.0193265007,0.0184817022,0.0185960768,250
Market Model,FBMS,2022-07-27,-0.032498307,-0.045319352,-0.047640653,250
Market Model,ATEC,2023-04-19,0.0446713465,0.0469137078,0.0469673255,250
Market Model,HOMB,2025-12-08,-0.02454418,-0.021968001,-0.021879205,250
Market Model,HOMB,2021-09-15,0.0569827184,0.0528496046,0.0522993928,250
Market Model,PGTI,2019-12-10,0.0436649964,0.0465226398,0.0470442789,250
Market Model,PGTI,2022-10-17,2.220446E-16,-0.01292193,-0.014425255,250
Market Model,GTLS,2019-05-09,0.0390366397,0.038185551,0.0353254952,250
Market Model,GTLS,2022-11-09,-0.397121264,-0.46996511,-0.446913553,250
Market Model,GTLS,2021-02-16,0.0299421119,0.0190754328,0.0192253968,250
Market Model,KALU,2020-11-30,0.1033135946,0.1006841583,0.0984386124,250
Market Model,LDOS,2019-12-17,0.0418118467,0.0316203597,0.0314492658,250
Market Model,LDOS,2021-02-23,-0.128951426,-0.131334031,-0.127943858,250
Market Model,LDOS,2025-05-28,-0.032723457,-0.041910983,-0.041651857,250
Market Model,HRI,2024-07-23,0.0084335684,0.0377563103,0.035673993,250
Market Model,KBR,2024-07-16,0.0300199112,0.0312621183,0.0312262419,250
Market Model,TAST,2019-02-20,0.1797631862,0.1762954477,0.1811368059,250
Market Model,AVAV,2021-01-13,0.3451793,0.3294941608,0.3394812386,250
Market Model,AVAV,2024-11-19,-0.008597421,-0.022195744,-0.02254707,250
Market Model,AVAV,2023-08-22,0.0426829268,0.0241034265,0.0246141858,250
Market Model,CORR,2021-02-04,-0.042669584,-0.049641836,-0.05658301,250
Market Model,BBDC,2020-08-10,0.0234567901,0.0307874823,0.030872874,250
Market Model,BBDC,2021-09-21,0.0195348837,0.0196619661,0.0195833741,250
Market Model,SFNC,2021-11-19,-0.035928144,-0.030436098,-0.031488133,250
Market Model,TMUS,2021-02-02,0.0260945431,-0.006467573,-0.007156807,250
Market Model,TMUS,2024-05-28,0.023701279,0.022687044,0.022872389,250
Market Model,CLR,2022-01-25,0.1083212285,0.1081348698,0.1096067591,250
Market Model,TRS,2022-02-28,-0.036409291,-0.041259294,-0.042341243,250
Market Model,TTGT,2024-01-10,0.1337907376,0.1421766728,0.1431498113,250
Market Model,BX,2021-12-20,-0.004115226,-0.010826135,-0.011357815,250
Market Model,PRO,2021-11-30,-0.026330853,0.0132715513,0.0111330081,250
Market Model,RIOT,2024-07-23,-0.059019119,-0.016075483,-0.014235361,250
Market Model,MASI,2022-02-15,-0.375946683,-0.390313017,-0.387218069,250
Market Model,VMW,2019-08-22,-0.076166736,-0.052117504,-0.054242546,250
Market Model,TOWN,2022-08-18,-0.025016036,-0.010150715,-0.010065546,250
Market Model,TOWN,2024-09-24,-0.035682948,-0.038645258,-0.038209509,250
Market Model,CIM,2024-10-17,0.0394311571,0.0311042734,0.0310890978,250
Market Model,APEI,2020-10-28,-0.045097369,-0.031766844,-0.032051753,250
Market Model,LIVE,2023-01-19,-0.033333333,-0.031678788,-0.031356721,250
Market Model,MOFG,2018-08-21,0.007761194,0.0047311013,0.0044405298,250
Market Model,HI,2022-12-01,0.08995687,0.0579170742,0.060032774,250
Market Model,HI,2019-07-12,-0.072629969,-0.06868994,-0.077659027,250
Market Model,NOG,2021-02-03,0.0135790495,-0.008311055,-0.013233431,250
Market Model,NOG,2025-12-08,-0.011363636,-0.002273758,-0.002723329,250
Market Model,NOG,2023-11-21,0.0045600858,-0.011144523,-0.011181145,250
Market Model,NOG,2022-09-30,0.0694896851,0.0727647988,0.0725918067,250
Market Model,NX,2022-11-01,-0.050763702,-0.023030017,-0.023015623,250
Market Model,UNH,2021-01-06,0.044434907,0.0045494168,0.0039346873,250
Market Model,UNH,2019-12-09,-0.004973697,-0.007430522,-0.007464593,250
Market Model,UNH,2023-06-26,0.0073270014,0.0074027514,0.0074141975,250
Market Model,UNH,2022-03-29,0.0151842972,0.005671596,0.0055852222,250
Market Model,WES,2018-11-08,0.127100073,0.1216994123,0.1204324621,250
Market Model,OCSL,2020-10-29,-0.033898305,0.000468754,-5.522995E-6,250
Market Model,BDGE,2020-07-01,-0.087640449,-0.113557721,-0.113554857,250
Market Model,PRIM,2020-12-14,0.036802974,0.0263308349,0.0264806585,250
Market Model,PRIM,2022-06-27,0.0321557971,0.0308212087,0.0278753833,250
Market Model,MYRG,2019-07-15,-0.001361285,-0.004359921,-0.004504195,250
Market Model,HBCP,2021-12-15,0.0049455984,0.0063148155,0.005276446,250
Market Model,LOPE,2019-01-22,0.0180557085,0.0148226603,0.0144864321,250
Market Model,ORRF,2023-12-12,0.0630557801,0.0515771098,0.0502127752,250
Market Model,ORRF,2018-10-23,-0.15676359,-0.148549207,-0.144914262,250
Market Model,STWD,2025-07-16,-0.056486357,-0.060543224,-0.060559216,250
Market Model,AVGO,2019-08-08,0.0348671371,0.0190127343,0.0195430884,250
Market Model,AVGO,2022-05-26,0.1127050744,0.0250904528,0.0263029341,250
Market Model,ADUS,2019-08-26,0.0021808999,0.0178100517,0.0174916016,250
Market Model,ADUS,2023-06-29,0.0062961355,-0.007700319,-0.00787931,250
Market Model,VRSK,2022-02-24,-0.037009225,-0.051278735,-0.051600811,250
Market Model,H,2021-08-16,-0.015172414,-0.002963379,-0.002943073,250
Market Model,H,2024-08-20,0.015234102,0.0022720609,0.0016409464,250
Market Model,LEA,2019-04-02,0.0852553239,0.0719370229,0.0739077131,250
Market Model,KAR,2021-08-23,0.0194690265,-0.011875503,-0.012616154,250
Market Model,CELH,2024-11-01,0.0123818833,0.0455530835,0.0442889273,250
Market Model,QNST,2020-07-14,0.0914340712,0.0793116807,0.0786198142,250
Market Model,MXL,2020-04-06,0.3733944954,0.277695764,0.2936471159,250
Market Model,FIBK,2018-10-11,-0.060665362,-0.027400683,-0.026318182,250
Market Model,FIBK,2021-09-15,-0.067158847,-0.070140677,-0.070703898,250
Market Model,SSNC,2024-09-12,0.0178401198,-0.004199766,-0.004405933,250
Market Model,SPSC,2024-08-01,-0.034469478,0.0045349646,0.0037657165,250
Market Model,SPSC,2020-12-17,0.0724682247,0.0591992177,0.0600497387,250
Market Model,RCM,2021-05-04,-0.111070381,-0.108377063,-0.109951614,250
Market Model,RCM,2020-01-13,0.0496124031,0.0442067296,0.0432641795,250
Market Model,CRMD,2025-08-07,-0.143094152,-0.171269826,-0.166014686,250
Market Model,FAF,2020-02-13,0.0528938907,0.0452641546,0.0455261553,250
Market Model,HPP,2021-08-17,-0.027777778,-0.010215449,-0.010122738,250
Market Model,HPP,2022-08-31,-0.045824095,-0.024938071,-0.024423466,250